ship,survey,year,transect,edsu,start_time,start_latitude,start_longitude,end_time,end_latitude,end_longitude,mean_bottom_depth_m,interval_width_nmi,krill_sA,krill_m3,krill_m2,krill_ww_g_m2
1043,202001,2020,13,55.5680051,2020-07-04T18:01:00Z,55.5680051,-168.7447999,2020-07-04T18:21:00Z,55.5763006,-168.74570310000001,300.86,40,27.025206766716476,1.0870955758663972,195.67720365595133,11.992690495201911
1043,202001,2020,13,55.5763007,2020-07-04T18:21:01Z,55.5763007,-168.745703,2020-07-04T18:39:00Z,55.584596,-168.7466067,300.56,40,24.560065945335158,0.9879346812266675,177.82824262079998,10.898760996230463
1043,202001,2020,13,55.5845962,2020-07-04T18:39:01Z,55.5845962,-168.7466066,2020-07-04T18:46:00Z,55.5928914,-168.7475106,301.11,40,21.348382428970805,0.8587439234329973,154.5739062179394,9.473546132463516
1043,202001,2020,13,55.5928915,2020-07-04T18:46:01Z,55.5928915,-168.7475105,2020-07-04T19:04:00Z,55.6011867,-168.7484149,300.84000000000003,40,22.963836485801036,0.9237259594024086,166.27067269243355,10.190419112567533
1043,202001,2020,13,55.6011868,2020-07-04T19:05:00Z,55.6011868,-168.7484148,2020-07-04T19:29:00Z,55.6094819,-168.7493197,300.56,40,17.40677716368468,0.7001918841205199,126.03453914169361,7.7244216055403125
1043,202001,2020,13,55.609482,2020-07-04T19:29:01Z,55.609482,-168.7493196,2020-07-04T19:34:00Z,55.6177769,-168.7502248,301.01,40,9.748836417959371,0.3921493378863226,70.58688081953812,4.326138144220556
1043,202001,2020,13,55.617777,2020-07-04T19:34:01Z,55.617777,-168.7502247,2020-07-04T19:54:00Z,55.6260719,-168.7511303,300.49,40,9.84013428530279,0.3958218170104155,71.24792706187489,4.366652434282161
1043,202001,2020,13,55.626072,2020-07-04T19:54:01Z,55.626072,-168.7511302,2020-07-04T19:59:00Z,55.6343668,-168.7520363,299.56,40,7.60779120539807,0.3060252686647017,55.084548359646284,3.3760291296207314
1043,202001,2020,13,55.6343669,2020-07-04T19:59:01Z,55.6343669,-168.7520362,2020-07-04T20:12:00Z,55.6426615,-168.7529426,287.85,40,5.091212657263282,0.20479527884027976,36.86315019125034,2.25927365406912
1043,202001,2020,13,55.6426616,2020-07-04T20:12:01Z,55.6426616,-168.7529425,2020-07-04T20:27:00Z,55.6509562,-168.7538494,266.67,40,9.266519345544893,0.3727480152576894,67.09464274638398,4.112105392502907
1043,202001,2020,13,55.6509563,2020-07-04T20:27:01Z,55.6509563,-168.7538492,2020-07-04T20:44:00Z,55.6592508,-168.7547565,251.33,40,1.69622195349396,0.06823094443820155,12.281569998876279,0.7527144963224787
1043,202001,2020,13,55.6592509,2020-07-04T20:44:01Z,55.6592509,-168.7547564,2020-07-04T20:47:00Z,55.6675452,-168.755664,244,40,0.5917501241565893,0.023803293996672664,4.284592919401074,0.2625947009681109
1043,202001,2020,13,55.6675453,2020-07-04T20:47:01Z,55.6675453,-168.7556639,2020-07-04T21:09:00Z,55.6758396,-168.756572,217.31,40,23.71153381764264,0.9538022681074043,171.68440825933286,10.522216858363432
1043,202001,2020,13,55.6758397,2020-07-04T21:09:01Z,55.6758397,-168.7565719,2020-07-04T21:15:00Z,55.6841339,-168.7574803,194.54,40,419.36234960729075,19.728144482890748,3036.411621124267,186.09599947167945
1043,202001,2020,13,55.684134,2020-07-04T21:15:01Z,55.684134,-168.7574802,2020-07-04T21:34:00Z,55.692428,-168.7583891,182.34,40,464.2268002453512,22.275561397118032,3361.254658226506,206.00502275442324
1043,202001,2020,13,55.6924281,2020-07-04T21:34:01Z,55.6924281,-168.7583889,2020-07-04T21:38:00Z,55.7007221,-168.7592982,178.99,40,180.94170529641735,8.29791299299075,1310.1164117918047,80.29458897485502
1043,202001,2020,13,55.7007222,2020-07-04T21:38:01Z,55.7007222,-168.7592981,2020-07-04T21:59:00Z,55.7090161,-168.7602078,171.15,40,7.65473163640936,0.4387742327393295,55.42442262436445,3.3968593887817122
1043,202001,2020,13,55.7090162,2020-07-04T21:59:01Z,55.7090162,-168.7602076,2020-07-04T22:03:00Z,55.717309900000004,-168.7611177,161.45000000000002,40,12.974605626451263,0.7521125679497506,93.94320529859985,5.757603666772631
1043,202001,2020,13,55.71731,2020-07-04T22:03:01Z,55.71731,-168.7611176,2020-07-04T22:24:00Z,55.7256037,-168.7620281,156.72,40,11.491381870523028,0.5943132725725103,83.20385816015141,5.099409130333959
1043,202001,2020,13,55.7256038,2020-07-04T22:24:01Z,55.7256038,-168.762028,2020-07-04T22:24:02Z,55.733897400000004,-168.7629388,156.67000000000002,40,15.943400974964671,1.1783025455461908,115.43889919054638,7.075034614319171
1043,202001,2020,13,55.7338975,2020-07-04T22:25:00Z,55.7338975,-168.7629387,2020-07-04T22:49:00Z,55.7421909,-168.76385,157.82,40,40.72679066211489,3.8779516478162077,294.88412723112765,18.07289762811928
1043,202001,2020,13,55.7421911,2020-07-04T22:49:01Z,55.7421911,-168.7638499,2020-07-04T22:49:02Z,55.7504844,-168.7647616,159.73,40,21.667028750512102,1.1394768489171474,156.88107898789013,9.61494844418924
1043,202001,2020,13,55.7504845,2020-07-04T22:50:00Z,55.7504845,-168.7647615,2020-07-04T23:14:00Z,55.7587778,-168.7656736,156.51,40,12.970831573829066,0.6743291563741484,93.91587910383892,5.755928895311999
1043,202001,2020,13,55.7587779,2020-07-04T23:14:01Z,55.7587779,-168.7656734,2020-07-04T23:19:00Z,55.7670711,-168.7665859,164.89000000000001,40,87.55203560127103,3.962027388154496,633.924382104719,38.852041882768326
1043,202001,2020,13,55.7670712,2020-07-04T23:19:01Z,55.7670712,-168.7665858,2020-07-04T23:39:00Z,55.7753642,-168.7674987,177.45000000000002,40,210.60360488837202,8.471581701925327,1524.8847063465587,93.45733678939426
1043,202001,2020,13,55.7753644,2020-07-04T23:39:01Z,55.7753644,-168.7674986,2020-07-04T23:46:00Z,55.7836573,-168.7684119,167.11,40,179.50562749884162,7.429873391423087,1299.7184270478692,79.6573159022742
1043,202001,2020,13,55.7836574,2020-07-04T23:46:01Z,55.7836574,-168.7684118,2020-07-05T00:04:00Z,55.7919503,-168.7693255,155.16,40,112.01216293440552,7.162156760582028,811.0290147882671,49.70645417687827
1043,202001,2020,13,55.7919504,2020-07-05T00:04:01Z,55.7919504,-168.7693254,2020-07-05T00:11:00Z,55.8002432,-168.7702395,160.03,40,176.330608023177,8.083303303358447,1276.7295582516317,78.24837105250609
1043,202001,2020,13,55.8002433,2020-07-05T00:11:01Z,55.8002433,-168.7702394,2020-07-05T00:29:00Z,55.808536,-168.7711539,161.4,40,347.4684064507002,15.728177075634251,2515.860349190713,154.19238385092885
1043,202001,2020,13,55.8085361,2020-07-05T00:29:01Z,55.8085361,-168.7711538,2020-07-05T00:54:00Z,55.8168287,-168.7720687,157.35,40,364.5568530800595,19.10284058887877,2639.590002033746,161.7755432783001
1043,202001,2020,13,55.8168288,2020-07-05T00:54:01Z,55.8168288,-168.7720686,2020-07-05T01:02:00Z,55.8251212,-168.7729839,151.33,40,207.31549388430935,10.76496145873474,1501.0769933422034,91.99820650684056
1043,202001,2020,13,55.8251214,2020-07-05T01:02:01Z,55.8251214,-168.7729838,2020-07-05T01:19:00Z,55.8334137,-168.7738996,148.9,40,255.8416250500594,13.330142367789396,1852.432590090134,113.53213507300927
1043,202001,2020,13,55.8334138,2020-07-05T01:20:00Z,55.8334138,-168.7738995,2020-07-05T01:44:00Z,55.8417061,-168.7748156,148.85,40,1242.3368867008253,79.3245740379303,8995.195118641968,551.2987153654227
1043,202001,2020,13,55.8417062,2020-07-05T01:44:01Z,55.8417062,-168.7748155,2020-07-05T01:57:00Z,55.8499984,-168.7757321,148.54,40,791.2517192012958,61.38058285907126,5729.093032951667,351.1254161379533
1043,202001,2020,13,55.8499985,2020-07-05T01:57:01Z,55.8499985,-168.7757319,2020-07-05T02:13:00Z,55.8582906,-168.7766489,148.27,40,589.5308580267664,42.10329979888905,4268.524224933695,261.60988068343397
1043,202001,2020,13,55.8582907,2020-07-05T02:13:01Z,55.8582907,-168.7766488,2020-07-05T02:34:00Z,55.8665827,-168.7775662,148.88,40,176.92560076629786,10.956579708610102,1281.0376294969133,78.51240469623487
1043,202001,2020,13,55.8665828,2020-07-05T02:34:01Z,55.8665828,-168.77756599999998,2020-07-05T02:45:00Z,55.8748747,-168.7784838,149.81,40,126.37596659199222,6.535934070075642,915.0307698105909,56.0805275775465
1043,202001,2020,13,55.8748748,2020-07-05T02:45:01Z,55.8748748,-168.7784837,2020-07-05T02:59:00Z,55.8831666,-168.7794019,151.66,40,107.21034826666686,5.544723310905101,776.2612635267143,47.575603611234015
1043,202001,2020,13,55.8831667,2020-07-05T03:00:00Z,55.8831667,-168.7794018,2020-07-05T03:24:00Z,55.8914585,-168.7803204,155.5,40,180.52003641382345,9.336166425833463,1307.0632996166808,80.10746942960756
1043,202001,2020,13,55.8914586,2020-07-05T03:24:01Z,55.8914586,-168.7803203,2020-07-05T03:28:00Z,55.8997502,-168.7812393,159.43,40,220.88518707255813,10.060405893587022,1599.3289564249023,98.01988589402438
1043,202001,2020,13,55.8997503,2020-07-05T03:28:01Z,55.8997503,-168.7812392,2020-07-05T03:49:00Z,55.9080418,-168.7821586,166.48,40,196.27810968367714,8.882252033562445,1421.1603253699902,87.1002631261507
1043,202001,2020,13,55.9080419,2020-07-05T03:49:01Z,55.9080419,-168.7821585,2020-07-05T04:14:00Z,55.9163333,-168.7830783,175.96,40,289.2358834461126,13.193233893973472,2094.225193473716,128.35115232300467
1043,202001,2020,13,55.9163334,2020-07-05T04:14:01Z,55.9163334,-168.7830782,2020-07-05T04:21:00Z,55.9246247,-168.7839984,189.9,40,70.25540899375378,2.8260410718431426,508.6873929317656,31.176500625837125
1043,202001,2020,13,55.9246248,2020-07-05T04:21:01Z,55.9246248,-168.7839983,2020-07-05T04:39:00Z,55.9329161,-168.7849189,220.01,40,67.17889560451705,2.702287565592383,486.4117618066285,29.811268781361456
1043,202001,2020,13,55.9329162,2020-07-05T04:40:00Z,55.9329162,-168.7849188,2020-07-05T05:04:00Z,55.9412073,-168.7858399,276.97,40,53.15439576909208,2.13814861722341,384.86675110021326,23.587764653230156
1043,202001,2020,13,55.9412074,2020-07-05T05:04:01Z,55.9412074,-168.7858398,2020-07-05T05:14:00Z,55.9494984,-168.7867612,300.55,40,81.43956357105594,3.275926435005833,589.6667583010502,36.13957474600517
1043,202001,2020,13,55.9494985,2020-07-05T05:14:01Z,55.9494985,-168.7867611,2020-07-05T05:29:00Z,55.9577895,-168.78768300000002,300.55,40,64.30401550227097,2.5866448078042303,465.5960654047616,28.535513610469913
1043,202001,2020,13,55.9577896,2020-07-05T05:30:00Z,55.9577896,-168.7876829,2020-07-05T05:54:00Z,55.9660804,-168.7886052,300.58,40,132.94203508911883,5.34762599374613,962.5726788742999,58.99428242634621
1043,202001,2020,13,55.9660805,2020-07-05T05:54:01Z,55.9660805,-168.7886051,2020-07-05T06:02:00Z,55.9743713,-168.7895278,300.56,40,110.44528720300283,4.442688787918775,799.6839818253795,49.011138287036566
1043,202001,2020,13,55.9743714,2020-07-05T06:02:01Z,55.9743714,-168.7895277,2020-07-05T06:17:00Z,55.982662,-168.7904508,300.58,40,99.87795445982609,4.0176152344404175,723.170742199275,44.32178467569584
1043,202001,2020,15,55.9775023,2020-07-18T06:49:01Z,55.9775023,-169.98355659999999,2020-07-18T07:00:00Z,55.9692254,-169.9822948,300.53000000000003,40,12.227791237659664,0.4918659039992519,88.5358627198654,5.426197735286054
1043,202001,2020,13,55.9826621,2020-07-05T06:17:01Z,55.9826621,-168.7904507,2020-07-05T06:32:00Z,55.9909527,-168.7913742,300.58,40,601.2354426044157,24.184843259526566,4353.271786714784,266.80390052669884
1043,202001,2020,15,55.985779,2020-07-18T06:30:01Z,55.985779,-169.98481900000002,2020-07-18T06:49:00Z,55.977502200000004,-169.9835567,300.61,40,12.446047172630145,0.5006453025570895,90.1161544602763,5.523050865751849
1043,202001,2020,13,55.9909528,2020-07-05T06:32:01Z,55.9909528,-168.7913741,2020-07-05T06:47:00Z,55.9992433,-168.79229800000002,300.54,40,104.02235446066985,4.184324741769187,753.178453518457,46.160901279963454
1043,202001,2020,15,55.9940556,2020-07-18T06:12:01Z,55.9940556,-169.9860821,2020-07-18T06:30:00Z,55.9857789,-169.9848192,300.58,40,13.20643931935059,0.5312322633066896,95.62180739520409,5.860482055430345
1043,202001,2020,13,55.9992434,2020-07-05T06:47:01Z,55.9992434,-168.7922979,2020-07-05T07:09:00Z,56.0075337,-168.7932222,300.58,40,196.6177131748852,7.908995774738161,1423.6192394528691,87.25096537965443
1043,202001,2020,15,56.0023321,2020-07-18T06:00:00Z,56.0023321,-169.9873456,2020-07-18T06:12:00Z,55.9940555,-169.9860822,298.36,40,6.143016967015118,0.24710436537857844,44.47878576814416,2.7260217406705616
1043,202001,2020,13,56.0075338,2020-07-05T07:09:01Z,56.0075338,-168.7932221,2020-07-05T07:18:00Z,56.0158241,-168.7941469,300.57,40,49.51827281028163,1.9918846786733708,358.5392421612066,21.974200782140127
1043,202001,2020,15,56.0106086,2020-07-18T05:42:01Z,56.0106086,-169.9886098,2020-07-18T05:59:00Z,56.002331999999996,-169.98734580000001,188.5,40,36.516613421960756,1.4713143193324933,264.40015290446655,16.204591753275956
1043,202001,2020,13,56.0158242,2020-07-05T07:18:01Z,56.0158242,-168.7941468,2020-07-05T07:34:00Z,56.0241144,-168.795072,300.57,40,4.11508163076569,0.16553016869583717,29.79543036525068,1.826106300916185
1043,202001,2020,15,56.0188849,2020-07-18T05:34:01Z,56.0188849,-169.9898745,2020-07-18T05:42:00Z,56.0106085,-169.9886099,142.8,40,56.82165729343483,2.951750351332489,411.4197201987597,25.215146556578627
1043,202001,2020,13,56.0241145,2020-07-05T07:35:00Z,56.0241145,-168.7950718,2020-07-05T07:59:00Z,56.0324046,-168.7959974,300.58,40,5.08574479374137,0.20457533268795486,36.82355988383194,2.2568472380400273
1043,202001,2020,15,56.0271611,2020-07-18T05:09:01Z,56.0271611,-169.9911397,2020-07-18T05:34:00Z,56.0188848,-169.9898746,137.51,40,29.040286701731898,1.9530540195780317,210.26747895821654,12.8869012293634
1043,202001,2020,13,56.0324047,2020-07-05T07:59:01Z,56.0324047,-168.7959973,2020-07-05T07:59:02Z,56.0406946,-168.7969233,300.56,40,13.35528406177868,0.5372195796066638,96.69952432919953,5.92653331428608
1043,202001,2020,15,56.0354372,2020-07-18T04:45:00Z,56.0354372,-169.9924056,2020-07-18T05:09:00Z,56.027161,-169.9911399,134.42000000000002,40,108.87404517504699,8.15287152363368,788.3073344993816,48.31388481190183
1043,202001,2020,13,56.0406948,2020-07-05T08:00:00Z,56.0406948,-168.7969232,2020-07-05T08:24:00Z,56.0489846,-168.7978496,300.57,40,19.20337080149862,0.7724603041979786,139.0428547556362,8.521676983822449
1043,202001,2020,15,56.0437132,2020-07-18T04:20:00Z,56.0437132,-169.993672,2020-07-18T04:44:00Z,56.0354371,-169.9924057,131.75,40,160.1765012278285,11.860027030078632,1159.765034258928,71.07983374230697
1043,202001,2020,13,56.0489848,2020-07-05T08:24:01Z,56.0489848,-168.7978495,2020-07-05T14:36:00Z,56.0572745,-168.7987763,300.56,40,0.08760546796577794,0.0035239514527819313,0.6343112615007469,0.038875752998671693
1043,202001,2020,15,56.0519891,2020-07-18T03:54:01Z,56.0519891,-169.9949389,2020-07-18T04:19:00Z,56.0437131,-169.9936721,129.34,40,251.94153605023612,16.62402901822407,1824.1938233682956,111.80143378060599
1043,202001,2020,13,56.0572747,2020-07-05T14:36:01Z,56.0572747,-168.7987762,2020-07-05T14:49:00Z,56.0655644,-168.7997035,300.54,40,27.170264851535254,1.0929305729345542,196.72750312821972,12.05706138901505
1043,202001,2020,15,56.0602649,2020-07-18T03:16:01Z,56.0602649,-169.9962065,2020-07-18T03:54:00Z,56.051989,-169.9949391,127.82000000000001,40,2248.1296673885,136.141256445518,16277.682186407705,997.6287518094442
1043,202001,2020,13,56.0655645,2020-07-05T14:49:01Z,56.0655645,-168.7997034,2020-07-05T15:04:00Z,56.0738541,-168.800631,300.57,40,73.23404480661127,2.945857428558766,530.2543371405792,32.498298372284644
1043,202001,2020,15,56.0685406,2020-07-18T02:39:01Z,56.0685406,-169.9974746,2020-07-18T03:16:00Z,56.0602648,-169.9962066,126.94,40,983.0862966384368,59.326041673660875,7118.079766760904,436.2538199033909
1043,202001,2020,13,56.0738542,2020-07-05T15:04:01Z,56.0738542,-168.8006309,2020-07-05T15:12:00Z,56.0821437,-168.801559,300.55,40,86.58050650731303,3.4827221265255512,626.8899827746006,38.42091668060072
1043,202001,2020,15,56.0768162,2020-07-18T02:14:01Z,56.0768162,-169.9987432,2020-07-18T02:39:00Z,56.0685405,-169.9974747,126.23,40,218.6559584923195,13.193234403292635,1583.1881283951147,97.03064467797618
1043,202001,2020,13,56.0821438,2020-07-05T15:12:01Z,56.0821438,-168.8015589,2020-07-05T15:29:00Z,56.0904332,-168.8024874,300.56,40,145.57325671952876,5.855719984320787,1054.0295971777405,64.59950620492495
1043,202001,2020,15,56.0850918,2020-07-18T01:27:01Z,56.0850918,-170.0000125,2020-07-18T02:14:00Z,56.0768161,-169.9987433,125.7,40,1.7116730853826352,0.10327870501664609,12.393444601997494,0.7595710818850223
1043,202001,2020,13,56.0904333,2020-07-05T15:29:01Z,56.0904333,-168.8024873,2020-07-05T15:37:00Z,56.0987226,-168.8034162,300.55,40,36.74831600072817,1.4782100314633655,266.0778056634056,16.30741195880052
1043,202001,2020,15,56.0933672,2020-07-18T00:59:01Z,56.0933672,-170.0012823,2020-07-18T01:27:00Z,56.0850917,-170.0000126,125.14,40,3.318636585270173,0.20023945686506398,24.028734823807657,1.4726762972342837
1043,202001,2020,13,56.0987227,2020-07-05T15:37:01Z,56.0987227,-168.803416,2020-07-05T15:54:00Z,56.107012,-168.8043454,300.55,40,133.45650341046377,5.368320608254904,966.2977094858818,59.22258259813526
1043,202001,2020,15,56.1016425,2020-07-18T00:34:01Z,56.1016425,-170.0025526,2020-07-18T00:59:00Z,56.0933671,-170.0012824,124.63000000000001,40,52.351809487890584,3.42115557935181,379.0555896703013,23.231609418258977
1043,202001,2020,13,56.1070121,2020-07-05T15:54:01Z,56.1070121,-168.8043453,2020-07-05T16:02:00Z,56.1153012,-168.805275,300.55,40,69.27606046469559,2.7866465368684175,501.5963766363162,30.741905475564643
1043,202001,2020,15,56.1099177,2020-07-17T23:53:01Z,56.1099177,-170.0038236,2020-07-18T00:34:00Z,56.1016424,-170.0025527,123.97,40,62.16500703344278,3.842876804091696,450.10848007785927,27.58630842011906
1043,202001,2020,13,56.1153013,2020-07-05T16:02:01Z,56.1153013,-168.8052749,2020-07-05T16:12:00Z,56.1235904,-168.8062051,300.54,40,361.1177090532637,14.526048487528687,2614.688727755161,160.2493906668581
1043,202001,2020,15,56.1181928,2020-07-17T23:31:01Z,56.1181928,-170.0050951,2020-07-17T23:53:00Z,56.1099176,-170.0038237,123.33,40,3.1833255819702,0.19207507938278293,23.04900952593395,1.412630762812311
1043,202001,2020,13,56.1235905,2020-07-05T16:12:01Z,56.1235905,-168.8062049,2020-07-05T16:25:00Z,56.1318794,-168.8071355,300.56,40,326.85445025158606,13.147800491885516,2366.604088539391,145.04474628753786
1043,202001,2020,15,56.1264678,2020-07-17T23:03:01Z,56.1264678,-170.0063671,2020-07-17T23:31:00Z,56.1181927,-170.0050952,122.71000000000001,40,20.65160451799321,2.3724178490333427,149.52885496759157,9.164344360118928
1043,202001,2020,13,56.1318795,2020-07-05T16:25:01Z,56.1318795,-168.8071354,2020-07-05T16:44:00Z,56.1401684,-168.8080664,300.55,40,376.05095346041213,15.12674190935795,2722.813543684431,166.87615877302107
1043,202001,2020,15,56.1347427,2020-07-17T22:35:01Z,56.1347427,-170.0076398,2020-07-17T23:03:00Z,56.1264677,-170.0063672,122.14,40,46.674966472578625,6.0348184123479776,337.95215699654545,20.71245676717431
1043,202001,2020,13,56.1401685,2020-07-05T16:44:01Z,56.1401685,-168.8080663,2020-07-05T16:52:00Z,56.1484573,-168.8089977,300.55,40,487.6641134360664,19.616408666225613,3530.953559920611,216.40555162221813
1043,202001,2020,15,56.1430175,2020-07-17T22:13:01Z,56.1430175,-170.008913,2020-07-17T22:35:00Z,56.1347426,-170.0076399,121.38,40,25.545505069430156,1.8496335813871525,184.96335813871568,11.33605890551747
1043,202001,2020,13,56.1484574,2020-07-05T16:52:01Z,56.1484574,-168.8089976,2020-07-05T17:09:00Z,56.156746,-168.8099294,300.47,40,300.4973173991406,12.08757835320778,2175.7641035773972,133.34851989530955
1043,202001,2020,15,56.1512923,2020-07-17T21:52:01Z,56.1512923,-170.0101868,2020-07-17T22:13:00Z,56.1430174,-170.0089131,120.53,40,0.6901164359804934,0.04996818546305666,4.996818546305668,0.30624567996122853
1043,202001,2020,13,56.1567461,2020-07-05T17:10:00Z,56.1567461,-168.8099293,2020-07-05T17:34:00Z,56.1650347,-168.8108615,290.09000000000003,40,222.40213707096,8.946180555067299,1610.3124999121164,98.69304676877987
1043,202001,2020,15,56.1595669,2020-07-17T21:39:01Z,56.1595669,-170.0114611,2020-07-17T21:52:00Z,56.1512921,-170.0101869,119.67,40,7.360580361950077,0.5450362152418377,53.29460732508191,3.266326985318144
1043,202001,2020,13,56.1650348,2020-07-05T17:34:01Z,56.1650348,-168.8108614,2020-07-05T17:38:00Z,56.1733233,-168.8117941,261.6,40,13.944758370446174,0.5609313283666616,100.96763910599888,6.188118100657773
1043,202001,2020,15,56.1678414,2020-07-17T21:05:01Z,56.1678414,-170.01273600000002,2020-07-17T21:39:00Z,56.1595668,-170.0114612,119.09,40,0,0,0,0
1043,202001,2020,13,56.1733234,2020-07-05T17:38:01Z,56.1733234,-168.811794,2020-07-05T17:59:00Z,56.1816118,-168.812727,237.67000000000002,40,11.793234581564358,0.4743857558404492,85.38943605128078,5.2333591189466135
1043,202001,2020,15,56.1761158,2020-07-17T20:49:01Z,56.1761158,-170.0140115,2020-07-17T21:05:00Z,56.1678413,-170.0127361,118.46000000000001,40,37.25509575263268,2.715184570834673,269.74716684824807,16.532300255355985
1043,202001,2020,13,56.1816119,2020-07-05T17:59:01Z,56.1816119,-168.8127269,2020-07-05T18:24:00Z,56.1899002,-168.8136604,218.55,40,92.44145306236581,3.718480140345233,669.3264252621433,41.02176701452798
1043,202001,2020,15,56.1843901,2020-07-17T20:24:01Z,56.1843901,-170.0152876,2020-07-17T20:49:00Z,56.1761157,-170.0140116,117.88,40,74.134053667833,5.377807864233942,536.7708910655741,32.89768579635662
1043,202001,2020,13,56.1899003,2020-07-05T18:24:01Z,56.1899003,-168.8136603,2020-07-05T18:31:00Z,56.1981885,-168.8145942,208.07,40,434.2076749117034,17.466110305031254,3143.8998549056273,192.6837526464553
1043,202001,2020,15,56.1926643,2020-07-17T20:00:00Z,56.1926643,-170.0165642,2020-07-17T20:24:00Z,56.18439,-170.0152877,117.41,40,39.94715624344668,3.073459395629133,289.2391497759759,17.726927498706257
1043,202001,2020,13,56.1981887,2020-07-05T18:31:01Z,56.1981887,-168.8145941,2020-07-05T18:49:00Z,56.2064768,-168.8155285,196.79,40,190.94008581752612,7.727124167482772,1382.5101277158662,84.7314646693858
1043,202001,2020,17,56.1986651,2020-07-19T19:51:00Z,56.1986651,-171.2322582,2020-07-19T22:24:00Z,56.206936,-171.2335991,300.62,40,0.017521087831648453,7.047900587983466e-4,0.12686221058370242,0.0077751480430111874
1043,202001,2020,15,56.2009385,2020-07-17T19:35:00Z,56.2009385,-170.0178414,2020-07-17T19:59:00Z,56.1926642,-170.0165643,116.98,40,14.98648098741106,1.4281159955417455,108.51027774082681,6.650392340960637
1043,202001,2020,13,56.2064769,2020-07-05T18:50:00Z,56.2064769,-168.8155283,2020-07-05T19:14:00Z,56.2147649,-168.8164631,185.55,40,39.47309375598475,2.1229955646216707,285.8066793898851,17.51655779694626
1043,202001,2020,17,56.2069361,2020-07-19T22:24:01Z,56.2069361,-171.233599,2020-07-19T22:49:00Z,56.2152068,-171.2349404,300.63,40,0,0,0,0
1043,202001,2020,15,56.2092125,2020-07-17T19:16:01Z,56.2092125,-170.0191192,2020-07-17T19:34:00Z,56.2009384,-170.0178415,116.56,40,0.7183953218084844,0.06935430758128538,5.201573068596396,0.31879470236878044
1043,202001,2020,13,56.214765,2020-07-05T19:14:01Z,56.214765,-168.816463,2020-07-05T19:39:00Z,56.2230529,-168.8173982,175.6,40,1.5239154914123052,0.06896235904446306,11.033977447114095,0.6762518780007764
1043,202001,2020,17,56.2152069,2020-07-19T22:49:01Z,56.2152069,-171.2349403,2020-07-19T23:14:00Z,56.2234776,-171.2362824,300.66,40,0,0,0,0
1043,202001,2020,15,56.2174864,2020-07-17T18:56:01Z,56.2174864,-170.0203976,2020-07-17T19:16:00Z,56.2092124,-170.0191193,116.05,40,0.1486382183501319,0.01076221587284099,1.0762215872840972,0.065959611847512
1043,202001,2020,13,56.223053,2020-07-05T19:39:01Z,56.223053,-168.817398,2020-07-05T19:49:00Z,56.2313409,-168.8183337,167.72,40,1.010206745702698,0.045715291103002105,7.314446576480341,0.4482887750667733
1043,202001,2020,17,56.2234777,2020-07-19T23:15:00Z,56.2234777,-171.2362823,2020-07-19T23:39:00Z,56.2317483,-171.23762499999998,300.63,40,0,0,0,0
1043,202001,2020,15,56.2257603,2020-07-17T18:44:01Z,56.2257603,-170.0216765,2020-07-17T18:56:00Z,56.2174863,-170.0203977,115.62,40,2.1097038278738904,0.20600778077598142,15.275403779298323,0.9362009794276345
1043,202001,2020,13,56.231341,2020-07-05T19:49:01Z,56.231341,-168.8183335,2020-07-05T20:04:00Z,56.2396287,-168.8192696,161.25,40,15.001112170359608,1.4721148604848187,108.61621546741901,6.656885066444486
1043,202001,2020,17,56.2317484,2020-07-19T23:40:00Z,56.2317484,-171.2376248,2020-07-20T00:04:00Z,56.2400188,-171.2389681,300.6,40,0,0,0,0
1043,202001,2020,15,56.234033999999994,2020-07-17T18:20:00Z,56.234033999999994,-170.022956,2020-07-17T18:44:00Z,56.2257601,-170.0216766,115.16,40,12.341869609873298,1.2691391112600898,89.36185221423177,5.476821089326012
1043,202001,2020,13,56.2396288,2020-07-05T20:05:00Z,56.2396288,-168.8192694,2020-07-05T20:29:00Z,56.2479165,-168.8202059,154.28,40,9.579093182924328,0.5296860653480422,69.35784742645863,4.250812982085749
1043,202001,2020,17,56.2400189,2020-07-20T00:04:01Z,56.2400189,-171.238968,2020-07-20T00:29:00Z,56.2482893,-171.2403119,300.68,40,0,0,0,0
1043,202001,2020,15,56.2423076,2020-07-17T18:03:01Z,56.2423076,-170.0242361,2020-07-17T18:19:00Z,56.2340339,-170.0229561,114.59,40,3.597636367678299,0.3947161861497699,26.048845075451595,1.5964850831404156
1043,202001,2020,13,56.2479166,2020-07-05T20:29:01Z,56.2479166,-168.8202058,2020-07-05T20:39:00Z,56.2562042,-168.8211426,148.79,40,10.838473500587654,0.5605460447144195,78.4764462600188,4.809674880751636
1043,202001,2020,17,56.2482894,2020-07-20T00:29:01Z,56.2482894,-171.2403118,2020-07-20T00:39:00Z,56.2565597,-171.2416563,300.45,40,0,0,0,0
1043,202001,2020,15,56.2505812,2020-07-17T17:54:01Z,56.2505812,-170.0255167,2020-07-17T18:03:00Z,56.2423075,-170.0242362,114.03,40,0.13011809570786967,0.00942125821013538,0.9421258210135379,0.05774113268104094
1043,202001,2020,13,56.2562043,2020-07-05T20:39:01Z,56.2562043,-168.8211425,2020-07-05T20:54:00Z,56.2644918,-168.8220798,144.06,40,1.3331390496548716,0.06894751565318322,9.652652191445656,0.5915930319270967
1043,202001,2020,17,56.2565598,2020-07-20T00:39:01Z,56.2565598,-171.2416561,2020-07-20T00:56:00Z,56.2648299,-171.2430012,290.18,40,5.112633291295957,0.2056569291022066,37.01824723839721,2.2687792625324463
1043,202001,2020,15,56.2588546,2020-07-17T17:30:00Z,56.2588546,-170.0267979,2020-07-17T17:54:00Z,56.250581,-170.0255168,113.47,40,44.16624005759223,3.202755959892473,319.78761254514325,19.599185749794977
1043,202001,2020,13,56.2644919,2020-07-05T20:55:00Z,56.2644919,-168.8220797,2020-07-05T21:12:00Z,56.2727793,-168.8230174,138.57,40,0,0,0,0
1043,202001,2020,17,56.2648301,2020-07-20T00:56:01Z,56.2648301,-171.2430011,2020-07-20T01:17:00Z,56.2731001,-171.2443468,199.87,40,3.8813098643134034,0.15612664200808804,28.102795561455864,1.7223678738329304
1043,202001,2020,15,56.2671279,2020-07-17T17:04:01Z,56.2671279,-170.0280797,2020-07-17T17:29:00Z,56.2588545,-170.02679799999999,112.76,40,14.189046602425734,1.09496208610786,102.73641884309558,6.2965233085453605
1043,202001,2020,13,56.2727794,2020-07-05T21:12:01Z,56.2727794,-168.8230173,2020-07-05T21:30:00Z,56.2810667,-168.8239554,134.56,40,4.701787971367422,0.5668792673026186,34.043503546972055,2.0864627753419303
1043,202001,2020,17,56.2731002,2020-07-20T01:17:01Z,56.2731002,-171.2443467,2020-07-20T01:44:00Z,56.2813702,-171.24569300000002,170.71,40,2.427765353154166,0.10986463941301822,17.578342306082913,1.077343782294768
1043,202001,2020,15,56.2754012,2020-07-17T16:42:01Z,56.2754012,-170.0293621,2020-07-17T17:04:00Z,56.2671278,-170.0280798,112.08,40,7.682870948675918,0.556281665581168,55.62816655811681,3.4093464741044515
1043,202001,2020,13,56.2810668,2020-07-05T21:30:01Z,56.2810668,-168.8239553,2020-07-05T21:50:00Z,56.289353999999996,-168.8248938,130.53,40,1.661830892562188,0.27356723069225625,12.032560002690847,0.7374531385420704
1043,202001,2020,17,56.2813703,2020-07-20T01:45:00Z,56.2813703,-171.2456929,2020-07-20T02:09:00Z,56.2896402,-171.2470398,157.99,40,1.4877940271052197,0.06732773993021803,10.772438388834855,0.6602226373955992
1043,202001,2020,15,56.2836743,2020-07-17T16:22:01Z,56.2836743,-170.030645,2020-07-17T16:42:00Z,56.2754011,-170.0293622,111.54,40,33.87847758149966,2.465167332810942,245.2986137901854,15.033894082318106
1043,202001,2020,13,56.2893541,2020-07-05T21:50:01Z,56.2893541,-168.8248937,2020-07-05T22:09:00Z,56.2976412,-168.8258327,126.31,40,0.3595274228131563,0.04120049935558975,2.6031741899696446,0.15954368614289216
1043,202001,2020,17,56.2896403,2020-07-20T02:10:00Z,56.2896403,-171.2470396,2020-07-20T02:34:00Z,56.297909999999995,-171.2483872,151.04,40,1.9591692192694832,0.10132465210421039,14.185451294589454,0.8693998265116689
1043,202001,2020,15,56.2919474,2020-07-17T16:05:01Z,56.2919474,-170.0319286,2020-07-17T16:22:00Z,56.2836742,-170.0306452,111.11,40,9.601999313885912,0.6991172363340391,69.52370027975337,4.2609777938274735
1043,202001,2020,13,56.2976413,2020-07-05T22:09:01Z,56.2976413,-168.8258326,2020-07-05T22:18:00Z,56.3059283,-168.826772,123.37,40,2.121415884173979,0.1591362779026219,15.360205440415857,0.9413983149182302
1043,202001,2020,17,56.2979102,2020-07-20T02:35:00Z,56.2979102,-171.24838699999998,2020-07-20T02:59:00Z,56.3061798,-171.2497351,148.19,40,9.093585251500858,0.5891480378797069,65.84250579766736,4.035364256575967
1043,202001,2020,15,56.3002203,2020-07-17T15:49:01Z,56.3002203,-170.0332127,2020-07-17T16:05:00Z,56.2919473,-170.0319287,110.75,40,0.9189021848285498,0.10471021966920362,6.653351869338583,0.4077715146877505
1043,202001,2020,13,56.3059284,2020-07-05T22:18:01Z,56.3059284,-168.8267719,2020-07-05T22:34:00Z,56.3142153,-168.8277117,122.98,40,14.34306283166183,1.5038748690382837,103.85158015581753,6.364869463466972
1043,202001,2020,17,56.3061799,2020-07-20T02:59:01Z,56.3061799,-171.249735,2020-07-20T03:33:00Z,56.3144495,-171.2510837,146.29,40,18.278444214527564,1.1068502117415262,132.3458829364071,8.111232083841575
1043,202001,2020,15,56.3084932,2020-07-17T15:24:01Z,56.3084932,-170.0344974,2020-07-17T15:49:00Z,56.3002202,-170.0332128,110.33,40,0.04318059072350941,0.0031265097499252265,0.3126509749925229,0.019161794557842466
1043,202001,2020,13,56.3142154,2020-07-05T22:35:00Z,56.3142154,-168.8277116,2020-07-05T22:59:00Z,56.3225023,-168.8286518,123.96000000000001,40,28.742102920193023,4.089625347637654,208.10846611325496,12.754579362835123
1043,202001,2020,17,56.3144496,2020-07-20T03:33:01Z,56.3144496,-171.2510836,2020-07-20T04:21:00Z,56.3227191,-171.252433,144.98,40,42.47111305143128,2.4395826871381243,307.5139705608099,18.84695714668274
1043,202001,2020,15,56.3167659,2020-07-17T14:56:01Z,56.3167659,-170.0357826,2020-07-17T15:24:00Z,56.3084931,-170.0344975,110.17,40,0,0,0,0
1043,202001,2020,13,56.3225024,2020-07-05T22:59:01Z,56.3225024,-168.8286517,2020-07-05T23:08:00Z,56.3307891,-168.8295924,125.10000000000001,40,35.36676990290806,5.60895560962791,256.07466010093873,15.694337842512326
1043,202001,2020,17,56.3227192,2020-07-20T04:21:01Z,56.3227192,-171.2524328,2020-07-20T05:29:00Z,56.3309886,-171.2537828,143.66,40,38.07808580224325,2.9227509067067445,275.7060626648308,16.89750985507553
1043,202001,2020,15,56.3250386,2020-07-17T07:40:01Z,56.3250386,-170.0370685,2020-07-17T14:56:00Z,56.3167658,-170.0357827,110.23,40,31.028210384471926,2.246611282160297,224.6611282160302,13.769061120348749
1043,202001,2020,13,56.3307892,2020-07-05T23:08:01Z,56.3307892,-168.8295922,2020-07-05T23:28:00Z,56.3390759,-168.8305333,125.60000000000001,40,14.864027349720438,2.935605325553064,107.62364676672784,6.596052383841646
1043,202001,2020,17,56.3309887,2020-07-20T05:29:01Z,56.3309887,-171.2537827,2020-07-20T07:25:00Z,56.339258,-171.2551332,142.55,40,7.7053751134979525,0.46168251665178545,55.79110895781797,3.419332909579057
1043,202001,2020,15,56.3333112,2020-07-17T07:13:01Z,56.3333112,-170.0383549,2020-07-17T07:40:00Z,56.3250385,-170.0370686,110.07000000000001,40,41.36771254193934,3.245489184066344,299.52475042001,18.35731275961807
1043,202001,2020,13,56.339076,2020-07-05T23:28:01Z,56.339076,-168.8305332,2020-07-05T23:49:00Z,56.3473626,-168.8314747,125.19,40,16.711773583031622,3.5410602794471417,121.00233500845627,7.4160072090186775
1043,202001,2020,17,56.3392581,2020-07-20T07:25:01Z,56.3392581,-171.2551331,2020-07-20T14:56:00Z,56.3475273,-171.2564842,142.05,40,0.3236759344524871,0.016739927888991778,2.3435899044588484,0.1436342499112567
1043,202001,2020,15,56.3415836,2020-07-17T06:47:01Z,56.3415836,-170.0396419,2020-07-17T07:13:00Z,56.3333111,-170.038355,109.72,40,41.298323206846376,3.4769747659720367,299.0223338734228,18.32652058745742
1043,202001,2020,13,56.3473627,2020-07-05T23:49:01Z,56.3473627,-168.8314746,2020-07-06T00:01:00Z,56.3556492,-168.8324166,124.29,40,8.120070364269942,2.026338781644586,58.79372824361761,3.603357839906827
1043,202001,2020,17,56.3475274,2020-07-20T14:56:01Z,56.3475274,-171.2564841,2020-07-20T15:17:00Z,56.3557965,-171.2578359,142.31,40,7.181355886859336,3.1230446423970424,51.99692459446713,3.1867944334497387
1043,202001,2020,15,56.349855999999996,2020-07-17T06:20:01Z,56.349855999999996,-170.0409294,2020-07-17T06:47:00Z,56.3415835,-170.03964200000001,109.32000000000001,40,22.92715477839664,2.873929484369103,166.00507716925486,10.17414125880183
1043,202001,2020,13,56.3556493,2020-07-06T00:01:01Z,56.3556493,-168.8324164,2020-07-06T00:14:00Z,56.3639357,-168.8333588,123.51,40,6.909124538476168,1.2148693461069526,50.02582148843233,3.0659892040047723
1043,202001,2020,17,56.3557966,2020-07-20T15:17:01Z,56.3557966,-171.2578357,2020-07-20T15:37:00Z,56.3640655,-171.2591881,142.16,40,17.072873106617774,9.642423204296493,123.61689206353333,7.576248529712919
1043,202001,2020,15,56.3581283,2020-07-17T05:49:01Z,56.3581283,-170.0422176,2020-07-17T06:20:00Z,56.3498559,-170.0409296,109.19,40,58.778379657441924,5.511393123960638,425.58745492971184,26.08346056798066
1043,202001,2020,13,56.3639358,2020-07-06T00:15:00Z,56.3639358,-168.8333587,2020-07-06T00:39:00Z,56.3722221,-168.8343015,122.33,40,3.4276398569332382,1.2125707473119753,24.817977828403183,1.521047527519542
1043,202001,2020,17,56.3640657,2020-07-20T15:37:01Z,56.3640657,-171.259188,2020-07-20T16:07:00Z,56.3723345,-171.260541,142.31,40,13.993252920897472,5.7507631528749,101.31876604118848,6.209638014983929
1043,202001,2020,15,56.3664005,2020-07-17T05:24:01Z,56.3664005,-170.0435063,2020-07-17T05:49:00Z,56.3581282,-170.0422177,109.11,40,25.274264503135512,2.735929664677015,182.9994288341688,11.215693344972669
1043,202001,2020,13,56.3722222,2020-07-06T00:39:01Z,56.3722222,-168.8343013,2020-07-06T00:44:00Z,56.3805084,-168.8352446,121.22,40,0,0,0,0
1043,202001,2020,17,56.3723347,2020-07-20T16:07:01Z,56.3723347,-171.2605408,2020-07-20T16:44:00Z,56.3806034,-171.2618944,142.6,40,4.737308727903524,0.7115589676325957,34.30069315409426,2.102225446205841
1043,202001,2020,15,56.3746726,2020-07-17T04:59:01Z,56.3746726,-170.0447956,2020-07-17T05:24:00Z,56.3664004,-170.0435065,108.78,40,28.3535714375875,2.1863118594146935,205.29528674686497,12.582164851495708
1043,202001,2020,13,56.3805085,2020-07-06T00:44:01Z,56.3805085,-168.8352444,2020-07-06T00:56:00Z,56.3887946,-168.8361881,120.18,40,4.008279995857589,0.30988892902460957,29.02212840885495,1.778712067714171
1043,202001,2020,17,56.3806036,2020-07-20T16:44:01Z,56.3806036,-171.2618943,2020-07-20T17:09:00Z,56.3888723,-171.2632485,142.84,40,39.50908420722636,2.8991234175934912,286.0672698422752,17.532528899267476
1043,202001,2020,15,56.3829445,2020-07-17T04:34:01Z,56.3829445,-170.0460855,2020-07-17T04:59:00Z,56.3746724,-170.0447958,108.36,40,45.07222988441742,3.2634747191584728,326.3474719158485,20.00122728378603
1043,202001,2020,13,56.3887947,2020-07-06T00:56:01Z,56.3887947,-168.836188,2020-07-06T01:04:00Z,56.3970807,-168.837132,119.62,40,26.22957096093898,2.0234304523458624,189.9163674504415,11.63961959928035
1043,202001,2020,17,56.3888724,2020-07-20T17:09:01Z,56.3888724,-171.2632484,2020-07-20T17:34:00Z,56.397141,-171.2646032,143.03,40,40.67173232743941,3.472899264540441,294.4854749262535,18.048464972611992
1043,202001,2020,15,56.3912164,2020-07-17T03:45:00Z,56.3912164,-170.04737599999999,2020-07-17T04:34:00Z,56.3829444,-170.0460857,107.94,40,22.46309869085786,1.6712441872080193,162.6450585639229,9.968211991421681
1043,202001,2020,13,56.3970809,2020-07-06T01:05:00Z,56.3970809,-168.8371319,2020-07-06T01:15:00Z,56.4053668,-168.8380764,118.55,40,21.97645547232053,1.7509858293298106,159.12149683862307,9.752259471543287
1043,202001,2020,17,56.3971411,2020-07-20T17:34:01Z,56.3971411,-171.2646031,2020-07-20T17:59:00Z,56.4054096,-171.2659585,142.53,40,28.89630465391056,2.586095724574479,209.22497057937096,12.823007837120674
1043,202001,2020,15,56.3994882,2020-07-17T02:38:01Z,56.3994882,-170.0486671,2020-07-17T03:44:00Z,56.3912163,-170.0473761,107.53,40,15.119186278368026,1.0947113626335234,109.47113626335214,6.709281565944574
1043,202001,2020,13,56.4053669,2020-07-06T01:15:01Z,56.4053669,-168.8380763,2020-07-06T01:29:00Z,56.4136528,-168.8390212,116.59,40,19.524881421209653,1.7810985824352454,141.37076660303887,8.664350354886665
1043,202001,2020,17,56.4054097,2020-07-20T18:00:00Z,56.4054097,-171.2659583,2020-07-20T18:24:00Z,56.4136781,-171.2673144,141.91,40,9.357306404777647,0.48394278900018745,67.75199046002632,4.152393006645749
1043,202001,2020,15,56.4077599,2020-07-17T01:25:01Z,56.4077599,-170.0499587,2020-07-17T02:38:00Z,56.3994881,-170.0486672,108.04,40,51.376547681107716,3.848406464494205,371.9941634680511,22.798827789555848
1043,202001,2020,13,56.4136529,2020-07-06T01:30:00Z,56.4136529,-168.8390211,2020-07-06T01:40:00Z,56.4219386,-168.8399664,115.16,40,7.024151383491393,0.6960874294570056,50.85867844202523,3.1170334517996157
1043,202001,2020,17,56.4136782,2020-07-20T18:24:01Z,56.4136782,-171.2673142,2020-07-20T18:28:00Z,56.4219465,-171.2686709,141.63,40,52.54732033313997,3.17059328819696,380.4711945836346,23.318369200552997
1043,202001,2020,15,56.4160315,2020-07-16T19:39:01Z,56.4160315,-170.0512509,2020-07-17T01:25:00Z,56.4077598,-170.0499588,107.85000000000001,40,60.362233725341376,9.746884894211806,437.05542028816245,26.786310754839473
1043,202001,2020,13,56.4219387,2020-07-06T01:40:01Z,56.4219387,-168.8399663,2020-07-06T01:54:00Z,56.4302244,-168.8409121,114.08,40,8.401060013430577,0.8379567027930811,60.82824621340188,3.728049647959488
1043,202001,2020,17,56.4219466,2020-07-20T18:28:01Z,56.4219466,-171.2686708,2020-07-20T18:49:00Z,56.4302148,-171.270028,141.25,40,24.621381926434672,1.4856016974257533,178.27220369109048,10.925970541381538
1043,202001,2020,15,56.4243031,2020-07-16T18:34:01Z,56.4243031,-170.0525437,2020-07-16T19:39:00Z,56.4160314,-170.0512511,106.55,40,28.041577677924028,2.4137326966794075,203.03628214512247,12.443714676872569
1043,202001,2020,17,56.4302149,2020-07-20T18:50:00Z,56.4302149,-171.2700279,2020-07-20T19:14:00Z,56.4384831,-171.2713857,140.65,40,27.278372188540672,1.6459188256528425,197.51025907834128,12.105035039842514
1043,202001,2020,13,56.4302245,2020-07-06T01:54:01Z,56.4302245,-168.840912,2020-07-06T02:00:00Z,56.4385101,-168.8418582,113.02,40,15.75197838974393,1.4888239044714189,114.05289550458315,6.9900890359870544
1043,202001,2020,15,56.4325745,2020-07-16T17:50:01Z,56.4325745,-170.0538371,2020-07-16T18:34:00Z,56.424302999999995,-170.0525439,106.28,40,37.3590507385151,2.704998575165987,270.4998575165992,16.578431261193707
1043,202001,2020,17,56.4384832,2020-07-20T19:15:00Z,56.4384832,-171.2713856,2020-07-20T19:39:00Z,56.4467512,-171.2727441,139.76,40,46.749396956132216,2.8207589516774694,338.49107420129604,20.74548599652939
1043,202001,2020,13,56.4385102,2020-07-06T02:00:01Z,56.4385102,-168.8418581,2020-07-06T02:19:00Z,56.4467957,-168.8428047,111.54,40,15.326464138419452,1.6398734078497104,110.97194076726456,6.801263072082984
1043,202001,2020,15,56.4408458,2020-07-16T17:25:01Z,56.4408458,-170.0551311,2020-07-16T17:50:00Z,56.4325744,-170.0538373,106.12,40,39.76380745997903,2.879116048083332,287.9116048083327,17.645564746081273
1043,202001,2020,17,56.4467513,2020-07-20T19:39:01Z,56.4467513,-171.272744,2020-07-20T20:04:00Z,56.4550192,-171.2741031,138.85,40,90.35718988331529,5.456365687135895,654.235225624701,40.096855563057304
1043,202001,2020,13,56.4467958,2020-07-06T02:19:01Z,56.4467958,-168.8428046,2020-07-06T02:23:00Z,56.4550812,-168.8437516,110.27,40,14.349690197458543,1.2879207679264468,103.89956589068719,6.367810419570824
1043,202001,2020,15,56.449116999999994,2020-07-16T17:00:01Z,56.449116999999994,-170.0564257,2020-07-16T17:25:00Z,56.4408457,-170.0551312,105.98,40,96.62324172496328,6.996048508387035,699.6048508387056,42.877475190224175
1043,202001,2020,17,56.455019300000004,2020-07-20T20:04:01Z,56.455019300000004,-171.2741029,2020-07-20T20:14:00Z,56.4632872,-171.2754626,138.98,40,136.73607899400616,8.26980142110571,990.0436214008374,60.67792520729836
1043,202001,2020,13,56.4550813,2020-07-06T02:23:01Z,56.4550813,-168.8437515,2020-07-06T02:44:00Z,56.4633666,-168.844699,109.58,40,19.488370750438854,1.7070220046479456,141.10640947816273,8.648148400240913
1043,202001,2020,15,56.4573882,2020-07-16T16:32:01Z,56.4573882,-170.0577208,2020-07-16T17:00:00Z,56.4491169,-170.0564258,105.74000000000001,40,31.57019701262891,2.3426597331160686,228.58540634393302,14.00957280043069
1043,202001,2020,17,56.4632873,2020-07-20T20:14:01Z,56.4632873,-171.2754625,2020-07-20T20:34:00Z,56.471554999999995,-171.2768228,138.31,40,113.80681809868244,6.875714974011525,824.0232947989169,50.50284933923817
1043,202001,2020,13,56.4633668,2020-07-06T02:44:01Z,56.4633668,-168.8446989,2020-07-06T02:44:02Z,56.471652,-168.8456468,109.10000000000001,40,19.215751843951594,1.8278905704571937,139.13250024055165,8.527171188230508
1043,202001,2020,15,56.4656592,2020-07-16T16:05:00Z,56.4656592,-170.0590165,2020-07-16T16:32:00Z,56.4573881,-170.0577209,105.44,40,8.538140322668957,0.7631900106678035,61.820782249096325,3.7888803285856634
1043,202001,2020,17,56.4715551,2020-07-20T20:34:01Z,56.4715551,-171.2768227,2020-07-20T21:05:00Z,56.4798227,-171.2781836,137.37,40,34.22580830179237,2.072117706298106,247.8134772166658,15.188025366637309
1043,202001,2020,13,56.4716521,2020-07-06T02:45:00Z,56.4716521,-168.8456467,2020-07-06T02:53:00Z,56.4799372,-168.84659499999998,108.52,40,1.9965708582778834,0.20129445805310936,14.456259514355843,0.8859971567194596
1043,202001,2020,19,56.4738886,2020-08-09T21:07:01Z,56.4738886,-172.5050667,2020-08-09T21:25:00Z,56.4656348,-172.5034498,300.54,40,11.909027291543959,0.4790435460221487,86.22783828398664,5.284743226545608
1043,202001,2020,15,56.4739302,2020-07-16T15:39:01Z,56.4739302,-170.0603128,2020-07-16T16:04:00Z,56.4656591,-170.0590167,105.17,40,15.543510600162739,1.4059790910866727,112.5434752633355,6.8975794873924
1043,202001,2020,17,56.4798228,2020-07-20T21:05:01Z,56.4798228,-171.2781835,2020-07-20T21:22:00Z,56.4880904,-171.2795451,136.36,40,13.539384576227866,0.8169376019852367,98.03251223822842,6.008229654626967
1043,202001,2020,13,56.4799373,2020-07-06T02:53:01Z,56.4799373,-168.8465949,2020-07-06T03:09:00Z,56.4882224,-168.8475437,106.97,40,0,0,0,0
1043,202001,2020,19,56.4821423,2020-08-09T20:54:01Z,56.4821423,-172.5066845,2020-08-09T21:07:00Z,56.4738885,-172.5050669,300.55,40,9.468933977021369,0.3808901934940348,68.56023482892623,4.201928795074886
1043,202001,2020,15,56.482200999999996,2020-07-16T15:14:01Z,56.482200999999996,-170.0616097,2020-07-16T15:39:00Z,56.473929999999996,-170.060313,104.92,40,16.284099004034186,1.5116930829826314,117.9057383231713,7.2262225793262695
1043,202001,2020,17,56.4880905,2020-07-20T21:22:01Z,56.4880905,-171.2795449,2020-07-20T21:44:00Z,56.4963579,-171.2809071,135.07,40,23.343101283750663,1.823727917254525,169.01675621914023,10.358721445156412
1043,202001,2020,13,56.4882225,2020-07-06T03:09:01Z,56.4882225,-168.8475436,2020-07-06T03:13:00Z,56.4965075,-168.8484928,105.94,40,0,0,0,0
1043,202001,2020,19,56.4903958,2020-08-09T20:39:01Z,56.4903958,-172.508303,2020-08-09T20:54:00Z,56.4821422,-172.5066846,300.53000000000003,40,2.2089764667959457,0.08885662059778629,15.994191707601555,0.9802541496220762
1043,202001,2020,15,56.4904718,2020-07-16T14:50:00Z,56.4904718,-170.0629072,2020-07-16T15:14:00Z,56.4822009,-170.0616099,104.68,40,12.875174825858258,1.0771636130309898,93.22327219373001,5.7134803108443935
1043,202001,2020,17,56.4963581,2020-07-20T21:45:00Z,56.4963581,-171.280907,2020-07-20T22:09:00Z,56.5046254,-171.2822697,133.75,40,38.88988994055404,3.4869798481101686,281.58396639641745,17.257755601112727
1043,202001,2020,13,56.4965076,2020-07-06T03:13:01Z,56.4965076,-168.8484926,2020-07-06T03:34:00Z,56.5047925,-168.8494423,104.83,40,0,0,0,0
1043,202001,2020,19,56.4986493,2020-08-09T20:29:01Z,56.4986493,-172.5099223,2020-08-09T20:39:00Z,56.4903957,-172.5083032,300.56,40,0,0,0,0
1043,202001,2020,15,56.4987424,2020-07-16T08:09:03Z,56.4987424,-170.0642053,2020-07-16T08:12:00Z,56.4904717,-170.0629073,104.84,40,37.09531560538669,2.6859027163250704,268.59027163250687,16.461396307432857
1043,202001,2020,17,56.5046255,2020-07-20T22:09:01Z,56.5046255,-171.2822696,2020-07-20T22:20:00Z,56.5128928,-171.283633,132.62,40,23.24726440113057,1.6329982462693844,168.32284503614423,10.316192924238553
1043,202001,2020,13,56.5047926,2020-07-06T03:34:01Z,56.5047926,-168.8494422,2020-07-06T03:34:02Z,56.5130774,-168.8503922,104.9,40,24.934385367279585,1.8053851893403794,180.53851893403822,11.06486877155565
1043,202001,2020,19,56.5069026,2020-08-09T20:12:01Z,56.5069026,-172.5115423,2020-08-09T20:29:00Z,56.4986491,-172.5099224,300.54,40,0,0,0,0
1043,202001,2020,15,56.507013,2020-07-16T08:09:01Z,56.507013,-170.0655039,2020-07-16T08:09:02Z,56.4987423,-170.0642054,104.57000000000001,40,27.233690102579732,1.9718673646074105,197.18673646074117,12.085206942605916
1043,202001,2020,17,56.5128929,2020-07-20T22:20:01Z,56.5128929,-171.2836329,2020-07-20T22:38:00Z,56.521159999999995,-171.2849969,131.38,40,7.026992264564617,0.49827193407130843,50.879247966955276,3.118294119580586
1043,202001,2020,13,56.5130775,2020-07-06T03:36:00Z,56.5130775,-168.8503921,2020-07-06T03:43:00Z,56.5213622,-168.8513426,105.12,40,94.53129087172931,7.4328442983284555,684.4579882566718,41.949152260798655
1043,202001,2020,19,56.5151558,2020-08-09T20:04:01Z,56.5151558,-172.513163,2020-08-09T20:12:00Z,56.5069025,-172.5115424,300.55,40,0,0,0,0
1043,202001,2020,15,56.5152835,2020-07-16T07:48:01Z,56.5152835,-170.0668032,2020-07-16T08:09:00Z,56.5070129,-170.0655041,104.34,40,14.814509936146617,1.0726511374590597,107.26511374590619,6.574078564353792
1043,202001,2020,17,56.5211601,2020-07-20T22:38:01Z,56.5211601,-171.2849968,2020-07-20T22:59:00Z,56.5294272,-171.2863614,129.93,40,2.940595219024826,0.23482658759941866,21.291509608410998,1.304916874007693
1043,202001,2020,13,56.5213623,2020-07-06T03:43:01Z,56.5213623,-168.8513425,2020-07-06T03:59:00Z,56.5296469,-168.8522934,103.64,40,109.84248292196958,7.9967311071174505,795.3193507947043,48.74363819965451
1043,202001,2020,19,56.5234089,2020-08-09T19:46:01Z,56.5234089,-172.5147844,2020-08-09T20:04:00Z,56.5151557,-172.5131631,300.54,40,0.18064068364711058,0.0072663158402215605,1.3079368512398832,0.08016100777772843
1043,202001,2020,15,56.5235538,2020-07-16T07:44:01Z,56.5235538,-170.068103,2020-07-16T07:48:00Z,56.5152834,-170.0668033,103.95,40,30.86271837334195,2.2346287599746786,223.46287599746825,13.69562247893363
1043,202001,2020,17,56.5294273,2020-07-20T23:00:00Z,56.5294273,-171.2863613,2020-07-20T23:24:00Z,56.5376943,-171.2877265,128.84,40,8.46125005307244,1.102441405807533,61.264054854820536,3.754759545965072
1043,202001,2020,13,56.529647,2020-07-06T03:59:01Z,56.529647,-168.8522933,2020-07-06T03:59:02Z,56.5379315,-168.8532446,103.12,40,112.75655648514947,8.164188291821576,816.418829182157,50.03678583863973
1043,202001,2020,19,56.531662,2020-08-09T19:39:01Z,56.531662,-172.5164066,2020-08-09T19:46:00Z,56.5234088,-172.5147845,300.56,40,0.08882525369629247,0.0035730176332035516,0.6431431739766387,0.03941704442570125
1043,202001,2020,15,56.5318241,2020-07-16T07:28:01Z,56.5318241,-170.0694034,2020-07-16T07:44:00Z,56.5235537,-170.0681031,103.68,40,15.66644469474359,1.1343358500677618,113.43358500677631,6.952132651789713
1043,202001,2020,17,56.5376944,2020-07-20T23:24:01Z,56.5376944,-171.2877264,2020-07-20T23:49:00Z,56.5459613,-171.2890922,127.75,40,9.459608997911715,1.4254717823571887,68.49271690567487,4.197790747610471
1043,202001,2020,13,56.5379316,2020-07-06T04:01:00Z,56.5379316,-168.8532445,2020-07-06T04:11:00Z,56.5462161,-168.8541963,103.41,40,74.09824185743716,5.36511594070121,536.5115940701207,32.881793967596245
1043,202001,2020,19,56.5399149,2020-08-09T19:26:01Z,56.5399149,-172.5180295,2020-08-09T19:39:00Z,56.5316619,-172.5164067,298.58,40,0.5121650611419157,0.02060196530175769,3.7083537543163776,0.22727807834187508
1043,202001,2020,15,56.5400943,2020-07-16T07:20:00Z,56.5400943,-170.0707044,2020-07-16T07:28:00Z,56.531824,-170.0694036,103.5,40,7.260801550905471,0.5257215443516098,52.572154435161025,3.222049196468406
1043,202001,2020,17,56.5459614,2020-07-20T23:49:01Z,56.5459614,-171.2890921,2020-07-20T23:58:00Z,56.5542282,-171.2904586,126.7,40,11.009010496811982,1.7205486371441796,79.71122691606027,4.885352281903607
1043,202001,2020,13,56.5462162,2020-07-06T04:11:01Z,56.5462162,-168.8541962,2020-07-06T04:24:00Z,56.5545005,-168.8551484,103.36,40,109.10015376297531,7.899444837204911,789.9444837204895,48.41422263121025
1043,202001,2020,19,56.5481677,2020-08-09T19:16:00Z,56.5481677,-172.5196531,2020-08-09T19:26:00Z,56.5399148,-172.5180296,298.59000000000003,40,0,0,0,0
1043,202001,2020,15,56.5483644,2020-07-16T07:19:01Z,56.5483644,-170.072006,2020-07-16T07:19:02Z,56.5400942,-170.0707046,103.10000000000001,40,58.90514965408913,4.2650533869154685,426.50533869154674,26.13971595011302
1043,202001,2020,17,56.5542283,2020-07-20T23:58:01Z,56.5542283,-171.2904585,2020-07-21T00:19:00Z,56.562495,-171.2918255,125.92,40,6.382705649801174,1.1014133530522447,46.214262266082244,2.8323858552051444
1043,202001,2020,13,56.5545007,2020-07-06T04:24:01Z,56.5545007,-168.8551483,2020-07-06T04:31:00Z,56.5627849,-168.8561009,105.61,40,30.05403531249575,2.3151919548392024,217.6075705651633,13.336761740469822
1043,202001,2020,19,56.5564205,2020-08-09T19:14:01Z,56.5564205,-172.5212775,2020-08-09T19:14:02Z,56.5481676,-172.5196533,268.52,40,0,0,0,0
1043,202001,2020,15,56.5566344,2020-07-16T06:57:01Z,56.5566344,-170.0733082,2020-07-16T07:19:00Z,56.5483643,-170.0720062,102.88,40,32.57278467357284,2.358446866005816,235.84468660058153,14.454480534746974
1043,202001,2020,17,56.5624951,2020-07-21T00:19:01Z,56.5624951,-171.2918254,2020-07-21T00:39:00Z,56.5707617,-171.2931931,125.03,40,10.447327448168572,1.3144408011821844,75.64433598537356,4.636100129388058
1043,202001,2020,13,56.562785,2020-07-06T04:31:01Z,56.562785,-168.8561008,2020-07-06T04:49:00Z,56.5710692,-168.8570539,105.91,40,38.587941697952665,2.7939769680480704,279.3976968048067,17.123763219468934
1043,202001,2020,19,56.5646731,2020-08-09T18:58:01Z,56.5646731,-172.5229026,2020-08-09T19:14:00Z,56.5564203,-172.5212776,257.18,40,0,0,0,0
1043,202001,2020,15,56.5649044,2020-07-16T06:54:01Z,56.5649044,-170.074611,2020-07-16T06:57:00Z,56.5566343,-170.0733083,102.37,40,48.4140125680216,4.7298543667286745,350.5437970873134,21.484174880547727
1043,202001,2020,17,56.5707618,2020-07-21T00:39:01Z,56.5707618,-171.293193,2020-07-21T00:54:00Z,56.5790283,-171.2945613,124.23,40,25.707977412218433,2.158281536111626,186.1397463152308,11.408157540614312
1043,202001,2020,13,56.5710693,2020-07-06T04:49:01Z,56.5710693,-168.8570538,2020-07-06T04:56:00Z,56.5793534,-168.8580073,106.31,40,16.079259951355734,1.1642259211179733,116.42259211179737,7.135323316970636
1043,202001,2020,19,56.5729256,2020-08-09T18:51:00Z,56.5729256,-172.5245285,2020-08-09T18:58:00Z,56.564673,-172.5229027,229.18,40,2.2770011937943946,0.09159293193881969,16.48672774898753,1.0104407640652162
1043,202001,2020,15,56.5731742,2020-07-16T06:37:01Z,56.5731742,-170.0759144,2020-07-16T06:54:00Z,56.5649042,-170.0746111,102.09,40,181.38338672753494,13.665637954595915,1313.3144257087338,80.49058927733539
1043,202001,2020,17,56.5790284,2020-07-21T00:54:01Z,56.5790284,-171.2945612,2020-07-21T01:10:00Z,56.5872948,-171.2959302,123.68,40,24.49792299767767,1.5184992311879346,177.3782938626084,10.871184476866562
1043,202001,2020,13,56.5793535,2020-07-06T04:56:01Z,56.5793535,-168.8580072,2020-07-06T05:14:00Z,56.5876375,-168.8589611,107.7,40,0,0,0,0
1043,202001,2020,19,56.581177999999994,2020-08-09T18:46:00Z,56.581177999999994,-172.52615500000002,2020-08-09T18:48:00Z,56.5729255,-172.5245286,223.71,40,2.7511290903422756,0.11066484295808429,19.919671732455143,1.2208394917242644
1043,202001,2020,15,56.5814439,2020-07-16T06:27:01Z,56.5814439,-170.0772183,2020-07-16T06:37:00Z,56.5731741,-170.0759145,101.55,40,233.21929036882943,16.886345763023563,1688.6345763023576,103.49326060841156
1043,202001,2020,17,56.5872949,2020-07-21T01:10:01Z,56.5872949,-171.2959301,2020-07-21T01:25:00Z,56.5955612,-171.2972996,123.08,40,10.569778663052901,0.6377579118086388,76.53094941703652,4.690439011363896
1043,202001,2020,13,56.5876376,2020-07-06T05:15:00Z,56.5876376,-168.858961,2020-07-06T05:39:00Z,56.5959216,-168.8599154,108.17,40,0,0,0,0
1043,202001,2020,19,56.5894304,2020-08-09T06:30:01Z,56.5894304,-172.5277824,2020-08-09T06:44:00Z,56.5811779,-172.5261552,197.5,40,1.7980591838119122,0.07232737202496395,13.018926964493497,0.7979057281466851
1043,202001,2020,15,56.5897135,2020-07-16T06:20:01Z,56.5897135,-170.0785229,2020-07-16T06:27:00Z,56.5814438,-170.0772184,101.11,40,106.17406623409613,9.6094752210447,768.758017683575,47.115743681589926
1043,202001,2020,17,56.5955613,2020-07-21T01:25:01Z,56.5955613,-171.2972995,2020-07-21T01:54:00Z,56.6038275,-171.2986697,122.51,40,7.214419007929521,1.124488620995414,52.23631958341204,3.201466505386981
1043,202001,2020,13,56.5959217,2020-07-06T05:39:01Z,56.5959217,-168.8599152,2020-07-06T05:52:00Z,56.6042055,-168.8608701,107.65,40,0,0,0,0
1043,202001,2020,19,56.5976826,2020-08-09T06:17:01Z,56.5976826,-172.5294104,2020-08-09T06:30:00Z,56.5894302,-172.5277825,171.52,40,1.9176120688625207,0.08677846819336112,13.88455491093776,0.8509584489120329
1043,202001,2020,15,56.5979831,2020-07-16T06:10:01Z,56.5979831,-170.079828,2020-07-16T06:20:00Z,56.5897134,-170.078523,100.66,40,185.20857627400693,16.762635995365986,1341.0108796292807,82.18805323061096
1043,202001,2020,17,56.6038276,2020-07-21T01:54:01Z,56.6038276,-171.2986696,2020-07-21T02:00:00Z,56.6120938,-171.3000404,122.10000000000001,40,8.137657244783664,0.9225607884683039,58.92106682902281,3.6111621840732866
1043,202001,2020,13,56.6042056,2020-07-06T05:52:01Z,56.6042056,-168.8608699,2020-07-06T06:10:00Z,56.6124894,-168.8618252,106.43,40,0,0,0,0
1043,202001,2020,19,56.6059347,2020-08-09T06:07:01Z,56.6059347,-172.5310392,2020-08-09T06:17:00Z,56.5976825,-172.5294105,161.89000000000001,40,1.7936489781552554,0.08116871672237028,12.986994675579242,0.7959486577746792
1043,202001,2020,15,56.6062525,2020-07-16T06:02:01Z,56.6062525,-170.0811337,2020-07-16T06:10:00Z,56.597983,-170.0798281,100.16,40,116.81892202224364,10.572907079275105,845.8325663420105,51.83949887559402
1043,202001,2020,17,56.6120939,2020-07-21T02:00:01Z,56.6120939,-171.3000403,2020-07-21T02:19:00Z,56.6203599,-171.3014117,121.47,40,64.462217334125,4.667415327581715,466.7415327581722,28.60571716604588
1043,202001,2020,13,56.6124895,2020-07-06T06:10:01Z,56.6124895,-168.8618251,2020-07-06T06:29:00Z,56.6207731,-168.8627807,105.3,40,0,0,0,0
1043,202001,2020,19,56.6141867,2020-08-09T05:55:00Z,56.6141867,-172.5326687,2020-08-09T06:07:00Z,56.6059346,-172.5310393,151.59,40,5.038162723926929,0.2605645700357851,36.47903980500986,2.2357322456060578
1043,202001,2020,15,56.6145219,2020-07-16T05:54:01Z,56.6145219,-170.08244,2020-07-16T06:02:00Z,56.6062524,-170.0811338,99.72,40,34.82340932548194,3.151755422908095,252.1404338326472,15.453216459478504
1043,202001,2020,17,56.62036,2020-07-21T02:20:00Z,56.62036,-171.3014116,2020-07-21T02:44:00Z,56.6286259,-171.3027836,121.03,40,23.627301940953302,1.710745236345251,171.0745236345254,10.484838168324718
1043,202001,2020,13,56.6207732,2020-07-06T06:30:00Z,56.6207732,-168.8627806,2020-07-06T06:54:00Z,56.6290568,-168.8637367,104.55,40,0.12758414203355373,0.041663917893536004,0.9237786174763378,0.05661666682930592
1043,202001,2020,19,56.622438700000004,2020-08-09T05:54:01Z,56.622438700000004,-172.53429899999998,2020-08-09T05:54:02Z,56.6141866,-172.5326688,147.09,40,0.15224143578349464,0.007873648873658785,1.1023108423122265,0.06755857358120923
1043,202001,2020,15,56.6227912,2020-07-16T05:44:01Z,56.6227912,-170.0837469,2020-07-16T05:54:00Z,56.6145218,-170.0824402,99.26,40,24.062917074686595,2.1778576782151853,174.22861425721487,10.678146494103132
1043,202001,2020,17,56.6286261,2020-07-21T02:44:01Z,56.6286261,-171.3027835,2020-07-21T02:53:00Z,56.6368919,-171.3041562,120.73,40,8.884099305195358,0.6432571354767174,64.32571354767188,3.94240289132823
1043,202001,2020,13,56.6290569,2020-07-06T06:54:01Z,56.6290569,-168.8637366,2020-07-06T07:05:00Z,56.6373404,-168.8646932,104.12,40,0,0,0,0
1043,202001,2020,19,56.6306905,2020-08-09T05:34:01Z,56.6306905,-172.53593,2020-08-09T05:54:00Z,56.6224385,-172.5342991,145.76,40,0,0,0,0
1043,202001,2020,15,56.6310603,2020-07-16T05:39:03Z,56.6310603,-170.0850544,2020-07-16T05:44:00Z,56.622791,-170.0837471,98.75,40,53.09876072072822,4.805799038429965,384.46392307439737,23.56307607558216
1043,202001,2020,17,56.636891999999996,2020-07-21T02:53:01Z,56.636891999999996,-171.30415599999998,2020-07-21T03:09:00Z,56.6451578,-171.3055293,120.42,40,13.044380290194121,0.9454931473496198,94.44841183430162,5.788566832157382
1043,202001,2020,13,56.6373405,2020-07-06T07:05:01Z,56.6373405,-168.864693,2020-07-06T07:23:00Z,56.6456239,-168.86565000000002,103.82000000000001,40,0.840119372439939,0.37732414658677516,6.082921435357935,0.37281089834635095
1043,202001,2020,19,56.6389422,2020-08-09T05:29:01Z,56.6389422,-172.5375617,2020-08-09T05:34:00Z,56.6306904,-172.5359301,144.86,40,0,0,0,0
1043,202001,2020,15,56.6393294,2020-07-16T05:39:01Z,56.6393294,-170.0863625,2020-07-16T05:39:02Z,56.6310602,-170.0850546,98.33,40,42.43407157151965,3.8944389084844477,307.2457700888967,18.83051964047237
1043,202001,2020,17,56.6451579,2020-07-21T03:10:00Z,56.6451579,-171.3055292,2020-07-21T03:34:00Z,56.6534235,-171.3069031,119.96000000000001,40,22.697576376898155,1.6540700909004868,164.34280460968458,10.072263676982722
1043,202001,2020,13,56.645624,2020-07-06T07:23:01Z,56.645624,-168.8656499,2020-07-06T07:44:00Z,56.6539074,-168.8666073,103.54,40,1.7730774959967484,0.25805987516232187,12.838045950095577,0.7868198684675654
1043,202001,2020,19,56.6471938,2020-08-09T05:12:01Z,56.6471938,-172.5391942,2020-08-09T05:29:00Z,56.6389421,-172.5375618,143.23,40,0,0,0,0
1043,202001,2020,15,56.6475984,2020-07-16T05:19:01Z,56.6475984,-170.0876712,2020-07-16T05:39:00Z,56.6393293,-170.0863627,97.77,40,68.09492568360224,6.814546671765955,493.0443180674332,30.217765772026244
1043,202001,2020,17,56.653423599999996,2020-07-21T03:34:01Z,56.653423599999996,-171.30690299999998,2020-07-21T03:46:00Z,56.6616892,-171.3082776,119.65,40,36.574305470315494,2.664714828298139,264.81787472960144,16.230193144078438
1043,202001,2020,13,56.6539075,2020-07-06T07:44:01Z,56.6539075,-168.8666072,2020-07-06T07:55:00Z,56.6621907,-168.8675651,103.24000000000001,40,1.4220973808419393,0.49913278703742525,10.296758918874048,0.631069130744963
1043,202001,2020,19,56.6554454,2020-08-09T05:04:01Z,56.6554454,-172.5408274,2020-08-09T05:12:00Z,56.6471937,-172.5391943,141.66,40,0,0,0,0
1043,202001,2020,15,56.6558673,2020-07-16T05:14:01Z,56.6558673,-170.0889805,2020-07-16T05:19:00Z,56.6475983,-170.0876714,97.28,40,77.81475596888075,7.4532460967807275,563.4211787017103,34.53103217118645
1043,202001,2020,17,56.6616893,2020-07-21T03:46:01Z,56.6616893,-171.3082774,2020-07-21T04:06:00Z,56.6699548,-171.3096526,119.35000000000001,40,44.695835784597996,3.2415275458619868,323.6221738057903,19.83419885057849
1043,202001,2020,13,56.6621908,2020-07-06T07:55:01Z,56.6621908,-168.8675649,2020-07-06T08:11:00Z,56.670474,-168.8685232,103.04,40,30.342236231748156,2.5681554502404658,219.6943020546644,13.464653617666613
1043,202001,2020,19,56.6636968,2020-08-09T04:49:01Z,56.6636968,-172.5424613,2020-08-09T05:04:00Z,56.6554453,-172.5408275,139.55,40,0,0,0,0
1043,202001,2020,15,56.6641361,2020-07-16T05:01:01Z,56.6641361,-170.0902904,2020-07-16T05:14:00Z,56.6558672,-170.0889806,96.61,40,33.97962496248168,3.535382982800245,246.03097587120604,15.078779186990518
1043,202001,2020,17,56.6699549,2020-07-21T04:06:01Z,56.6699549,-171.3096525,2020-07-21T04:24:00Z,56.6782203,-171.3110283,119.14,40,29.352668592680462,2.1479556814539067,212.52929384167766,13.02552364090646
1043,202001,2020,13,56.6704741,2020-07-06T08:11:01Z,56.6704741,-168.8685231,2020-07-06T14:34:00Z,56.6787571,-168.8694818,102.72,40,57.4007094268632,4.934504111955373,415.61237275525457,25.472106404351013
1043,202001,2020,19,56.6719481,2020-08-09T04:39:01Z,56.6719481,-172.544096,2020-08-09T04:49:00Z,56.6636967,-172.5424614,138.22,40,0,0,0,0
1043,202001,2020,15,56.6724048,2020-07-16T04:54:01Z,56.6724048,-170.0916009,2020-07-16T05:01:00Z,56.664136,-170.0902905,96.25,40,17.353912531487254,1.7355165671352928,125.65177043653672,7.700962426206031
1043,202001,2020,17,56.6782204,2020-07-21T04:25:00Z,56.6782204,-171.3110282,2020-07-21T04:49:00Z,56.6864856,-171.3124046,118.95,40,40.613565415685876,2.9937735710944016,294.0643148316987,18.022652856695792
1043,202001,2020,13,56.6787573,2020-07-06T14:34:01Z,56.6787573,-168.8694817,2020-07-06T14:46:00Z,56.6870402,-168.8704409,102.4,40,256.81062302124246,22.419860118556283,1859.4486627139672,113.96213706556345
1043,202001,2020,19,56.6801994,2020-08-09T04:24:01Z,56.6801994,-172.5457314,2020-08-09T04:39:00Z,56.671948,-172.5440961,136.35,40,0.7371007786243352,0.05930011950154987,5.33701075513949,0.3270954253234755
1043,202001,2020,15,56.6806734,2020-07-16T04:49:01Z,56.6806734,-170.0929119,2020-07-16T04:54:00Z,56.6724047,-170.091601,95.74000000000001,40,13.289377401555669,1.20277905304855,96.2223242438842,5.897286611959256
1043,202001,2020,17,56.6864858,2020-07-21T04:50:00Z,56.6864858,-171.3124045,2020-07-21T05:19:00Z,56.6947509,-171.3137815,118.74000000000001,40,84.12217105000927,6.167638158600471,609.090296278736,37.330007126149724
1043,202001,2020,13,56.6870403,2020-07-06T14:46:01Z,56.6870403,-168.8704408,2020-07-06T14:56:00Z,56.6953232,-168.8714004,102.09,40,212.82125112494438,15.73668355310893,1540.941671905285,94.44143823115698
1043,202001,2020,19,56.6884505,2020-08-09T04:16:00Z,56.6884505,-172.5473676,2020-08-09T04:24:00Z,56.6801992,-172.5457316,135.31,40,7.647024267768007,0.6317033173045189,55.36861708118012,3.3934391712253373
1043,202001,2020,15,56.688942,2020-07-16T04:36:01Z,56.688942,-170.0942236,2020-07-16T04:49:00Z,56.6806733,-170.0929121,95.11,40,34.23410856787112,3.098419695749272,247.87357565994174,15.191708688025727
1043,202001,2020,17,56.6947511,2020-07-21T05:19:01Z,56.6947511,-171.3137814,2020-07-21T05:52:00Z,56.7030162,-171.315159,118.51,40,76.7977248647457,5.720318506343369,556.0573200564783,34.079715022675074
1043,202001,2020,13,56.6953233,2020-07-06T14:56:01Z,56.6953233,-168.8714002,2020-07-06T15:14:00Z,56.7036062,-168.8723603,101.71000000000001,40,149.44874563283415,14.960585466138049,1082.0902458862342,66.31929097682531
1043,202001,2020,19,56.6967015,2020-08-09T04:01:01Z,56.6967015,-172.5490045,2020-08-09T04:14:00Z,56.6884504,-172.5473677,133.86,40,30.516158634877836,3.6709606541874362,220.95359489898235,13.541833325075357
1043,202001,2020,15,56.6972104,2020-07-16T04:26:00Z,56.6972104,-170.0955359,2020-07-16T04:36:00Z,56.6889419,-170.0942237,94.64,40,102.8222089166791,9.943244330637626,744.4887466808581,45.62832537101601
1043,202001,2020,17,56.7030163,2020-07-21T05:52:01Z,56.7030163,-171.3151589,2020-07-21T06:29:00Z,56.7112813,-171.3165372,118.31,40,31.09162126356021,2.3369500966200216,225.12025748776784,13.797200296248452
1043,202001,2020,13,56.7036063,2020-07-06T15:14:01Z,56.7036063,-168.8723602,2020-07-06T15:19:00Z,56.711889,-168.8733206,101.23,40,136.0368030394694,12.312256036946595,984.9804829557277,60.36761490455445
1043,202001,2020,19,56.7049524,2020-08-09T03:51:00Z,56.7049524,-172.5506422,2020-08-09T04:01:00Z,56.6967014,-172.5490046,132.96,40,36.84568762169757,4.872205185640943,266.78282918722954,16.350621534341695
1043,202001,2020,15,56.7054788,2020-07-16T04:24:01Z,56.7054788,-170.0968487,2020-07-16T04:24:02Z,56.6972103,-170.09553599999998,94.04,40,114.97625408207696,10.774682495250337,832.4906477061706,51.021797590915384
1043,202001,2020,17,56.7112814,2020-07-21T06:30:00Z,56.7112814,-171.3165371,2020-07-21T07:02:00Z,56.7195463,-171.317916,118.14,40,18.97349918172107,1.4006624041539202,137.37845913616096,8.419669283625383
1043,202001,2020,13,56.7118891,2020-07-06T15:19:01Z,56.7118891,-168.8733205,2020-07-06T15:39:00Z,56.7201717,-168.8742814,100.93,40,122.53914108509001,11.090625815055448,887.2500652044343,54.37790005704058
1043,202001,2020,19,56.713203300000004,2020-08-09T03:33:01Z,56.713203300000004,-172.5522806,2020-08-09T03:49:00Z,56.7049523,-172.5506423,132.26,40,41.37626300768967,6.27157250513999,299.5866604450626,18.36110710947147
1043,202001,2020,15,56.713747,2020-07-16T04:11:01Z,56.713747,-170.0981622,2020-07-16T04:24:00Z,56.7054787,-170.0968488,93.49,40,36.86407310302785,3.5932907103136866,266.91595007713175,16.358780265155584
1043,202001,2020,17,56.7195464,2020-07-21T07:02:01Z,56.7195464,-171.3179159,2020-07-21T07:44:00Z,56.7278112,-171.3192954,117.97,40,57.66030853960103,4.305864005370719,417.49201160096607,25.58730596003871
1043,202001,2020,13,56.7201719,2020-07-06T15:39:01Z,56.7201719,-168.8742813,2020-07-06T15:42:00Z,56.7284544,-168.8752426,100.43,40,66.11190904221448,6.001152173800524,478.68619845933966,29.33778342694065
1043,202001,2020,19,56.721453999999994,2020-08-09T03:24:01Z,56.721453999999994,-172.5539197,2020-08-09T03:33:00Z,56.7132032,-172.5522807,131.85,40,174.69271483748824,19.233888066505635,1264.8703202732036,77.5215404972499
1043,202001,2020,15,56.7220152,2020-07-16T04:04:00Z,56.7220152,-170.0994762,2020-07-16T04:11:00Z,56.7137469,-170.0981623,93.12,40,19.260673826818106,2.7136336574231317,139.45775984229599,8.547105741982465
1043,202001,2020,17,56.7278113,2020-07-21T07:44:01Z,56.7278113,-171.3192953,2020-07-21T15:01:00Z,56.7360761,-171.3206755,117.7,40,73.53854494927556,5.4191878503141835,532.4590838773468,32.633423183659445
1043,202001,2020,13,56.7284545,2020-07-06T15:42:01Z,56.7284545,-168.8752425,2020-07-06T15:54:00Z,56.736737,-168.8762043,99.74000000000001,40,64.62106772267057,5.927769914736007,467.89169601496326,28.676208524773095
1043,202001,2020,19,56.7297047,2020-08-09T03:06:01Z,56.7297047,-172.5555596,2020-08-09T03:24:00Z,56.7214539,-172.5539198,131.49,40,48.59484444248525,7.262039836932948,351.8531182641079,21.56442073105425
1043,202001,2020,15,56.730283299999996,2020-07-16T03:59:01Z,56.730283299999996,-170.1007909,2020-07-16T04:03:00Z,56.7220151,-170.0994764,92.62,40,112.42493124036717,15.016091130248926,814.0176819450288,49.88962400726504
1043,202001,2020,17,56.7360762,2020-07-21T15:01:01Z,56.7360762,-171.3206754,2020-07-21T15:39:00Z,56.7443408,-171.3220562,117.35000000000001,40,20.260395233361816,1.5881257856614106,146.69628685731928,8.990741548864522
1043,202001,2020,13,56.7367371,2020-07-06T15:54:01Z,56.7367371,-168.8762042,2020-07-06T16:04:00Z,56.7450195,-168.8771664,99.13,40,95.02151873988146,8.885895128328425,688.0075047958891,42.16669550276607
1043,202001,2020,19,56.7379552,2020-08-09T02:59:01Z,56.7379552,-172.5572003,2020-08-09T03:06:00Z,56.7297045,-172.5555597,131.16,40,121.01656892582207,14.14063080969552,876.2258142130643,53.70224429535368
1043,202001,2020,15,56.7385513,2020-07-16T03:46:01Z,56.7385513,-170.1021061,2020-07-16T03:59:00Z,56.7302832,-170.10079100000002,91.95,40,159.62299618409105,20.81158928005759,1155.7573565340933,70.83421065663083
1043,202001,2020,17,56.7443409,2020-07-21T15:39:01Z,56.7443409,-171.322056,2020-07-21T16:32:00Z,56.7526055,-171.3234375,117.03,40,11.767834260861141,0.973883256786058,85.20552390696035,5.22208748697347
1043,202001,2020,13,56.7450196,2020-07-06T16:05:00Z,56.7450196,-168.8771663,2020-07-06T16:17:00Z,56.7533019,-168.878129,98.31,40,142.8751193563324,13.830006149038793,1034.4936143870323,63.402182292117544
1043,202001,2020,19,56.7462056,2020-08-09T02:35:00Z,56.7462056,-172.5588416,2020-08-09T02:59:00Z,56.7379551,-172.5572004,130.81,40,510.6136103597091,53.66447441854496,3697.120406379669,226.58960741877902
1043,202001,2020,15,56.7468192,2020-07-16T03:38:01Z,56.7468192,-170.103422,2020-07-16T03:46:00Z,56.7385512,-170.1021062,91.46000000000001,40,93.22703986465731,12.1602472576869,675.0145012139151,41.3703785703367
1043,202001,2020,17,56.7526056,2020-07-21T16:32:01Z,56.7526056,-171.3234373,2020-07-21T17:50:00Z,56.76087,-171.3248194,116.55,40,17.082847137629198,1.3417554810609686,123.68910947575668,7.580674600082782
1043,202001,2020,13,56.753302,2020-07-06T16:17:01Z,56.753302,-168.8781288,2020-07-06T16:29:00Z,56.7615842,-168.8790919,97.29,40,115.79576851331281,12.441015373229215,838.4243781543469,51.38546485218743
1043,202001,2020,19,56.754456,2020-08-09T02:20:01Z,56.754456,-172.5604837,2020-08-09T02:34:00Z,56.7462055,-172.5588417,130.57,40,265.4693753698124,25.229336010218486,1922.1427416656309,117.80454011866019
1043,202001,2020,15,56.755086999999996,2020-07-16T03:34:01Z,56.755086999999996,-170.1047384,2020-07-16T03:38:00Z,56.7468191,-170.1034221,90.98,40,84.51386774494594,9.79542820719352,611.9263935048591,37.50382623032599
1043,202001,2020,17,56.7608701,2020-07-21T17:50:01Z,56.7608701,-171.3248193,2020-07-21T18:16:00Z,56.7691345,-171.326202,116.14,40,3.241792764184962,0.2589655595393489,23.472343742030223,1.4385761265788433
1043,202001,2020,13,56.7615843,2020-07-06T16:30:00Z,56.7615843,-168.8790918,2020-07-06T16:40:00Z,56.7698665,-168.8800554,96.37,40,137.6571135985048,15.731033455298974,996.7124131490145,61.08664300333484
1043,202001,2020,19,56.7627062,2020-08-09T02:09:01Z,56.7627062,-172.5621266,2020-08-09T02:20:00Z,56.7544559,-172.5604839,130.37,40,12.475531413406111,1.2191883995967976,90.32963640832435,5.53613477579052
1043,202001,2020,15,56.7633547,2020-07-16T03:21:01Z,56.7633547,-170.1060555,2020-07-16T03:34:00Z,56.7550869,-170.1047385,90.26,40,56.384791405839536,7.494126023975577,408.2565734374701,25.02128319697264
1043,202001,2020,17,56.7691346,2020-07-21T18:16:01Z,56.7691346,-171.3262018,2020-07-21T18:46:00Z,56.7773989,-171.3275852,115.88,40,31.86412958434967,2.5209126481737583,230.71363811637428,14.140008152490498
1043,202001,2020,13,56.7698666,2020-07-06T16:40:01Z,56.7698666,-168.8800552,2020-07-06T16:54:00Z,56.7781486,-168.8810192,95.15,40,123.53434069904895,14.819628193425055,894.4558519804601,54.819529275798416
1043,202001,2020,19,56.7709564,2020-08-09T01:50:01Z,56.7709564,-172.5637702,2020-08-09T02:09:00Z,56.7627061,-172.5621267,130.22,40,28.050684005144735,2.90037365284599,203.10221690971116,12.447755695498202
1043,202001,2020,15,56.7716223,2020-07-16T03:11:00Z,56.7716223,-170.1073731,2020-07-16T03:21:00Z,56.7633546,-170.1060556,89.49,40,84.83377448533612,9.700779738824352,614.2426923931745,37.645787864808405
1043,202001,2020,17,56.777398999999996,2020-07-21T18:46:01Z,56.777398999999996,-171.327585,2020-07-21T19:49:00Z,56.7856632,-171.328969,115.53,40,95.1393283666499,7.0309810463951194,688.8605106037187,42.218974636220445
1043,202001,2020,13,56.7781487,2020-07-06T16:55:00Z,56.7781487,-168.8810191,2020-07-06T17:02:00Z,56.7864307,-168.8819835,94.36,40,90.72841106989453,11.064535956052834,656.92306902788755,40.261588467206245
1043,202001,2020,19,56.7792064,2020-08-09T01:44:01Z,56.7792064,-172.5654146,2020-08-09T01:50:00Z,56.7709563,-172.5637703,129.94,40,34.99044621220988,3.89661106289792,253.34987179123382,15.527340654016673
1043,202001,2020,15,56.7798898,2020-07-16T03:09:01Z,56.7798898,-170.1086913,2020-07-16T03:09:02Z,56.7716222,-170.1073732,88.55,40,102.9652820537797,11.115884271749463,745.5246740514715,45.6918154255505
1043,202001,2020,17,56.7856633,2020-07-21T19:50:00Z,56.7856633,-171.3289689,2020-07-21T20:52:00Z,56.7939274,-171.3303534,115.19,40,127.3861355850379,12.631975896979435,922.34494303729,56.528799599515516
1043,202001,2020,13,56.7864308,2020-07-06T17:02:01Z,56.7864308,-168.8819834,2020-07-06T17:19:00Z,56.7947127,-168.8829482,93.22,40,53.063319870913304,6.910942256242674,384.20731203542044,23.547348864079723
1043,202001,2020,19,56.7874564,2020-08-09T01:25:01Z,56.7874564,-172.5670597,2020-08-09T01:44:00Z,56.7792063,-172.5654147,129.84,40,66.22238385135552,7.653971869775584,479.4860961960618,29.386807665866236
1043,202001,2020,15,56.7881573,2020-07-16T02:55:01Z,56.7881573,-170.1100102,2020-07-16T03:09:00Z,56.7798897,-170.1086915,87.94,40,31.24009587693466,2.8274411810749656,226.1952944859969,13.863087306844333
1043,202001,2020,17,56.7939275,2020-07-21T20:52:01Z,56.7939275,-171.3303533,2020-07-21T21:37:00Z,56.8021915,-171.3317385,114.84,40,41.94438841702864,4.349783334152252,303.70019757301,18.61321812033165
1043,202001,2020,13,56.7947128,2020-07-06T17:19:01Z,56.7947128,-168.8829481,2020-07-06T17:25:00Z,56.8029946,-168.8839134,92.16,40,31.067446152228875,5.0756067884343725,224.94521652603825,13.78647236249437
1043,202001,2020,19,56.7957062,2020-08-09T01:10:01Z,56.7957062,-172.5687056,2020-08-09T01:25:00Z,56.7874563,-172.5670598,129.89000000000001,40,86.75944624242261,10.374602966529206,628.1856038328011,38.50032287641585
1043,202001,2020,15,56.7964247,2020-07-16T02:45:00Z,56.7964247,-170.1113296,2020-07-16T02:55:00Z,56.7881572,-170.1100103,86.87,40,29.997196377709248,7.25019802241977,217.1960257465126,13.311538926862674
1043,202001,2020,17,56.8021916,2020-07-21T21:37:01Z,56.8021916,-171.3317384,2020-07-21T22:19:00Z,56.8104555,-171.3331242,114.63,40,32.381489640657406,3.2326766279909145,234.4596064627206,14.369591558953841
1043,202001,2020,13,56.8029947,2020-07-06T17:25:01Z,56.8029947,-168.8839133,2020-07-06T17:44:00Z,56.8112765,-168.884879,90.47,40,22.46211339458115,4.242321553442821,162.6379244826978,9.967774756902271
1043,202001,2020,19,56.803956,2020-08-09T00:56:01Z,56.803956,-172.5703522,2020-08-09T01:10:00Z,56.7957061,-172.5687057,129.86,40,163.7351101977793,19.824174751300085,1185.531299736776,72.65900004946839
1043,202001,2020,15,56.8046919,2020-07-16T02:44:01Z,56.8046919,-170.1126497,2020-07-16T02:44:02Z,56.7964245,-170.1113297,85.65,40,121.44357547074311,22.618024131327054,879.317573968103,53.891732478621535
1043,202001,2020,17,56.8104556,2020-07-21T22:19:01Z,56.8104556,-171.3331241,2020-07-21T22:44:00Z,56.8187194,-171.3345106,114.41,40,51.966870978379355,4.884917657431063,376.2684253843498,23.060789322631145
1043,202001,2020,13,56.8112766,2020-07-06T17:44:01Z,56.8112766,-168.8848789,2020-07-06T17:48:00Z,56.8195582,-168.8858451,89.09,40,20.009415589070127,4.160580541609633,144.87905765372824,8.879366963627561
1043,202001,2020,19,56.8122057,2020-08-09T00:54:01Z,56.8122057,-172.5719995,2020-08-09T00:56:00Z,56.8039559,-172.5703523,129.1,40,97.3966283127096,10.385638224528824,705.2045905980178,43.22067278571509
1043,202001,2020,15,56.8129591,2020-07-16T02:30:01Z,56.8129591,-170.1139703,2020-07-16T02:44:00Z,56.8046918,-170.1126498,85.14,40,33.962532486427996,4.787229718969828,245.9072170431382,15.071194239468085
1043,202001,2020,17,56.8187195,2020-07-21T22:44:01Z,56.8187195,-171.3345105,2020-07-21T23:09:00Z,56.8269833,-171.3358975,114.16,40,61.7110714563895,7.117351522975713,446.82173947585466,27.384870224757478
1043,202001,2020,13,56.8195583,2020-07-06T17:48:01Z,56.8195583,-168.88584500000002,2020-07-06T18:09:00Z,56.8278399,-168.8868116,88.32000000000001,40,16.486221448469184,3.715343045413801,119.36921481252998,7.315916321141705
1043,202001,2020,19,56.8204552,2020-08-09T00:30:00Z,56.8204552,-172.5736476,2020-08-09T00:54:00Z,56.8122056,-172.5719996,128.56,40,40.195806440566315,3.99981867185158,291.03951251439514,17.837268369781455
1043,202001,2020,15,56.8212262,2020-07-16T02:23:01Z,56.8212262,-170.1152916,2020-07-16T02:30:00Z,56.812959,-170.1139704,84.17,40,1.8871650014983117,0.17080126968045953,13.664101574436733,0.8374472754902176
1043,202001,2020,17,56.8269834,2020-07-21T23:10:00Z,56.8269834,-171.3358974,2020-07-21T23:38:00Z,56.835246999999995,-171.3372852,114,40,42.19734492293927,4.825012814576417,305.53174033049714,18.725469956564407
1043,202001,2020,13,56.827839999999995,2020-07-06T18:09:01Z,56.827839999999995,-168.8868115,2020-07-06T18:09:02Z,56.8361214,-168.8877786,87.64,40,10.468827851302423,2.7494284675467067,75.80001060422195,4.645641136142682
1043,202001,2020,19,56.8287047,2020-08-09T00:29:01Z,56.8287047,-172.5752965,2020-08-09T00:29:02Z,56.8204551,-172.5736477,128.35,40,86.2530645151217,6.403717641680016,624.519124562687,38.27561120703375
1043,202001,2020,15,56.8294932,2020-07-16T02:19:01Z,56.8294932,-170.1166134,2020-07-16T02:23:00Z,56.8212261,-170.1152917,83.31,40,3.7555656155516868,1.404925788535679,27.19233877250673,1.6665676770030518
1043,202001,2020,17,56.8352471,2020-07-21T23:38:01Z,56.8352471,-171.337285,2020-07-22T00:06:00Z,56.8435107,-171.3386734,113.91,40,111.52704211381628,12.167664719164746,807.5164760525748,49.491177235453705
1043,202001,2020,13,56.8361216,2020-07-06T18:11:00Z,56.8361216,-168.8877784,2020-07-06T18:16:00Z,56.8444029,-168.8887459,86.63,40,6.461401520591359,2.209200782367383,46.78406319557811,2.867307890391917
1043,202001,2020,19,56.8369541,2020-08-09T00:05:00Z,56.8369541,-172.5769461,2020-08-09T00:29:00Z,56.8287046,-172.5752966,128.31,40,58.78592049720164,6.146953174219654,425.6420547131708,26.086806886774543
1043,202001,2020,15,56.8377601,2020-07-16T02:05:01Z,56.8377601,-170.1179359,2020-07-16T02:19:00Z,56.8294931,-170.1166135,82.78,40,17.80939907881261,3.901325129030642,128.94974090732322,7.903088879259801
1043,202001,2020,17,56.8435108,2020-07-22T00:06:01Z,56.8435108,-171.3386733,2020-07-22T00:34:00Z,56.8517742,-171.3400623,113.65,40,100.17057732572516,13.320845840256585,725.2894909888473,44.451638833439745
1043,202001,2020,13,56.8444031,2020-07-06T18:16:01Z,56.8444031,-168.8887458,2020-07-06T18:34:00Z,56.8526844,-168.8897138,85.9,40,0,0,0,0
1043,202001,2020,19,56.8452033,2020-08-09T00:04:01Z,56.8452033,-172.5785964,2020-08-09T00:04:02Z,56.836954,-172.5769462,128.17000000000002,40,38.293884001370216,3.417783326779507,277.268559060276,16.99327234207115
1043,202001,2020,15,56.8460269,2020-07-16T01:57:01Z,56.8460269,-170.1192589,2020-07-16T02:05:00Z,56.837759999999996,-170.117936,82.18,40,128.54587480539087,14.033130985498024,930.7420861033066,57.0434448211006
1043,202001,2020,17,56.8517743,2020-07-22T00:34:01Z,56.8517743,-171.3400622,2020-07-22T00:56:00Z,56.8600377,-171.3414518,113.34,40,76.90198950373514,10.848332832731355,556.8122527818321,34.12598344000071
1043,202001,2020,13,56.8526845,2020-07-06T18:34:01Z,56.8526845,-168.8897136,2020-07-06T18:38:00Z,56.8609657,-168.890682,85.33,40,4.641331894257261,1.1222804104352981,33.6057686495098,2.0596348206996313
1043,202001,2020,19,56.8534525,2020-08-08T23:43:01Z,56.8534525,-172.5802475,2020-08-09T00:04:00Z,56.8452032,-172.5785965,128.41,40,99.86153884527184,9.471616591412808,723.0518842167999,44.31450009185021
1043,202001,2020,15,56.8542936,2020-07-16T01:54:01Z,56.8542936,-170.1205826,2020-07-16T01:57:00Z,56.8460268,-170.1192591,81.74,40,0,0,0,0
1043,202001,2020,17,56.8600378,2020-07-22T00:56:01Z,56.8600378,-171.3414517,2020-07-22T01:22:00Z,56.8683011,-171.3428419,113.21000000000001,40,25.981592809387667,2.982154528338725,188.12087068765288,11.529576954767087
1043,202001,2020,13,56.8609658,2020-07-06T18:38:01Z,56.8609658,-168.8906819,2020-07-06T18:59:00Z,56.8692469,-168.8916508,84.9,40,3.7641004301160557,1.2286300587018972,27.254135474455914,1.6703550814950123
1043,202001,2020,19,56.8617016,2020-08-08T23:39:01Z,56.8617016,-172.5818994,2020-08-08T23:43:00Z,56.8534524,-172.5802477,128.18,40,69.13334394610845,8.48576950031722,500.56303137780606,30.67857367386031
1043,202001,2020,15,56.8625603,2020-07-16T01:37:01Z,56.8625603,-170.1219069,2020-07-16T01:54:00Z,56.8542935,-170.1205827,81.49,40,0,0,0,0
1043,202001,2020,17,56.8683012,2020-07-22T01:22:01Z,56.8683012,-171.3428418,2020-07-22T01:50:00Z,56.8765644,-171.3442327,113.06,40,15.514879512546337,1.7304742437997394,112.33617060843436,6.88487417211809
1043,202001,2020,13,56.8692471,2020-07-06T18:59:01Z,56.8692471,-168.8916506,2020-07-06T18:59:02Z,56.8775281,-168.8926199,84.53,40,12.228023266489274,3.2367666351730167,88.537542734858,5.4263007002684684
1043,202001,2020,19,56.8699506,2020-08-08T23:21:01Z,56.8699506,-172.583552,2020-08-08T23:39:00Z,56.8617015,-172.5818995,127.85000000000001,40,42.60041791985497,6.031201599768632,308.4502081737413,18.90433740208334
1043,202001,2020,15,56.8708268,2020-07-16T01:27:01Z,56.8708268,-170.1232317,2020-07-16T01:37:00Z,56.8625602,-170.121907,81.10000000000001,40,6.469120035589243,0.7806658240741567,46.839949444449395,2.870733054249172
1043,202001,2020,17,56.8765645,2020-07-22T01:50:01Z,56.8765645,-171.3442326,2020-07-22T02:13:00Z,56.8848276,-171.3456241,112.75,40,28.713340719943375,4.187986186788028,207.9002121315398,12.741815865092713
1043,202001,2020,13,56.8775282,2020-07-06T19:01:00Z,56.8775282,-168.8926198,2020-07-06T19:09:00Z,56.8858092,-168.8935895,84.02,40,3.586996003296377,1.305512720128922,25.97180304701838,1.5917633210503022
1043,202001,2020,19,56.8781995,2020-08-08T23:14:01Z,56.8781995,-172.5852054,2020-08-08T23:21:00Z,56.8699505,-172.5835521,127.64,40,124.20702077903798,15.90811948937699,899.3264218208146,55.11803740827019
1043,202001,2020,15,56.8790933,2020-07-16T01:17:01Z,56.8790933,-170.1245572,2020-07-16T01:27:00Z,56.8708267,-170.1232318,80.83,40,0,0,0,0
1043,202001,2020,17,56.8848277,2020-07-22T02:13:01Z,56.8848277,-171.345624,2020-07-22T02:33:00Z,56.8930907,-171.3470162,112.59,40,25.51492247333199,3.4387759865937304,184.74192350042833,11.322487589941199
1043,202001,2020,13,56.8858093,2020-07-06T19:09:01Z,56.8858093,-168.8935894,2020-07-06T19:24:00Z,56.8940902,-168.8945596,83.65,40,0,0,0,0
1043,202001,2020,19,56.8864483,2020-08-08T22:55:01Z,56.8864483,-172.5868595,2020-08-08T23:14:00Z,56.8781994,-172.5852055,127.41,40,360.3947588935475,43.30676898265966,2609.454175181446,159.92857471219122
1043,202001,2020,15,56.8873597,2020-07-16T01:07:01Z,56.8873597,-170.1258833,2020-07-16T01:17:00Z,56.8790932,-170.1245573,80.57000000000001,40,23.267084506644448,2.8077725564305704,168.46635338583422,10.324988283070105
1043,202001,2020,17,56.8930908,2020-07-22T02:33:01Z,56.8930908,-171.3470161,2020-07-22T02:54:00Z,56.9013537,-171.3484089,112.44,40,7.764556410714803,1.2259227675860032,56.21961375513878,3.445595168615696
1043,202001,2020,13,56.8940903,2020-07-06T19:24:01Z,56.8940903,-168.8945594,2020-07-06T19:31:00Z,56.9023711,-168.89553,82.98,40,8.79366022756328,5.8823954885692,63.6708854101842,3.902269697304019
1043,202001,2020,19,56.894697,2020-08-08T22:49:01Z,56.894697,-172.5885144,2020-08-08T22:55:00Z,56.8864482,-172.5868596,127.17,40,216.15882284100644,17.705356456122868,1565.107507380207,95.92251717133989
1043,202001,2020,15,56.895626,2020-07-16T00:56:01Z,56.895626,-170.12721,2020-07-16T01:07:00Z,56.8873596,-170.1258834,80.33,40,1.3535138033995662,0.16333627493595013,9.800176496157011,0.6006345211443784
1043,202001,2020,17,56.9013538,2020-07-22T02:55:00Z,56.9013538,-171.3484087,2020-07-22T03:19:00Z,56.9096166,-171.3498022,112.2,40,8.182136691739382,1.300723994072362,59.243122229952334,3.6309003583393435
1043,202001,2020,13,56.9023712,2020-07-06T19:31:01Z,56.9023712,-168.8955299,2020-07-06T19:49:00Z,56.910652,-168.896501,82.60000000000001,40,0,0,0,0
1043,202001,2020,19,56.9029456,2020-08-08T22:33:01Z,56.9029456,-172.59017,2020-08-08T22:49:00Z,56.8946969,-172.5885145,126.97,40,470.53957311934676,32.448372023474455,3406.96256913951,208.80637528052392
1043,202001,2020,15,56.9038922,2020-07-16T00:46:01Z,56.9038922,-170.1285373,2020-07-16T00:56:00Z,56.8956259,-170.1272101,80,40,139.2369589209253,16.843832870097355,1008.1513530087053,61.78771427156343
1043,202001,2020,17,56.9096168,2020-07-22T03:20:00Z,56.9096168,-171.3498021,2020-07-22T03:44:00Z,56.9178795,-171.3511961,111.89,40,4.258733005448511,0.616710889812532,30.835544490626642,1.8898529538336781
1043,202001,2020,13,56.9106521,2020-07-06T19:49:01Z,56.9106521,-168.8965008,2020-07-06T19:56:00Z,56.9189327,-168.8974723,82.14,40,0,0,0,0
1043,202001,2020,19,56.9111941,2020-08-08T22:24:01Z,56.9111941,-172.5918264,2020-08-08T22:33:00Z,56.9029455,-172.5901701,126.60000000000001,40,125.30779603072597,8.282048491918543,907.2966336664927,55.606516812414114
1043,202001,2020,15,56.9121583,2020-07-16T00:39:01Z,56.9121583,-170.1298652,2020-07-16T00:46:00Z,56.9038921,-170.1285374,79.64,40,418.40841915894475,50.51389511565794,3029.504645565268,185.67268383455166
1043,202001,2020,17,56.9178796,2020-07-22T03:45:00Z,56.9178796,-171.35119600000002,2020-07-22T04:16:00Z,56.9261423,-171.3525907,111.72,40,4.450694836371499,0.6318272231909298,32.22545260892262,1.975037827534142
1043,202001,2020,13,56.9189328,2020-07-06T19:56:01Z,56.9189328,-168.8974722,2020-07-06T20:14:00Z,56.9272134,-168.8984442,81.72,40,0,0,0,0
1043,202001,2020,19,56.9194425,2020-08-08T22:05:01Z,56.9194425,-172.5934835,2020-08-08T22:24:00Z,56.911193999999995,-172.5918265,126.43,40,94.04949795862275,7.942799762198038,680.9695453821456,41.73535210971952
1043,202001,2020,15,56.9204243,2020-07-16T00:26:01Z,56.9204243,-170.1311937,2020-07-16T00:39:00Z,56.9121582,-170.1298653,79.16,40,301.4134729689951,36.778248840233495,2182.397568459662,133.75507257368727
1043,202001,2020,17,56.9261424,2020-07-22T04:16:01Z,56.9261424,-171.3525906,2020-07-22T04:44:00Z,56.9344049,-171.353986,111.61,40,8.621589239432465,0.9800353624085346,62.42499781796708,3.8259115727697828
1043,202001,2020,13,56.9272135,2020-07-06T20:14:01Z,56.9272135,-168.89844399999998,2020-07-06T20:19:00Z,56.935494,-168.8994164,81.33,40,0,0,0,0
1043,202001,2020,19,56.9276908,2020-08-08T21:59:01Z,56.9276908,-172.5951414,2020-08-08T22:05:00Z,56.9194424,-172.5934836,126.03,40,105.88418603173153,8.661657225564769,766.6591272705039,46.98710660666746
1043,202001,2020,15,56.9286903,2020-07-16T00:16:00Z,56.9286903,-170.1325228,2020-07-16T00:26:00Z,56.9204242,-170.1311938,78.82000000000001,40,214.6926759470255,26.34164670963572,1554.4918060151992,95.27190065351662
1043,202001,2020,17,56.934405,2020-07-22T04:44:01Z,56.934405,-171.3539858,2020-07-22T05:24:00Z,56.9426675,-171.3553818,111.42,40,5.190079427185398,0.48663490538210086,37.57899940712691,2.30314671606532
1043,202001,2020,13,56.9354941,2020-07-06T20:19:01Z,56.9354941,-168.8994163,2020-07-06T20:39:00Z,56.9437745,-168.9003891,80.89,40,0,0,0,0
1043,202001,2020,19,56.935939,2020-08-08T21:37:01Z,56.935939,-172.5968,2020-08-08T21:59:00Z,56.9276907,-172.5951415,125.75,40,288.39566917368154,19.472301981769956,2088.1415849107793,127.97829931189186
1043,202001,2020,15,56.9369561,2020-07-16T00:14:01Z,56.9369561,-170.1338525,2020-07-16T00:14:02Z,56.9286902,-170.1325229,78.27,40,105.99899073278571,13.177614043967566,767.4903757809319,47.03805227598359
1043,202001,2020,17,56.9426676,2020-07-22T05:24:01Z,56.9426676,-171.3553817,2020-07-22T05:54:00Z,56.95093,-171.3567783,111.05,40,3.8547497427222996,0.27910485827562914,27.91048582756291,1.710581569272651
1043,202001,2020,13,56.9437746,2020-07-06T20:39:01Z,56.9437746,-168.900389,2020-07-06T20:44:00Z,56.952054999999994,-168.9013623,80.43,40,0,0,0,0
1043,202001,2020,19,56.9441871,2020-08-08T21:34:01Z,56.9441871,-172.5984594,2020-08-08T21:37:00Z,56.9359389,-172.5968002,125.35000000000001,40,368.5225783754311,22.235866760446104,2668.304011253527,163.53537129615484
1043,202001,2020,15,56.9452219,2020-07-15T23:56:01Z,56.9452219,-170.1351828,2020-07-16T00:14:00Z,56.936955999999995,-170.1338526,77.68,40,74.86016742488515,9.622877710711629,542.0283498055778,33.21990562719097
1043,202001,2020,17,56.9509301,2020-07-22T05:54:01Z,56.9509301,-171.3567782,2020-07-22T06:47:00Z,56.9591924,-171.3581755,110.87,40,11.035744076214513,0.7990479257890098,79.90479257890078,4.897215560004344
1043,202001,2020,13,56.9520551,2020-07-06T20:44:01Z,56.9520551,-168.9013622,2020-07-06T20:54:00Z,56.9603353,-168.9023359,80.10000000000001,40,0,0,0,0
1043,202001,2020,19,56.9524352,2020-08-08T21:10:00Z,56.9524352,-172.6001196,2020-08-08T21:34:00Z,56.944187,-172.5984596,125.06,40,674.950638284941,40.725082650139605,4887.009918016749,299.51571413911313
1043,202001,2020,15,56.9534876,2020-07-15T23:49:01Z,56.9534876,-170.1365138,2020-07-15T23:56:00Z,56.9452218,-170.13518299999998,76.93,40,1.0308856123437142,0.12440288040090379,7.464172824054211,0.4574652172512116
1043,202001,2020,17,56.9591925,2020-07-22T06:47:01Z,56.9591925,-171.3581754,2020-07-22T07:29:00Z,56.9674547,-171.3595733,110.7,40,14.194439089672937,1.1419878267015442,102.77546338526658,6.298916275641349
1043,202001,2020,13,56.9603354,2020-07-06T20:54:01Z,56.9603354,-168.9023358,2020-07-06T21:07:00Z,56.9686156,-168.90330999999998,79.76,40,0,0,0,0
1043,202001,2020,19,56.9606831,2020-08-08T21:00:00Z,56.9606831,-172.6017805,2020-08-08T21:09:00Z,56.9524351,-172.6001197,124.62,40,0,0,0,0
1043,202001,2020,15,56.9617531,2020-07-15T23:36:01Z,56.9617531,-170.1378453,2020-07-15T23:49:00Z,56.9534874,-170.1365139,75.53,40,0,0,0,0
1043,202001,2020,17,56.9674548,2020-07-22T07:30:00Z,56.9674548,-171.3595732,2020-07-22T14:54:00Z,56.9757169,-171.3609717,110.33,40,24.921589921332426,2.4051970723044662,180.44587294231343,11.059190671686999
1043,202001,2020,13,56.9686157,2020-07-06T21:07:01Z,56.9686157,-168.9033098,2020-07-06T21:29:00Z,56.9768958,-168.9042845,79.37,40,0,0,0,0
1043,202001,2020,19,56.9689309,2020-08-08T20:45:00Z,56.9689309,-172.6034422,2020-08-08T20:59:00Z,56.960682999999996,-172.6017806,124.15,40,157.38519831091327,9.878384044452309,1139.5544821601607,69.84116673598656
1043,202001,2020,15,56.9700186,2020-07-15T23:26:00Z,56.9700186,-170.1391775,2020-07-15T23:36:00Z,56.961752999999995,-170.1378454,74.04,40,0,0,0,0
1043,202001,2020,17,56.975716999999996,2020-07-22T14:54:01Z,56.975716999999996,-171.3609716,2020-07-22T15:04:00Z,56.9839791,-171.3623708,110.19,40,59.56139675293663,4.31256924805884,431.25692480588344,26.430931792152197
1043,202001,2020,13,56.9768959,2020-07-06T21:29:01Z,56.9768959,-168.9042843,2020-07-06T21:29:02Z,56.9851759,-168.9052594,79.24,40,0,0,0,0
1043,202001,2020,19,56.9771787,2020-08-08T20:32:01Z,56.9771787,-172.6051047,2020-08-08T20:44:00Z,56.9689308,-172.6034423,123.59,40,12.43630435236271,0.7503800928305046,90.04561113966045,5.5187273973311886
1043,202001,2020,15,56.9782841,2020-07-15T23:24:01Z,56.9782841,-170.1405102,2020-07-15T23:24:02Z,56.9700185,-170.1391776,71.18,40,0,0,0,0
1043,202001,2020,17,56.9839792,2020-07-22T15:04:01Z,56.9839792,-171.3623706,2020-07-22T15:24:00Z,56.9922411,-171.3637705,109.89,40,9.886107132172496,1.1154563056651634,71.58079549086492,4.387053318850812
1043,202001,2020,13,56.985175999999996,2020-07-06T21:30:00Z,56.985175999999996,-168.9052593,2020-07-06T21:40:00Z,56.9934559,-168.9062348,78.97,40,0,0,0,0
1043,202001,2020,19,56.9854263,2020-08-08T20:19:01Z,56.9854263,-172.6067679,2020-08-08T20:32:00Z,56.9771786,-172.6051048,123.32000000000001,40,15.471445751623465,0.9335140545285602,112.02168654342746,6.865600030895531
1043,202001,2020,15,56.9865494,2020-07-15T23:03:01Z,56.9865494,-170.1418436,2020-07-15T23:24:00Z,56.9782839,-170.1405104,70.54,40,0,0,0,0
1043,202001,2020,17,56.9922412,2020-07-22T15:24:01Z,56.9922412,-171.3637704,2020-07-22T15:24:02Z,57.0005031,-171.3651708,109.51,40,4.0231159282633024,0.5401431009517513,29.129548632938267,1.7852956527015238
1043,202001,2020,13,56.993455999999995,2020-07-06T21:40:01Z,56.993455999999995,-168.9062347,2020-07-06T21:54:00Z,57.0017359,-168.9072106,78.74,40,0,0,0,0
1043,202001,2020,19,56.9936739,2020-08-08T20:01:01Z,56.9936739,-172.6084318,2020-08-08T20:19:00Z,56.9854262,-172.606768,122.89,40,53.137266974223564,3.206189410868022,384.7427293041619,23.58016358889096
1043,202001,2020,15,56.9948146,2020-07-15T22:59:01Z,56.9948146,-170.1431776,2020-07-15T23:03:00Z,56.9865493,-170.1418437,70.03,40,16.2432589884419,4.284173385743911,117.61003438583066,7.20809943706707
1043,202001,2020,17,57.0005032,2020-07-22T15:24:03Z,57.0005032,-171.3651707,2020-07-22T15:32:00Z,57.0087649,-171.3665718,109.25,40,10.881410254094147,0.7878733172086799,78.787331720868,4.828728470243735
1043,202001,2020,13,57.001735999999994,2020-07-06T21:55:00Z,57.001735999999994,-168.9072105,2020-07-06T22:05:00Z,57.0100158,-168.9081869,78.55,40,0,0,0,0
1043,202001,2020,19,57.0019214,2020-08-08T19:54:01Z,57.0019214,-172.6100965,2020-08-08T20:01:00Z,56.9936738,-172.6084319,122.54,40,0.07507785843574911,0.004530037926566961,0.5436045511880353,0.03331650806725423
1043,202001,2020,15,57.0030798,2020-07-15T22:45:01Z,57.0030798,-170.1445122,2020-07-15T22:59:00Z,56.9948145,-170.1431777,69,40,0,0,0,0
1043,202001,2020,17,57.0087651,2020-07-22T15:32:01Z,57.0087651,-171.3665717,2020-07-22T15:49:00Z,57.0170267,-171.3679734,108.95,40,30.183844951209817,2.369109063326768,218.54746298968456,13.39436599244946
1043,202001,2020,13,57.0100159,2020-07-06T22:05:01Z,57.0100159,-168.9081868,2020-07-06T22:19:00Z,57.0182956,-168.9091637,78.43,40,0,0,0,0
1043,202001,2020,19,57.0101687,2020-08-08T19:36:01Z,57.0101687,-172.611762,2020-08-08T19:54:00Z,57.0019212,-172.6100966,122.14,40,11.03843321854668,0.8427758367436624,79.92426343277191,4.898408892287262
1043,202001,2020,15,57.0113448,2020-07-15T22:35:00Z,57.0113448,-170.1458474,2020-07-15T22:45:00Z,57.0030797,-170.1445123,67.84,40,0,0,0,0
1043,202001,2020,17,57.0170268,2020-07-22T15:49:01Z,57.0170268,-171.3679733,2020-07-22T15:49:02Z,57.0252884,-171.3693757,108.59,40,67.2482634147604,6.376342591472539,486.914022501591,29.842051401666993
1043,202001,2020,13,57.0182957,2020-07-06T22:20:00Z,57.0182957,-168.9091635,2020-07-06T22:44:00Z,57.0265753,-168.9101408,78.4,40,0,0,0,0
1043,202001,2020,19,57.018415999999995,2020-08-08T19:29:01Z,57.018415999999995,-172.6134283,2020-08-08T19:36:00Z,57.0101686,-172.6117621,121.79,40,1.5291605389137393,0.09226628704409556,11.071954445291487,0.678579417318433
1043,202001,2020,15,57.0196098,2020-07-15T22:34:01Z,57.0196098,-170.1471832,2020-07-15T22:34:02Z,57.0113447,-170.1458475,66.6,40,0,0,0,0
1043,202001,2020,17,57.0252885,2020-07-22T15:50:00Z,57.0252885,-171.3693756,2020-07-22T15:59:00Z,57.03355,-171.3707786,108.37,40,34.239211767589296,3.151068654413613,247.91052560297715,15.193973281051177
1043,202001,2020,13,57.0265754,2020-07-06T22:44:01Z,57.0265754,-168.9101407,2020-07-06T22:44:02Z,57.0348549,-168.9111185,78.38,40,0,0,0,0
1043,202001,2020,19,57.0266632,2020-08-08T19:11:01Z,57.0266632,-172.6150953,2020-08-08T19:29:00Z,57.0184159,-172.6134284,121.32000000000001,40,29.111996728458365,1.7565558214592645,210.78669857511176,12.918723230332965
1043,202001,2020,15,57.0278747,2020-07-15T22:15:01Z,57.0278747,-170.1485197,2020-07-15T22:34:00Z,57.0196097,-170.1471834,66.02,40,0,0,0,0
1043,202001,2020,17,57.0335501,2020-07-22T16:00:00Z,57.0335501,-171.3707785,2020-07-22T16:07:00Z,57.0418116,-171.3721822,108.08,40,33.816299052599966,3.919326642398997,244.84840740443752,15.006301773442253
1043,202001,2020,13,57.034855,2020-07-06T22:45:00Z,57.034855,-168.9111183,2020-07-06T23:09:00Z,57.0431345,-168.9120966,78.42,40,0,0,0,0
1043,202001,2020,19,57.0349102,2020-08-08T19:04:01Z,57.0349102,-172.616763,2020-08-08T19:11:00Z,57.0266631,-172.6150954,120.89,40,16.618398282885195,1.0027187251843488,120.32624702212158,7.374571038549417
1043,202001,2020,15,57.0361395,2020-07-15T22:05:01Z,57.0361395,-170.1498567,2020-07-15T22:15:00Z,57.0278746,-170.1485198,65.02,40,0.5006340838255857,0.2616330298969578,3.6248632035814055,0.22216109835886713
1043,202001,2020,17,57.0418117,2020-07-22T16:07:01Z,57.0418117,-171.3721821,2020-07-22T16:17:00Z,57.050073,-171.3735864,107.8,40,27.61957454056139,2.7161543752338444,199.980749783577,12.256446802917678
1043,202001,2020,13,57.0431346,2020-07-06T23:09:01Z,57.0431346,-168.9120964,2020-07-06T23:13:00Z,57.0514139,-168.9130751,78.39,40,0,0,0,0
1043,202001,2020,19,57.0431572,2020-08-08T18:46:01Z,57.0431572,-172.6184316,2020-08-08T19:04:00Z,57.0349101,-172.61676310000001,120.49000000000001,40,63.73093731479352,4.614466674678718,461.4466674678727,28.281204757579555
1043,202001,2020,15,57.0444043,2020-07-15T21:57:01Z,57.0444043,-170.1511944,2020-07-15T22:05:00Z,57.0361394,-170.1498568,64.03,40,0,0,0,0
1043,202001,2020,17,57.0500731,2020-07-22T16:17:01Z,57.0500731,-171.3735863,2020-07-22T16:25:00Z,57.0583343,-171.3749912,107.47,40,28.545436400254225,3.421075393469732,206.68449348627152,12.667306738993469
1043,202001,2020,19,57.0514041,2020-08-08T18:39:01Z,57.0514041,-172.6201009,2020-08-08T18:46:00Z,57.0431571,-172.6184317,120.09,40,41.1404099060245,2.9787895564169857,297.8789556416988,18.25644507024936
1043,202001,2020,13,57.051413999999994,2020-07-06T23:13:01Z,57.051413999999994,-168.913075,2020-07-06T23:34:00Z,57.0596933,-168.9140541,78.25,40,0,0,0,0
1043,202001,2020,15,57.0526689,2020-07-15T21:47:01Z,57.0526689,-170.1525327,2020-07-15T21:57:00Z,57.0444041,-170.1511945,62.5,40,0,0,0,0
1043,202001,2020,17,57.0583344,2020-07-22T16:25:01Z,57.0583344,-171.3749911,2020-07-22T16:39:00Z,57.0665956,-171.3763967,107.14,40,38.45597576890902,3.753350639597057,278.44219166488216,17.065202093310173
1043,202001,2020,19,57.0596509,2020-08-08T18:21:01Z,57.0596509,-172.6217709,2020-08-08T18:39:00Z,57.051404,-172.62010099999998,119.62,40,61.650381025870935,4.463823077321845,446.3823077321844,27.357938273579
1043,202001,2020,13,57.0596934,2020-07-06T23:34:01Z,57.0596934,-168.9140539,2020-07-06T23:34:02Z,57.0679727,-168.9150335,78.10000000000001,40,0,0,0,0
1043,202001,2020,15,57.0609334,2020-07-15T21:45:00Z,57.0609334,-170.1538715,2020-07-15T21:47:00Z,57.0526688,-170.1525328,60.47,40,0,0,0,0
1043,202001,2020,17,57.0665957,2020-07-22T16:39:01Z,57.0665957,-171.3763966,2020-07-22T16:42:00Z,57.0748568,-171.3778029,107.01,40,11.428513219474457,1.012490268812168,82.74865491449273,5.071510573242994
1043,202001,2020,19,57.0678976,2020-08-08T18:14:01Z,57.0678976,-172.6234417,2020-08-08T18:21:00Z,57.0596508,-172.621771,119.26,40,5.6573876148458675,0.40962564987078326,40.96256498707829,2.5105191335591917
1043,202001,2020,13,57.0679728,2020-07-06T23:35:00Z,57.0679728,-168.9150334,2020-07-06T23:59:00Z,57.0762519,-168.9160134,77.86,40,0,0,0,0
1043,202001,2020,17,57.0748569,2020-07-22T16:42:01Z,57.0748569,-171.3778028,2020-07-22T16:52:00Z,57.0831178,-171.3792097,106.71000000000001,40,35.46763366447712,3.1470885411123373,256.8049686230686,15.739097088394187
1043,202001,2020,19,57.0761443,2020-08-08T18:00:01Z,57.0761443,-172.6251133,2020-08-08T18:14:00Z,57.0678975,-172.6234419,118.89,40,18.654031047722512,1.413435422023431,135.0653359968031,8.277902284867656
1043,202001,2020,13,57.076252,2020-07-06T23:59:01Z,57.076252,-168.9160133,2020-07-06T23:59:02Z,57.0845311,-168.9169937,77.63,40,0,0,0,0
1043,202001,2020,17,57.083118,2020-07-22T16:52:01Z,57.083118,-171.3792095,2020-07-22T17:04:00Z,57.0913788,-171.3806171,106.37,40,24.795435085474153,2.4480997167809186,179.5324432793506,11.003208272958986
1043,202001,2020,19,57.0843908,2020-08-08T17:50:00Z,57.0843908,-172.6267857,2020-08-08T18:00:00Z,57.0761442,-172.6251134,118.5,40,29.193815022341802,2.1137910754697313,211.3791075469732,12.955030870228548
1043,202001,2020,13,57.0845312,2020-07-07T00:01:00Z,57.0845312,-168.9169936,2020-07-07T00:11:00Z,57.0928101,-168.9179745,77.41,40,0,0,0,0
1043,202001,2020,17,57.091378999999996,2020-07-22T17:05:00Z,57.091378999999996,-171.380617,2020-07-22T17:10:00Z,57.0996398,-171.3820252,106.07000000000001,40,6.778554249078239,0.7775691010261134,49.08042153902653,3.0080474061071585
1043,202001,2020,19,57.0926372,2020-08-08T17:49:01Z,57.0926372,-172.6284588,2020-08-08T17:49:02Z,57.0843907,-172.6267858,118.06,40,55.76333869907312,4.037569176563252,403.7569176563258,24.745507694716952
1043,202001,2020,13,57.0928102,2020-07-07T00:11:01Z,57.0928102,-168.9179744,2020-07-07T00:24:00Z,57.1010891,-168.9189557,77.26,40,0,0,0,0
1043,202001,2020,17,57.0996399,2020-07-22T17:10:01Z,57.0996399,-171.382025,2020-07-22T17:29:00Z,57.1079006,-171.3834339,105.81,40,7.775653320604992,0.6442896893210275,56.299961421496256,3.4505195270827724
1043,202001,2020,19,57.1008835,2020-08-08T17:30:01Z,57.1008835,-172.6301327,2020-08-08T17:49:00Z,57.0926371,-172.6284589,117.78,40,72.05050618325448,5.216848734455787,521.6848734455782,31.973091941060737
1043,202001,2020,13,57.1010892,2020-07-07T00:24:01Z,57.1010892,-168.9189556,2020-07-07T00:34:00Z,57.1093681,-168.9199374,77.02,40,0,0,0,0
1043,202001,2020,17,57.1079007,2020-07-22T17:29:01Z,57.1079007,-171.3834338,2020-07-22T17:29:02Z,57.1161613,-171.3848432,105.62,40,14.945777111391592,1.0821555952807795,108.21555952807822,6.6323296119214
1043,202001,2020,19,57.1091298,2020-08-08T17:24:01Z,57.1091298,-172.6318074,2020-08-08T17:30:00Z,57.1008834,-172.6301328,117.37,40,121.94640867694112,8.878751577014922,882.9583600143865,54.114869458282676
1043,202001,2020,13,57.1093682,2020-07-07T00:34:01Z,57.1093682,-168.9199373,2020-07-07T00:49:00Z,57.1176469,-168.9209196,76.82000000000001,40,0,0,0,0
1043,202001,2020,17,57.1161614,2020-07-22T17:30:00Z,57.1161614,-171.3848431,2020-07-22T17:35:00Z,57.124421999999996,-171.3862533,105.4,40,24.12789153500997,1.7469906470796916,174.69906470796926,10.706979523928851
1043,202001,2020,19,57.1173759,2020-08-08T17:10:01Z,57.1173759,-172.6334828,2020-08-08T17:24:00Z,57.1091297,-172.6318075,117.04,40,212.10956066189686,16.48035168054477,1535.7886456627898,94.12561887312611
1043,202001,2020,13,57.117647,2020-07-07T00:49:01Z,57.117647,-168.9209194,2020-07-07T00:56:00Z,57.1259257,-168.9219022,76.59,40,0,0,0,0
1043,202001,2020,17,57.1244221,2020-07-22T17:35:01Z,57.1244221,-171.3862531,2020-07-22T17:54:00Z,57.1326825,-171.3876639,105.15,40,55.97143568998139,4.052636531133987,405.2636531133991,24.837852697901877
1043,202001,2020,19,57.125622,2020-08-08T17:00:00Z,57.125622,-172.635159,2020-08-08T17:10:00Z,57.1173758,-172.6334829,116.7,40,116.61830812325215,9.853094241991785,844.380012542588,51.75047456505281
1043,202001,2020,13,57.1259258,2020-07-07T00:56:01Z,57.1259258,-168.921902,2020-07-07T01:05:00Z,57.1342044,-168.9228852,76.4,40,0,0,0,0
1043,202001,2020,17,57.1326827,2020-07-22T17:54:01Z,57.1326827,-171.3876638,2020-07-22T17:54:02Z,57.140943,-171.3890752,104.95,40,26.02048462144827,1.8840246857124474,188.4024685712444,11.546835563327107
1043,202001,2020,19,57.133868,2020-08-08T16:59:01Z,57.133868,-172.6368359,2020-08-08T16:59:02Z,57.1256219,-172.6351591,116.39,40,84.76849056743391,6.766723315395231,613.7700013011477,37.61681751026224
1043,202001,2020,13,57.1342045,2020-07-07T01:05:01Z,57.1342045,-168.9228851,2020-07-07T01:14:00Z,57.142483,-168.9238687,76.26,40,0,0,0,0
1043,202001,2020,17,57.1409431,2020-07-22T17:55:00Z,57.1409431,-171.3890751,2020-07-22T18:03:00Z,57.1492034,-171.3904872,104.68,40,3.6687206312061464,0.2656353382625893,26.563533826258954,1.628029395786295
1043,202001,2020,19,57.1421138,2020-08-08T16:42:01Z,57.1421138,-172.6385137,2020-08-08T16:59:00Z,57.1338679,-172.6368361,116.24000000000001,40,60.08523139949124,4.677857105950072,435.0497727089807,26.663388359127655
1043,202001,2020,13,57.1424831,2020-07-07T01:15:00Z,57.1424831,-168.9238686,2020-07-07T01:25:00Z,57.1507615,-168.9248527,76.09,40,0,0,0,0
1043,202001,2020,17,57.1492035,2020-07-22T18:03:01Z,57.1492035,-171.3904871,2020-07-22T18:19:00Z,57.1574637,-171.3918998,104.4,40,13.333679300354207,0.9654309409953734,96.543094099537,5.916945997555334
1043,202001,2020,19,57.1503596,2020-08-08T16:35:00Z,57.1503596,-172.6401922,2020-08-08T16:42:00Z,57.1421137,-172.6385138,115.93,40,47.206035547616835,3.534177256394121,341.7973860987188,20.948123680048784
1043,202001,2020,13,57.1507616,2020-07-07T01:25:01Z,57.1507616,-168.9248525,2020-07-07T01:39:00Z,57.15904,-168.9258371,75.84,40,0,0,0,0
1043,202001,2020,17,57.1574638,2020-07-22T18:19:01Z,57.1574638,-171.3918997,2020-07-22T18:19:02Z,57.165724,-171.3933131,104.19,40,12.084363140699171,0.8749736524670318,87.49736524670308,5.362550163964548
1043,202001,2020,19,57.1586053,2020-08-08T16:22:01Z,57.1586053,-172.6418714,2020-08-08T16:34:00Z,57.1503595,-172.6401923,115.62,40,45.6741613202027,3.32218678446875,330.7057830719405,20.26834003785368
1043,202001,2020,13,57.1590401,2020-07-07T01:39:01Z,57.1590401,-168.9258369,2020-07-07T01:42:00Z,57.1673183,-168.9268219,75.66,40,0,0,0,0
1043,202001,2020,17,57.1657241,2020-07-22T18:21:00Z,57.1657241,-171.39331299999998,2020-07-22T18:28:00Z,57.1739841,-171.394727,103.91,40,16.612823487823377,1.2028588247216425,120.2858824721639,7.372097170640554
1043,202001,2020,19,57.1668509,2020-08-08T16:12:01Z,57.1668509,-172.6435515,2020-08-08T16:22:00Z,57.1586052,-172.6418716,115.33,40,29.98064567376369,2.2753705397528736,217.07618964333088,13.304194395825036
1043,202001,2020,13,57.1673184,2020-07-07T01:42:01Z,57.1673184,-168.9268218,2020-07-07T01:50:00Z,57.1755966,-168.9278072,75.47,40,0,0,0,0
1043,202001,2020,17,57.1739842,2020-07-22T18:28:01Z,57.1739842,-171.3947269,2020-07-22T18:44:00Z,57.1822441,-171.3961415,103.69,40,13.163737002468299,0.9531261938309044,95.31261938309059,5.841532499402228
1043,202001,2020,19,57.1750964,2020-08-08T16:02:01Z,57.1750964,-172.6452323,2020-08-08T16:12:00Z,57.1668508,-172.6435516,115.18,40,2.9538639502488033,0.21387582443093872,21.38758244309391,1.310804998683548
1043,202001,2020,13,57.1755967,2020-07-07T01:50:01Z,57.1755967,-168.9278071,2020-07-07T02:04:00Z,57.1838749,-168.92879299999998,75.39,40,0,0,0,0
1043,202001,2020,17,57.1822443,2020-07-22T18:44:01Z,57.1822443,-171.3961414,2020-07-22T18:44:02Z,57.1905041,-171.3975568,103.47,40,16.370041251904155,1.1852800696608203,118.5280069660819,7.264360262714352
1043,202001,2020,19,57.1833418,2020-08-08T15:52:01Z,57.1833418,-172.6469139,2020-08-08T16:02:00Z,57.1750963,-172.6452324,114.99000000000001,40,14.76160331471568,1.0688204101584895,106.88204101584887,6.550600751900958
1043,202001,2020,13,57.183875,2020-07-07T02:04:01Z,57.183875,-168.9287929,2020-07-07T02:08:00Z,57.192153,-168.9297792,75.29,40,0,0,0,0
1043,202001,2020,17,57.1905042,2020-07-22T18:46:00Z,57.1905042,-171.3975566,2020-07-22T18:53:00Z,57.198764,-171.3989726,103.17,40,29.178625536240794,2.1126912740173878,211.2691274017379,12.948290392453002
1043,202001,2020,19,57.1915871,2020-08-08T15:42:01Z,57.1915871,-172.6485963,2020-08-08T15:52:00Z,57.1833417,-172.64691399999998,114.79,40,24.201510254621276,1.752321043000294,175.23210430002942,10.739648525375264
1043,202001,2020,13,57.1921531,2020-07-07T02:08:01Z,57.1921531,-168.9297791,2020-07-07T02:15:00Z,57.2004311,-168.9307659,75.13,40,0,0,0,0
1043,202001,2020,17,57.1987641,2020-07-22T18:53:01Z,57.1987641,-171.3989725,2020-07-22T19:09:00Z,57.2070238,-171.4003891,103,40,68.97514862364822,4.99417611155947,499.4176111559488,30.608373006889252
1043,202001,2020,19,57.1998324,2020-08-08T15:32:01Z,57.1998324,-172.6502794,2020-08-08T15:42:00Z,57.191587,-172.6485964,114.81,40,9.712384864212298,0.7032295173408426,70.32295173408423,4.309962423311872
1043,202001,2020,13,57.2004312,2020-07-07T02:15:01Z,57.2004312,-168.9307658,2020-07-07T02:29:00Z,57.2087091,-168.93175300000001,74.98,40,0,0,0,0
1043,202001,2020,17,57.2070239,2020-07-22T19:09:01Z,57.2070239,-171.400389,2020-07-22T19:09:02Z,57.2152835,-171.4018063,102.81,40,50.517347714916255,3.6577308815059206,365.77308815059257,22.417549697700046
1043,202001,2020,19,57.2080775,2020-08-08T05:52:01Z,57.2080775,-172.6519633,2020-08-08T15:32:00Z,57.1998323,-172.6502795,114.8,40,19.110801921772616,1.4416709375066015,138.37260569198585,8.480598670023614
1043,202001,2020,13,57.2087092,2020-07-07T02:29:01Z,57.2087092,-168.9317529,2020-07-07T02:33:00Z,57.216986999999996,-168.9327406,74.87,40,0,0,0,0
1043,202001,2020,17,57.2152836,2020-07-22T19:11:00Z,57.2152836,-171.4018062,2020-07-22T19:19:00Z,57.2235431,-171.4032241,102.56,40,16.365842004833837,1.1849760213213285,118.49760213213287,7.262496807205504
1043,202001,2020,19,57.2163225,2020-08-08T05:19:01Z,57.2163225,-172.65364799999998,2020-08-08T05:52:00Z,57.2080774,-172.6519634,114.55,40,17.997064177833686,1.3475882464571163,130.3085383484398,7.986367037637593
1043,202001,2020,13,57.2169871,2020-07-07T02:33:01Z,57.2169871,-168.9327405,2020-07-07T02:40:00Z,57.2252648,-168.9337287,74.81,40,0,0,0,0
1043,202001,2020,17,57.2235432,2020-07-22T19:19:01Z,57.2235432,-171.403224,2020-07-22T19:34:00Z,57.2318027,-171.4046426,102.37,40,9.268117897753697,0.6710621713428097,67.10621713428107,4.112814765128475
1043,202001,2020,19,57.2245675,2020-08-08T04:54:01Z,57.2245675,-172.6553334,2020-08-08T05:19:00Z,57.2163224,-172.6536481,114.35000000000001,40,0.49457993796750177,0.03581027893004081,3.5810278930040917,0.21947451401131537
1043,202001,2020,13,57.2252649,2020-07-07T02:40:01Z,57.2252649,-168.9337285,2020-07-07T02:54:00Z,57.2335426,-168.9347172,74.77,40,0,0,0,0
1043,202001,2020,17,57.2318028,2020-07-22T19:34:01Z,57.2318028,-171.4046425,2020-07-22T19:34:02Z,57.2400621,-171.4060617,102.17,40,10.930751471551053,0.7914458898592017,79.14458898592022,4.850624101042236
1043,202001,2020,19,57.2328124,2020-08-08T04:29:01Z,57.2328124,-172.6570197,2020-08-08T04:54:00Z,57.2245674,-172.6553336,114.26,40,0,0,0,0
1043,202001,2020,13,57.2335427,2020-07-07T02:54:01Z,57.2335427,-168.93471699999998,2020-07-07T02:54:02Z,57.2418203,-168.9357061,74.73,40,0,0,0,0
1043,202001,2020,17,57.2400622,2020-07-22T19:36:00Z,57.2400622,-171.4060616,2020-07-22T19:46:00Z,57.2483215,-171.4074815,101.9,40,6.948487623673005,0.5031083164598915,50.310831645989175,3.083456944465627
1043,202001,2020,19,57.2410571,2020-08-08T04:05:00Z,57.2410571,-172.6587067,2020-08-08T04:29:00Z,57.2328123,-172.6570198,114.09,40,0,0,0,0
1043,202001,2020,13,57.2418204,2020-07-07T02:55:00Z,57.2418204,-168.93570599999998,2020-07-07T03:06:00Z,57.2500979,-168.9366955,74.66,40,0,0,0,0
1043,202001,2020,17,57.2483216,2020-07-22T19:46:01Z,57.2483216,-171.4074814,2020-07-22T19:59:00Z,57.2565808,-171.408902,101.71000000000001,40,8.4946979696533,0.6150623597266194,61.50623597266199,3.7696023745408587
1043,202001,2020,19,57.2493018,2020-08-08T03:51:01Z,57.2493018,-172.6603945,2020-08-08T04:04:00Z,57.241057,-172.6587068,113.96000000000001,40,0.8017043634644452,0.058047758655708194,5.804775865570822,0.35576387565415507
1043,202001,2020,13,57.250097999999994,2020-07-07T03:06:01Z,57.250097999999994,-168.9366954,2020-07-07T03:19:00Z,57.2583754,-168.9376854,74.3,40,0,0,0,0
1043,202001,2020,17,57.2565809,2020-07-22T19:59:01Z,57.2565809,-171.4089018,2020-07-22T19:59:02Z,57.26484,-171.4103231,101.43,40,18.163049582372757,1.6438795375472524,131.51036300378004,8.06002462703334
1043,202001,2020,19,57.2575464,2020-08-08T03:39:01Z,57.2575464,-172.662083,2020-08-08T03:51:00Z,57.2493017,-172.6603946,113.87,40,0.5364461647938397,0.038841621581262704,3.884162158126272,0.2380530471882955
1043,202001,2020,13,57.2583755,2020-07-07T03:19:01Z,57.2583755,-168.9376853,2020-07-07T03:19:02Z,57.2666529,-168.9386757,73.93,40,0,0,0,0
1043,202001,2020,17,57.2648401,2020-07-22T20:02:00Z,57.2648401,-171.4103229,2020-07-22T20:12:00Z,57.2730991,-171.4117448,101.36,40,43.08496118601318,3.8994820637632097,311.95856510105745,19.119358048279697
1043,202001,2020,19,57.2657909,2020-08-08T03:18:01Z,57.2657909,-172.6637724,2020-08-08T03:39:00Z,57.2575463,-172.6620831,113.77,40,3.7925062800831433,0.34242609805033747,27.45980928620546,1.68296044543724
1043,202001,2020,13,57.266653,2020-07-07T03:21:00Z,57.266653,-168.9386756,2020-07-07T03:28:00Z,57.2749302,-168.9396665,72.57000000000001,40,0,0,0,0
1043,202001,2020,17,57.2730992,2020-07-22T20:12:01Z,57.2730992,-171.4117447,2020-07-22T20:24:00Z,57.2813582,-171.4131672,101.13,40,26.4882383189924,2.397365748564912,191.78925988519254,11.754405680035399
1043,202001,2020,19,57.2740353,2020-08-08T03:14:01Z,57.2740353,-172.6654625,2020-08-08T03:18:00Z,57.2657908,-172.6637725,113.72,40,85.23444629412406,9.718412795119384,617.1437743276873,37.82358976043957
1043,202001,2020,13,57.2749304,2020-07-07T03:28:01Z,57.2749304,-168.9396664,2020-07-07T03:44:00Z,57.2832076,-168.9406578,71.3,40,0,0,0,0
1043,202001,2020,17,57.2813583,2020-07-22T20:24:01Z,57.2813583,-171.4131671,2020-07-22T20:29:00Z,57.2896171,-171.4145903,100.88,40,21.1572553544382,1.9148755273771298,153.19004219017023,9.388731689787509
1043,202001,2020,19,57.2822796,2020-08-08T02:50:00Z,57.2822796,-172.6671534,2020-08-08T03:14:00Z,57.2740352,-172.6654626,113.66,40,86.81930169498452,11.247772501233433,628.6189898816841,38.52688429824776
1043,202001,2020,13,57.2832077,2020-07-07T03:44:01Z,57.2832077,-168.9406576,2020-07-07T03:44:02Z,57.2914848,-168.9416495,71.22,40,0,0,0,0
1043,202001,2020,17,57.2896172,2020-07-22T20:29:01Z,57.2896172,-171.4145902,2020-07-22T20:49:00Z,57.297875999999995,-171.416014,100.76,40,11.490193840988821,1.039940702247726,83.19525617981797,5.098881931018672
1043,202001,2020,19,57.2905239,2020-08-08T02:33:01Z,57.2905239,-172.6688451,2020-08-08T02:49:00Z,57.2822795,-172.6671535,113.55,40,70.27075586058257,8.548964533215264,508.798512599114,31.18331094279557
1043,202001,2020,13,57.2914849,2020-07-07T03:46:00Z,57.2914849,-168.9416493,2020-07-07T03:51:00Z,57.2997619,-168.9426416,69.64,40,0,0,0,0
1043,202001,2020,17,57.2978761,2020-07-22T20:49:01Z,57.2978761,-171.4160139,2020-07-22T20:49:02Z,57.3061348,-171.4174384,100.55,40,0.9336366878240415,0.0845004711161964,6.760037689295711,0.41431008941729464
1043,202001,2020,19,57.298767999999995,2020-08-08T02:24:01Z,57.298767999999995,-172.6705375,2020-08-08T02:33:00Z,57.2905238,-172.6688452,113.43,40,115.04639150719338,13.439000714829149,832.9984808316254,51.052921735082414
1043,202001,2020,13,57.299761999999994,2020-07-07T03:51:01Z,57.299761999999994,-168.9426415,2020-07-07T04:09:00Z,57.308039,-168.9436343,70.82000000000001,40,0,0,0,0
1043,202001,2020,17,57.306134900000004,2020-07-22T20:49:03Z,57.306134900000004,-171.4174383,2020-07-22T20:54:00Z,57.3143935,-171.4188634,100.45,40,18.592136453666253,1.6827148181729237,134.61718545383428,8.250435974757606
1043,202001,2020,19,57.307012,2020-08-08T02:05:01Z,57.307012,-172.6722308,2020-08-08T02:24:00Z,57.2987679,-172.6705376,113.26,40,96.0723212401986,10.913186523714302,695.615886727308,42.632999026978446
1043,202001,2020,13,57.3080391,2020-07-07T04:09:01Z,57.3080391,-168.9436341,2020-07-07T04:09:02Z,57.316316,-168.9446273,71.27,40,0,0,0,0
1043,202001,2020,17,57.3143936,2020-07-22T20:54:01Z,57.3143936,-171.4188633,2020-07-22T21:05:00Z,57.3226521,-171.4202891,100.25,40,85.85511777319724,7.770472169940026,621.6377735952015,38.09901858553522
1043,202001,2020,19,57.315256,2020-08-08T01:59:01Z,57.315256,-172.6739248,2020-08-08T02:05:00Z,57.3070119,-172.6722309,112.93,40,116.25423025701825,12.278301755847043,841.7438906659771,51.5889115767069
1043,202001,2020,13,57.3163161,2020-07-07T04:09:03Z,57.3163161,-168.9446272,2020-07-07T04:14:00Z,57.3245929,-168.9456209,71.89,40,0,0,0,0
1043,202001,2020,17,57.3226522,2020-07-22T21:05:01Z,57.3226522,-171.420289,2020-07-22T21:12:00Z,57.3309106,-171.4217155,100.09,40,52.25160848794219,4.729125998787099,378.3300799029689,23.18714427909968
1043,202001,2020,19,57.3234999,2020-08-08T01:40:01Z,57.3234999,-172.6756196,2020-08-08T01:59:00Z,57.3152559,-172.6739249,112.33,40,62.51708587970054,6.880438768848095,452.65772252017723,27.742546730135516
1043,202001,2020,13,57.3245931,2020-07-07T04:14:01Z,57.3245931,-168.9456208,2020-07-07T04:34:00Z,57.3328698,-168.9466149,71.63,40,0,0,0,0
1043,202001,2020,17,57.3309107,2020-07-22T21:12:01Z,57.3309107,-171.4217153,2020-07-22T21:22:00Z,57.3391691,-171.4231425,99.96000000000001,40,21.27392754377168,1.925435154149956,154.0348123319961,9.440506074647988
1043,202001,2020,19,57.3317437,2020-08-08T01:34:01Z,57.3317437,-172.6773152,2020-08-08T01:40:00Z,57.3234998,-172.6756197,114,40,118.93546085142285,9.63690200077254,861.1574592502527,52.77873295134157
1043,202001,2020,13,57.3328699,2020-07-07T04:34:01Z,57.3328699,-168.9466148,2020-07-07T04:34:02Z,57.3411466,-168.9476093,71.49,40,0,0,0,0
1043,202001,2020,17,57.3391692,2020-07-22T21:22:01Z,57.3391692,-171.4231424,2020-07-22T21:39:00Z,57.3474274,-171.4245701,99.82000000000001,40,24.530421049800747,2.2201699680609353,177.61359744487515,10.8856057941269
1043,202001,2020,19,57.3399873,2020-08-08T01:17:01Z,57.3399873,-172.6790115,2020-08-08T01:34:00Z,57.3317435,-172.6773153,115.92,40,152.64767860771317,14.419382513122914,1105.25226143011,67.73884766750224
1043,202001,2020,13,57.3411467,2020-07-07T04:34:03Z,57.3411467,-168.9476092,2020-07-07T04:39:00Z,57.3494233,-168.9486043,71.82000000000001,40,0,0,0,0
1043,202001,2020,17,57.3474276,2020-07-22T21:39:01Z,57.3474276,-171.42457000000002,2020-07-22T21:39:02Z,57.3556857,-171.4259985,99.8,40,27.248398199132474,2.4661653885460337,197.29323108368283,12.091733799227335
1043,202001,2020,19,57.3482309,2020-08-08T01:05:01Z,57.3482309,-172.6807087,2020-08-08T01:17:00Z,57.3399872,-172.6790116,116.18,40,181.16969557999812,16.283241123714724,1311.7671855134238,80.39576181436368
1043,202001,2020,13,57.3494234,2020-07-07T04:39:01Z,57.3494234,-168.9486041,2020-07-07T04:46:00Z,57.3576999,-168.9495997,72.04,40,0,0,0,0
1043,202001,2020,17,57.3556858,2020-07-22T21:40:00Z,57.3556858,-171.4259984,2020-07-22T21:47:00Z,57.3639439,-171.4274275,99.63,40,29.653023243149352,2.6838003119880365,214.7040249590431,13.15880885100536
1043,202001,2020,19,57.3564745,2020-08-08T00:54:01Z,57.3564745,-172.6824066,2020-08-08T01:05:00Z,57.3482308,-172.6807088,116.03,40,244.427951734193,18.85725223171898,1769.7913841533905,108.46720984701214
1043,202001,2020,15,57.3574755,2020-07-13T23:29:01Z,57.3574755,-170.2010282,2020-07-14T00:54:00Z,57.3492055,-170.1998563,58.38,40,0,0,0,0
1043,202001,2020,13,57.3577,2020-07-07T04:46:01Z,57.3577,-168.9495995,2020-07-07T04:59:00Z,57.3659765,-168.9505955,72.10000000000001,40,0,0,0,0
1043,202001,2020,17,57.363944,2020-07-22T21:47:01Z,57.363944,-171.4274273,2020-07-22T22:04:00Z,57.3722021,-171.4288571,99.53,40,7.584942727929581,0.6864889118626945,54.919112949015634,3.36588990216055
1043,202001,2020,19,57.3647179,2020-08-08T00:44:01Z,57.3647179,-172.6841053,2020-08-08T00:54:00Z,57.3564743,-172.6824067,116.46000000000001,40,60.083237420340076,4.350353352148367,435.03533521483615,26.66250351206542
1043,202001,2020,15,57.3657454,2020-07-13T22:14:01Z,57.3657454,-170.2022007,2020-07-13T23:29:00Z,57.3574754,-170.2010283,59.75,40,0,0,0,0
1043,202001,2020,13,57.3659766,2020-07-07T04:59:01Z,57.3659766,-168.9505954,2020-07-07T05:04:00Z,57.3742529,-168.9515918,71.98,40,0,0,0,0
1043,202001,2020,17,57.3722022,2020-07-22T22:04:01Z,57.3722022,-171.428857,2020-07-22T22:04:02Z,57.3804601,-171.4302874,99.46000000000001,40,3.7744258732278677,0.34161121626898283,27.32889730151865,1.67493709430012
1043,202001,2020,19,57.3729612,2020-08-08T00:31:01Z,57.3729612,-172.6858048,2020-08-08T00:44:00Z,57.3647178,-172.6841054,116.38,40,28.40791753898141,2.0568878209519488,205.6887820951951,12.60628144676412
1043,202001,2020,15,57.3740152,2020-07-13T18:13:01Z,57.3740152,-170.2033738,2020-07-13T22:14:00Z,57.3657453,-170.20220080000001,60.910000000000004,40,0,0,0,0
1043,202001,2020,13,57.3742531,2020-07-07T05:04:01Z,57.3742531,-168.9515917,2020-07-07T05:12:00Z,57.3825294,-168.9525886,71.94,40,0,0,0,0
1043,202001,2020,17,57.3804602,2020-07-22T22:05:00Z,57.3804602,-171.4302873,2020-07-22T22:10:00Z,57.3887181,-171.4317184,99.45,40,0,0,0,0
1043,202001,2020,19,57.3812044,2020-08-08T00:21:00Z,57.3812044,-172.6875051,2020-08-08T00:31:00Z,57.3729611,-172.6858049,116.32000000000001,40,62.58860804056125,4.963683454628103,453.17558188597087,27.77428536385457
1043,202001,2020,15,57.3822849,2020-07-13T17:14:01Z,57.3822849,-170.2045474,2020-07-13T18:13:00Z,57.3740151,-170.2033739,62.09,40,0,0,0,0
1043,202001,2020,13,57.3825295,2020-07-07T05:12:01Z,57.3825295,-168.9525885,2020-07-07T05:24:00Z,57.3908057,-168.9535858,71.9,40,0,0,0,0
1043,202001,2020,17,57.3887182,2020-07-22T22:10:01Z,57.3887182,-171.4317183,2020-07-22T22:29:00Z,57.3969759,-171.4331501,99.34,40,0,0,0,0
1043,202001,2020,19,57.3894476,2020-08-08T00:19:01Z,57.3894476,-172.6892062,2020-08-08T00:19:02Z,57.3812043,-172.6875052,116.51,40,26.65967509912735,2.0932285348138486,193.03055546639425,11.830482368787495
1043,202001,2020,15,57.3905545,2020-07-13T15:54:01Z,57.3905545,-170.2057215,2020-07-13T17:14:00Z,57.3822848,-170.2045475,61.43,40,0,0,0,0
1043,202001,2020,13,57.3908058,2020-07-07T05:24:01Z,57.3908058,-168.9535857,2020-07-07T05:24:02Z,57.3990819,-168.9545835,71.93,40,0,0,0,0
1043,202001,2020,17,57.396975999999995,2020-07-22T22:29:01Z,57.396975999999995,-171.4331499,2020-07-22T22:29:02Z,57.4052337,-171.4345824,99.3,40,0,0,0,0
1043,202001,2020,19,57.3976907,2020-08-07T23:55:00Z,57.3976907,-172.69090799999998,2020-08-08T00:19:00Z,57.3894475,-172.6892063,116.68,40,47.99525176036548,3.870429373047768,347.5117409572647,21.298345820992644
1043,202001,2020,15,57.3988241,2020-07-13T15:17:01Z,57.3988241,-170.2068962,2020-07-13T15:54:00Z,57.3905544,-170.2057217,60.32,40,0,0,0,0
1043,202001,2020,13,57.3990821,2020-07-07T05:27:00Z,57.3990821,-168.9545834,2020-07-07T05:37:00Z,57.4073581,-168.9555817,72.48,40,0,0,0,0
1043,202001,2020,17,57.4052338,2020-07-22T22:30:00Z,57.4052338,-171.4345822,2020-07-22T22:35:00Z,57.4134914,-171.4360153,99.22,40,0,0,0,0
1043,202001,2020,19,57.4059336,2020-08-07T23:54:01Z,57.4059336,-172.6926107,2020-08-07T23:54:02Z,57.3976906,-172.6909081,116.89,40,50.51854998309888,3.86945621285006,365.7817932264889,22.418083215549917
1043,202001,2020,15,57.4070935,2020-07-13T14:44:01Z,57.4070935,-170.2080715,2020-07-13T15:17:00Z,57.398824,-170.2068964,60.46,40,0,0,0,0
1043,202001,2020,13,57.4073582,2020-07-07T05:37:01Z,57.4073582,-168.9555815,2020-07-07T05:49:00Z,57.4156342,-168.9565803,72.7,40,0,0,0,0
1043,202001,2020,17,57.4134915,2020-07-22T22:35:01Z,57.4134915,-171.43601520000001,2020-07-22T22:54:00Z,57.4217491,-171.43744900000002,99.24000000000001,40,0,0,0,0
1043,202001,2020,19,57.4141765,2020-08-07T23:33:01Z,57.4141765,-172.6943141,2020-08-07T23:54:00Z,57.4059335,-172.6926108,117.21000000000001,40,34.52752307635781,2.611514607524751,249.998056372647,15.321914144637304
1043,202001,2020,15,57.4153629,2020-07-13T14:39:00Z,57.4153629,-170.2092473,2020-07-13T14:44:00Z,57.4070934,-170.2080716,61.18,40,0,0,0,0
1043,202001,2020,13,57.4156343,2020-07-07T05:49:01Z,57.4156343,-168.9565802,2020-07-07T05:57:00Z,57.4239103,-168.9575794,73.10000000000001,40,0,0,0,0
1043,202001,2020,17,57.4217492,2020-07-22T22:54:01Z,57.4217492,-171.4374488,2020-07-22T22:54:02Z,57.4300066,-171.4388833,99.3,40,0,0,0,0
1043,202001,2020,19,57.4224193,2020-08-07T23:29:01Z,57.4224193,-172.6960183,2020-08-07T23:33:00Z,57.4141764,-172.6943142,117.53,40,3.184242838626349,0.24389364685720363,23.05565096328018,1.413037804108121
1043,202001,2020,15,57.4236323,2020-07-13T07:39:01Z,57.4236323,-170.2104236,2020-07-13T08:22:00Z,57.4153628,-170.2092474,64.05,40,0,0,0,0
1043,202001,2020,13,57.4239104,2020-07-07T05:57:01Z,57.4239104,-168.9575792,2020-07-07T06:07:00Z,57.4321862,-168.9585789,73.04,40,0,0,0,0
1043,202001,2020,17,57.4300067,2020-07-22T22:54:03Z,57.4300067,-171.4388831,2020-07-22T23:00:00Z,57.4382641,-171.4403182,99.21000000000001,40,0,0,0,0
1043,202001,2020,19,57.430662,2020-08-07T23:11:01Z,57.430662,-172.6977233,2020-08-07T23:29:00Z,57.4224192,-172.6960184,117.76,40,24.49863156368157,1.8482743578570826,177.38342426606636,10.871498909716365
1043,202001,2020,15,57.4319015,2020-07-13T06:57:01Z,57.4319015,-170.2116005,2020-07-13T07:39:00Z,57.4236322,-170.2104237,65.72,40,0,0,0,0
1043,202001,2020,13,57.4321864,2020-07-07T06:07:01Z,57.4321864,-168.9585788,2020-07-07T06:17:00Z,57.4404621,-168.9595789,72.79,40,0,0,0,0
1043,202001,2020,17,57.4382642,2020-07-22T23:00:01Z,57.4382642,-171.4403181,2020-07-22T23:19:00Z,57.4465215,-171.4417538,99.19,40,20.01854539641581,1.811814530339988,144.94516242719925,8.8834184017802
1043,202001,2020,19,57.4389047,2020-08-07T23:04:01Z,57.4389047,-172.6994291,2020-08-07T23:11:00Z,57.4306619,-172.6977234,118.07000000000001,40,37.61779866992172,2.7416643349987466,272.3733333462741,16.693253097134477
1043,202001,2020,15,57.4401707,2020-07-13T06:25:00Z,57.4401707,-170.2127779,2020-07-13T06:57:00Z,57.4319014,-170.2116006,66.19,40,0,0,0,0
1043,202001,2020,13,57.4404622,2020-07-07T06:17:01Z,57.4404622,-168.9595788,2020-07-07T06:27:00Z,57.448738,-168.9605794,72.58,40,0,0,0,0
1043,202001,2020,17,57.4465216,2020-07-22T23:19:01Z,57.4465216,-171.4417537,2020-07-22T23:19:02Z,57.4547788,-171.4431901,99.13,40,40.51421268959934,3.886918301127687,293.34494702874247,17.978564147066457
1043,202001,2020,19,57.4471472,2020-08-07T22:45:01Z,57.4471472,-172.7011357,2020-08-07T23:04:00Z,57.4389046,-172.6994292,118.29,40,182.5926850347779,13.30218478527473,1322.070403533059,81.0272268113356
1043,202001,2020,15,57.4484398,2020-07-13T05:52:01Z,57.4484398,-170.2139559,2020-07-13T06:24:00Z,57.4401706,-170.21277800000001,67.65,40,0,0,0,0
1043,202001,2020,13,57.4487381,2020-07-07T06:27:01Z,57.4487381,-168.9605793,2020-07-07T06:39:00Z,57.4570137,-168.9615804,72.37,40,0,0,0,0
1043,202001,2020,17,57.4547789,2020-07-22T23:19:03Z,57.4547789,-171.44319000000002,2020-07-22T23:23:00Z,57.463035999999995,-171.4446271,99.10000000000001,40,15.688035804536785,1.4198739548900001,113.58991639119941,6.961713910480269
1043,202001,2020,19,57.4553896,2020-08-07T22:39:01Z,57.4553896,-172.7028431,2020-08-07T22:45:00Z,57.4471471,-172.7011358,118.53,40,204.0140380364534,14.841381416222658,1477.1726564067442,90.53315432394021
1043,202001,2020,15,57.4567088,2020-07-13T05:22:01Z,57.4567088,-170.2151344,2020-07-13T05:52:00Z,57.4484397,-170.213956,67.15,40,0,0,0,0
1043,202001,2020,13,57.4570138,2020-07-07T06:40:00Z,57.4570138,-168.9615802,2020-07-07T06:50:00Z,57.4652894,-168.9625818,72.3,40,0,0,0,0
1043,202001,2020,17,57.4630361,2020-07-22T23:23:01Z,57.4630361,-171.444627,2020-07-22T23:31:00Z,57.4712931,-171.4460647,99.08,40,5.596680836558727,0.5065376859583416,40.523014876667325,2.483579927904153
1043,202001,2020,19,57.463632,2020-08-07T22:20:01Z,57.463632,-172.7045512,2020-08-07T22:39:00Z,57.4553895,-172.7028432,118.71000000000001,40,158.9413925271468,11.513233094904894,1150.822175140522,70.53174260268804
1043,202001,2020,15,57.4649778,2020-07-13T04:54:01Z,57.4649778,-170.2163135,2020-07-13T05:22:00Z,57.4567087,-170.2151345,67.92,40,0,0,0,0
1043,202001,2020,13,57.4652895,2020-07-07T06:50:01Z,57.4652895,-168.9625816,2020-07-07T07:04:00Z,57.473565,-168.9635836,72.32000000000001,40,0,0,0,0
1043,202001,2020,17,57.4712932,2020-07-22T23:31:01Z,57.4712932,-171.4460646,2020-07-22T23:44:00Z,57.4795502,-171.44750299999998,99.07000000000001,40,0,0,0,0
1043,202001,2020,19,57.4718743,2020-08-07T22:14:01Z,57.4718743,-172.7062602,2020-08-07T22:20:00Z,57.4636319,-172.7045513,118.91,40,132.4147546423617,9.648095078030861,958.7548815025895,58.76029675301852
1043,202001,2020,15,57.4732466,2020-07-13T04:44:01Z,57.4732466,-170.2174931,2020-07-13T04:54:00Z,57.4649776,-170.2163136,68.8,40,0,0,0,0
1043,202001,2020,13,57.4735651,2020-07-07T07:04:01Z,57.4735651,-168.9635835,2020-07-07T07:13:00Z,57.4818405,-168.964586,72.32000000000001,40,0,0,0,0
1043,202001,2020,17,57.4795503,2020-07-22T23:44:01Z,57.4795503,-171.4475029,2020-07-22T23:44:02Z,57.4878072,-171.448942,99.08,40,0,0,0,0
1043,202001,2020,19,57.4801165,2020-08-07T21:52:01Z,57.4801165,-172.7079699,2020-08-07T22:14:00Z,57.4718742,-172.7062603,119.08,40,140.08760194460282,10.25689391317914,1014.310471405818,62.16519513944086
1043,202001,2020,15,57.4815154,2020-07-13T04:19:01Z,57.4815154,-170.2186733,2020-07-13T04:44:00Z,57.4732465,-170.2174932,69.4,40,0,0,0,0
1043,202001,2020,13,57.4818406,2020-07-07T07:13:01Z,57.4818406,-168.9645859,2020-07-07T07:29:00Z,57.4901159,-168.9655888,72.12,40,0,0,0,0
1043,202001,2020,17,57.4878073,2020-07-22T23:46:00Z,57.4878073,-171.4489418,2020-07-22T23:53:00Z,57.4960641,-171.4503816,99.06,40,0,0,0,0
1043,202001,2020,19,57.4883586,2020-08-07T21:49:01Z,57.4883586,-172.7096805,2020-08-07T21:52:00Z,57.4801163,-172.7079701,119.21000000000001,40,148.69890203655223,10.958133682954116,1076.6609701968262,65.98654080593327
1043,202001,2020,15,57.4897841,2020-07-13T03:54:01Z,57.4897841,-170.219854,2020-07-13T04:19:00Z,57.4815153,-170.2186734,69.77,40,0,0,0,0
1043,202001,2020,13,57.4901161,2020-07-07T07:29:01Z,57.4901161,-168.9655887,2020-07-07T07:38:00Z,57.4983913,-168.9665921,71.66,40,0,0,0,0
1043,202001,2020,17,57.4960642,2020-07-22T23:53:01Z,57.4960642,-171.4503815,2020-07-23T00:09:00Z,57.5043209,-171.4518219,99.04,40,13.44926439090194,1.7256154255830038,97.37999305457313,5.968237972072474
1043,202001,2020,19,57.4966006,2020-08-07T21:22:01Z,57.4966006,-172.7113918,2020-08-07T21:49:00Z,57.4883584,-172.7096806,119.26,40,111.03569128166859,8.254131380042406,803.9588286429316,49.2731356676177
1043,202001,2020,15,57.4980528,2020-07-13T03:29:01Z,57.4980528,-170.2210353,2020-07-13T03:54:00Z,57.489784,-170.2198541,69.92,40,0,0,0,0
1043,202001,2020,13,57.4983914,2020-07-07T07:38:01Z,57.4983914,-168.9665919,2020-07-07T07:54:00Z,57.5066666,-168.9675958,70.79,40,0,0,0,0
1043,202001,2020,17,57.504321,2020-07-23T00:09:01Z,57.504321,-171.4518218,2020-07-23T00:09:02Z,57.5125776,-171.4532629,98.99000000000001,40,21.857021424403175,2.82966059667784,158.25672933769275,9.699259485877091
1043,202001,2020,19,57.5048425,2020-08-07T21:07:01Z,57.5048425,-172.7131039,2020-08-07T21:22:00Z,57.4966005,-172.7113919,119.32000000000001,40,72.96796958368645,5.320202641159697,528.3278077329232,32.38022498159707
1043,202001,2020,15,57.5063213,2020-07-13T03:05:00Z,57.5063213,-170.2222171,2020-07-13T03:29:00Z,57.4980527,-170.2210354,70,40,0,0,0,0
1043,202001,2020,13,57.5066667,2020-07-07T07:54:01Z,57.5066667,-168.9675957,2020-07-07T08:05:00Z,57.5149419,-168.9686,70.23,40,0,0,0,0
1043,202001,2020,17,57.5125777,2020-07-23T00:11:00Z,57.5125777,-171.4532627,2020-07-23T00:14:00Z,57.5208343,-171.4547045,98.95,40,47.03398624475661,6.04488365460438,340.5516555196615,20.871775178557982
1043,202001,2020,19,57.5130843,2020-08-07T20:49:01Z,57.5130843,-172.7148169,2020-08-07T21:07:00Z,57.5048424,-172.713104,119.34,40,132.55134698440457,9.653459601712992,959.7438843902451,58.820910893597556
1043,202001,2020,15,57.5145898,2020-07-13T02:43:01Z,57.5145898,-170.2233994,2020-07-13T03:04:00Z,57.5063212,-170.2222172,70.06,40,0,0,0,0
1043,202001,2020,13,57.514942,2020-07-07T08:05:01Z,57.514942,-168.9685999,2020-07-07T08:21:00Z,57.523216999999995,-168.9696047,70.12,40,0,0,0,0
1043,202001,2020,17,57.5208344,2020-07-23T00:14:01Z,57.5208344,-171.4547044,2020-07-23T00:21:00Z,57.5290909,-171.4561468,98.98,40,41.997351373460674,5.52620169096126,304.08367819913184,18.636720931972764
1043,202001,2020,19,57.5213261,2020-08-07T20:35:00Z,57.5213261,-172.7165306,2020-08-07T20:49:00Z,57.5130842,-172.71481699999998,119.41,40,240.19801223664496,17.578354440559693,1739.1643203289082,106.59013428398632
1043,202001,2020,15,57.5228583,2020-07-13T02:23:01Z,57.5228583,-170.2245824,2020-07-13T02:43:00Z,57.5145897,-170.2233996,70.21000000000001,40,0,0,0,0
1043,202001,2020,13,57.5232172,2020-07-07T08:21:01Z,57.5232172,-168.9696046,2020-07-07T14:39:00Z,57.5314921,-168.9706098,69.9,40,0,0,0,0
1043,202001,2020,17,57.529090999999994,2020-07-23T00:21:01Z,57.529090999999994,-171.4561467,2020-07-23T00:34:00Z,57.5373474,-171.4575898,98.96000000000001,40,35.52842237557609,4.774037792213,257.24511197162366,15.766072652507539
1043,202001,2020,19,57.5295677,2020-08-07T20:19:01Z,57.5295677,-172.7182451,2020-08-07T20:34:00Z,57.521325999999995,-172.7165307,119.36,40,262.3573596666155,19.64371998375982,1899.6100544676576,116.42355378738768
1043,202001,2020,15,57.5311266,2020-07-13T02:02:01Z,57.5311266,-170.2257658,2020-07-13T02:23:00Z,57.5228581,-170.2245825,70.48,40,0,0,0,0
1043,202001,2020,13,57.5314922,2020-07-07T14:39:01Z,57.5314922,-168.9706097,2020-07-07T14:59:00Z,57.5397672,-168.9716155,69.72,40,0,0,0,0
1043,202001,2020,17,57.5373475,2020-07-23T00:34:01Z,57.5373475,-171.4575897,2020-07-23T00:34:02Z,57.5456038,-171.4590334,98.97,40,56.96786096924182,7.496010335387823,412.47831437319417,25.28002581720184
1043,202001,2020,19,57.5378093,2020-08-07T20:09:01Z,57.5378093,-172.7199604,2020-08-07T20:19:00Z,57.5295676,-172.7182452,119.33,40,117.77004280223073,8.719917777179898,852.719198373117,52.261567695877325
1043,202001,2020,15,57.5393949,2020-07-13T01:49:01Z,57.5393949,-170.2269498,2020-07-13T02:02:00Z,57.5311265,-170.225766,70.81,40,0,0,0,0
1043,202001,2020,13,57.5397673,2020-07-07T14:59:01Z,57.5397673,-168.9716153,2020-07-07T14:59:02Z,57.5480421,-168.9726215,69.73,40,0,0,0,0
1043,202001,2020,17,57.5456039,2020-07-23T00:36:00Z,57.5456039,-171.4590333,2020-07-23T00:41:00Z,57.5538601,-171.4604777,98.91,40,7.313009197877491,0.9478500862121655,52.95016620976559,3.2452168324100223
1043,202001,2020,19,57.5460508,2020-08-07T19:45:00Z,57.5460508,-172.7216765,2020-08-07T20:09:00Z,57.5378092,-172.7199605,119.34,40,114.73022121607997,8.682950758728568,830.7092358693869,50.912618185221305
1043,202001,2020,15,57.5476631,2020-07-13T01:12:01Z,57.5476631,-170.2281344,2020-07-13T01:49:00Z,57.5393948,-170.22695,71.11,40,0,0,0,0
1043,202001,2020,13,57.5480422,2020-07-07T15:02:00Z,57.5480422,-168.9726214,2020-07-07T15:07:00Z,57.556317,-168.9736281,69.68,40,0,0,0,0
1043,202001,2020,17,57.5538602,2020-07-23T00:41:01Z,57.5538602,-171.4604776,2020-07-23T00:59:00Z,57.5621164,-171.4619227,98.9,40,20.90562233978108,2.733574292267312,151.36808222958024,9.277067165286105
1043,202001,2020,19,57.5542922,2020-08-07T19:31:01Z,57.5542922,-172.7233934,2020-08-07T19:44:00Z,57.5460507,-172.7216766,119.42,40,89.70810862905209,6.825035393381318,649.5355241246873,39.80881963216472
1043,202001,2020,15,57.5559312,2020-07-13T00:59:01Z,57.5559312,-170.2293195,2020-07-13T01:12:00Z,57.5476629,-170.2281345,71.49,40,0,0,0,0
1043,202001,2020,13,57.5563171,2020-07-07T15:07:01Z,57.5563171,-168.973628,2020-07-07T15:24:00Z,57.5645918,-168.9746351,69.55,40,0,0,0,0
1043,202001,2020,17,57.5621165,2020-07-23T00:59:01Z,57.5621165,-171.4619226,2020-07-23T00:59:02Z,57.5703725,-171.4633684,98.9,40,49.18855916897507,6.097094241452599,356.15193597350526,21.827887242844454
1043,202001,2020,19,57.5625335,2020-08-07T19:19:01Z,57.5625335,-172.7251111,2020-08-07T19:31:00Z,57.5542921,-172.7233935,119.48,40,59.00658752701893,4.531878822187401,427.23980409235014,26.184729963328156
1043,202001,2020,15,57.5641992,2020-07-13T00:35:00Z,57.5641992,-170.2305052,2020-07-13T00:59:00Z,57.5559311,-170.2293197,71.79,40,0,0,0,0
1043,202001,2020,13,57.5645919,2020-07-07T15:24:01Z,57.5645919,-168.97463499999998,2020-07-07T15:24:02Z,57.5728665,-168.9756426,69.39,40,0,0,0,0
1043,202001,2020,17,57.5703727,2020-07-23T00:59:03Z,57.5703727,-171.4633683,2020-07-23T01:02:00Z,57.5786286,-171.4648147,98.83,40,34.547441802724315,4.130081793377631,250.14227879097783,15.330753267402736
1043,202001,2020,19,57.5707747,2020-08-07T19:01:01Z,57.5707747,-172.7268296,2020-08-07T19:19:00Z,57.5625334,-172.7251112,119.53,40,86.7856897955827,7.629295927045785,628.3756214389823,38.511968700747936
1043,202001,2020,15,57.5724672,2020-07-13T00:10:00Z,57.5724672,-170.2316914,2020-07-13T00:34:00Z,57.5641991,-170.2305053,72.08,40,0,0,0,0
1043,202001,2020,13,57.5728666,2020-07-07T15:27:00Z,57.5728666,-168.9756425,2020-07-07T15:37:00Z,57.5811412,-168.9766506,69.31,40,0,0,0,0
1043,202001,2020,17,57.5786288,2020-07-23T01:02:01Z,57.5786288,-171.4648146,2020-07-23T01:07:00Z,57.5868847,-171.4662617,98.84,40,79.76504119590614,9.789780015601357,577.5423050579327,35.39648964231617
1043,202001,2020,19,57.5790159,2020-08-07T18:54:01Z,57.5790159,-172.7285489,2020-08-07T19:01:00Z,57.5707746,-172.7268297,119.58,40,143.96807904274485,12.11384857165457,1042.4072372870157,63.887193465427785
1043,202001,2020,15,57.5807351,2020-07-12T23:45:00Z,57.5807351,-170.2328782,2020-07-13T00:09:00Z,57.5724671,-170.2316915,72.16,40,0,0,0,0
1043,202001,2020,13,57.5811413,2020-07-07T15:37:01Z,57.5811413,-168.9766504,2020-07-07T15:49:00Z,57.5894158,-168.97765900000002,69.24,40,0,0,0,0
1043,202001,2020,17,57.5868848,2020-07-23T01:07:01Z,57.5868848,-171.4662616,2020-07-23T01:14:00Z,57.5951406,-171.4677094,98.8,40,27.851069133555253,2.9064143032924536,201.65689661233316,12.359174712792809
1043,202001,2020,19,57.5872569,2020-08-07T18:29:01Z,57.5872569,-172.7302689,2020-08-07T18:54:00Z,57.5790158,-172.728549,119.5,40,53.07671222547442,4.373441967179074,384.304279970338,23.55329184777786
1043,202001,2020,15,57.5890029,2020-07-12T23:23:01Z,57.5890029,-170.2340655,2020-07-12T23:44:00Z,57.580735,-170.2328783,72.42,40,0,0,0,0
1043,202001,2020,13,57.5894159,2020-07-07T15:49:01Z,57.5894159,-168.9776589,2020-07-07T15:54:00Z,57.5976903,-168.9786679,69.14,40,0,0,0,0
1043,202001,2020,17,57.5951407,2020-07-23T01:15:00Z,57.5951407,-171.4677093,2020-07-23T01:20:00Z,57.6033965,-171.4691578,98.83,40,81.5227905850834,8.781565162187292,590.2693671733563,36.17650751875643
1043,202001,2020,19,57.5954979,2020-08-07T18:08:01Z,57.5954979,-172.7319898,2020-08-07T18:29:00Z,57.5872568,-172.7302691,119.49000000000001,40,13.050167039145405,1.072315463514466,94.49031104576079,5.791134756604555
1043,202001,2020,15,57.5972706,2020-07-12T22:55:00Z,57.5972706,-170.2352534,2020-07-12T23:23:00Z,57.5890028,-170.2340657,72.76,40,0,0,0,0
1043,202001,2020,13,57.5976904,2020-07-07T15:54:01Z,57.5976904,-168.9786678,2020-07-07T16:02:00Z,57.6059648,-168.9796773,69.17,40,0,0,0,0
1043,202001,2020,17,57.6033966,2020-07-23T01:20:01Z,57.6033966,-171.4691576,2020-07-23T01:27:00Z,57.6116523,-171.4706068,98.76,40,87.57432165214993,10.517928680323072,634.085745240778,38.86193152812269
1043,202001,2020,19,57.6037388,2020-08-07T17:45:01Z,57.6037388,-172.7337115,2020-08-07T18:08:00Z,57.5954978,-172.73199,119.54,40,25.3195613166494,2.041601272792078,183.3274024137767,11.23579423336106
1043,202001,2020,15,57.6055383,2020-07-12T22:29:01Z,57.6055383,-170.2364419,2020-07-12T22:54:00Z,57.5972705,-170.2352535,72.87,40,0,0,0,0
1043,202001,2020,13,57.605964900000004,2020-07-07T16:02:01Z,57.605964900000004,-168.9796771,2020-07-07T16:12:00Z,57.6142392,-168.9806871,69.15,40,0,0,0,0
1043,202001,2020,17,57.6116524,2020-07-23T01:27:01Z,57.6116524,-171.4706067,2020-07-23T01:32:00Z,57.619907999999995,-171.4720565,98.72,40,77.7584949627846,8.87309840784015,563.0138184012768,34.50606581888861
1043,202001,2020,19,57.6119796,2020-08-07T17:18:01Z,57.6119796,-172.735434,2020-08-07T17:45:00Z,57.6037387,-172.7337116,119.48,40,14.334584169460435,1.1407896289477137,103.79019002753344,6.361106977115898
1043,202001,2020,15,57.6138059,2020-07-12T21:50:01Z,57.6138059,-170.2376308,2020-07-12T22:29:00Z,57.6055382,-170.236442,73.09,40,0,0,0,0
1043,202001,2020,13,57.6142393,2020-07-07T16:12:01Z,57.6142393,-168.980687,2020-07-07T16:22:00Z,57.6225135,-168.9816974,69.14,40,0,0,0,0
1043,202001,2020,17,57.6199081,2020-07-23T01:32:01Z,57.6199081,-171.4720564,2020-07-23T01:49:00Z,57.6281636,-171.4735069,98.64,40,57.93393974748598,7.446405225488904,419.4732504515739,25.70873239034577
1043,202001,2020,19,57.6202203,2020-08-07T16:57:01Z,57.6202203,-172.7371573,2020-08-07T17:18:00Z,57.6119795,-172.7354341,119.52,40,15.194109107115864,1.1211924355393161,110.01361831523512,6.7425292781250565
1043,202001,2020,15,57.6220735,2020-07-12T20:54:01Z,57.6220735,-170.2388204,2020-07-12T21:50:00Z,57.6138058,-170.237631,73.26,40,0,0,0,0
1043,202001,2020,13,57.6225136,2020-07-07T16:22:01Z,57.6225136,-168.9816973,2020-07-07T16:39:00Z,57.6307877,-168.9827082,69.3,40,0,0,0,0
1043,202001,2020,17,57.6281637,2020-07-23T01:49:01Z,57.6281637,-171.4735068,2020-07-23T01:49:02Z,57.6364191,-171.4749579,98.61,40,67.25940439897789,8.701143429420387,486.99468929006264,29.846995318532667
1043,202001,2020,19,57.6284609,2020-08-06T07:07:01Z,57.6284609,-172.7388814,2020-08-07T16:57:00Z,57.6202202,-172.7371574,119.52,40,13.666163437779373,1.010279906690741,98.95046018679459,6.0644889706442555
1043,202001,2020,15,57.6303409,2020-07-12T20:12:01Z,57.6303409,-170.2400105,2020-07-12T20:54:00Z,57.6220733,-170.2388205,73.23,40,0,0,0,0
1043,202001,2020,13,57.6307878,2020-07-07T16:39:01Z,57.6307878,-168.9827081,2020-07-07T16:42:00Z,57.6390619,-168.9837195,69.35000000000001,40,0,0,0,0
1043,202001,2020,17,57.6364192,2020-07-23T01:49:03Z,57.6364192,-171.4749578,2020-07-23T01:49:04Z,57.6446746,-171.4764097,98.57000000000001,40,54.40449073301382,6.505414310527532,393.9181189197504,24.14250608856259
1043,202001,2020,19,57.6367015,2020-08-06T07:04:01Z,57.6367015,-172.7406063,2020-08-06T07:07:00Z,57.6284608,-172.7388815,119.61,40,10.372214866223793,0.775922133136178,75.10048001708421,4.602768212436044
1043,202001,2020,15,57.6386083,2020-07-12T19:34:01Z,57.6386083,-170.2412012,2020-07-12T20:12:00Z,57.6303408,-170.2400106,73.3,40,0,0,0,0
1043,202001,2020,13,57.639061999999996,2020-07-07T16:42:01Z,57.639061999999996,-168.9837193,2020-07-07T16:50:00Z,57.647335999999996,-168.9847312,69.38,40,0,0,0,0
1043,202001,2020,17,57.6446747,2020-07-23T01:50:00Z,57.6446747,-171.4764095,2020-07-23T01:57:00Z,57.65293,-171.4778621,98.5,40,88.16031101194906,11.407253018266083,638.3286270913196,39.121969835552314
1043,202001,2020,19,57.6449419,2020-08-06T06:52:01Z,57.6449419,-172.74233199999998,2020-08-06T07:04:00Z,57.6367014,-172.7406064,119.49000000000001,40,36.14221938704365,2.8344785128787624,261.689336352703,16.038450867740142
1043,202001,2020,15,57.6468756,2020-07-12T18:44:01Z,57.6468756,-170.2423924,2020-07-12T19:34:00Z,57.6386082,-170.2412013,73.24,40,0,0,0,0
1043,202001,2020,13,57.6473361,2020-07-07T16:50:01Z,57.6473361,-168.9847311,2020-07-07T17:04:00Z,57.655609999999996,-168.9857434,69.49,40,0,0,0,0
1043,202001,2020,17,57.6529301,2020-07-23T01:57:01Z,57.6529301,-171.47786200000002,2020-07-23T02:14:00Z,57.6611853,-171.4793152,98.5,40,22.665569665844302,2.814063290732719,164.11105860413852,10.058060396957831
1043,202001,2020,19,57.6531823,2020-08-06T06:42:01Z,57.6531823,-172.7440585,2020-08-06T06:52:00Z,57.6449418,-172.7423321,119.58,40,51.68187322241278,4.019540532115082,374.204886540146,22.934318879365428
1043,202001,2020,15,57.6551428,2020-07-12T18:19:01Z,57.6551428,-170.2435841,2020-07-12T18:44:00Z,57.6468755,-170.2423925,73.17,40,0,0,0,0
1043,202001,2020,13,57.6556101,2020-07-07T17:04:01Z,57.6556101,-168.9857433,2020-07-07T17:10:00Z,57.663883999999996,-168.9867561,69.60000000000001,40,0,0,0,0
1043,202001,2020,17,57.6611854,2020-07-23T02:14:01Z,57.6611854,-171.47931499999999,2020-07-23T02:14:02Z,57.6694405,-171.4807689,98.5,40,47.76569699514942,5.7037997183236655,345.8496395372416,21.196478727996876
1043,202001,2020,19,57.6614226,2020-08-06T06:39:01Z,57.6614226,-172.7457858,2020-08-06T06:42:00Z,57.6531822,-172.7440586,119.54,40,39.261956856421314,2.944346561462075,284.2779333398811,17.42286380561298
1043,202001,2020,15,57.66341,2020-07-12T17:40:01Z,57.66341,-170.2447765,2020-07-12T18:19:00Z,57.6551427,-170.2435843,73.11,40,0,0,0,0
1043,202001,2020,13,57.6638841,2020-07-07T17:10:01Z,57.6638841,-168.9867559,2020-07-07T17:29:00Z,57.6721579,-168.9877692,69.64,40,0,0,0,0
1043,202001,2020,17,57.6694406,2020-07-23T02:14:03Z,57.6694406,-171.4807688,2020-07-23T02:14:04Z,57.6776957,-171.4822234,98.56,40,92.98009848713826,10.405469219061843,673.226511259315,41.26079600408258
1043,202001,2020,19,57.6696628,2020-08-06T06:25:01Z,57.6696628,-172.7475139,2020-08-06T06:39:00Z,57.6614225,-172.7457859,119.31,40,34.024284141512396,2.924652760004813,246.35433263016577,15.098597119060692
1043,202001,2020,15,57.6716771,2020-07-12T17:15:01Z,57.6716771,-170.2459693,2020-07-12T17:40:00Z,57.6634099,-170.2447766,73.03,40,0,0,0,0
1043,202001,2020,13,57.672157999999996,2020-07-07T17:29:01Z,57.672157999999996,-168.9877691,2020-07-07T17:29:02Z,57.6804317,-168.9887828,69.64,40,0,0,0,0
1043,202001,2020,17,57.6776958,2020-07-23T02:15:00Z,57.6776958,-171.4822233,2020-07-23T02:20:00Z,57.6859508,-171.4836785,98.5,40,85.52410265956912,10.258568069975544,619.2410440396527,37.952127505617014
1043,202001,2020,19,57.6779029,2020-08-06T06:17:01Z,57.6779029,-172.7492428,2020-08-06T06:25:00Z,57.6696627,-172.747514,118.96000000000001,40,15.58599724177896,1.128511016691557,112.85110166915577,6.916433335486227
1043,202001,2020,15,57.6799441,2020-07-12T16:50:01Z,57.6799441,-170.2471628,2020-07-12T17:15:00Z,57.671676999999995,-170.2459695,72.96000000000001,40,2.0004446634530217,0.6644385956321746,14.484307971883744,0.8877161943166616
1043,202001,2020,13,57.6804318,2020-07-07T17:30:00Z,57.6804318,-168.9887827,2020-07-07T17:40:00Z,57.6887055,-168.9897969,69.53,40,0,0,0,0
1043,202001,2020,17,57.6859509,2020-07-23T02:20:01Z,57.6859509,-171.4836784,2020-07-23T02:25:00Z,57.6942058,-171.4851343,98.54,40,47.60794699739321,6.060575209588781,344.7074437085798,21.126475678065027
1043,202001,2020,19,57.6861429,2020-08-06T06:05:01Z,57.6861429,-172.7509725,2020-08-06T06:17:00Z,57.6779028,-172.7492429,118.99000000000001,40,0.4068677318059133,0.029459437888805347,2.945943788880538,0.18055139493113978
1043,202001,2020,15,57.688210999999995,2020-07-12T16:27:01Z,57.688210999999995,-170.2483568,2020-07-12T16:50:00Z,57.679944,-170.2471629,72.85000000000001,40,3.8447944845457873,1.3140970340966038,27.838404340880185,1.7061638295254098
1043,202001,2020,13,57.6887056,2020-07-07T17:40:01Z,57.6887056,-168.9897968,2020-07-07T17:54:00Z,57.6969791,-168.9908115,69.39,40,0,0,0,0
1043,202001,2020,17,57.6942059,2020-07-23T02:25:01Z,57.6942059,-171.4851342,2020-07-23T02:39:00Z,57.7024607,-171.4865908,98.46000000000001,40,61.31470875820826,8.467658634953775,443.95185784708013,27.208980537616032
1043,202001,2020,19,57.6943829,2020-08-06T05:57:01Z,57.6943829,-172.7527031,2020-08-06T06:05:00Z,57.6861428,-172.7509726,118.97,40,0,0,0,0
1043,202001,2020,15,57.6964779,2020-07-12T16:02:01Z,57.6964779,-170.2495513,2020-07-12T16:27:00Z,57.6882109,-170.2483569,72.75,40,0,0,0,0
1043,202001,2020,13,57.6969793,2020-07-07T17:54:01Z,57.6969793,-168.9908114,2020-07-07T17:58:00Z,57.7052528,-168.9918266,69.26,40,0,0,0,0
1043,202001,2020,17,57.7024608,2020-07-23T02:39:01Z,57.7024608,-171.4865907,2020-07-23T02:39:02Z,57.7107155,-171.4880479,98.47,40,66.79429697615996,8.022236334471035,483.62705844519047,29.640599511202666
1043,202001,2020,19,57.7026227,2020-08-06T05:50:00Z,57.7026227,-172.7544344,2020-08-06T05:57:00Z,57.6943828,-172.7527032,118.75,40,41.749159839126115,3.0228663642887366,302.2866364288732,18.52658359683609
1043,202001,2020,15,57.7047447,2020-07-12T15:49:01Z,57.7047447,-170.2507465,2020-07-12T16:02:00Z,57.6964778,-170.2495515,72.72,40,0,0,0,0
1043,202001,2020,13,57.7052529,2020-07-07T17:58:01Z,57.7052529,-168.9918264,2020-07-07T18:19:00Z,57.7135263,-168.9928421,68.99,40,0,0,0,0
1043,202001,2020,17,57.7107156,2020-07-23T02:40:00Z,57.7107156,-171.4880478,2020-07-23T02:43:00Z,57.7189703,-171.4895058,98.39,40,42.20210095992851,5.4164209047490415,305.5661766264549,18.727580492853285
1043,202001,2020,19,57.7108625,2020-08-06T05:49:01Z,57.7108625,-172.7561665,2020-08-06T05:49:02Z,57.7026226,-172.7544345,118.43,40,0,0,0,0
1043,202001,2020,15,57.7130114,2020-07-12T15:24:01Z,57.7130114,-170.2519421,2020-07-12T15:49:00Z,57.7047446,-170.2507466,72.78,40,2.7842559744066535,1.0026086259378215,20.15952840017676,1.2355398590918067
1043,202001,2020,13,57.7135264,2020-07-07T18:19:01Z,57.7135264,-168.992842,2020-07-07T18:19:02Z,57.7217998,-168.9938581,68.64,40,0,0,0,0
1043,202001,2020,17,57.7189704,2020-07-23T02:43:01Z,57.7189704,-171.4895057,2020-07-23T02:48:00Z,57.727225,-171.4909643,98.41,40,35.9695389870657,5.25279610096249,260.43903628708085,15.96182231094872
1043,202001,2020,19,57.7191022,2020-08-06T05:29:01Z,57.7191022,-172.7578995,2020-08-06T05:49:00Z,57.7108624,-172.7561666,118.48,40,0,0,0,0
1043,202001,2020,15,57.7212781,2020-07-12T14:54:01Z,57.7212781,-170.2531384,2020-07-12T15:24:00Z,57.7130113,-170.2519423,72.91,40,0.8168134978021067,0.2823654228369917,5.914174220313361,0.3624686965765675
1043,202001,2020,13,57.7217999,2020-07-07T18:21:00Z,57.7217999,-168.993858,2020-07-07T18:28:00Z,57.7300732,-168.9948746,68.05,40,0,0,0,0
1043,202001,2020,17,57.7272251,2020-07-23T02:48:01Z,57.7272251,-171.4909642,2020-07-23T03:04:00Z,57.7354796,-171.4924235,98.44,40,31.916472539928613,4.317060208898945,231.09262959892567,14.163235832903123
1043,202001,2020,19,57.7273418,2020-08-06T05:24:01Z,57.7273418,-172.7596332,2020-08-06T05:29:00Z,57.7191021,-172.7578996,118.19,40,6.3450567762801295,0.4594166393390342,45.94166393390341,2.8156788123496215
1043,202001,2020,15,57.7295447,2020-07-12T08:19:01Z,57.7295447,-170.2543352,2020-07-12T14:54:00Z,57.721278,-170.2531385,73.19,40,0,0,0,0
1043,202001,2020,13,57.7300733,2020-07-07T18:28:01Z,57.7300733,-168.9948744,2020-07-07T18:44:00Z,57.7383465,-168.9958915,67.93,40,0,0,0,0
1043,202001,2020,17,57.7354797,2020-07-23T03:04:01Z,57.7354797,-171.4924234,2020-07-23T03:04:02Z,57.7437341,-171.4938834,98.41,40,141.427212954288,18.164976690973816,1024.0099841098154,62.75966016469666
1043,202001,2020,19,57.7355814,2020-08-06T05:09:01Z,57.7355814,-172.7613678,2020-08-06T05:24:00Z,57.7273417,-172.7596333,117.82000000000001,40,18.473444790043565,1.3375779321919063,133.75779321919043,8.197765429126829
1043,202001,2020,15,57.7378112,2020-07-12T07:54:01Z,57.7378112,-170.2555325,2020-07-12T08:19:00Z,57.7295446,-170.2543353,73.62,40,0,0,0,0
1043,202001,2020,13,57.7383466,2020-07-07T18:44:01Z,57.7383466,-168.9958914,2020-07-07T18:48:00Z,57.7466198,-168.9969089,67.72,40,4.31851439247104,2.5279021665256596,31.268394264699392,1.9163815083836484
1043,202001,2020,17,57.7437343,2020-07-23T03:04:03Z,57.7437343,-171.4938833,2020-07-23T03:04:04Z,57.7519886,-171.495344,98.37,40,72.51606601348414,9.92768067794215,525.0557799663037,32.17968850844831
1043,202001,2020,19,57.7438208,2020-08-06T04:59:03Z,57.7438208,-172.7631032,2020-08-06T05:09:00Z,57.7355813,-172.7613679,117.69,40,41.66367637623279,3.6564608496097337,301.6676896388566,18.488649503610198
1043,202001,2020,15,57.7460776,2020-07-12T07:10:01Z,57.7460776,-170.2567304,2020-07-12T07:54:00Z,57.7378111,-170.2555326,73.72,40,0,0,0,0
1043,202001,2020,13,57.7466199,2020-07-07T18:48:01Z,57.7466199,-168.9969088,2020-07-07T19:09:00Z,57.754892999999996,-168.9979268,67.24,40,0.2997575209857975,0.19754108938251427,2.1704075749599747,0.13302022825664533
1043,202001,2020,17,57.7519887,2020-07-23T03:06:00Z,57.7519887,-171.4953439,2020-07-23T03:11:00Z,57.760242999999996,-171.4968052,98.37,40,22.41430129019255,3.5275345509345524,162.29173882837787,9.94655768445556
1043,202001,2020,19,57.7520602,2020-08-06T04:59:01Z,57.7520602,-172.7648393,2020-08-06T04:59:02Z,57.7438207,-172.7631033,117.49000000000001,40,30.457143646232282,2.991301536175346,220.52629426622008,13.515644867036412
1043,202001,2020,15,57.754343999999996,2020-07-12T06:32:01Z,57.754343999999996,-170.2579289,2020-07-12T07:10:00Z,57.7460775,-170.2567306,73.61,40,0,0,0,0
1043,202001,2020,13,57.7548931,2020-07-07T19:09:01Z,57.7548931,-168.9979267,2020-07-07T19:09:02Z,57.7631662,-168.9989452,67.08,40,0,0,0,0
1043,202001,2020,17,57.7602431,2020-07-23T03:11:01Z,57.7602431,-171.4968051,2020-07-23T03:16:00Z,57.7684973,-171.4982672,98.37,40,48.46259004934261,6.321193544555194,350.89552448712936,21.5057315962298
1043,202001,2020,19,57.7602995,2020-08-06T04:35:00Z,57.7602995,-172.7665763,2020-08-06T04:59:00Z,57.7520601,-172.7648395,117.02,40,16.641853428002484,2.58403510779078,120.49607503666793,7.3849794805028806
1043,202001,2020,15,57.7626103,2020-07-12T06:05:00Z,57.7626103,-170.2591279,2020-07-12T06:32:00Z,57.7543439,-170.257929,73.65,40,0,0,0,0
1043,202001,2020,13,57.7631663,2020-07-07T19:11:00Z,57.7631663,-168.9989451,2020-07-07T19:21:00Z,57.7714392,-168.9999641,67.88,40,7.078518592435179,3.6594750670968055,51.25232662050285,3.1411594137424417
1043,202001,2020,17,57.7684974,2020-07-23T03:16:01Z,57.7684974,-171.498267,2020-07-23T03:29:00Z,57.7767515,-171.4997298,98.26,40,50.466579002297316,6.8033528936047,365.4054950437482,22.39502060245447
1043,202001,2020,19,57.7685386,2020-08-06T04:34:01Z,57.7685386,-172.7683141,2020-08-06T04:34:02Z,57.7602993,-172.7665765,116.98,40,0,0,0,0
1043,202001,2020,15,57.7708765,2020-07-12T05:32:01Z,57.7708765,-170.2603275,2020-07-12T06:04:00Z,57.7626102,-170.2591281,73.66,40,0,0,0,0
1043,202001,2020,13,57.7714393,2020-07-07T19:21:01Z,57.7714393,-168.9999639,2020-07-07T19:34:00Z,57.7797122,-169.0009834,67.99,40,4.081044410408219,1.951484235123236,29.548982367377302,1.811001963229235
1043,202001,2020,17,57.7767516,2020-07-23T03:29:01Z,57.7767516,-171.4997297,2020-07-23T03:29:02Z,57.7850057,-171.5011931,98.28,40,74.85672725268101,9.420962738090319,542.0034410867357,33.21837901831613
1043,202001,2020,19,57.7767778,2020-08-06T04:16:01Z,57.7767778,-172.7700528,2020-08-06T04:34:00Z,57.7685385,-172.7683143,116.64,40,0,0,0,0
1043,202001,2020,15,57.7791427,2020-07-12T05:04:01Z,57.7791427,-170.2615277,2020-07-12T05:32:00Z,57.7708764,-170.2603277,73.59,40,0,0,0,0
1043,202001,2020,13,57.7797123,2020-07-07T19:36:00Z,57.7797123,-169.0009833,2020-07-07T19:44:00Z,57.7879852,-169.0020032,67.7,40,10.097359874838933,5.54324115232036,73.11038030797457,4.480798716654069
1043,202001,2020,17,57.7850058,2020-07-23T03:31:00Z,57.7850058,-171.501193,2020-07-23T03:33:00Z,57.7932598,-171.5026571,98.31,40,67.78348274213107,9.90340596663036,490.78930168914906,30.079560028173102
1043,202001,2020,19,57.7850168,2020-08-06T04:09:01Z,57.7850168,-172.7717922,2020-08-06T04:16:00Z,57.7767776,-172.7700529,116.27,40,0,0,0,0
1043,202001,2020,15,57.7874088,2020-07-12T04:35:00Z,57.7874088,-170.2627284,2020-07-12T05:04:00Z,57.7791426,-170.2615278,73.61,40,0,0,0,0
1043,202001,2020,13,57.7879853,2020-07-07T19:44:01Z,57.7879853,-169.0020031,2020-07-07T19:59:00Z,57.796257999999995,-169.0030235,67.39,40,1.3121951510147987,0.8614485850703254,9.50100696797264,0.5822989792924054
1043,202001,2020,19,57.7932557,2020-08-06T03:56:01Z,57.7932557,-172.7735324,2020-08-06T04:09:00Z,57.7850167,-172.7717923,116.12,40,0,0,0,0
1043,202001,2020,17,57.7932599,2020-07-23T03:33:01Z,57.7932599,-171.502657,2020-07-23T03:38:00Z,57.8015138,-171.5041218,98.31,40,59.081736732630596,8.043633448203439,427.78392523591776,26.218078132377908
1043,202001,2020,15,57.7956748,2020-07-12T04:10:00Z,57.7956748,-170.2639297,2020-07-12T04:34:00Z,57.7874087,-170.2627286,73.63,40,3.306209394955498,0.8472422675252331,23.938755203260566,1.467161614277171
1043,202001,2020,13,57.7962581,2020-07-07T19:59:01Z,57.7962581,-169.0030234,2020-07-07T20:07:00Z,57.8045308,-169.0040443,66.82000000000001,40,0,0,0,0
1043,202001,2020,19,57.8014946,2020-08-06T03:46:00Z,57.8014946,-172.7752735,2020-08-06T03:56:00Z,57.7932556,-172.7735326,115.95,40,0,0,0,0
1043,202001,2020,17,57.8015139,2020-07-23T03:38:01Z,57.8015139,-171.5041216,2020-07-23T03:54:00Z,57.8097677,-171.5055871,98.31,40,40.094803813738196,5.722220428095679,290.3081985322215,17.792447501130642
1043,202001,2020,15,57.8039407,2020-07-12T03:45:00Z,57.8039407,-170.2651316,2020-07-12T04:09:00Z,57.7956747,-170.2639298,73.7,40,43.83252510577317,11.091227092585768,317.3713346918853,19.451096591205594
1043,202001,2020,13,57.8045309,2020-07-07T20:07:01Z,57.8045309,-169.0040442,2020-07-07T20:24:00Z,57.8128036,-169.0050655,66.51,40,0,0,0,0
1043,202001,2020,19,57.8097334,2020-08-06T03:44:01Z,57.8097334,-172.7770154,2020-08-06T03:44:02Z,57.8014945,-172.7752736,115.32000000000001,40,0,0,0,0
1043,202001,2020,17,57.8097678,2020-07-23T03:54:01Z,57.8097678,-171.505587,2020-07-23T03:54:02Z,57.8180215,-171.5070532,98.3,40,26.094305262544818,3.3947225492806066,188.93697018474003,11.579594169337797
1043,202001,2020,15,57.8122066,2020-07-12T03:20:00Z,57.8122066,-170.266334,2020-07-12T03:44:00Z,57.8039406,-170.2651317,73.79,40,66.26991418065346,14.457608847939438,479.8302416453881,29.407899697957827
1043,202001,2020,13,57.8128037,2020-07-07T20:24:01Z,57.8128037,-169.0050654,2020-07-07T20:29:00Z,57.8210762,-169.0060873,66.43,40,0,0,0,0
1043,202001,2020,19,57.8179721,2020-08-06T03:26:01Z,57.8179721,-172.77875799999998,2020-08-06T03:44:00Z,57.8097333,-172.7770155,115.2,40,0,0,0,0
1043,202001,2020,17,57.8180217,2020-07-23T03:54:03Z,57.8180217,-171.5070531,2020-07-23T03:54:04Z,57.8262753,-171.5085199,98.32000000000001,40,229.10273908195205,21.49995686579012,1658.8285048270961,101.66650213372908
1043,202001,2020,15,57.8204724,2020-07-12T02:55:00Z,57.8204724,-170.267537,2020-07-12T03:19:00Z,57.8122065,-170.2663341,73.87,40,0,0,0,0
1043,202001,2020,13,57.8210763,2020-07-07T20:29:01Z,57.8210763,-169.0060871,2020-07-07T20:49:00Z,57.8293488,-169.0071095,67.02,40,0.48594302856041083,0.31064069565339875,3.5184919688352987,0.2156418039695959
1043,202001,2020,19,57.8262107,2020-08-06T03:19:01Z,57.8262107,-172.7805015,2020-08-06T03:26:00Z,57.817972,-172.7787582,114.93,40,0,0,0,0
1043,202001,2020,17,57.8262754,2020-07-23T03:56:00Z,57.8262754,-171.5085198,2020-07-23T04:01:00Z,57.834528999999996,-171.5099873,98.29,40,11.172736095034177,1.2409624871924763,80.89668934391754,4.958007060924161
1043,202001,2020,15,57.8287382,2020-07-12T02:33:01Z,57.8287382,-170.2687405,2020-07-12T02:54:00Z,57.8204723,-170.2675371,73.99,40,0,0,0,0
1043,202001,2020,13,57.8293489,2020-07-07T20:49:01Z,57.8293489,-169.0071094,2020-07-07T20:52:00Z,57.8376214,-169.0081322,67.89,40,0,0,0,0
1043,202001,2020,19,57.8344492,2020-08-06T03:03:01Z,57.8344492,-172.7822459,2020-08-06T03:19:00Z,57.8262106,-172.7805017,114.52,40,0,0,0,0
1043,202001,2020,17,57.8345291,2020-07-23T04:01:01Z,57.8345291,-171.5099872,2020-07-23T04:06:00Z,57.8427826,-171.5114554,98.34,40,13.802259025531672,1.3469220638892536,99.93586630306086,6.124882671819783
1043,202001,2020,15,57.8370038,2020-07-12T02:13:01Z,57.8370038,-170.2699446,2020-07-12T02:33:00Z,57.828737999999994,-170.2687406,74.10000000000001,40,0,0,0,0
1043,202001,2020,13,57.8376215,2020-07-07T20:52:01Z,57.8376215,-169.0081321,2020-07-07T21:04:00Z,57.8458938,-169.0091553,68.44,40,0,0,0,0
1043,202001,2020,19,57.8426877,2020-08-06T02:55:00Z,57.8426877,-172.78399100000001,2020-08-06T03:03:00Z,57.8344491,-172.782246,114.13,40,0,0,0,0
1043,202001,2020,17,57.8427828,2020-07-23T04:06:01Z,57.8427828,-171.5114553,2020-07-23T04:19:00Z,57.8510362,-171.5129242,98.26,40,14.93370906134169,1.8263243682382,108.12818027848618,6.626974300845395
1043,202001,2020,15,57.8452694,2020-07-12T02:04:01Z,57.8452694,-170.2711493,2020-07-12T02:13:00Z,57.8370037,-170.2699447,74.2,40,0,0,0,0
1043,202001,2020,13,57.8458939,2020-07-07T21:05:00Z,57.8458939,-169.0091552,2020-07-07T21:14:00Z,57.8541662,-169.010179,68.72,40,0,0,0,0
1043,202001,2020,19,57.850925999999994,2020-08-06T02:54:01Z,57.850925999999994,-172.7857369,2020-08-06T02:54:02Z,57.8426876,-172.7839911,113.9,40,0,0,0,0
1043,202001,2020,17,57.8510363,2020-07-23T04:19:01Z,57.8510363,-171.5129241,2020-07-23T04:19:02Z,57.8592897,-171.5143937,98.27,40,1.1962855186533186,0.10827197691993441,8.661758153594764,0.5308629862832479
1043,202001,2020,15,57.8535349,2020-07-12T01:39:01Z,57.8535349,-170.2723545,2020-07-12T02:04:00Z,57.8452693,-170.2711494,74.29,40,0,0,0,0
1043,202001,2020,13,57.8541663,2020-07-07T21:15:00Z,57.8541663,-169.0101789,2020-07-07T21:27:00Z,57.8624386,-169.0112031,68.97,40,0,0,0,0
1043,202001,2020,19,57.8591643,2020-08-06T02:38:01Z,57.8591643,-172.7874837,2020-08-06T02:54:00Z,57.8509259,-172.7857371,113.65,40,0,0,0,0
1043,202001,2020,17,57.8592898,2020-07-23T04:21:00Z,57.8592898,-171.5143936,2020-07-23T04:24:00Z,57.8675431,-171.5158639,98.24000000000001,40,10.144239892127626,1.3070572851151987,73.449817144465,4.501602166655622
1043,202001,2020,15,57.8618004,2020-07-12T01:15:00Z,57.8618004,-170.2735603,2020-07-12T01:39:00Z,57.8535348,-170.2723546,74.42,40,0,0,0,0
1043,202001,2020,13,57.8624387,2020-07-07T21:27:01Z,57.8624387,-169.011203,2020-07-07T21:39:00Z,57.8707108,-169.0122278,69.15,40,0,0,0,0
1043,202001,2020,19,57.8674025,2020-08-06T02:29:01Z,57.8674025,-172.7892313,2020-08-06T02:38:00Z,57.8591642,-172.7874838,113.12,40,7.201408137269699,1.3400008715858047,52.142113799537015,3.1956928087694765
1043,202001,2020,17,57.8675432,2020-07-23T04:24:01Z,57.8675432,-171.5158638,2020-07-23T04:29:00Z,57.8757964,-171.5173348,98.3,40,0,0,0,0
1043,202001,2020,15,57.8700658,2020-07-12T00:56:01Z,57.8700658,-170.2747667,2020-07-12T01:14:00Z,57.8618003,-170.2735604,74.54,40,0,0,0,0
1043,202001,2020,13,57.8707109,2020-07-07T21:40:00Z,57.8707109,-169.0122276,2020-07-07T21:50:00Z,57.878983,-169.0132528,69.21000000000001,40,0,0,0,0
1043,202001,2020,19,57.8756406,2020-08-06T02:13:01Z,57.8756406,-172.7909797,2020-08-06T02:29:00Z,57.8674024,-172.7892314,112.63,40,4.898662960510783,1.1408390463136167,35.468985604441954,2.173827909360086
1043,202001,2020,17,57.8757965,2020-07-23T04:29:01Z,57.8757965,-171.5173347,2020-07-23T04:44:00Z,57.8840496,-171.5188063,98.19,40,0,0,0,0
1043,202001,2020,15,57.8783311,2020-07-12T00:49:01Z,57.8783311,-170.2759736,2020-07-12T00:56:00Z,57.8700657,-170.2747668,74.66,40,0,0,0,0
1043,202001,2020,13,57.8789831,2020-07-07T21:50:01Z,57.8789831,-169.0132527,2020-07-07T22:04:00Z,57.8872551,-169.0142784,69.19,40,0,0,0,0
1043,202001,2020,19,57.8838787,2020-08-06T02:05:00Z,57.8838787,-172.7927289,2020-08-06T02:13:00Z,57.8756405,-172.7909798,112.35000000000001,40,8.19259453933974,1.5877785999968355,59.31884273756444,3.635541126885527
1043,202001,2020,17,57.8840497,2020-07-23T04:44:01Z,57.8840497,-171.5188062,2020-07-23T04:44:02Z,57.8923028,-171.5202786,98.14,40,0,0,0,0
1043,202001,2020,15,57.8865963,2020-07-12T00:25:00Z,57.8865963,-170.2771811,2020-07-12T00:49:00Z,57.878330999999996,-170.2759738,74.73,40,0,0,0,0
1043,202001,2020,13,57.8872553,2020-07-07T22:04:01Z,57.8872553,-169.0142783,2020-07-07T22:10:00Z,57.8955272,-169.0153045,69.11,40,0,0,0,0
1043,202001,2020,19,57.8921166,2020-08-06T02:04:01Z,57.8921166,-172.7944789,2020-08-06T02:04:02Z,57.8838786,-172.792729,112.01,40,7.157785450136699,1.7145546612810167,51.82626180595831,3.1763348297585847
1043,202001,2020,17,57.8923029,2020-07-23T04:44:03Z,57.8923029,-171.5202785,2020-07-23T04:44:04Z,57.9005559,-171.5217515,98.24000000000001,40,0,0,0,0
1043,202001,2020,15,57.8948615,2020-07-12T00:06:01Z,57.8948615,-170.2783892,2020-07-12T00:24:00Z,57.8865962,-170.2771813,74.84,40,0,0,0,0
1043,202001,2020,13,57.8955273,2020-07-07T22:10:01Z,57.8955273,-169.0153044,2020-07-07T22:29:00Z,57.9037992,-169.01633099999998,69.01,40,0,0,0,0
1043,202001,2020,19,57.9003545,2020-08-06T01:45:01Z,57.9003545,-172.7962298,2020-08-06T02:04:00Z,57.8921165,-172.7944791,111.81,40,0,0,0,0
1043,202001,2020,17,57.900555999999995,2020-07-23T04:46:00Z,57.900555999999995,-171.5217514,2020-07-23T04:54:00Z,57.9088089,-171.5232252,98.19,40,0,0,0,0
1043,202001,2020,15,57.9031266,2020-07-11T23:41:01Z,57.9031266,-170.2795979,2020-07-12T00:06:00Z,57.8948614,-170.2783893,74.82000000000001,40,0,0,0,0
1043,202001,2020,13,57.9037993,2020-07-07T22:29:01Z,57.9037993,-169.0163309,2020-07-07T22:33:00Z,57.9120712,-169.0173581,68.92,40,0,0,0,0
1043,202001,2020,19,57.9085923,2020-08-06T01:40:00Z,57.9085923,-172.7979815,2020-08-06T01:45:00Z,57.9003544,-172.7962299,111.46000000000001,40,0,0,0,0
1043,202001,2020,17,57.9088091,2020-07-23T04:54:01Z,57.9088091,-171.523225,2020-07-23T05:09:00Z,57.9170619,-171.5246995,98.14,40,0,0,0,0
1043,202001,2020,15,57.9113917,2020-07-11T23:34:01Z,57.9113917,-170.2808071,2020-07-11T23:41:00Z,57.9031265,-170.279598,74.88,40,0,0,0,0
1043,202001,2020,13,57.9120713,2020-07-07T22:33:01Z,57.9120713,-169.0173579,2020-07-07T22:54:00Z,57.920342999999995,-169.0183856,68.87,40,0,0,0,0
1043,202001,2020,19,57.91683,2020-08-06T01:39:01Z,57.91683,-172.799734,2020-08-06T01:39:02Z,57.9085922,-172.79798160000001,111.08,40,0,0,0,0
1043,202001,2020,17,57.917061999999994,2020-07-23T05:09:01Z,57.917061999999994,-171.5246994,2020-07-23T05:09:02Z,57.9253148,-171.5261745,98.16,40,2.720276863201226,0.4657539327702197,19.696284818688625,1.207148524828649
1043,202001,2020,15,57.9196566,2020-07-11T23:09:01Z,57.9196566,-170.2820168,2020-07-11T23:34:00Z,57.9113916,-170.2808072,74.92,40,0,0,0,0
1043,202001,2020,13,57.9203431,2020-07-07T22:54:01Z,57.9203431,-169.0183855,2020-07-07T22:54:02Z,57.9286148,-169.0194136,68.87,40,0,0,0,0
1043,202001,2020,19,57.9250677,2020-08-06T01:20:01Z,57.9250677,-172.8014873,2020-08-06T01:39:00Z,57.9168299,-172.7997341,110.95,40,0,0,0,0
1043,202001,2020,17,57.925314900000004,2020-07-23T05:09:03Z,57.925314900000004,-171.5261744,2020-07-23T05:09:04Z,57.9335676,-171.5276502,98.08,40,0,0,0,0
1043,202001,2020,15,57.9279216,2020-07-11T22:48:01Z,57.9279216,-170.2832272,2020-07-11T23:09:00Z,57.9196565,-170.282017,74.93,40,0,0,0,0
1043,202001,2020,13,57.9286149,2020-07-07T22:55:00Z,57.9286149,-169.0194135,2020-07-07T23:08:00Z,57.9368866,-169.0204421,68.95,40,0,0,0,0
1043,202001,2020,19,57.9333052,2020-08-06T01:10:01Z,57.9333052,-172.8032415,2020-08-06T01:20:00Z,57.9250676,-172.8014874,110.5,40,0,0,0,0
1043,202001,2020,17,57.9335677,2020-07-23T05:12:00Z,57.9335677,-171.5276501,2020-07-23T05:17:00Z,57.9418203,-171.5291266,98.12,40,4.200134276110586,0.4915508775213239,30.41125780177293,1.863849214790048
1043,202001,2020,15,57.9361864,2020-07-11T22:28:01Z,57.9361864,-170.2844381,2020-07-11T22:48:00Z,57.9279214,-170.2832273,74.85000000000001,40,0,0,0,0
1043,202001,2020,13,57.9368867,2020-07-07T23:08:01Z,57.9368867,-169.0204419,2020-07-07T23:19:00Z,57.9451582,-169.021471,68.91,40,0,0,0,0
1043,202001,2020,19,57.9415427,2020-08-06T01:02:01Z,57.9415427,-172.8049964,2020-08-06T01:10:00Z,57.9333051,-172.8032416,110.27,40,0,0,0,0
1043,202001,2020,17,57.9418204,2020-07-23T05:17:01Z,57.9418204,-171.5291265,2020-07-23T05:22:00Z,57.950072999999996,-171.5306037,98.07000000000001,40,10.156363405806408,1.3972101807260866,73.5375979809125,4.5069820902402595
1043,202001,2020,15,57.9444512,2020-07-11T22:19:01Z,57.9444512,-170.2856496,2020-07-11T22:28:00Z,57.9361863,-170.2844382,74.86,40,0,0,0,0
1043,202001,2020,13,57.9451583,2020-07-07T23:21:00Z,57.9451583,-169.0214709,2020-07-07T23:28:00Z,57.9534299,-169.0225005,68.8,40,0,0,0,0
1043,202001,2020,19,57.9497801,2020-08-06T00:54:01Z,57.9497801,-172.8067522,2020-08-06T01:02:00Z,57.9415426,-172.8049966,110.11,40,2.5894850028541145,0.18749280575035526,18.74928057503554,1.1491084027317346
1043,202001,2020,17,57.9500731,2020-07-23T05:22:01Z,57.9500731,-171.5306036,2020-07-23T05:34:00Z,57.9583255,-171.5320815,98.02,40,7.777383123010977,1.2113642223275993,56.31248613224509,3.451287143221731
1043,202001,2020,15,57.9527159,2020-07-11T21:55:00Z,57.9527159,-170.2868617,2020-07-11T22:19:00Z,57.944451,-170.2856497,74.9,40,0,0,0,0
1043,202001,2020,13,57.95343,2020-07-07T23:28:01Z,57.95343,-169.0225003,2020-07-07T23:44:00Z,57.9617014,-169.0235304,68.86,40,0,0,0,0
1043,202001,2020,19,57.9580174,2020-08-06T00:49:01Z,57.9580174,-172.8085089,2020-08-06T00:54:00Z,57.94978,-172.8067523,109.88,40,3.3669454339134464,0.24378517176851355,24.378517176851346,1.4941138046309654
1043,202001,2020,17,57.9583257,2020-07-23T05:34:01Z,57.9583257,-171.5320814,2020-07-23T05:34:02Z,57.9665781,-171.53356,97.99000000000001,40,0,0,0,0
1043,202001,2020,15,57.9609805,2020-07-11T21:27:01Z,57.9609805,-170.2880743,2020-07-11T21:54:00Z,57.9527157,-170.2868618,74.92,40,0,0,0,0
1043,202001,2020,13,57.9617015,2020-07-07T23:44:01Z,57.9617015,-169.0235303,2020-07-07T23:51:00Z,57.9699729,-169.0245608,69.13,40,0,0,0,0
1043,202001,2020,19,57.9662546,2020-08-06T00:34:01Z,57.9662546,-172.8102663,2020-08-06T00:49:00Z,57.9580173,-172.80850900000002,109.53,40,0.2541756928711692,0.018403703345425772,1.840370334542577,0.11279286194996205
1043,202001,2020,17,57.9665782,2020-07-23T05:35:00Z,57.9665782,-171.5335599,2020-07-23T05:39:00Z,57.9748305,-171.5350392,97.88,40,0,0,0,0
1043,202001,2020,15,57.969245,2020-07-11T21:05:00Z,57.969245,-170.2892875,2020-07-11T21:27:00Z,57.9609804,-170.2880744,74.86,40,0,0,0,0
1043,202001,2020,13,57.969972999999996,2020-07-07T23:51:01Z,57.969972999999996,-169.0245607,2020-07-08T00:09:00Z,57.9782443,-169.0255917,69.75,40,0,0,0,0
1043,202001,2020,19,57.9744918,2020-08-06T00:26:00Z,57.9744918,-172.8120246,2020-08-06T00:34:00Z,57.9662545,-172.8102664,109.29,40,0,0,0,0
1043,202001,2020,17,57.9748306,2020-07-23T05:39:01Z,57.9748306,-171.5350391,2020-07-23T05:47:00Z,57.9830829,-171.5365191,97.83,40,0,0,0,0
1043,202001,2020,15,57.9775095,2020-07-11T20:42:01Z,57.9775095,-170.2905013,2020-07-11T21:04:00Z,57.9692449,-170.2892876,74.94,40,0,0,0,0
1043,202001,2020,13,57.9782444,2020-07-08T00:09:01Z,57.9782444,-169.0255916,2020-07-08T00:13:00Z,57.9865156,-169.0266231,70.25,40,0,0,0,0
1043,202001,2020,19,57.9827289,2020-08-06T00:24:01Z,57.9827289,-172.8137837,2020-08-06T00:24:02Z,57.9744917,-172.8120247,109,40,2.726789360169612,0.19743438840731517,19.74343884073152,1.2100385068061035
1043,202001,2020,17,57.983083,2020-07-23T05:47:01Z,57.983083,-171.536519,2020-07-23T05:52:00Z,57.9913352,-171.5379997,97.9,40,0,0,0,0
1043,202001,2020,15,57.985774,2020-07-11T20:14:01Z,57.985774,-170.2917156,2020-07-11T20:42:00Z,57.9775094,-170.2905014,74.87,40,42.14563147379717,7.892268236960624,305.15730681711534,18.70252162557275
1043,202001,2020,13,57.9865158,2020-07-08T00:13:01Z,57.9865158,-169.026623,2020-07-08T00:34:00Z,57.9947869,-169.02765499999998,70.39,40,0,0,0,0
1043,202001,2020,19,57.9909658,2020-08-06T00:09:01Z,57.9909658,-172.8155436,2020-08-06T00:24:00Z,57.9827287,-172.8137838,108.74000000000001,40,5.030304258885094,0.36422140241661927,36.422140241661914,2.2322449775963213
1043,202001,2020,17,57.9913353,2020-07-23T05:52:01Z,57.9913353,-171.5379995,2020-07-23T05:57:00Z,57.9995874,-171.5394809,97.84,40,0,0,0,0
1043,202001,2020,15,57.9940383,2020-07-11T19:49:01Z,57.9940383,-170.2929305,2020-07-11T20:14:00Z,57.9857739,-170.2917157,74.83,40,190.68345107827824,33.08949735096137,1380.6519525473843,84.61758058240419
1043,202001,2020,13,57.994786999999995,2020-07-08T00:34:01Z,57.994786999999995,-169.0276549,2020-07-08T00:34:02Z,58.0030582,-169.0286874,70.4,40,0,0,0,0
1043,202001,2020,19,57.9992028,2020-08-06T00:01:00Z,57.9992028,-172.8173043,2020-08-06T00:09:00Z,57.9909657,-172.8155437,108.61,40,2.803018990159931,0.2029538284474946,20.295382844749437,1.243866124368074
1043,202001,2020,17,57.9995875,2020-07-23T05:57:01Z,57.9995875,-171.5394808,2020-07-23T06:04:00Z,58.0078395,-171.5409629,97.78,40,0,0,0,0
1043,202001,2020,15,58.0023026,2020-07-11T19:25:00Z,58.0023026,-170.294146,2020-07-11T19:49:00Z,57.9940382,-170.2929307,74.81,40,60.22421720587368,10.307824092672503,436.05610558093775,26.725064622090553
1043,202001,2020,13,58.0030583,2020-07-08T00:36:00Z,58.0030583,-169.0286873,2020-07-08T00:46:00Z,58.0113293,-169.0297202,70.37,40,0,0,0,0
1043,202001,2020,19,58.0074396,2020-08-05T23:59:01Z,58.0074396,-172.8190659,2020-08-05T23:59:02Z,57.9992026,-172.8173044,108.4,40,29.281109184191266,2.1201116478278426,212.01116478278422,12.993768478200822
1043,202001,2020,17,58.0078396,2020-07-23T06:05:00Z,58.0078396,-171.5409628,2020-07-23T06:10:00Z,58.0160916,-171.5424456,97.82000000000001,40,0,0,0,0
1043,202001,2020,15,58.0105669,2020-07-11T19:00:00Z,58.0105669,-170.2953621,2020-07-11T19:24:00Z,58.0023025,-170.2941462,74.7,40,3.286776415531703,0.6322776231315269,23.798049857130334,1.4585380463007651
1043,202001,2020,13,58.0113294,2020-07-08T00:46:01Z,58.0113294,-169.0297201,2020-07-08T00:59:00Z,58.0196004,-169.0307536,70.34,40,0,0,0,0
1043,202001,2020,19,58.0156763,2020-08-05T23:38:01Z,58.0156763,-172.8208283,2020-08-05T23:59:00Z,58.0074395,-172.819066,108.25,40,27.4416989040662,1.9869283337840933,198.69283337840938,12.177512810902819
1043,202001,2020,17,58.0160917,2020-07-23T06:10:01Z,58.0160917,-171.5424455,2020-07-23T06:17:00Z,58.0243436,-171.5439289,97.76,40,0,0,0,0
1043,202001,2020,15,58.018831,2020-07-11T18:38:01Z,58.018831,-170.2965787,2020-07-11T18:59:00Z,58.0105667,-170.2953622,74.72,40,0,0,0,0
1043,202001,2020,13,58.0196005,2020-07-08T00:59:01Z,58.0196005,-169.0307535,2020-07-08T01:10:00Z,58.0278714,-169.0317874,70.45,40,0,0,0,0
1043,202001,2020,19,58.023913,2020-08-05T23:34:01Z,58.023913,-172.8225915,2020-08-05T23:38:00Z,58.0156762,-172.8208284,108.04,40,5.109200011104783,0.3699338842147949,36.99338842147953,2.2672557120533896
1043,202001,2020,17,58.0243437,2020-07-23T06:17:01Z,58.0243437,-171.5439288,2020-07-23T06:24:00Z,58.0325955,-171.545413,97.68,40,0,0,0,0
1043,202001,2020,15,58.0270951,2020-07-11T18:16:01Z,58.0270951,-170.2977959,2020-07-11T18:38:00Z,58.0188309,-170.2965789,74.57000000000001,40,0,0,0,0
1043,202001,2020,13,58.0278715,2020-07-08T01:10:01Z,58.0278715,-169.0317873,2020-07-08T01:20:00Z,58.0361424,-169.0328217,70.57000000000001,40,0,0,0,0
1043,202001,2020,19,58.0321496,2020-08-05T23:21:01Z,58.0321496,-172.8243556,2020-08-05T23:34:00Z,58.0239129,-172.8225917,107.88,40,10.428522608895825,0.7550817871576028,75.50817871576027,4.627755304530407
1043,202001,2020,17,58.0325956,2020-07-23T06:25:00Z,58.0325956,-171.5454129,2020-07-23T06:30:00Z,58.0408474,-171.5468978,97.67,40,4.302549966496113,0.3894100391633462,31.15280313306767,1.909297143727218
1043,202001,2020,15,58.0353591,2020-07-11T17:53:01Z,58.0353591,-170.2990137,2020-07-11T18:16:00Z,58.027094999999996,-170.2977961,74.56,40,0,0,0,0
1043,202001,2020,13,58.0361425,2020-07-08T01:20:01Z,58.0361425,-169.0328216,2020-07-08T01:32:00Z,58.0444133,-169.0338565,70.59,40,0,0,0,0
1043,202001,2020,19,58.0403861,2020-08-05T23:11:00Z,58.0403861,-172.8261205,2020-08-05T23:21:00Z,58.0321495,-172.8243557,107.71000000000001,40,11.519958408836906,0.8341076784841743,83.41076784841745,5.112090238840581
1043,202001,2020,17,58.0408475,2020-07-23T06:30:01Z,58.0408475,-171.5468977,2020-07-23T06:37:00Z,58.0490992,-171.5483832,97.66,40,0,0,0,0
1043,202001,2020,15,58.0436231,2020-07-11T17:30:01Z,58.0436231,-170.3002321,2020-07-11T17:53:00Z,58.035359,-170.2990139,74.5,40,0,0,0,0
1043,202001,2020,13,58.0444134,2020-07-08T01:32:01Z,58.0444134,-169.0338564,2020-07-08T01:49:00Z,58.0526842,-169.0348918,70.62,40,0,0,0,0
1043,202001,2020,19,58.0486225,2020-08-05T23:09:01Z,58.0486225,-172.8278862,2020-08-05T23:09:02Z,58.040386,-172.8261206,107.58,40,14.80602688974357,1.0720369187361611,107.20369187361632,6.570314132471868
1043,202001,2020,17,58.0490993,2020-07-23T06:37:01Z,58.0490993,-171.5483831,2020-07-23T06:49:00Z,58.0573509,-171.5498694,97.66,40,3.0384830897023942,0.27500338826320586,22.00027106105646,1.348355540227861
1043,202001,2020,15,58.051887,2020-07-11T16:57:01Z,58.051887,-170.301451,2020-07-11T17:30:00Z,58.043623,-170.3002322,74.43,40,0,0,0,0
1043,202001,2020,13,58.0526843,2020-07-08T01:49:01Z,58.0526843,-169.0348917,2020-07-08T01:52:00Z,58.0609549,-169.0359276,70.67,40,0,0,0,0
1043,202001,2020,19,58.0568589,2020-08-05T22:53:01Z,58.0568589,-172.8296528,2020-08-05T23:09:00Z,58.0486224,-172.8278863,107.59,40,32.689366974904374,2.556597464418486,236.68880590435782,14.506215030958467
1043,202001,2020,17,58.057351,2020-07-23T06:49:01Z,58.057351,-171.5498693,2020-07-23T06:49:02Z,58.0656025,-171.5513563,97.63,40,0,0,0,0
1043,202001,2020,15,58.0601508,2020-07-11T16:35:01Z,58.0601508,-170.3026705,2020-07-11T16:57:00Z,58.0518869,-170.3014512,74.48,40,0,0,0,0
1043,202001,2020,13,58.060955,2020-07-08T01:52:01Z,58.060955,-169.0359275,2020-07-08T02:14:00Z,58.0692256,-169.0369639,70.88,40,0,0,0,0
1043,202001,2020,19,58.0650952,2020-08-05T22:45:00Z,58.0650952,-172.8314202,2020-08-05T22:53:00Z,58.0568588,-172.8296529,107.51,40,14.539726741204111,1.0527553388210984,105.27553388210961,6.452140928920537
1043,202001,2020,17,58.0656026,2020-07-23T06:50:00Z,58.0656026,-171.5513562,2020-07-23T06:55:00Z,58.0738541,-171.5528439,97.67,40,2.2712338293898213,0.20556211115244177,16.4449688921953,1.007881441693545
1043,202001,2020,15,58.0684146,2020-07-11T16:12:01Z,58.0684146,-170.3038906,2020-07-11T16:35:00Z,58.0601507,-170.3026707,74.32000000000001,40,0,0,0,0
1043,202001,2020,13,58.0692258,2020-07-08T02:14:01Z,58.0692258,-169.0369638,2020-07-08T02:14:02Z,58.0774963,-169.0380007,70.99,40,0,0,0,0
1043,202001,2020,19,58.0733314,2020-08-05T22:44:01Z,58.0733314,-172.8331884,2020-08-05T22:44:02Z,58.0650951,-172.8314203,107.41,40,22.013635649935324,1.593907015573839,159.39070155738415,9.768758526168096
1043,202001,2020,17,58.0738542,2020-07-23T06:55:01Z,58.0738542,-171.5528437,2020-07-23T07:14:00Z,58.0821056,-171.5543321,97.61,40,0,0,0,0
1043,202001,2020,15,58.0766783,2020-07-11T15:44:01Z,58.0766783,-170.3051113,2020-07-11T16:12:00Z,58.0684145,-170.3038908,74.32000000000001,40,0.5850969913503963,0.12170348010564803,4.2364206173607855,0.25964231051068015
1043,202001,2020,13,58.0774964,2020-07-08T02:15:00Z,58.0774964,-169.0380005,2020-07-08T02:23:00Z,58.0857669,-169.0390379,70.97,40,0,0,0,0
1043,202001,2020,19,58.0815675,2020-08-05T22:25:01Z,58.0815675,-172.8349574,2020-08-05T22:44:00Z,58.0733313,-172.8331885,107.42,40,30.31953545312976,2.1952993606408406,219.52993606408364,13.454579932964748
1043,202001,2020,17,58.0821057,2020-07-23T07:14:01Z,58.0821057,-171.554332,2020-07-23T07:14:02Z,58.090357,-171.5558211,97.65,40,0,0,0,0
1043,202001,2020,15,58.0849419,2020-07-11T15:15:00Z,58.0849419,-170.3063325,2020-07-11T15:44:00Z,58.0766781,-170.3051114,74.43,40,0,0,0,0
1043,202001,2020,13,58.085767,2020-07-08T02:23:01Z,58.085767,-169.0390378,2020-07-08T02:39:00Z,58.0940374,-169.0400757,70.84,40,0,0,0,0
1043,202001,2020,19,58.0898035,2020-08-05T22:20:00Z,58.0898035,-172.8367273,2020-08-05T22:25:00Z,58.0815674,-172.8349576,107.45,40,13.837001125800224,1.0018741801507425,100.18741801507431,6.14029980661807
1043,202001,2020,17,58.0903571,2020-07-23T07:14:03Z,58.0903571,-171.55582099999998,2020-07-23T07:14:04Z,58.0986083,-171.5573108,97.57000000000001,40,0,0,0,0
1043,202001,2020,15,58.0932054,2020-07-11T14:50:00Z,58.0932054,-170.3075544,2020-07-11T15:14:00Z,58.0849418,-170.3063327,74.38,40,0,0,0,0
1043,202001,2020,13,58.0940375,2020-07-08T02:39:01Z,58.0940375,-169.0400756,2020-07-08T02:39:02Z,58.1023079,-169.0411139,70.76,40,1.9542229573105945,0.47165458887780437,14.149637666334176,0.867204876097665
1043,202001,2020,19,58.0980395,2020-08-05T22:19:01Z,58.0980395,-172.8384981,2020-08-05T22:19:02Z,58.0898034,-172.8367274,107.39,40,5.325453753413353,0.385591831974585,38.55918319745848,2.3632203506340597
1043,202001,2020,17,58.0986085,2020-07-23T07:15:00Z,58.0986085,-171.5573107,2020-07-23T07:23:00Z,58.1068596,-171.5588012,97.53,40,0,0,0,0
1043,202001,2020,15,58.1014689,2020-07-11T08:13:01Z,58.1014689,-170.3087768,2020-07-11T14:49:00Z,58.0932053,-170.3075545,74.54,40,0,0,0,0
1043,202001,2020,13,58.102308,2020-07-08T02:40:00Z,58.102308,-169.0411138,2020-07-08T02:50:00Z,58.1105783,-169.0421527,70.69,40,0,0,0,0
1043,202001,2020,19,58.1062754,2020-08-05T22:02:01Z,58.1062754,-172.8402696,2020-08-05T22:19:00Z,58.0980394,-172.8384982,107.35000000000001,40,39.65080975844542,2.8709343995777337,287.09343995777266,17.595420949852098
1043,202001,2020,17,58.1068597,2020-07-23T07:23:01Z,58.1068597,-171.5588011,2020-07-23T07:39:00Z,58.1151108,-171.5602923,97.48,40,0,0,0,0
1043,202001,2020,15,58.1097324,2020-07-11T07:48:01Z,58.1097324,-170.3099997,2020-07-11T08:13:00Z,58.1014688,-170.3087769,74.85000000000001,40,81.483677057166,14.149300302200452,589.9861639463074,36.15915052169299
1043,202001,2020,13,58.1105784,2020-07-08T02:50:01Z,58.1105784,-169.0421525,2020-07-08T03:04:00Z,58.1188486,-169.0431919,70.60000000000001,40,0,0,0,0
1043,202001,2020,19,58.1145112,2020-08-05T21:55:00Z,58.1145112,-172.842042,2020-08-05T22:02:00Z,58.1062753,-172.8402697,107.34,40,9.34877807336126,0.6769024069959668,67.69024069959656,4.148608479111877
1043,202001,2020,17,58.1151109,2020-07-23T07:39:01Z,58.1151109,-171.5602921,2020-07-23T07:39:02Z,58.123362,-171.5617841,97.47,40,0,0,0,0
1043,202001,2020,15,58.1179957,2020-07-11T07:19:01Z,58.1179957,-170.3112233,2020-07-11T07:48:00Z,58.1097323,-170.3099999,74.86,40,19.047760361202297,3.481202046024405,137.91615048729525,8.45262338270091
1043,202001,2020,13,58.1188487,2020-07-08T03:04:01Z,58.1188487,-169.0431917,2020-07-08T03:11:00Z,58.1271189,-169.0442316,70.51,40,105.29238655981256,25.420333172422186,762.374177046449,46.724490007164185
1043,202001,2020,19,58.1227469,2020-08-05T21:54:01Z,58.1227469,-172.8438152,2020-08-05T21:54:02Z,58.1145111,-172.8420421,107.33,40,5.877644891867984,0.4255734753303989,42.55734753303986,2.6082603784437772
1043,202001,2020,17,58.1233621,2020-07-23T07:39:03Z,58.1233621,-171.5617839,2020-07-23T07:43:00Z,58.131612999999994,-171.5632766,97.53,40,0,0,0,0
1043,202001,2020,15,58.126259,2020-07-11T06:35:01Z,58.126259,-170.3124474,2020-07-11T07:19:00Z,58.1179956,-170.3112234,74.74,40,6.739949468347175,1.2890641245670622,48.80090191845848,2.9909161704078646
1043,202001,2020,13,58.127119,2020-07-08T03:11:01Z,58.127119,-169.0442315,2020-07-08T03:29:00Z,58.1353891,-169.0452718,70.42,40,0,0,0,0
1043,202001,2020,19,58.1309826,2020-08-05T21:40:01Z,58.1309826,-172.8455893,2020-08-05T21:54:00Z,58.1227468,-172.8438153,107.32000000000001,40,5.628967762991812,0.40756789794047443,40.756789794047506,2.497907556147509
1043,202001,2020,17,58.1316132,2020-07-23T07:43:01Z,58.1316132,-171.5632764,2020-07-23T07:50:00Z,58.139863999999996,-171.5647698,97.37,40,0,0,0,0
1043,202001,2020,15,58.1345223,2020-07-11T06:07:01Z,58.1345223,-170.3136721,2020-07-11T06:35:00Z,58.1262589,-170.3124476,74.78,40,17.91206560606606,3.399210814399959,129.69310243404294,7.948648119423848
1043,202001,2020,13,58.1353892,2020-07-08T03:29:01Z,58.1353892,-169.0452717,2020-07-08T03:29:02Z,58.1436593,-169.0463125,70.42,40,0,0,0,0
1043,202001,2020,19,58.1392181,2020-08-05T21:30:00Z,58.1392181,-172.8473642,2020-08-05T21:40:00Z,58.1309825,-172.8455894,107.28,40,0.9662286214049514,0.0699602102440593,6.996021024405926,0.4287730674603491
1043,202001,2020,17,58.1398642,2020-07-23T07:50:01Z,58.1398642,-171.5647696,2020-07-23T07:55:00Z,58.148115,-171.5662637,97.45,40,0,0,0,0
1043,202001,2020,15,58.1427854,2020-07-11T05:39:01Z,58.1427854,-170.3148974,2020-07-11T06:07:00Z,58.1345222,-170.3136723,74.60000000000001,40,62.429019005647874,12.112605281518691,452.02007042751796,27.703466223832255
1043,202001,2020,13,58.1436594,2020-07-08T03:31:00Z,58.1436594,-169.0463124,2020-07-08T03:41:00Z,58.1519294,-169.0473537,70.44,40,0,0,0,0
1043,202001,2020,19,58.1474536,2020-08-05T21:29:01Z,58.1474536,-172.8491399,2020-08-05T21:29:02Z,58.139218,-172.8473643,107.28,40,4.102297722667153,0.2970286791382857,29.70286791382858,1.8204333210767236
1043,202001,2020,17,58.1481151,2020-07-23T07:55:01Z,58.1481151,-171.5662635,2020-07-23T08:00:00Z,58.1563658,-171.5677583,97.35000000000001,40,0,0,0,0
1043,202001,2020,15,58.1510485,2020-07-11T04:56:01Z,58.1510485,-170.3161233,2020-07-11T05:39:00Z,58.1427853,-170.3148976,74.51,40,4.256377639434004,0.8590071042065831,30.81849035893087,1.8888077379410215
1043,202001,2020,13,58.1519295,2020-07-08T03:41:01Z,58.1519295,-169.0473536,2020-07-08T03:54:00Z,58.1601994,-169.0483954,70.39,40,0,0,0,0
1043,202001,2020,19,58.155688999999995,2020-08-05T21:14:01Z,58.155688999999995,-172.8509165,2020-08-05T21:29:00Z,58.1474535,-172.84913999999998,107.4,40,3.604218998492032,0.26096506904700467,26.09650690470047,1.5994061876734806
1043,202001,2020,15,58.1593116,2020-07-11T04:25:00Z,58.1593116,-170.3173498,2020-07-11T04:56:00Z,58.1510484,-170.3161234,74.46000000000001,40,3.69469478304368,0.7651423179873923,26.75160082026113,1.6395556707395935
1043,202001,2020,13,58.1601995,2020-07-08T03:54:01Z,58.1601995,-169.0483953,2020-07-08T03:58:00Z,58.1684694,-169.0494376,70.34,40,0,0,0,0
1043,202001,2020,19,58.1639244,2020-08-05T21:07:01Z,58.1639244,-172.8526939,2020-08-05T21:14:00Z,58.1556889,-172.8509166,107.42,40,4.221383133542959,0.3056511109285566,30.565111092855663,1.8732785957662172
1043,202001,2020,15,58.1675746,2020-07-11T03:59:01Z,58.1675746,-170.3185768,2020-07-11T04:24:00Z,58.1593115,-170.3173499,74.43,40,6.961461383005125,1.4329985338673807,50.40476872365628,3.0892141725813054
1043,202001,2020,13,58.1684695,2020-07-08T03:58:01Z,58.1684695,-169.0494374,2020-07-08T04:06:00Z,58.1767393,-169.0504802,70.29,40,0,0,0,0
1043,202001,2020,19,58.1721597,2020-08-05T21:00:00Z,58.1721597,-172.8544722,2020-08-05T21:07:00Z,58.1639243,-172.85269399999999,107.43,40,14.919962729259892,1.080286493536903,108.02864935369026,6.620874236282548
1043,202001,2020,17,58.1728674,2020-07-23T15:03:00Z,58.1728674,-171.5707495,2020-07-23T15:07:00Z,58.181118,-171.5722464,97.02,40,0,0,0,0
1043,202001,2020,15,58.1758375,2020-07-11T03:21:01Z,58.1758375,-170.3198044,2020-07-11T03:59:00Z,58.1675745,-170.3185769,74.42,40,4.533573078265872,0.9346066288906467,32.825536181189136,2.0118158293605624
1043,202001,2020,13,58.1767394,2020-07-08T04:06:01Z,58.1767394,-169.0504801,2020-07-08T04:19:00Z,58.1850091,-169.0515234,70.26,40,0,0,0,0
1043,202001,2020,19,58.1803948,2020-08-05T20:52:01Z,58.1803948,-172.8562513,2020-08-05T20:59:00Z,58.1721595,-172.8544723,107.45,40,104.97586680277581,7.600824017607512,760.082401760752,46.584031378502246
1043,202001,2020,17,58.1811181,2020-07-23T15:07:01Z,58.1811181,-171.5722463,2020-07-23T15:17:00Z,58.1893686,-171.5737438,97.03,40,0,0,0,0
1043,202001,2020,15,58.1841003,2020-07-11T02:44:01Z,58.1841003,-170.3210326,2020-07-11T03:21:00Z,58.1758374,-170.3198046,74.42,40,0.824724323033022,0.17077400706532078,5.971452899923794,0.3659791999142457
1043,202001,2020,13,58.1850092,2020-07-08T04:19:01Z,58.1850092,-169.0515233,2020-07-08T04:24:00Z,58.1932789,-169.0525671,70.21000000000001,40,0,0,0,0
1043,202001,2020,19,58.1886299,2020-08-05T20:44:01Z,58.1886299,-172.8580312,2020-08-05T20:52:00Z,58.1803947,-172.8562514,107.43,40,51.12295842738747,3.7015803927209143,370.1580392720916,22.686295165512377
1043,202001,2020,17,58.1893687,2020-07-23T15:17:01Z,58.1893687,-171.5737437,2020-07-23T15:34:00Z,58.1976191,-171.575242,97.05,40,0,0,0,0
1043,202001,2020,15,58.1923631,2020-07-11T02:02:01Z,58.1923631,-170.3222614,2020-07-11T02:44:00Z,58.1841002,-170.3210328,74.42,40,0,0,0,0
1043,202001,2020,13,58.193279,2020-07-08T04:24:01Z,58.193279,-169.052567,2020-07-08T04:44:00Z,58.2015486,-169.0536112,70.14,40,0,0,0,0
1043,202001,2020,19,58.196864999999995,2020-08-05T20:39:03Z,58.196864999999995,-172.85981199999998,2020-08-05T20:44:00Z,58.1886298,-172.8580313,107.47,40,6.3690930170532605,0.4611569939722051,46.115699397220574,2.8263451209832087
1043,202001,2020,17,58.1976192,2020-07-23T15:34:01Z,58.1976192,-171.5752419,2020-07-23T15:34:02Z,58.2058695,-171.5767408,97.02,40,0,0,0,0
1043,202001,2020,15,58.2006258,2020-07-11T01:30:00Z,58.2006258,-170.3234908,2020-07-11T02:02:00Z,58.192363,-170.3222615,74.43,40,0,0,0,0
1043,202001,2020,13,58.2015487,2020-07-08T04:44:01Z,58.2015487,-169.0536111,2020-07-08T04:44:02Z,58.2098183,-169.0546559,70.08,40,0,0,0,0
1043,202001,2020,19,58.2050999,2020-08-05T20:39:01Z,58.2050999,-172.8615936,2020-08-05T20:39:02Z,58.1968649,-172.8598121,107.67,40,61.297256824839266,4.438254963524391,443.8254963524388,27.201236077518324
1043,202001,2020,17,58.2058696,2020-07-23T15:35:00Z,58.2058696,-171.5767407,2020-07-23T15:42:00Z,58.2141199,-171.5782404,96.99000000000001,40,13.0075386647241,4.370064504009251,94.1816584173031,5.772218013241174
1043,202001,2020,15,58.2088885,2020-07-11T00:51:01Z,58.2088885,-170.3247207,2020-07-11T01:29:00Z,58.2006257,-170.3234909,74.45,40,0,0,0,0
1043,202001,2020,13,58.2098184,2020-07-08T04:44:03Z,58.2098184,-169.0546558,2020-07-08T04:49:00Z,58.2180879,-169.0557011,70.01,40,0,0,0,0
1043,202001,2020,19,58.2133348,2020-08-05T20:24:01Z,58.2133348,-172.8633761,2020-08-05T20:39:00Z,58.2050998,-172.8615937,107.69,40,9.93063071184004,0.7190317043664447,71.90317043664433,4.406811077424149
1043,202001,2020,17,58.214119999999994,2020-07-23T15:42:01Z,58.214119999999994,-171.5782403,2020-07-23T15:52:00Z,58.2223702,-171.5797407,96.98,40,0,0,0,0
1043,202001,2020,15,58.2171511,2020-07-11T00:24:01Z,58.2171511,-170.3259513,2020-07-11T00:51:00Z,58.2088884,-170.3247208,74.46000000000001,40,0,0,0,0
1043,202001,2020,13,58.218087999999995,2020-07-08T04:49:01Z,58.218087999999995,-169.0557009,2020-07-08T05:09:00Z,58.2263574,-169.0567467,69.91,40,0,0,0,0
1043,202001,2020,19,58.2215696,2020-08-05T20:17:00Z,58.2215696,-172.8651594,2020-08-05T20:24:00Z,58.2133347,-172.8633762,107.71000000000001,40,3.929204144146258,0.28449576210710686,28.449576210710717,1.743621412408384
1043,202001,2020,17,58.2223703,2020-07-23T15:52:01Z,58.2223703,-171.5797406,2020-07-23T15:59:00Z,58.2306204,-171.5812417,96.89,40,0.4545350181794868,0.15312444362729105,3.291080881964158,0.20170420301727301
1043,202001,2020,15,58.2254136,2020-07-10T23:58:01Z,58.2254136,-170.3271824,2020-07-11T00:24:00Z,58.217150999999994,-170.3259514,74.48,40,0,0,0,0
1043,202001,2020,13,58.2263575,2020-07-08T05:09:01Z,58.2263575,-169.0567466,2020-07-08T05:09:02Z,58.2346269,-169.0577929,69.8,40,0,0,0,0
1043,202001,2020,19,58.2298043,2020-08-05T20:14:03Z,58.2298043,-172.8669435,2020-08-05T20:14:04Z,58.2215695,-172.8651595,107.81,40,28.439573680343273,2.059179897853973,205.91798978539697,12.62032915818044
1043,202001,2020,17,58.2306205,2020-07-23T16:00:00Z,58.2306205,-171.5812416,2020-07-23T16:10:00Z,58.2388706,-171.5827434,96.9,40,0,0,0,0
1043,202001,2020,15,58.2336761,2020-07-10T23:28:01Z,58.2336761,-170.3284141,2020-07-10T23:58:00Z,58.2254135,-170.3271825,74.51,40,0,0,0,0
1043,202001,2020,13,58.234626999999996,2020-07-08T05:12:00Z,58.234626999999996,-169.0577927,2020-07-08T05:17:00Z,58.2428963,-169.0588395,69.68,40,0,0,0,0
1043,202001,2020,19,58.238039,2020-08-05T20:14:01Z,58.238039,-172.8687285,2020-08-05T20:14:02Z,58.2298042,-172.8669436,108,40,0,0,0,0
1043,202001,2020,17,58.2388707,2020-07-23T16:10:01Z,58.2388707,-171.5827433,2020-07-23T16:20:00Z,58.2471207,-171.5842458,96.95,40,0,0,0,0
1043,202001,2020,15,58.2419385,2020-07-10T23:06:01Z,58.2419385,-170.3296464,2020-07-10T23:28:00Z,58.2336759,-170.3284142,74.54,40,0,0,0,0
1043,202001,2020,13,58.2428965,2020-07-08T05:17:01Z,58.2428965,-169.0588394,2020-07-08T05:34:00Z,58.2511657,-169.0598866,69.62,40,0,0,0,0
1043,202001,2020,19,58.2462736,2020-08-05T19:56:01Z,58.2462736,-172.8705144,2020-08-05T20:14:00Z,58.2380389,-172.8687286,108.03,40,0.8288185108918416,0.06001097048010129,6.001097048010115,0.36779603440672065
1043,202001,2020,17,58.2471208,2020-07-23T16:20:01Z,58.2471208,-171.5842457,2020-07-23T16:27:00Z,58.2553707,-171.585749,96.88,40,0,0,0,0
1043,202001,2020,15,58.2502008,2020-07-10T22:38:01Z,58.2502008,-170.3308792,2020-07-10T23:06:00Z,58.2419383,-170.3296465,74.56,40,0,0,0,0
1043,202001,2020,13,58.2511658,2020-07-08T05:34:01Z,58.2511658,-169.0598865,2020-07-08T05:37:00Z,58.259434999999996,-169.0609343,69.52,40,0,0,0,0
1043,202001,2020,19,58.254507999999994,2020-08-05T19:51:00Z,58.254507999999994,-172.872301,2020-08-05T19:56:00Z,58.2462734,-172.8705145,108.09,40,7.745689775454814,0.5608300904894964,56.08300904894952,3.4372229212056387
1043,202001,2020,17,58.2553708,2020-07-23T16:27:01Z,58.2553708,-171.5857489,2020-07-23T16:49:00Z,58.2636206,-171.5872528,96.83,40,0.781229140581858,0.25075208502262825,5.656524109627503,0.34667780230897133
1043,202001,2020,15,58.2584631,2020-07-10T22:18:01Z,58.2584631,-170.3321127,2020-07-10T22:38:00Z,58.2502007,-170.3308794,74.56,40,0,0,0,0
1043,202001,2020,13,58.2594351,2020-07-08T05:37:01Z,58.2594351,-169.0609342,2020-07-08T05:47:00Z,58.2677043,-169.0619824,69.36,40,0,0,0,0
1043,202001,2020,19,58.2627425,2020-08-05T19:49:01Z,58.2627425,-172.8740886,2020-08-05T19:49:02Z,58.2545079,-172.8723012,108.32000000000001,40,58.46975118925906,4.233528168696229,423.3528168696241,25.94650377320476
1043,202001,2020,17,58.2636207,2020-07-23T16:49:01Z,58.2636207,-171.5872527,2020-07-23T16:49:02Z,58.2718705,-171.5887574,96.81,40,0,0,0,0
1043,202001,2020,15,58.2667253,2020-07-10T21:55:01Z,58.2667253,-170.3333467,2020-07-10T22:18:00Z,58.258463,-170.3321128,74.57000000000001,40,0,0,0,0
1043,202001,2020,13,58.2677044,2020-07-08T05:47:01Z,58.2677044,-169.0619823,2020-07-08T05:57:00Z,58.2759734,-169.0630311,69.29,40,0,0,0,0
1043,202001,2020,19,58.2709768,2020-08-05T19:36:01Z,58.2709768,-172.8758769,2020-08-05T19:49:00Z,58.2627424,-172.8740887,108.37,40,165.59478966351955,11.989963910751579,1198.996391075156,73.48425035913012
1043,202001,2020,17,58.2718706,2020-07-23T16:50:00Z,58.2718706,-171.5887573,2020-07-23T17:00:00Z,58.2801203,-171.5902627,96.82000000000001,40,0,0,0,0
1043,202001,2020,15,58.2749874,2020-07-10T21:44:01Z,58.2749874,-170.3345814,2020-07-10T21:55:00Z,58.2667252,-170.3333469,74.59,40,0,0,0,0
1043,202001,2020,13,58.2759735,2020-07-08T05:57:01Z,58.2759735,-169.0630309,2020-07-08T06:07:00Z,58.2842426,-169.0640802,69.18,40,0,0,0,0
1043,202001,2020,19,58.2792111,2020-08-05T19:29:01Z,58.2792111,-172.8776662,2020-08-05T19:36:00Z,58.2709767,-172.8758771,108.54,40,235.0488914588109,17.760885919289965,1701.8818838320958,104.30516335503012
1043,202001,2020,17,58.2801204,2020-07-23T17:00:01Z,58.2801204,-171.5902625,2020-07-23T17:14:00Z,58.2883701,-171.5917687,96.79,40,0,0,0,0
1043,202001,2020,15,58.2832495,2020-07-10T21:12:01Z,58.2832495,-170.3358166,2020-07-10T21:44:00Z,58.2749873,-170.3345815,74.61,40,41.499868898839374,8.180311950333394,300.4816343612424,18.415958389934854
1043,202001,2020,13,58.2842427,2020-07-08T06:07:01Z,58.2842427,-169.0640801,2020-07-08T06:17:00Z,58.2925116,-169.0651298,69.06,40,0,0,0,0
1043,202001,2020,19,58.2874453,2020-08-05T19:24:03Z,58.2874453,-172.8794562,2020-08-05T19:29:00Z,58.279211,-172.8776663,108.69,40,22.423878590920577,1.6236108369745554,162.36108369745546,9.950807702018874
1043,202001,2020,17,58.2883702,2020-07-23T17:14:01Z,58.2883702,-171.5917685,2020-07-23T17:20:00Z,58.2966198,-171.5932754,96.73,40,0,0,0,0
1043,202001,2020,15,58.2915115,2020-07-10T20:54:01Z,58.2915115,-170.3370524,2020-07-10T21:12:00Z,58.2832494,-170.3358167,74.67,40,0,0,0,0
1043,202001,2020,13,58.2925117,2020-07-08T06:17:01Z,58.2925117,-169.0651297,2020-07-08T06:30:00Z,58.3007806,-169.06618,68.9,40,0,0,0,0
1043,202001,2020,19,58.2956794,2020-08-05T19:24:01Z,58.2956794,-172.8812472,2020-08-05T19:24:02Z,58.2874452,-172.8794564,108.85000000000001,40,4.444263964794047,0.3217888959912927,32.178889599129256,1.9721840675940792
1043,202001,2020,17,58.2966199,2020-07-23T17:20:01Z,58.2966199,-171.5932752,2020-07-23T17:39:00Z,58.3048694,-171.5947828,96.71000000000001,40,0,0,0,0
1043,202001,2020,15,58.2997735,2020-07-10T20:04:01Z,58.2997735,-170.3382888,2020-07-10T20:54:00Z,58.2915114,-170.3370525,74.66,40,0,0,0,0
1043,202001,2020,13,58.3007807,2020-07-08T06:30:01Z,58.3007807,-169.0661798,2020-07-08T06:49:00Z,58.3090496,-169.0672306,68.77,40,0,0,0,0
1043,202001,2020,19,58.3039134,2020-08-05T19:06:01Z,58.3039134,-172.8830389,2020-08-05T19:24:00Z,58.2956793,-172.8812473,109.01,40,60.92456370776953,4.4112699537150135,441.12699537150115,27.03584999032605
1043,202001,2020,17,58.3048695,2020-07-23T17:39:01Z,58.3048695,-171.5947827,2020-07-23T17:39:02Z,58.3131189,-171.5962909,96.64,40,0,0,0,0
1043,202001,2020,15,58.3080354,2020-07-10T19:21:01Z,58.3080354,-170.3395258,2020-07-10T20:04:00Z,58.2997734,-170.3382889,74.61,40,0,0,0,0
1043,202001,2020,13,58.3090497,2020-07-08T06:49:01Z,58.3090497,-169.0672305,2020-07-08T06:52:00Z,58.3173185,-169.0682817,68.69,40,0,0,0,0
1043,202001,2020,19,58.3121474,2020-08-05T19:01:00Z,58.3121474,-172.8848315,2020-08-05T19:06:00Z,58.3039133,-172.883039,109.14,40,75.05091982096957,5.434095009574897,543.4095009574884,33.304553802770364
1043,202001,2020,17,58.313119,2020-07-23T17:40:00Z,58.313119,-171.5962908,2020-07-23T17:50:00Z,58.3213684,-171.5977998,96.47,40,0,0,0,0
1043,202001,2020,15,58.3162972,2020-07-10T18:50:00Z,58.3162972,-170.3407633,2020-07-10T19:21:00Z,58.3080353,-170.3395259,74.66,40,0,0,0,0
1043,202001,2020,13,58.3173186,2020-07-08T06:52:01Z,58.3173186,-169.0682816,2020-07-08T07:14:00Z,58.3255873,-169.0693334,68.64,40,0,0,0,0
1043,202001,2020,19,58.3203813,2020-08-05T18:59:01Z,58.3203813,-172.88662499999998,2020-08-05T18:59:02Z,58.3121473,-172.8848317,109.18,40,58.50438077705152,4.236035539300838,423.6035539300833,25.961870979530186
1043,202001,2020,17,58.3213685,2020-07-23T17:50:01Z,58.3213685,-171.5977996,2020-07-23T18:04:00Z,58.3296178,-171.5993093,96.5,40,0,0,0,0
1043,202001,2020,15,58.324559,2020-07-10T18:24:01Z,58.324559,-170.3420015,2020-07-10T18:49:00Z,58.3162971,-170.3407634,74.66,40,0,0,0,0
1043,202001,2020,13,58.3255874,2020-07-08T07:14:01Z,58.3255874,-169.0693332,2020-07-08T07:14:02Z,58.3338561,-169.0703855,68.59,40,0,0,0,0
1043,202001,2020,19,58.3286151,2020-08-05T18:43:01Z,58.3286151,-172.8884193,2020-08-05T18:59:00Z,58.3203812,-172.8866251,109.26,40,14.412535432035364,1.0435459958834752,104.35459958834755,6.395698585381507
1043,202001,2020,17,58.3296179,2020-07-23T18:04:01Z,58.3296179,-171.5993092,2020-07-23T18:11:00Z,58.3378671,-171.6008196,96.55,40,0,0,0,0
1043,202001,2020,15,58.3328207,2020-07-10T17:59:01Z,58.3328207,-170.3432402,2020-07-10T18:24:00Z,58.3245589,-170.3420016,74.65,40,38.62098342923974,6.7778249094324785,279.63693692008195,17.1384257994881
1043,202001,2020,13,58.3338562,2020-07-08T07:15:00Z,58.3338562,-169.0703854,2020-07-08T07:23:00Z,58.3421248,-169.0714381,68.52,40,0,0,0,0
1043,202001,2020,19,58.3368489,2020-08-05T18:36:00Z,58.3368489,-172.8902145,2020-08-05T18:43:00Z,58.328615,-172.8884194,109.34,40,0,0,0,0
1043,202001,2020,17,58.3378673,2020-07-23T18:11:01Z,58.3378673,-171.6008195,2020-07-23T18:29:00Z,58.3461164,-171.6023306,96.53,40,0,0,0,0
1043,202001,2020,15,58.3410824,2020-07-10T17:34:01Z,58.3410824,-170.3444796,2020-07-10T17:59:00Z,58.3328206,-170.3432403,74.65,40,0,0,0,0
1043,202001,2020,13,58.3421249,2020-07-08T07:23:01Z,58.3421249,-169.071438,2020-07-08T07:39:00Z,58.3503934,-169.0724913,68.47,40,0,0,0,0
1043,202001,2020,19,58.3450825,2020-08-05T18:34:01Z,58.3450825,-172.8920105,2020-08-05T18:34:02Z,58.3368487,-172.8902146,109.52,40,8.863254244650436,0.6417478396579381,64.17478396579381,3.9331526990308356
1043,202001,2020,17,58.3461165,2020-07-23T18:29:01Z,58.3461165,-171.6023305,2020-07-23T18:29:02Z,58.3543656,-171.6038424,96.45,40,0,0,0,0
1043,202001,2020,15,58.3493439,2020-07-10T16:55:01Z,58.3493439,-170.3457195,2020-07-10T17:34:00Z,58.3410822,-170.3444797,74.66,40,3.5039465015091347,0.6789049715394796,25.370479459930724,1.5549093210305223
1043,202001,2020,19,58.3533161,2020-08-05T18:13:01Z,58.3533161,-172.89380740000001,2020-08-05T18:34:00Z,58.3450824,-172.8920106,109.75,40,0.12161728555528156,0.008805753295102808,0.8805753295102804,0.05396881796765213
1043,202001,2020,17,58.3543657,2020-07-23T18:30:00Z,58.3543657,-171.6038422,2020-07-23T18:54:00Z,58.3626148,-171.6053548,96.32000000000001,40,0,0,0,0
1043,202001,2020,15,58.3576055,2020-07-10T16:25:01Z,58.3576055,-170.34696,2020-07-10T16:55:00Z,58.3493438,-170.3457196,74.68,40,0,0,0,0
1043,202001,2020,19,58.361549600000004,2020-08-05T18:09:01Z,58.361549600000004,-172.8956051,2020-08-05T18:13:00Z,58.353316,-172.8938075,109.94,40,0,0,0,0
1043,202001,2020,17,58.3626149,2020-07-23T18:54:01Z,58.3626149,-171.6053547,2020-07-23T18:54:02Z,58.3708638,-171.606868,96.15,40,0,0,0,0
1043,202001,2020,15,58.3658669,2020-07-10T16:05:01Z,58.3658669,-170.3482011,2020-07-10T16:25:00Z,58.3576054,-170.3469601,74.65,40,0,0,0,0
1043,202001,2020,19,58.3697831,2020-08-05T17:50:01Z,58.3697831,-172.8974037,2020-08-05T18:09:00Z,58.3615495,-172.8956052,110.15,40,0,0,0,0
1043,202001,2020,17,58.370864,2020-07-23T18:56:00Z,58.370864,-171.6068679,2020-07-23T19:03:00Z,58.3791128,-171.6083819,95.98,40,0,0,0,0
1043,202001,2020,15,58.3741283,2020-07-10T15:54:01Z,58.3741283,-170.3494428,2020-07-10T16:05:00Z,58.3658668,-170.3482012,74.67,40,0,0,0,0
1043,202001,2020,19,58.3780165,2020-08-05T17:44:01Z,58.3780165,-172.8992032,2020-08-05T17:50:00Z,58.369783,-172.8974038,110.3,40,0,0,0,0
1043,202001,2020,17,58.379113,2020-07-23T19:03:01Z,58.379113,-171.6083817,2020-07-23T19:19:00Z,58.3873618,-171.6098965,96.06,40,0,0,0,0
1043,202001,2020,15,58.3823897,2020-07-10T15:29:01Z,58.3823897,-170.3506851,2020-07-10T15:54:00Z,58.3741282,-170.3494429,74.7,40,0,0,0,0
1043,202001,2020,19,58.3862498,2020-08-05T17:28:01Z,58.3862498,-172.9010034,2020-08-05T17:44:00Z,58.3780163,-172.8992033,110.43,40,1.9811557775803794,0.14344645941477158,14.34464594147716,0.8791565692131541
1043,202001,2020,17,58.3873619,2020-07-23T19:19:01Z,58.3873619,-171.6098963,2020-07-23T19:26:00Z,58.3956107,-171.6114118,96.02,40,0,0,0,0
1043,202001,2020,15,58.390651,2020-07-10T15:04:01Z,58.390651,-170.351928,2020-07-10T15:29:00Z,58.3823896,-170.3506852,74.76,40,0,0,0,0
1043,202001,2020,19,58.394482999999994,2020-08-05T17:20:00Z,58.394482999999994,-172.9028046,2020-08-05T17:28:00Z,58.3862496,-172.9010036,110.60000000000001,40,8.729778683575917,0.6320834826844938,63.2083482684493,3.8739216594144597
1043,202001,2020,17,58.3956108,2020-07-23T19:26:01Z,58.3956108,-171.6114117,2020-07-23T19:44:00Z,58.4038595,-171.6129278,95.91,40,0,0,0,0
1043,202001,2020,15,58.3989122,2020-07-10T08:18:01Z,58.3989122,-170.3531715,2020-07-10T15:04:00Z,58.3906509,-170.3519281,74.92,40,0,0,0,0
1043,202001,2020,19,58.4027161,2020-08-05T17:19:01Z,58.4027161,-172.9046066,2020-08-05T17:19:02Z,58.3944829,-172.9028047,110.72,40,5.321412080433135,0.3852991928567093,38.52991928567096,2.361426820114461
1043,202001,2020,17,58.4038596,2020-07-23T19:44:01Z,58.4038596,-171.6129277,2020-07-23T19:49:00Z,58.4121082,-171.6144446,95.87,40,0,0,0,0
1043,202001,2020,15,58.4071734,2020-07-10T07:59:01Z,58.4071734,-170.3544155,2020-07-10T08:18:00Z,58.3989121,-170.3531716,75.28,40,0,0,0,0
1043,202001,2020,19,58.4109492,2020-08-05T17:00:01Z,58.4109492,-172.9064095,2020-08-05T17:19:00Z,58.402716,-172.9046067,110.77,40,1.0272231200209172,0.07437654386570164,7.437654386570175,0.45583995172604813
1043,202001,2020,17,58.4121083,2020-07-23T19:49:01Z,58.4121083,-171.6144445,2020-07-23T20:09:00Z,58.4203569,-171.6159621,95.82000000000001,40,0,0,0,0
1043,202001,2020,15,58.4154345,2020-07-10T07:20:01Z,58.4154345,-170.3556602,2020-07-10T07:59:00Z,58.4071732,-170.3544157,75.34,40,0,0,0,0
1043,202001,2020,19,58.4191822,2020-08-05T16:54:03Z,58.4191822,-172.9082132,2020-08-05T17:00:00Z,58.4109491,-172.9064096,110.94,40,1.1236944598962235,0.08136159385354931,8.13615938535492,0.4986500190372389
1043,202001,2020,17,58.420356999999996,2020-07-23T20:09:01Z,58.420356999999996,-171.615962,2020-07-23T20:09:02Z,58.4286055,-171.6174803,95.74000000000001,40,0,0,0,0
1043,202001,2020,15,58.4236955,2020-07-10T07:09:01Z,58.4236955,-170.3569055,2020-07-10T07:20:00Z,58.4154343,-170.3556603,75.33,40,0,0,0,0
1043,202001,2020,19,58.4274151,2020-08-05T16:54:01Z,58.4274151,-172.9100178,2020-08-05T16:54:02Z,58.4191821,-172.9082133,110.98,40,9.939605779636782,0.7196815481157425,71.96815481157434,4.410793848441922
1043,202001,2020,17,58.4286056,2020-07-23T20:10:00Z,58.4286056,-171.6174802,2020-07-23T20:34:00Z,58.436854,-171.6189993,95.59,40,0,0,0,0
1043,202001,2020,15,58.4319565,2020-07-10T06:44:01Z,58.4319565,-170.3581513,2020-07-10T07:09:00Z,58.4236954,-170.3569056,75.28,40,0,0,0,0
1043,202001,2020,19,58.435648,2020-08-05T16:37:01Z,58.435648,-172.9118232,2020-08-05T16:54:00Z,58.427414999999996,-172.9100179,111.03,40,42.80994652547449,4.708824987027629,309.9673093003848,18.997317697804174
1043,202001,2020,17,58.4368541,2020-07-23T20:34:01Z,58.4368541,-171.6189991,2020-07-23T20:34:02Z,58.4451025,-171.6205189,95.41,40,0,0,0,0
1043,202001,2020,15,58.4402174,2020-07-10T06:17:01Z,58.4402174,-170.3593978,2020-07-10T06:44:00Z,58.4319564,-170.3581514,75.19,40,0,0,0,0
1043,202001,2020,19,58.4438808,2020-08-05T16:30:00Z,58.4438808,-172.9136295,2020-08-05T16:37:00Z,58.4356479,-172.9118233,111.14,40,96.59002637224405,8.013113772799173,699.3643536097796,42.86273556405631
1043,202001,2020,17,58.4451026,2020-07-23T20:35:00Z,58.4451026,-171.6205188,2020-07-23T20:44:00Z,58.4533509,-171.6220393,95.35000000000001,40,0,0,0,0
1043,202001,2020,15,58.4484783,2020-07-10T05:57:01Z,58.4484783,-170.3606448,2020-07-10T06:17:00Z,58.4402173,-170.3593979,75.07000000000001,40,0,0,0,0
1043,202001,2020,19,58.4521135,2020-08-05T16:29:01Z,58.4521135,-172.9154366,2020-08-05T16:29:02Z,58.4438807,-172.9136296,111.22,40,16.812718620080943,1.2173323200929178,121.73323200929198,7.460802521661769
1043,202001,2020,17,58.453351,2020-07-23T20:44:01Z,58.453351,-171.6220392,2020-07-23T20:57:00Z,58.4615993,-171.6235604,95.3,40,0,0,0,0
1043,202001,2020,15,58.4567391,2020-07-10T05:05:00Z,58.4567391,-170.3618925,2020-07-10T05:57:00Z,58.4484781,-170.3606449,75.11,40,0,0,0,0
1043,202001,2020,19,58.4603461,2020-08-05T16:15:01Z,58.4603461,-172.9172447,2020-08-05T16:29:00Z,58.4521134,-172.9154368,111.18,40,0.8573530722295214,0.062077028001253295,6.207702800125321,0.38045851523408664
1043,202001,2020,17,58.4615994,2020-07-23T20:57:01Z,58.4615994,-171.6235603,2020-07-23T21:10:00Z,58.4698475,-171.6250823,95.27,40,0,0,0,0
1043,202001,2020,15,58.4649998,2020-07-10T04:46:01Z,58.4649998,-170.3631407,2020-07-10T05:04:00Z,58.4567389,-170.3618926,75.13,40,40.46099620783371,6.94251497594954,292.9596307412412,17.954948831166462
1043,202001,2020,19,58.4685787,2020-08-05T16:07:01Z,58.4685787,-172.9190535,2020-08-05T16:15:00Z,58.460345999999994,-172.9172448,111.25,40,18.179953847246335,2.433873122360382,131.63275908048257,8.067526054068761
1043,202001,2020,17,58.4698477,2020-07-23T21:10:01Z,58.4698477,-171.6250822,2020-07-23T21:22:00Z,58.4780958,-171.6266049,95.14,40,0,0,0,0
1043,202001,2020,15,58.4732605,2020-07-10T04:26:01Z,58.4732605,-170.3643895,2020-07-10T04:46:00Z,58.4649997,-170.3631408,75.01,40,0,0,0,0
1043,202001,2020,19,58.4768112,2020-08-05T16:00:00Z,58.4768112,-172.9208633,2020-08-05T16:07:00Z,58.4685786,-172.9190536,111.29,40,42.98875733550075,5.854597938209534,311.2619968708231,19.07666668189714
1043,202001,2020,17,58.4780959,2020-07-23T21:22:01Z,58.4780959,-171.6266047,2020-07-23T21:35:00Z,58.4863439,-171.6281281,94.99,40,0,0,0,0
1043,202001,2020,15,58.4815211,2020-07-10T04:14:01Z,58.4815211,-170.3656389,2020-07-10T04:26:00Z,58.4732604,-170.3643896,74.94,40,12.04945497360946,2.1982604122552925,87.24461112053368,5.347059335447475
1043,202001,2020,19,58.4850436,2020-08-05T15:52:01Z,58.4850436,-172.9226739,2020-08-05T15:59:00Z,58.4768111,-172.9208634,111.38,40,5.6045978659632,0.6875707031704613,40.58033847787052,2.487093184402386
1043,202001,2020,17,58.486343999999995,2020-07-23T21:35:01Z,58.486343999999995,-171.628128,2020-07-23T21:49:00Z,58.494592,-171.6296522,94.82000000000001,40,0,0,0,0
1043,202001,2020,15,58.4897817,2020-07-10T03:50:00Z,58.4897817,-170.36688900000001,2020-07-10T04:14:00Z,58.481521,-170.3656391,74.85000000000001,40,0,0,0,0
1043,202001,2020,19,58.4932759,2020-08-05T15:44:01Z,58.4932759,-172.9244853,2020-08-05T15:52:00Z,58.4850435,-172.922674,111.4,40,125.8508225071817,10.296596239523918,911.2284408619464,55.847489934989966
1043,202001,2020,17,58.4945921,2020-07-23T21:50:00Z,58.4945921,-171.629652,2020-07-23T22:00:00Z,58.50284,-171.6311769,94.7,40,0,0,0,0
1043,202001,2020,15,58.4980422,2020-07-10T03:33:01Z,58.4980422,-170.3681396,2020-07-10T03:49:00Z,58.4897815,-170.3668891,74.73,40,0,0,0,0
1043,202001,2020,19,58.5015082,2020-08-05T15:39:03Z,58.5015082,-172.9262977,2020-08-05T15:44:00Z,58.4932758,-172.9244855,111.38,40,34.65773218679007,2.5094084118979323,250.94084118979384,15.379695665961052
1043,202001,2020,17,58.5028401,2020-07-23T22:00:01Z,58.5028401,-171.6311768,2020-07-23T22:14:00Z,58.511088,-171.6327024,94.57000000000001,40,0,0,0,0
1043,202001,2020,15,58.5063026,2020-07-10T03:24:01Z,58.5063026,-170.3693908,2020-07-10T03:33:00Z,58.4980421,-170.3681397,74.62,40,0,0,0,0
1043,202001,2020,19,58.5097404,2020-08-05T15:39:01Z,58.5097404,-172.9281109,2020-08-05T15:39:02Z,58.5015081,-172.9262978,111.45,40,39.965841300354874,2.8937443975608597,289.3744397560863,17.73521916900945
1043,202001,2020,17,58.5110881,2020-07-23T22:15:00Z,58.5110881,-171.6327023,2020-07-23T22:25:00Z,58.5193359,-171.6342286,94.47,40,0,0,0,0
1043,202001,2020,15,58.514562999999995,2020-07-10T03:00:00Z,58.514562999999995,-170.3706426,2020-07-10T03:24:00Z,58.5063025,-170.3693909,74.5,40,0,0,0,0
1043,202001,2020,19,58.5179726,2020-08-05T15:22:01Z,58.5179726,-172.9299249,2020-08-05T15:39:00Z,58.5097403,-172.928111,111.45,40,102.07187489573998,7.3905592005005065,739.0559200500506,45.29535756955498
1043,202001,2020,17,58.519335999999996,2020-07-23T22:25:01Z,58.519335999999996,-171.6342285,2020-07-23T22:39:00Z,58.5275837,-171.6357555,94.43,40,0,0,0,0
1043,202001,2020,15,58.5228233,2020-07-10T02:43:01Z,58.5228233,-170.3718951,2020-07-10T02:59:00Z,58.5145629,-170.3706428,74.36,40,0,0,0,0
1043,202001,2020,19,58.5262046,2020-08-05T07:44:01Z,58.5262046,-172.9317398,2020-08-05T15:22:00Z,58.5179724,-172.929925,111.5,40,353.78958133107653,25.61629095202143,2561.6290952021454,156.99746484663697
1043,202001,2020,17,58.5275838,2020-07-23T22:40:00Z,58.5275838,-171.6357554,2020-07-23T22:53:00Z,58.5358314,-171.6372832,94.24,40,0,0,0,0
1043,202001,2020,15,58.5310836,2020-07-10T02:34:01Z,58.5310836,-170.3731481,2020-07-10T02:43:00Z,58.5228232,-170.3718952,74.26,40,0,0,0,0
1043,202001,2020,19,58.5344366,2020-08-05T07:25:01Z,58.5344366,-172.9335556,2020-08-05T07:44:00Z,58.5262045,-172.93174,111.61,40,142.56078788272129,10.322176834641631,1032.217683464164,63.262694734872966
1043,202001,2020,17,58.5358316,2020-07-23T22:53:01Z,58.5358316,-171.6372831,2020-07-23T23:04:00Z,58.5440791,-171.6388116,94.13,40,0,0,0,0
1043,202001,2020,15,58.5393438,2020-07-10T02:13:01Z,58.5393438,-170.3744017,2020-07-10T02:34:00Z,58.5310835,-170.3731482,74.17,40,0,0,0,0
1043,202001,2020,19,58.5426685,2020-08-05T07:20:00Z,58.5426685,-172.9353723,2020-08-05T07:25:00Z,58.5344365,-172.9335557,111.65,40,90.46811474825851,6.550383820103436,655.0383820103439,40.14607951849157
1043,202001,2020,17,58.5440793,2020-07-23T23:05:00Z,58.5440793,-171.6388115,2020-07-23T23:29:00Z,58.5523268,-171.6403407,94.03,40,0,0,0,0
1043,202001,2020,15,58.5476039,2020-07-10T02:09:01Z,58.5476039,-170.3756559,2020-07-10T02:13:00Z,58.5393437,-170.3744018,74.10000000000001,40,0,0,0,0
1043,202001,2020,19,58.5509004,2020-08-05T07:19:01Z,58.5509004,-172.9371898,2020-08-05T07:19:02Z,58.5426684,-172.9353724,111.60000000000001,40,84.29110766794916,6.103134893250987,610.313489325099,37.40497434433783
1043,202001,2020,17,58.5523269,2020-07-23T23:29:01Z,58.5523269,-171.6403406,2020-07-23T23:36:00Z,58.5605743,-171.6418706,93.95,40,0,0,0,0
1043,202001,2020,15,58.555864,2020-07-10T01:45:00Z,58.555864,-170.3769108,2020-07-10T02:09:00Z,58.5476038,-170.3756561,74.04,40,0,0,0,0
1043,202001,2020,19,58.5591321,2020-08-05T07:00:01Z,58.5591321,-172.9390082,2020-08-05T07:19:00Z,58.5509003,-172.9371899,111.73,40,243.7369769015061,17.647883503478027,1764.7883503478054,108.16058324541315
1043,202001,2020,17,58.5605745,2020-07-23T23:36:01Z,58.5605745,-171.6418705,2020-07-23T23:54:00Z,58.5688219,-171.6434012,93.8,40,0,0,0,0
1043,202001,2020,15,58.5641241,2020-07-10T01:30:01Z,58.5641241,-170.3781662,2020-07-10T01:44:00Z,58.5558639,-170.3769109,73.95,40,0,0,0,0
1043,202001,2020,19,58.5673638,2020-08-05T06:55:00Z,58.5673638,-172.9408275,2020-08-05T07:00:00Z,58.559132,-172.9390083,111.71000000000001,40,221.1793665741837,16.014589761042267,1601.4589761042294,98.1504308235593
1043,202001,2020,17,58.568822,2020-07-23T23:55:00Z,58.568822,-171.6434011,2020-07-24T00:19:00Z,58.5770693,-171.6449325,93.69,40,0,0,0,0
1043,202001,2020,15,58.5723841,2020-07-10T01:17:01Z,58.5723841,-170.3794222,2020-07-10T01:30:00Z,58.564124,-170.3781663,73.91,40,0,0,0,0
1043,202001,2020,19,58.5755955,2020-08-05T06:42:01Z,58.5755955,-172.9426476,2020-08-05T06:54:00Z,58.5673637,-172.9408276,111.86,40,88.20567592442634,6.386570937444796,638.6570937444808,39.14210094349825
1043,202001,2020,17,58.5770694,2020-07-24T00:19:01Z,58.5770694,-171.6449324,2020-07-24T00:44:00Z,58.5853167,-171.6464646,93.56,40,1.1825691117788646,0.24473471787765372,8.562443903584809,0.5247762013135145
1043,202001,2020,15,58.580644,2020-07-10T01:05:00Z,58.580644,-170.3806788,2020-07-10T01:17:00Z,58.5723839,-170.3794223,73.87,40,0,0,0,0
1043,202001,2020,19,58.583827,2020-08-05T06:32:01Z,58.583827,-172.9444686,2020-08-05T06:42:00Z,58.5755954,-172.9426477,111.99000000000001,40,168.91270992155617,12.230199392999788,1223.0199392999793,74.95660877939571
1043,202001,2020,17,58.5853168,2020-07-24T00:44:01Z,58.5853168,-171.6464645,2020-07-24T00:54:00Z,58.593564,-171.6479974,93.38,40,3.4675934985996957,0.6908686148922246,25.107263936171016,1.5387773329859014
1043,202001,2020,15,58.5889038,2020-07-10T00:54:01Z,58.5889038,-170.3819361,2020-07-10T01:04:00Z,58.5806439,-170.380679,73.83,40,0,0,0,0
1043,202001,2020,19,58.5920585,2020-08-05T06:29:01Z,58.5920585,-172.9462904,2020-08-05T06:32:00Z,58.5838269,-172.9444687,112.13,40,135.03941675129795,10.961497509313856,977.758863468452,59.925015328482765
1043,202001,2020,17,58.5935641,2020-07-24T00:54:01Z,58.5935641,-171.6479973,2020-07-24T01:12:00Z,58.6018112,-171.6495309,93.36,40,0,0,0,0
1043,202001,2020,15,58.5971636,2020-07-10T00:39:01Z,58.5971636,-170.3831939,2020-07-10T00:54:00Z,58.5889037,-170.3819362,73.82000000000001,40,0,0,0,0
1043,202001,2020,19,58.6002899,2020-08-05T06:10:01Z,58.6002899,-172.9481132,2020-08-05T06:29:00Z,58.5920584,-172.9462906,112.21000000000001,40,215.08031389033422,16.086203675820165,1557.2985156708312,95.4439186483622
1043,202001,2020,17,58.6018114,2020-07-24T01:12:01Z,58.6018114,-171.6495308,2020-07-24T01:34:00Z,58.6100584,-171.6510652,93.38,40,0,0,0,0
1043,202001,2020,15,58.6054234,2020-07-10T00:29:01Z,58.6054234,-170.3844523,2020-07-10T00:39:00Z,58.5971635,-170.383194,73.8,40,0,0,0,0
1043,202001,2020,19,58.6085213,2020-08-05T06:00:00Z,58.6085213,-172.9499368,2020-08-05T06:10:00Z,58.6002898,-172.9481133,112.24000000000001,40,131.40004607604655,11.263894272950488,951.4078392950597,58.31001025257869
1043,202001,2020,17,58.6100585,2020-07-24T01:35:00Z,58.6100585,-171.6510651,2020-07-24T01:59:00Z,58.6183056,-171.6526002,93.32000000000001,40,10.033598419109858,2.167811739825574,72.64871267057968,4.4525039690621995
1043,202001,2020,15,58.6136831,2020-07-10T00:14:01Z,58.6136831,-170.3857114,2020-07-10T00:29:00Z,58.6054233,-170.3844525,73.76,40,0,0,0,0
1043,202001,2020,19,58.6167526,2020-08-05T05:47:01Z,58.6167526,-172.9517613,2020-08-05T05:59:00Z,58.6085212,-172.9499369,112.38,40,54.328868183053324,4.045792148026986,393.3705705055111,24.108947868491867
1043,202001,2020,17,58.6183057,2020-07-24T01:59:01Z,58.6183057,-171.6526001,2020-07-24T02:13:00Z,58.6265526,-171.6541359,93.33,40,48.36786188786194,10.499813787938487,350.20964104853033,21.463695080778745
1043,202001,2020,15,58.6219427,2020-07-10T00:04:01Z,58.6219427,-170.38697100000002,2020-07-10T00:14:00Z,58.613682999999995,-170.3857115,73.76,40,0,0,0,0
1043,202001,2020,19,58.6249838,2020-08-05T05:39:01Z,58.6249838,-172.9535866,2020-08-05T05:47:00Z,58.6167525,-172.9517614,112.35000000000001,40,24.42975116500712,2.1077103820088587,176.88469269610394,10.840932582893434
1043,202001,2020,17,58.6265527,2020-07-24T02:13:01Z,58.6265527,-171.6541358,2020-07-24T02:30:00Z,58.6347996,-171.6556724,93.32000000000001,40,47.32182760800151,10.257450051103497,342.6357836280039,20.9995074993839
1043,202001,2020,15,58.6302023,2020-07-09T23:48:01Z,58.6302023,-170.3882313,2020-07-10T00:04:00Z,58.6219426,-170.3869712,73.68,40,0,0,0,0
1043,202001,2020,19,58.6332149,2020-08-05T05:24:01Z,58.6332149,-172.9554129,2020-08-05T05:39:00Z,58.6249837,-172.9535868,112.43,40,4.78041808500999,1.221362304476283,34.612828358935246,2.1213556301740057
1043,202001,2020,17,58.6347997,2020-07-24T02:30:01Z,58.6347997,-171.6556723,2020-07-24T02:49:00Z,58.6430466,-171.6572096,93.31,40,96.77931237320156,20.91438985084894,700.7348872629838,42.94673301296218
1043,202001,2020,15,58.6384618,2020-07-09T23:39:01Z,58.6384618,-170.3894921,2020-07-09T23:48:00Z,58.6302022,-170.3882314,73.66,40,0,0,0,0
1043,202001,2020,19,58.641445999999995,2020-08-05T05:17:00Z,58.641445999999995,-172.95724,2020-08-05T05:24:00Z,58.6332148,-172.955413,112.49000000000001,40,21.638935873113947,1.9070202988655658,156.67767126785407,9.602481964777484
1043,202001,2020,17,58.6430467,2020-07-24T02:50:00Z,58.6430467,-171.6572095,2020-07-24T03:14:00Z,58.6512934,-171.6587475,93.18,40,152.12262643382186,34.23821141072919,1101.4505979665373,67.50585081128332
1043,202001,2020,15,58.6467213,2020-07-09T23:26:01Z,58.6467213,-170.3907536,2020-07-09T23:39:00Z,58.6384617,-170.3894923,73.62,40,0,0,0,0
1043,202001,2020,19,58.649677,2020-08-05T05:14:01Z,58.649677,-172.959068,2020-08-05T05:14:02Z,58.6414459,-172.9572401,112.57000000000001,40,393.7591778333465,28.51030724663612,2851.030724663615,174.7343504219279
1043,202001,2020,17,58.6512935,2020-07-24T03:14:01Z,58.6512935,-171.6587474,2020-07-24T03:39:00Z,58.6595403,-171.6602862,93.06,40,168.46822236288176,39.71172208824601,1219.8016074924913,74.75936323133519
1043,202001,2020,15,58.6549807,2020-07-09T23:16:00Z,58.6549807,-170.3920157,2020-07-09T23:26:00Z,58.6467212,-170.3907537,73.57000000000001,40,0,0,0,0
1043,202001,2020,19,58.6579079,2020-08-05T04:50:00Z,58.6579079,-172.9608968,2020-08-05T05:14:00Z,58.6496769,-172.9590681,112.62,40,302.9323370906073,22.987857676255096,2193.3949712405524,134.42908285867773
1043,202001,2020,17,58.6595404,2020-07-24T03:39:01Z,58.6595404,-171.6602861,2020-07-24T03:46:00Z,58.667787,-171.6618256,93.01,40,145.9529138084083,33.390371884693074,1056.778521104258,64.76798262031538
1043,202001,2020,15,58.663239999999995,2020-07-09T23:14:01Z,58.663239999999995,-170.3932783,2020-07-09T23:14:02Z,58.6549806,-170.3920158,73.57000000000001,40,0,0,0,0
1043,202001,2020,19,58.6661388,2020-08-05T04:49:01Z,58.6661388,-172.9627265,2020-08-05T04:49:02Z,58.6579078,-172.9608969,112.72,40,6.758706612987202,0.7066339931634145,48.93671385297627,2.9992398303222316
1043,202001,2020,17,58.6677871,2020-07-24T03:46:01Z,58.6677871,-171.6618255,2020-07-24T04:04:00Z,58.6760337,-171.6633658,93,40,186.75724051155171,41.05066254919467,1352.2240514662471,82.87528759822129
1043,202001,2020,15,58.6714993,2020-07-09T22:53:01Z,58.6714993,-170.3945416,2020-07-09T23:14:00Z,58.6632399,-170.3932785,73.56,40,0,0,0,0
1043,202001,2020,19,58.6743695,2020-08-05T04:25:00Z,58.6743695,-172.9645571,2020-08-05T04:49:00Z,58.6661386,-172.9627267,112.72,40,10.10574816440338,0.9306381760257936,73.17111608918786,4.484521099294798
1043,202001,2020,17,58.6760338,2020-07-24T04:05:00Z,58.6760338,-171.66336570000001,2020-07-24T04:29:00Z,58.6842803,-171.6649067,92.91,40,73.31532654540143,18.246998898866085,530.842861161581,32.534367910795
1043,202001,2020,15,58.6797586,2020-07-09T22:49:01Z,58.6797586,-170.3958055,2020-07-09T22:53:00Z,58.6714992,-170.3945417,73.55,40,0,0,0,0
1043,202001,2020,19,58.6826003,2020-08-05T04:11:01Z,58.6826003,-172.9663886,2020-08-05T04:24:00Z,58.6743694,-172.9645573,112.67,40,45.21734891473379,6.390492193855875,327.3982126666849,20.065625222738763
1043,202001,2020,17,58.6842804,2020-07-24T04:29:01Z,58.6842804,-171.6649066,2020-07-24T04:39:00Z,58.6925269,-171.6664483,92.8,40,84.43126521557465,22.555109431513237,611.3283062412977,37.46717057853313
1043,202001,2020,15,58.6880177,2020-07-09T22:30:01Z,58.6880177,-170.39706999999999,2020-07-09T22:49:00Z,58.6797585,-170.3958056,73.51,40,0,0,0,0
1043,202001,2020,19,58.6908309,2020-08-05T03:59:01Z,58.6908309,-172.968221,2020-08-05T04:11:00Z,58.6826002,-172.9663887,112.65,40,18.3120505765739,3.24332582165725,132.589211285642,8.126145224087656
1043,202001,2020,17,58.692527,2020-07-24T04:39:01Z,58.692527,-171.6664482,2020-07-24T04:54:00Z,58.7007734,-171.6679907,92.82000000000001,40,101.45773988584122,24.645924914871163,734.6092483763963,45.0228293643294
1043,202001,2020,15,58.6962769,2020-07-09T22:24:01Z,58.6962769,-170.3983351,2020-07-09T22:30:00Z,58.6880176,-170.3970701,73.5,40,0,0,0,0
1043,202001,2020,19,58.6990615,2020-08-05T03:38:01Z,58.6990615,-172.9700542,2020-08-05T03:59:00Z,58.6908308,-172.9682211,112.67,40,6.8260868749080865,1.5595905270521506,49.424583616493564,3.0291404573064438
1043,202001,2020,17,58.7007735,2020-07-24T04:55:00Z,58.7007735,-171.6679906,2020-07-24T05:19:00Z,58.7090198,-171.6695338,92.77,40,85.97135754371136,20.806729193695872,622.4794127894602,38.15060108046459
1043,202001,2020,15,58.7045359,2020-07-09T22:05:01Z,58.7045359,-170.3996008,2020-07-09T22:24:00Z,58.6962768,-170.3983352,73.43,40,0,0,0,0
1043,202001,2020,19,58.707291999999995,2020-08-05T03:16:01Z,58.707291999999995,-172.9718884,2020-08-05T03:38:00Z,58.6990614,-172.9700544,112.75,40,0,0,0,0
1043,202001,2020,17,58.7090199,2020-07-24T05:19:01Z,58.7090199,-171.6695337,2020-07-24T05:44:00Z,58.7172662,-171.6710777,92.78,40,128.55139261380995,27.798395199139815,930.7820380389597,57.045893400649064
1043,202001,2020,15,58.712795,2020-07-09T21:59:01Z,58.712795,-170.4008671,2020-07-09T22:05:00Z,58.7045358,-170.399601,73.42,40,0,0,0,0
1043,202001,2020,19,58.7155225,2020-08-05T02:45:00Z,58.7155225,-172.9737234,2020-08-05T03:16:00Z,58.7072919,-172.9718885,112.72,40,36.08730781910834,3.148787742157629,261.29174671889575,16.01408334135861
1043,202001,2020,17,58.7172663,2020-07-24T05:44:01Z,58.7172663,-171.6710776,2020-07-24T05:59:00Z,58.7255125,-171.6726223,92.75,40,203.05213981287636,45.13405157200164,1470.2079898191423,90.10630291137485
1043,202001,2020,15,58.7210539,2020-07-09T21:40:01Z,58.7210539,-170.4021341,2020-07-09T21:59:00Z,58.7127948,-170.4008673,73.38,40,13.874110986454335,2.2323580800172222,100.45611360077476,6.156767657428111
1043,202001,2020,19,58.7237528,2020-08-05T02:02:01Z,58.7237528,-172.9755592,2020-08-05T02:44:00Z,58.7155223,-172.9737235,112.56,40,20.88595982794356,2.5954337842202415,151.22571494386696,9.268341740135389
1043,202001,2020,17,58.7255126,2020-07-24T06:00:00Z,58.7255126,-171.6726222,2020-07-24T06:17:00Z,58.7337588,-171.6741677,92.76,40,139.0346856893198,29.060716046300367,1006.6867847381762,61.69795361651835
1043,202001,2020,15,58.7293128,2020-07-09T21:34:01Z,58.7293128,-170.4034016,2020-07-09T21:40:00Z,58.7210538,-170.4021342,73.38,40,11.497033401610379,1.8498839626820571,83.24477832069239,5.101917050578184
1043,202001,2020,19,58.7319831,2020-08-05T01:30:00Z,58.7319831,-172.977396,2020-08-05T02:02:00Z,58.7237527,-172.9755594,112.41,40,30.79698301668735,5.824667782930061,222.98691624320875,13.6664517941816
1043,202001,2020,17,58.7337589,2020-07-24T06:17:01Z,58.7337589,-171.6741675,2020-07-24T06:40:00Z,58.742005,-171.6757138,92.68,40,223.38594954067545,39.015252213709765,1617.4358375671259,99.12962283483787
1043,202001,2020,15,58.7375717,2020-07-09T21:15:01Z,58.7375717,-170.4046698,2020-07-09T21:34:00Z,58.7293127,-170.4034018,73.35000000000001,40,4.216541814373844,0.9612435460978759,30.530057307506457,1.8711302147053481
1043,202001,2020,19,58.7402134,2020-08-05T00:44:01Z,58.7402134,-172.9792336,2020-08-05T01:29:00Z,58.731983,-172.9773961,112.16,40,5.321477155101783,0.6878088512258356,38.53039046168451,2.361455697612676
1043,202001,2020,17,58.7420051,2020-07-24T06:40:01Z,58.7420051,-171.6757136,2020-07-24T06:59:00Z,58.7502511,-171.6772606,92.59,40,3.195900581277411,0.3856676560670356,23.140059364022182,1.418211037404492
1043,202001,2020,15,58.7458305,2020-07-09T21:02:01Z,58.7458305,-170.4059385,2020-07-09T21:15:00Z,58.7375716,-170.4046699,73.32000000000001,40,52.16767501016586,9.966703898910264,377.72235584867525,23.14989800639411
1043,202001,2020,19,58.7484435,2020-08-04T23:00:00Z,58.7484435,-172.9810722,2020-08-05T00:44:00Z,58.7402133,-172.9792338,111.99000000000001,40,10.43465404508896,0.7555257365042376,75.55257365042345,4.6304761871934
1043,202001,2020,17,58.7502512,2020-07-24T07:00:00Z,58.7502512,-171.6772605,2020-07-24T07:24:00Z,58.7584972,-171.6788082,92.5,40,0,0,0,0
1043,202001,2020,15,58.7540892,2020-07-09T20:49:01Z,58.7540892,-170.4072079,2020-07-09T21:02:00Z,58.7458304,-170.4059387,73.3,40,0,0,0,0
1043,202001,2020,19,58.7566736,2020-08-04T22:35:00Z,58.7566736,-172.9829116,2020-08-04T22:59:00Z,58.7484434,-172.9810723,112.19,40,13.716482598375167,0.9931479829235277,99.31479829235263,6.086818572937879
1043,202001,2020,17,58.7584973,2020-07-24T07:24:01Z,58.7584973,-171.6788081,2020-07-24T07:49:00Z,58.7667432,-171.6803565,92.36,40,0,0,0,0
1043,202001,2020,15,58.7623479,2020-07-09T20:44:01Z,58.7623479,-170.4084779,2020-07-09T20:49:00Z,58.7540891,-170.407208,73.25,40,24.786657077844627,6.063372933641477,179.46888572726806,10.999312949249749
1043,202001,2020,19,58.7649037,2020-08-04T22:15:01Z,58.7649037,-172.9847519,2020-08-04T22:34:00Z,58.7566735,-172.9829117,111.92,40,0.610049407966967,0.044170896923519914,4.417089692351996,0.27071518081924
1043,202001,2020,17,58.7667433,2020-07-24T07:49:01Z,58.7667433,-171.6803564,2020-07-24T07:58:00Z,58.7749892,-171.6819056,92.3,40,0,0,0,0
1043,202001,2020,15,58.7706065,2020-07-09T20:24:01Z,58.7706065,-170.4097485,2020-07-09T20:44:00Z,58.7623478,-170.408478,73.23,40,1.0949904324060793,0.17618503569056065,7.928326606075231,0.4859123360057432
1043,202001,2020,19,58.7731336,2020-08-04T21:50:01Z,58.7731336,-172.986593,2020-08-04T22:15:00Z,58.7649036,-172.98475200000001,111.69,40,10.1573149216682,0.7354448747355062,73.54448747355087,4.507404334381822
1043,202001,2020,17,58.7749893,2020-07-24T07:58:01Z,58.7749893,-171.6819054,2020-07-24T15:19:00Z,58.7832351,-171.6834554,91.79,40,0,0,0,0
1043,202001,2020,15,58.7788651,2020-07-09T20:19:01Z,58.7788651,-170.4110197,2020-07-09T20:24:00Z,58.7706064,-170.4097486,73.22,40,4.459619254421459,0.6810259484679897,32.290070252123186,1.9789981222488817
1043,202001,2020,19,58.7813635,2020-08-04T21:30:01Z,58.7813635,-172.9884351,2020-08-04T21:50:00Z,58.7731335,-172.9865932,111.45,40,14.424600488695905,1.044419571641718,104.44195716417165,6.401052568112738
1043,202001,2020,17,58.7832352,2020-07-24T15:19:01Z,58.7832352,-171.6834553,2020-07-24T15:44:00Z,58.7914809,-171.685006,91.79,40,0,0,0,0
1043,202001,2020,15,58.7871236,2020-07-09T19:59:01Z,58.7871236,-170.4122915,2020-07-09T20:19:00Z,58.778864999999996,-170.4110198,73.22,40,0,0,0,0
1043,202001,2020,19,58.7895934,2020-08-04T21:05:01Z,58.7895934,-172.9902781,2020-08-04T21:30:00Z,58.781363400000004,-172.9884352,111.3,40,11.663446166275588,0.8444969729590811,84.44969729590808,5.1757642850622
1043,202001,2020,17,58.791481,2020-07-24T15:44:01Z,58.791481,-171.6850058,2020-07-24T16:05:00Z,58.7997267,-171.6865573,91.81,40,0,0,0,0
1043,202001,2020,15,58.7953821,2020-07-09T19:54:01Z,58.7953821,-170.413564,2020-07-09T19:59:00Z,58.7871235,-170.4122917,73.18,40,0,0,0,0
1043,202001,2020,19,58.7978231,2020-08-04T20:54:01Z,58.7978231,-172.9921219,2020-08-04T21:05:00Z,58.7895933,-172.9902782,111.15,40,2.5444505392201746,0.1842320655132487,18.423206551324913,1.129123934577936
1043,202001,2020,17,58.7997268,2020-07-24T16:05:01Z,58.7997268,-171.6865571,2020-07-24T16:34:00Z,58.8079724,-171.6881093,91.81,40,0,0,0,0
1043,202001,2020,15,58.8036405,2020-07-09T19:34:01Z,58.8036405,-170.41483699999998,2020-07-09T19:54:00Z,58.795382,-170.4135641,73.14,40,0,0,0,0
1043,202001,2020,19,58.8060528,2020-08-04T20:29:01Z,58.8060528,-172.9939666,2020-08-04T20:54:00Z,58.797822999999994,-172.992122,111.12,40,1.152407774628128,0.08344059409318923,8.344059409318918,0.5113918233698942
1043,202001,2020,17,58.8079725,2020-07-24T16:34:01Z,58.8079725,-171.6881092,2020-07-24T16:59:00Z,58.8162181,-171.6896621,91.84,40,0,0,0,0
1043,202001,2020,15,58.8118989,2020-07-09T19:29:01Z,58.8118989,-170.4161107,2020-07-09T19:34:00Z,58.8036404,-170.4148372,73.07000000000001,40,0,0,0,0
1043,202001,2020,19,58.8142824,2020-08-04T20:04:01Z,58.8142824,-172.9958122,2020-08-04T20:29:00Z,58.8060527,-172.9939667,110.94,40,36.94362397954947,2.674919417134025,267.49194171340304,16.394081717202965
1043,202001,2020,17,58.8162182,2020-07-24T16:59:01Z,58.8162182,-171.689662,2020-07-24T17:24:00Z,58.8244637,-171.6912157,91.82000000000001,40,5.488642880003358,0.9796047856073108,39.740761278759834,2.435637065306028
1043,202001,2020,15,58.8201572,2020-07-09T19:05:00Z,58.8201572,-170.417385,2020-07-09T19:29:00Z,58.8118988,-170.4161108,72.97,40,0,0,0,0
1043,202001,2020,19,58.822511999999996,2020-08-04T19:39:01Z,58.822511999999996,-172.9976587,2020-08-04T20:04:00Z,58.8142823,-172.9958123,110.9,40,76.58006048316322,5.544813114845098,554.4813114845099,33.98312439960672
1043,202001,2020,17,58.8244638,2020-07-24T17:24:01Z,58.8244638,-171.6912156,2020-07-24T17:49:00Z,58.8327092,-171.69277,91.75,40,0.6275480638217384,0.07572982472026675,4.543789483216002,0.27848037446085827
1043,202001,2020,15,58.8284154,2020-07-09T19:04:01Z,58.8284154,-170.4186599,2020-07-09T19:04:02Z,58.8201571,-170.4173851,72.88,40,0,0,0,0
1043,202001,2020,19,58.8307415,2020-08-04T19:14:01Z,58.8307415,-172.9995061,2020-08-04T19:39:00Z,58.8225119,-172.9976588,110.78,40,75.45520151412376,5.463367204192529,546.3367204192515,33.483957618649605
1043,202001,2020,17,58.8327093,2020-07-24T17:50:00Z,58.8327093,-171.6927699,2020-07-24T18:21:00Z,58.8409547,-171.694325,91.63,40,16.596614483995356,2.9091194738629587,120.16852046378062,7.364904272254134
1043,202001,2020,15,58.8366736,2020-07-09T18:40:00Z,58.8366736,-170.41993540000001,2020-07-09T19:04:00Z,58.8284153,-170.41866,72.79,40,0,0,0,0
1043,202001,2020,19,58.8389709,2020-08-04T18:33:01Z,58.8389709,-173.0013544,2020-08-04T19:14:00Z,58.8307414,-172.9995062,110.66,40,14.919064868247556,1.0802214835136,108.02214835136003,6.620475801986685
1043,202001,2020,17,58.8409548,2020-07-24T18:21:01Z,58.8409548,-171.6943249,2020-07-24T18:53:00Z,58.8492001,-171.6958808,91.5,40,0,0,0,0
1043,202001,2020,15,58.8449318,2020-07-09T18:26:00Z,58.8449318,-170.4212115,2020-07-09T18:38:00Z,58.8366735,-170.4199355,72.67,40,89.32411123417356,14.372337200462544,646.7551740208154,39.6384171650349
1043,202001,2020,19,58.8472003,2020-08-04T18:06:01Z,58.8472003,-173.0032035,2020-08-04T18:33:00Z,58.8389708,-173.0013545,110.49000000000001,40,66.68067121114755,4.828043460732621,482.80434607326237,29.59017700587877
1043,202001,2020,17,58.8492002,2020-07-24T18:53:01Z,58.8492002,-171.6958807,2020-07-24T19:29:00Z,58.8574454,-171.6974374,91.41,40,11.292535210556244,2.0441025033242455,81.76410013296966,5.011169048784491
1043,202001,2020,19,58.8554296,2020-08-04T17:34:01Z,58.8554296,-173.0050536,2020-08-04T18:06:00Z,58.8472002,-173.0032037,110.34,40,50.72952216253925,3.7818150269567603,367.30934661316405,22.51170411077439
1043,202001,2020,17,58.8574456,2020-07-24T19:30:00Z,58.8574456,-171.6974373,2020-07-24T20:07:00Z,58.8656907,-171.6989947,91.21000000000001,40,4.051091633536657,0.7333026990756907,29.332107963027653,1.7977101358773393
1043,202001,2020,19,58.8636588,2020-08-04T16:44:01Z,58.8636588,-173.0069045,2020-08-04T17:34:00Z,58.8554295,-173.0050537,110.23,40,2.533498440977597,0.1834390740010017,18.343907400100203,1.1242638376458365
1043,202001,2020,17,58.8656909,2020-07-24T20:07:01Z,58.8656909,-171.6989946,2020-07-24T20:44:00Z,58.873936,-171.7005528,91.08,40,0,0,0,0
1043,202001,2020,19,58.871888,2020-08-04T16:10:01Z,58.871888,-173.0087564,2020-08-04T16:44:00Z,58.8636587,-173.0069047,110.04,40,6.225743743012095,0.4507777264488831,45.07777264488831,2.762732528075878
1043,202001,2020,17,58.8739361,2020-07-24T20:44:01Z,58.8739361,-171.7005526,2020-07-24T21:09:00Z,58.8821812,-171.7021116,90.98,40,8.906343565071845,1.6121693523532858,64.48677409413135,3.9522739915309524
1043,202001,2020,19,58.8801171,2020-08-04T15:34:01Z,58.8801171,-173.0106091,2020-08-04T16:10:00Z,58.8718879,-173.0087565,109.9,40,10.822089304016256,1.0311435737998873,78.3578157608365,4.802404238932335
1043,202001,2020,17,58.8821813,2020-07-24T21:10:00Z,58.8821813,-171.7021115,2020-07-24T21:42:00Z,58.8904263,-171.7036711,90.78,40,4.665524188449647,0.8445233506126009,33.780934024504006,2.070370379510432
1043,202001,2020,19,58.8883461,2020-08-04T07:34:01Z,58.8883461,-173.0124627,2020-08-04T15:34:00Z,58.880117,-173.0106092,109.88,40,9.491663148044568,0.7026299790798102,68.7248063959684,4.212015079174271
1043,202001,2020,17,58.8904264,2020-07-24T21:42:01Z,58.8904264,-171.70367099999999,2020-07-24T22:08:00Z,58.8986714,-171.7052315,90.58,40,0,0,0,0
1043,202001,2020,19,58.8965751,2020-08-04T07:09:01Z,58.8965751,-173.0143172,2020-08-04T07:34:00Z,58.888346,-173.0124628,109.49000000000001,40,10.842565636893637,1.0737091049545333,78.50607555374617,4.811490804848182
1043,202001,2020,17,58.8986715,2020-07-24T22:08:01Z,58.8986715,-171.7052313,2020-07-24T22:33:00Z,58.9069164,-171.7067925,90.38,40,0,0,0,0
1043,202001,2020,19,58.9048039,2020-08-04T06:44:01Z,58.9048039,-173.0161727,2020-08-04T07:09:00Z,58.8965749,-173.0143174,109.26,40,7.703821401038441,1.0615529124112573,55.779859234106794,3.418643435015317
1043,202001,2020,17,58.9069165,2020-07-24T22:33:01Z,58.9069165,-171.7067924,2020-07-24T22:58:00Z,58.9151613,-171.7083544,90.15,40,0,0,0,0
1043,202001,2020,19,58.9130328,2020-08-04T06:22:01Z,58.9130328,-173.018029,2020-08-04T06:44:00Z,58.9048038,-173.0161728,109.16,40,41.729953660924195,3.021475732470109,302.1475732470107,18.51806067404185
1043,202001,2020,17,58.9151614,2020-07-24T22:58:01Z,58.9151614,-171.7083542,2020-07-24T23:21:00Z,58.9234062,-171.7099169,89.89,40,10.282439165007553,1.8965211301816463,74.4504550858455,4.562929397955553
1043,202001,2020,19,58.9212615,2020-08-04T06:05:01Z,58.9212615,-173.0198862,2020-08-04T06:22:00Z,58.9130327,-173.0180291,109.19,40,51.318227270978404,3.9734230244063515,371.57189196172436,22.77294755728708
1043,202001,2020,17,58.9234063,2020-07-24T23:21:01Z,58.9234063,-171.7099168,2020-07-24T23:39:00Z,58.9316511,-171.7114803,89.58,40,0.40430272687176083,0.08766581730738604,2.9273717573245457,0.17941314978987255
1043,202001,2020,19,58.929490200000004,2020-08-04T05:34:01Z,58.929490200000004,-173.0217443,2020-08-04T06:05:00Z,58.9212614,-173.0198863,108.96000000000001,40,23.55406577192344,1.7054425391685233,170.54425391685254,10.452338927308325
1043,202001,2020,17,58.9316512,2020-07-24T23:40:00Z,58.9316512,-171.7114802,2020-07-25T00:04:00Z,58.9398958,-171.7130444,89.24,40,0,0,0,0
1043,202001,2020,19,58.9377189,2020-08-04T05:12:01Z,58.9377189,-173.0236033,2020-08-04T05:34:00Z,58.9294901,-173.0217444,108.60000000000001,40,7.6842511083031635,0.5563815966487783,55.638159664877826,3.4099589329613407
1043,202001,2020,17,58.9398959,2020-07-25T00:04:01Z,58.9398959,-171.7130442,2020-07-25T00:14:00Z,58.9481406,-171.7146092,88.99,40,0,0,0,0
1043,202001,2020,19,58.9459474,2020-08-04T04:51:01Z,58.9459474,-173.0254632,2020-08-04T05:12:00Z,58.9377188,-173.0236034,108.62,40,0.4723750950303065,0.03420252746635137,3.420252746635142,0.20962090544731665
1043,202001,2020,17,58.9481407,2020-07-25T00:14:01Z,58.9481407,-171.7146091,2020-07-25T00:34:00Z,58.9563852,-171.7161748,88.69,40,0,0,0,0
1043,202001,2020,19,58.9541759,2020-08-04T04:21:01Z,58.9541759,-173.0273239,2020-08-04T04:51:00Z,58.9459473,-173.0254633,108.24000000000001,40,2.5673956162423304,0.18589341395291925,18.589341395291967,1.1393060290015087
1043,202001,2020,17,58.9563853,2020-07-25T00:34:01Z,58.9563853,-171.7161747,2020-07-25T00:54:00Z,58.9646298,-171.7177412,88.32000000000001,40,0,0,0,0
1043,202001,2020,19,58.9624044,2020-08-04T03:58:01Z,58.9624044,-173.0291856,2020-08-04T04:21:00Z,58.9541758,-173.0273241,108.17,40,0,0,0,0
1043,202001,2020,17,58.9646299,2020-07-25T00:54:01Z,58.9646299,-171.7177411,2020-07-25T01:04:00Z,58.9728744,-171.7193083,87.99,40,0,0,0,0
1043,202001,2020,19,58.9706328,2020-08-04T03:25:00Z,58.9706328,-173.0310482,2020-08-04T03:58:00Z,58.9624043,-173.0291858,107.93,40,0,0,0,0
1043,202001,2020,17,58.9728745,2020-07-25T01:05:00Z,58.9728745,-171.7193082,2020-07-25T01:17:00Z,58.9811189,-171.7208762,87.57000000000001,40,0,0,0,0
1043,202001,2020,19,58.9788611,2020-08-04T03:03:01Z,58.9788611,-173.0329117,2020-08-04T03:24:00Z,58.9706327,-173.0310483,107.78,40,0.05611917301124172,0.004063333517155007,0.4063333517154999,0.024903412528165504
1043,202001,2020,17,58.981119,2020-07-25T01:17:01Z,58.981119,-171.7208761,2020-07-25T01:44:00Z,58.9893633,-171.7224448,87.29,40,2.2512671277581546,1.0925076285216926,16.300399106837393,0.9990210294515368
1043,202001,2020,19,58.9870893,2020-08-04T02:35:00Z,58.9870893,-173.0347761,2020-08-04T03:03:00Z,58.978860999999995,-173.0329118,107.68,40,3.038850468461809,0.6974382609277169,22.00293108319599,1.3485185680187013
1043,202001,2020,17,58.9893634,2020-07-25T01:44:01Z,58.9893634,-171.7224447,2020-07-25T01:50:00Z,58.9976077,-171.7240142,87.07000000000001,40,0,0,0,0
1043,202001,2020,19,58.9953175,2020-08-04T02:09:01Z,58.9953175,-173.0366414,2020-08-04T02:34:00Z,58.9870892,-173.0347762,107.31,40,2.048808376954616,0.5582357667754245,14.834487576358216,0.9091780485118928
1043,202001,2020,17,58.9976078,2020-07-25T01:50:01Z,58.9976078,-171.7240141,2020-07-25T02:09:00Z,59.005852,-171.7255844,86.68,40,0,0,0,0
1043,202001,2020,19,59.0035456,2020-08-04T01:44:01Z,59.0035456,-173.0385076,2020-08-04T02:09:00Z,58.9953174,-173.0366415,107.03,40,0,0,0,0
1043,202001,2020,17,59.0058521,2020-07-25T02:10:00Z,59.0058521,-171.7255843,2020-07-25T02:34:00Z,59.0140963,-171.7271553,86.31,40,0,0,0,0
1043,202001,2020,19,59.0117737,2020-08-04T01:20:00Z,59.0117737,-173.0403747,2020-08-04T01:44:00Z,59.0035455,-173.0385077,106.69,40,0,0,0,0
1043,202001,2020,17,59.0140964,2020-07-25T02:34:01Z,59.0140964,-171.7271552,2020-07-25T02:45:00Z,59.0223405,-171.728727,86.03,40,0,0,0,0
1043,202001,2020,19,59.0200017,2020-08-04T01:02:01Z,59.0200017,-173.0422427,2020-08-04T01:19:00Z,59.0117736,-173.0403748,106.53,40,0,0,0,0
1043,202001,2020,17,59.0223406,2020-07-25T02:45:01Z,59.0223406,-171.7287269,2020-07-25T03:03:00Z,59.0305846,-171.7302995,85.71000000000001,40,0,0,0,0
1043,202001,2020,19,59.0282296,2020-08-04T00:54:01Z,59.0282296,-173.0441116,2020-08-04T01:02:00Z,59.0200015,-173.0422428,106.43,40,0,0,0,0
1043,202001,2020,17,59.0305847,2020-07-25T03:03:01Z,59.0305847,-171.7302993,2020-07-25T03:24:00Z,59.0388287,-171.7318727,85.41,40,0,0,0,0
1043,202001,2020,19,59.0364574,2020-08-04T00:29:01Z,59.0364574,-173.0459814,2020-08-04T00:54:00Z,59.0282295,-173.0441117,106.31,40,0,0,0,0
1043,202001,2020,17,59.0388288,2020-07-25T03:25:00Z,59.0388288,-171.7318726,2020-07-25T03:49:00Z,59.0470728,-171.7334467,85.03,40,0,0,0,0
1043,202001,2020,19,59.0446852,2020-08-04T00:05:00Z,59.0446852,-173.0478521,2020-08-04T00:29:00Z,59.0364573,-173.0459815,106.13,40,0,0,0,0
1043,202001,2020,17,59.0470729,2020-07-25T03:49:01Z,59.0470729,-171.7334465,2020-07-25T03:56:00Z,59.0553168,-171.7350214,84.74,40,0,0,0,0
1043,202001,2020,19,59.052913,2020-08-03T23:51:01Z,59.052913,-173.0497238,2020-08-04T00:04:00Z,59.0446851,-173.0478523,105.94,40,0,0,0,0
1043,202001,2020,17,59.0553169,2020-07-25T03:56:01Z,59.0553169,-171.7350213,2020-07-25T04:19:00Z,59.0635607,-171.7365969,84.67,40,0,0,0,0
1043,202001,2020,19,59.0611406,2020-08-03T23:39:01Z,59.0611406,-173.0515963,2020-08-03T23:51:00Z,59.0529129,-173.0497239,105.83,40,0,0,0,0
1043,202001,2020,17,59.0635608,2020-07-25T04:19:01Z,59.0635608,-171.7365968,2020-07-25T04:39:00Z,59.0718046,-171.7381732,84.54,40,217.80510526398882,98.2310394869087,1577.0274880019233,96.65307052980056
1043,202001,2020,19,59.0693682,2020-08-03T23:15:00Z,59.0693682,-173.0534697,2020-08-03T23:39:00Z,59.0611405,-173.0515964,105.66,40,0,0,0,0
1043,202001,2020,17,59.0718047,2020-07-25T04:39:01Z,59.0718047,-171.73817300000002,2020-07-25T04:51:00Z,59.0800484,-171.7397502,84.19,40,404.7137079690301,183.25016426345718,2930.347484117806,179.59552652953914
1043,202001,2020,19,59.0775958,2020-08-03T22:58:01Z,59.0775958,-173.0553441,2020-08-03T23:14:00Z,59.0693681,-173.0534698,105.47,40,0,0,0,0
1043,202001,2020,17,59.0800485,2020-07-25T04:51:01Z,59.0800485,-171.7397501,2020-07-25T05:04:00Z,59.0882921,-171.741328,83.94,40,148.10993234159827,69.7688390978984,1072.396509097915,65.72517994665816
1043,202001,2020,19,59.0858233,2020-08-03T22:49:01Z,59.0858233,-173.0572193,2020-08-03T22:58:00Z,59.0775957,-173.0553442,105.38,40,0,0,0,0
1043,202001,2020,17,59.0882923,2020-07-25T05:05:00Z,59.0882923,-171.7413279,2020-07-25T05:29:00Z,59.0965359,-171.7429066,83.92,40,217.05450188148416,100.7461497009287,1571.5927110467992,96.31998319660329
1043,202001,2020,19,59.0940507,2020-08-03T22:28:01Z,59.0940507,-173.0590955,2020-08-03T22:49:00Z,59.0858232,-173.0572194,105.13,40,0,0,0,0
1043,202001,2020,17,59.096536,2020-07-25T05:29:01Z,59.096536,-171.7429064,2020-07-25T05:37:00Z,59.1047795,-171.7444859,83.87,40,96.86997108826368,41.5037998206664,701.391305694988,42.98696367316833
1043,202001,2020,19,59.1022781,2020-08-03T22:24:01Z,59.1022781,-173.0609726,2020-08-03T22:28:00Z,59.0940506,-173.0590956,104.95,40,0,0,0,0
1043,202001,2020,17,59.1047796,2020-07-25T05:37:01Z,59.1047796,-171.7444858,2020-07-25T05:54:00Z,59.1130231,-171.74606599999998,83.56,40,49.05079912839857,25.319468560639052,355.15447831302447,21.766754925023484
1043,202001,2020,19,59.1105053,2020-08-03T22:00:00Z,59.1105053,-173.0628506,2020-08-03T22:24:00Z,59.1022779,-173.0609727,104.8,40,8.357845864437301,2.4715665467718146,60.51535225827441,3.708872961602803
1043,202001,2020,17,59.1130232,2020-07-25T05:54:01Z,59.1130232,-171.7460659,2020-07-25T06:07:00Z,59.1212667,-171.7476469,83.42,40,87.93734531586404,42.278630003097156,636.7142341174663,39.02302670415366
1043,202001,2020,19,59.1187326,2020-08-03T21:45:01Z,59.1187326,-173.0647294,2020-08-03T21:59:00Z,59.1105052,-173.0628507,104.55,40,0,0,0,0
1043,202001,2020,17,59.1212668,2020-07-25T06:07:01Z,59.1212668,-171.7476468,2020-07-25T06:25:00Z,59.1295101,-171.7492285,83.47,40,188.00703135868994,44.28163492922037,1361.2732173147765,83.4298940788616
1043,202001,2020,19,59.1269597,2020-08-03T21:35:00Z,59.1269597,-173.0666093,2020-08-03T21:45:00Z,59.1187325,-173.0647296,104.4,40,6.6195688469784555,0.6410407117674848,47.92928071063085,2.937496133841367
1043,202001,2020,17,59.1295103,2020-07-25T06:25:01Z,59.1295103,-171.7492284,2020-07-25T06:44:00Z,59.1377536,-171.7508109,83.25,40,49.9151522327514,25.76174246805099,361.41286515502276,22.15031977056009
1043,202001,2020,19,59.1351869,2020-08-03T21:17:01Z,59.1351869,-173.06849,2020-08-03T21:34:00Z,59.1269596,-173.0666094,104.2,40,16.743719832184865,1.2123364323693946,121.23364323693953,7.430183658504692
1043,202001,2020,17,59.1377537,2020-07-25T06:45:00Z,59.1377537,-171.7508108,2020-07-25T07:09:00Z,59.145996999999994,-171.7523941,83.12,40,229.7574574141353,65.54658309259203,1663.5690218388545,101.95703957113653
1043,202001,2020,19,59.1434139,2020-08-03T21:05:01Z,59.1434139,-173.0703716,2020-08-03T21:17:00Z,59.1351867,-173.0684901,103.93,40,8.601739252056404,0.6228127310733359,62.281273107333696,3.8171029535799406
1043,202001,2020,17,59.1459971,2020-07-25T07:10:00Z,59.1459971,-171.75239399999998,2020-07-25T07:34:00Z,59.1542403,-171.7539781,83.19,40,120.94759698777138,23.51504746584702,875.7264198482037,53.67163734706884
1043,202001,2020,19,59.1516409,2020-08-03T20:52:01Z,59.1516409,-173.0722542,2020-08-03T21:05:00Z,59.1434138,-173.0703717,103.8,40,0,0,0,0
1043,202001,2020,17,59.1542404,2020-07-25T07:35:00Z,59.1542404,-171.7539779,2020-07-25T15:04:00Z,59.1624836,-171.7555628,82.81,40,2.85125306501358,0.8287446383105009,20.644623794865602,1.2652704501900924
1043,202001,2020,19,59.1598678,2020-08-03T20:44:01Z,59.1598678,-173.0741376,2020-08-03T20:52:00Z,59.1516408,-173.0722543,103.64,40,0,0,0,0
1043,202001,2020,17,59.1624837,2020-07-25T15:04:01Z,59.1624837,-171.7555627,2020-07-25T15:54:00Z,59.1707268,-171.7571483,82.17,40,171.65110890259206,19.18204758704619,1242.847438113544,76.17179916500213
1043,202001,2020,19,59.1680947,2020-08-03T20:29:01Z,59.1680947,-173.076022,2020-08-03T20:44:00Z,59.1598677,-173.0741377,103.52,40,2.848861592504852,0.20627308232503058,20.62730823250312,1.2642092116999475
1043,202001,2020,17,59.1707269,2020-07-25T15:54:01Z,59.1707269,-171.7571482,2020-07-25T16:22:00Z,59.17897,-171.7587345,81.94,40,173.13959785699694,15.67031135192746,1253.6249081541964,76.83233018294386
1043,202001,2020,19,59.1763215,2020-08-03T20:22:00Z,59.1763215,-173.0779073,2020-08-03T20:29:00Z,59.1680945,-173.0760221,103.48,40,0,0,0,0
1043,202001,2020,17,59.1789701,2020-07-25T16:22:01Z,59.1789701,-171.7587344,2020-07-25T16:44:00Z,59.1872131,-171.7603216,81.77,40,118.56126474696738,14.307467930379046,858.4480758227419,52.61267989931566
1043,202001,2020,19,59.1845482,2020-08-03T20:19:01Z,59.1845482,-173.0797935,2020-08-03T20:19:02Z,59.1763213,-173.0779074,103.25,40,2.7183762915631084,0.19682523645769395,19.6825236457694,1.2063051282316628
1043,202001,2020,17,59.1872132,2020-07-25T16:45:00Z,59.1872132,-171.7603215,2020-07-25T17:09:00Z,59.1954561,-171.7619094,81.52,40,15.739094326862723,1.8993267979671968,113.95960787803196,6.984371611517786
1043,202001,2020,19,59.1927749,2020-08-03T19:59:01Z,59.1927749,-173.0816806,2020-08-03T20:19:00Z,59.1845481,-173.0797936,103,40,1.8427885702328057,0.1334279206316374,13.34279206316376,0.8177548154086819
1043,202001,2020,17,59.1954562,2020-07-25T17:10:00Z,59.1954562,-171.7619093,2020-07-25T17:38:00Z,59.2036991,-171.763498,81.25,40,2.967121836303562,0.35805961254749885,21.48357675284992,1.316688310713234
1043,202001,2020,19,59.2010015,2020-08-03T19:54:01Z,59.2010015,-173.0835687,2020-08-03T19:59:00Z,59.1927748,-173.0816808,102.98,40,33.15662667163872,2.4007202038361632,240.0720203836161,14.71356593014634
1043,202001,2020,17,59.2036992,2020-07-25T17:38:01Z,59.2036992,-171.7634979,2020-07-25T17:59:00Z,59.2119421,-171.7650873,81.03,40,6.475519494723124,0.781438083517621,46.88628501105718,2.8735728746210123
1043,202001,2020,19,59.209227999999996,2020-08-03T19:39:01Z,59.209227999999996,-173.0854577,2020-08-03T19:54:00Z,59.2010014,-173.0835688,102.8,40,0,0,0,0
1043,202001,2020,17,59.2119422,2020-07-25T18:00:00Z,59.2119422,-171.7650872,2020-07-25T18:24:00Z,59.220185,-171.7666775,80.98,40,20.816942809279627,2.5120999028472357,150.72599417083438,9.237714786903068
1043,202001,2020,19,59.2174545,2020-08-03T19:31:00Z,59.2174545,-173.0873475,2020-08-03T19:39:00Z,59.2092279,-173.0854578,102.69,40,0.1814715713284556,0.13334584943719557,1.3139529302079822,0.080529722026047107
1043,202001,2020,17,59.2201851,2020-07-25T18:25:00Z,59.2201851,-171.7666774,2020-07-25T18:53:00Z,59.2284278,-171.7682684,80.84,40,45.55980906117534,5.497963508133292,329.87781048799826,20.217595143955915
1043,202001,2020,19,59.225680999999994,2020-08-03T19:29:01Z,59.225680999999994,-173.0892383,2020-08-03T19:29:02Z,59.2174544,-173.0873477,102.52,40,0.6120199643302803,0.4510725155087461,4.4313575927661555,0.27158963379836293
1043,202001,2020,17,59.228427999999994,2020-07-25T18:53:01Z,59.228427999999994,-171.7682683,2020-07-25T19:14:00Z,59.2366706,-171.7698601,80.65,40,207.97035133204838,25.116921377307136,1505.81851762629,92.2888056780885
1043,202001,2020,19,59.2339073,2020-08-03T19:09:01Z,59.2339073,-173.0911301,2020-08-03T19:29:00Z,59.2256809,-173.0892385,102.38,40,0.3787790555055008,0.02742566487078312,2.7425664870783173,0.16808677979614564
1043,202001,2020,17,59.2366708,2020-07-25T19:15:00Z,59.2366708,-171.76986,2020-07-25T19:39:00Z,59.2449134,-171.7714525,80.5,40,240.80795174144535,29.14084368437156,1743.5806142625268,106.8608006942384
1043,202001,2020,19,59.2421337,2020-08-03T19:04:01Z,59.2421337,-173.0930227,2020-08-03T19:09:00Z,59.2339072,-173.0911302,102.29,40,8.36868094842972,0.9425329267224948,60.59380416265077,3.7136811323573236
1043,202001,2020,17,59.2449135,2020-07-25T19:40:00Z,59.2449135,-171.7714524,2020-07-25T20:04:00Z,59.2531561,-171.7730458,80.4,40,36.66521221915767,4.432271401262548,265.476089061149,16.270533871614774
1043,202001,2020,19,59.2503599,2020-08-03T18:48:01Z,59.2503599,-173.0949163,2020-08-03T19:04:00Z,59.2421335,-173.0930228,102.17,40,1.9321441056223896,0.1398977476517024,13.989774765170244,0.8574071773391782
1043,202001,2020,17,59.2531562,2020-07-25T20:04:01Z,59.2531562,-171.7730457,2020-07-25T20:29:00Z,59.2613987,-171.7746398,80.33,40,9.860501583840412,1.215412481767997,71.39539738683004,4.375690615180962
1043,202001,2020,19,59.2585861,2020-08-03T18:39:01Z,59.2585861,-173.0968108,2020-08-03T18:48:00Z,59.2503598,-173.0949164,102.05,40,0,0,0,0
1043,202001,2020,17,59.2613988,2020-07-25T20:29:01Z,59.2613988,-171.7746397,2020-07-25T20:37:00Z,59.2696413,-171.7762346,80.38,40,4.731218873648157,0.570943321588145,34.2565992952887,2.0995230159200733
1043,202001,2020,19,59.2668122,2020-08-03T18:21:01Z,59.2668122,-173.0987062,2020-08-03T18:39:00Z,59.258585999999994,-173.0968109,101.68,40,5.8551904147539044,0.4239476489938346,42.39476489938353,2.5982959923583984
1043,202001,2020,17,59.2696414,2020-07-25T20:37:01Z,59.2696414,-171.7762345,2020-07-25T20:57:00Z,59.2778838,-171.7778302,80.49,40,4.500691215440682,0.5431242266762598,32.5874536005757,1.9972241924797731
1043,202001,2020,19,59.2750383,2020-08-03T18:14:01Z,59.2750383,-173.1006025,2020-08-03T18:21:00Z,59.2668121,-173.0987063,101.46000000000001,40,14.392759745248025,1.0421141285441,104.21141285440966,6.386922937778962
1043,202001,2020,17,59.277884,2020-07-25T20:57:01Z,59.277884,-171.7778301,2020-07-25T21:22:00Z,59.2861263,-171.7794265,80.56,40,2.5697511518927647,0.31010661258740296,18.606396755244166,1.1403513201717088
1043,202001,2020,19,59.2832643,2020-08-03T18:00:01Z,59.2832643,-173.1024998,2020-08-03T18:14:00Z,59.2750382,-173.1006027,101.33,40,9.249477840240948,0.6697125297428175,66.97125297428164,4.104543063731597
1043,202001,2020,17,59.2861264,2020-07-25T21:22:01Z,59.2861264,-171.7794264,2020-07-25T21:47:00Z,59.2943688,-171.7810237,80.65,40,24.35127480150896,2.9565137665095054,176.31648111885454,10.806107956138627
1043,202001,2020,19,59.2914903,2020-08-03T17:50:00Z,59.2914903,-173.104398,2020-08-03T18:00:00Z,59.2832642,-173.1024999,101.24000000000001,40,22.056431981165858,1.5970057028454006,159.70057028453996,9.787749801950305
1043,202001,2020,17,59.2943689,2020-07-25T21:47:01Z,59.2943689,-171.7810236,2020-07-25T22:34:00Z,59.3026111,-171.7826216,80.78,40,49.07724406777261,5.922432567749747,355.34595406498556,21.778490116388152
1043,202001,2020,19,59.2997162,2020-08-03T17:49:01Z,59.2997162,-173.1062971,2020-08-03T17:49:02Z,59.2914902,-173.1043981,101.17,40,14.414857279600954,1.0437141102823317,104.37141102823298,6.3967289271461985
1043,202001,2020,17,59.3026113,2020-07-25T22:34:01Z,59.3026113,-171.7826215,2020-07-26T04:31:00Z,59.3108535,-171.7842203,80.71000000000001,40,243.06044254371292,29.339667406728026,1759.8898734387153,107.8603647407993
1043,202001,2020,19,59.307942,2020-08-03T17:25:00Z,59.307942,-173.1081971,2020-08-03T17:49:00Z,59.299716,-173.1062972,101.08,40,17.306536060849343,1.253087390076369,125.30873900763635,7.679938670346548
1043,202001,2020,17,59.3108536,2020-07-26T04:31:01Z,59.3108536,-171.7842202,2020-07-26T05:39:00Z,59.3190958,-171.7858198,80.75,40,197.83956562264245,23.874435268104577,1432.4661160862709,87.79317393196064
1043,202001,2020,19,59.3161678,2020-08-03T17:24:01Z,59.3161678,-173.1100981,2020-08-03T17:24:02Z,59.3079419,-173.1081973,100.75,40,7.663185057598761,0.6935703749248245,55.48562999398595,3.4006106741955544
1043,202001,2020,17,59.3190959,2020-07-26T05:39:01Z,59.3190959,-171.7858197,2020-07-26T16:54:00Z,59.327338,-171.7874201,80.99,40,263.35103643327017,31.780080250008293,1906.8048150004925,116.86450722828565
1043,202001,2020,19,59.3243935,2020-08-03T17:05:01Z,59.3243935,-173.112,2020-08-03T17:24:00Z,59.3161677,-173.1100982,100.69,40,8.344925155088315,0.7552724911419263,60.421799291354105,3.703139274917686
1043,202001,2020,17,59.3273381,2020-07-26T16:54:01Z,59.3273381,-171.7874199,2020-07-26T17:53:00Z,59.3355802,-171.7890211,80.97,40,210.69535587070894,25.425817223133777,1525.549033388026,93.49805215350953
1043,202001,2020,19,59.3326191,2020-08-03T16:59:01Z,59.3326191,-173.1139028,2020-08-03T17:05:00Z,59.3243934,-173.1120001,100.71000000000001,40,8.635646532644184,0.7893035396842719,62.52678027056347,3.8321496292680624
1043,202001,2020,17,59.3355803,2020-07-26T17:53:01Z,59.3355803,-171.789021,2020-07-26T18:59:00Z,59.3438223,-171.7906229,80.91,40,72.7660016722333,8.781090835774144,526.8654501464474,32.2905998152504
1043,202001,2020,19,59.3408447,2020-08-03T16:42:01Z,59.3408447,-173.1158066,2020-08-03T16:59:00Z,59.332618999999994,-173.113903,100.66,40,5.072810398792333,0.4592352589149619,36.7299078257198,2.2511074782407596
1043,202001,2020,17,59.3438224,2020-07-26T18:59:01Z,59.3438224,-171.7906228,2020-07-26T19:31:00Z,59.3520644,-171.7922256,80.98,40,2.9699371965929755,0.35839935822361974,21.503961493417194,1.3179376534055902
1043,202001,2020,19,59.3490703,2020-08-03T16:34:01Z,59.3490703,-173.1177113,2020-08-03T16:42:00Z,59.3408446,-173.1158067,100.41,40,4.069359519430685,0.3704856777802519,29.464377397977977,1.8058166826068374
1043,202001,2020,17,59.3520645,2020-07-26T19:31:01Z,59.3520645,-171.7922254,2020-07-26T20:01:00Z,59.3603064,-171.79382900000002,81.01,40,4.563992202800093,0.5507631199399178,33.04578719639504,2.0253146028879203
1043,202001,2020,19,59.3572958,2020-08-03T16:17:01Z,59.3572958,-173.1196169,2020-08-03T16:34:00Z,59.3490702,-173.1177114,100.31,40,8.159084298278627,0.7385758572035331,59.07621035657001,3.620670641233574
1043,202001,2020,17,59.3603065,2020-07-26T20:01:01Z,59.3603065,-171.7938288,2020-07-26T20:24:00Z,59.3685484,-171.7954331,81.05,40,21.455919123593095,2.5892088401112106,155.35253040667305,9.521266555349253
1043,202001,2020,19,59.3655212,2020-08-03T16:07:01Z,59.3655212,-173.1215235,2020-08-03T16:17:00Z,59.3572956,-173.119617,100.39,40,23.275087495323007,2.1150852875753023,168.5242993789594,10.328539684807271
1043,202001,2020,17,59.3685485,2020-07-26T20:24:01Z,59.3685485,-171.795433,2020-07-26T20:57:00Z,59.3767903,-171.7970381,81.09,40,6.9660560426762395,0.8406339426668675,50.438036560011994,3.091253096162616
1043,202001,2020,19,59.3737465,2020-08-03T15:49:01Z,59.3737465,-173.1234309,2020-08-03T16:07:00Z,59.3655211,-173.1215236,100.3,40,45.96202286092591,4.180133279233438,332.7900572762062,20.396081312625984
1043,202001,2020,17,59.3767904,2020-07-26T20:57:01Z,59.3767904,-171.797038,2020-07-26T21:27:00Z,59.3850322,-171.7986439,81.11,40,4.25730998178829,0.5137540170823498,30.825241024940997,1.8892214736577189
1043,202001,2020,19,59.3819718,2020-08-03T15:44:01Z,59.3819718,-173.1253394,2020-08-03T15:49:00Z,59.3737464,-173.1234311,100.08,40,43.3232018693916,3.9789164116082123,313.68355729530725,19.22507959941475
1043,202001,2020,17,59.3850323,2020-07-26T21:27:01Z,59.3850323,-171.7986437,2020-07-26T21:54:00Z,59.393274,-171.8002504,81.03,40,0.7965976050660096,0.09613000259589581,5.767800155753752,0.35349770343076115
1043,202001,2020,19,59.3901971,2020-08-03T15:27:01Z,59.3901971,-173.1272487,2020-08-03T15:44:00Z,59.3819717,-173.1253395,100.19,40,23.685651438920612,2.176129125965427,171.49700575262833,10.51073130859605
1043,202001,2020,17,59.3932741,2020-07-26T21:55:00Z,59.3932741,-171.8002503,2020-07-26T22:19:00Z,59.4015158,-171.8018578,80.94,40,2.865585593541608,0.34580665168217545,20.748399100930516,1.2716306449569268
1043,202001,2020,19,59.3984223,2020-08-03T07:38:01Z,59.3984223,-173.12915900000002,2020-08-03T15:27:00Z,59.390197,-173.1272488,100.12,40,8.305456084578704,0.7893542049280632,60.136021742457345,3.685624502474279
1043,202001,2020,17,59.4015159,2020-07-26T22:20:00Z,59.4015159,-171.8018576,2020-07-26T22:44:00Z,59.4097575,-171.8034659,80.84,40,9.17553189700719,1.1072640684187545,66.43584410512531,4.071728853715251
1043,202001,2020,19,59.4066474,2020-08-03T07:30:01Z,59.4066474,-173.1310702,2020-08-03T07:38:00Z,59.3984222,-173.1291591,100.03,40,17.566985652089116,1.6109523992995116,127.19453578051804,7.795515633894048
1043,202001,2020,17,59.4097576,2020-07-26T22:45:00Z,59.4097576,-171.8034658,2020-07-26T23:09:00Z,59.4179992,-171.8050748,80.85000000000001,40,5.741889557285781,0.692906750581418,41.57440503488516,2.54801766782289
1043,202001,2020,19,59.4148725,2020-08-03T07:24:01Z,59.4148725,-173.1329824,2020-08-03T07:30:00Z,59.4066473,-173.1310703,99.95,40,23.95949635065513,2.186127775495458,173.47979193540104,10.632252572002724
1043,202001,2020,17,59.4179993,2020-07-26T23:10:00Z,59.4179993,-171.8050747,2020-07-26T23:34:00Z,59.4262408,-171.8066845,80.87,40,3.732907778987288,0.45047139509608763,27.028283705765283,1.6565130482428252
1043,202001,2020,19,59.4230975,2020-08-03T07:08:01Z,59.4230975,-173.1348954,2020-08-03T07:24:00Z,59.4148724,-173.1329825,99.83,40,14.075909510320608,1.2950303514500419,101.91724472894369,6.246317656434867
1043,202001,2020,17,59.4262409,2020-07-26T23:34:01Z,59.4262409,-171.8066844,2020-07-26T23:59:00Z,59.4344824,-171.808295,80.84,40,18.75907125456949,2.2637647375916115,135.82588425549665,8.324514867747844
1043,202001,2020,19,59.4313225,2020-08-03T07:00:00Z,59.4313225,-173.1368095,2020-08-03T07:08:00Z,59.4230974,-173.1348956,99.58,40,15.290906704268574,1.4257356957959135,110.71448559425203,6.78548412518145
1043,202001,2020,17,59.4344825,2020-07-26T23:59:01Z,59.4344825,-171.8082949,2020-07-27T00:24:00Z,59.4427239,-171.8099063,80.71000000000001,40,29.890277361426115,3.6070312314180764,216.42187388508466,13.264092604567955
1043,202001,2020,19,59.4395474,2020-08-03T06:59:01Z,59.4395474,-173.1387244,2020-08-03T06:59:02Z,59.4313224,-173.1368096,99.56,40,1.697713695644857,0.17242013001135037,12.292371023829869,0.753376470977059
1043,202001,2020,17,59.442724,2020-07-27T00:24:01Z,59.442724,-171.8099061,2020-07-27T00:49:00Z,59.4509654,-171.8115183,80.54,40,25.694070450853147,3.101893395931262,186.03905234701062,11.40198619529132
1043,202001,2020,19,59.4477722,2020-08-03T06:37:01Z,59.4477722,-173.1406403,2020-08-03T06:59:00Z,59.4395473,-173.1387246,99.52,40,0.9726586279267218,0.10720295579074882,7.0425777707254085,0.43162644352379126
1043,202001,2020,17,59.4509655,2020-07-27T00:49:01Z,59.4509655,-171.8115182,2020-07-27T01:14:00Z,59.4592068,-171.8131312,80.35000000000001,40,81.39760819764965,9.843251794213783,589.362978566177,36.120956653192195
1043,202001,2020,19,59.455996999999996,2020-08-03T06:34:01Z,59.455996999999996,-173.1425572,2020-08-03T06:37:00Z,59.4477721,-173.1406405,99.37,40,4.017650648152294,0.437146369211912,29.089977030820663,1.7828703830853956
1043,202001,2020,17,59.4592069,2020-07-27T01:15:00Z,59.4592069,-171.8131311,2020-07-27T01:42:00Z,59.4674482,-171.8147449,80.12,40,12.5284388007342,1.5118785780648987,90.71271468389384,5.559612928117442
1043,202001,2020,19,59.4642218,2020-08-03T06:17:01Z,59.4642218,-173.144475,2020-08-03T06:34:00Z,59.4559969,-173.1425573,99.34,40,4.576866616900789,0.4268252253917697,33.139004960524616,2.031027745619796
1043,202001,2020,17,59.4674483,2020-07-27T01:42:01Z,59.4674483,-171.8147447,2020-07-27T02:04:00Z,59.4756895,-171.8163593,79.95,40,14.14531413192944,1.7069961993037415,102.41977195822439,6.277116612131164
1043,202001,2020,19,59.4724464,2020-08-03T06:00:00Z,59.4724464,-173.1463937,2020-08-03T06:17:00Z,59.4642216,-173.1444751,99.06,40,11.415048541343234,1.2135846707403726,82.65116331757034,5.065535495278221
1043,202001,2020,17,59.4756896,2020-07-27T02:05:00Z,59.4756896,-171.8163592,2020-07-27T02:29:00Z,59.4839308,-171.8179746,79.77,40,24.672784754641704,2.9774064689978013,178.64438813986766,10.948781031402438
1043,202001,2020,19,59.4806711,2020-08-03T05:49:01Z,59.4806711,-173.1483134,2020-08-03T05:59:00Z,59.4724463,-173.1463938,98.91,40,13.724443517138862,1.443295914396448,99.37243967640045,6.090351305753379
1043,202001,2020,17,59.4839309,2020-07-27T02:30:00Z,59.4839309,-171.8179744,2020-07-27T02:54:00Z,59.4921721,-171.8195906,79.58,40,0,0,0,0
1043,202001,2020,19,59.4888956,2020-08-03T05:44:01Z,59.4888956,-173.150234,2020-08-03T05:49:00Z,59.4806709,-173.1483135,98.82000000000001,40,5.790183359722599,0.642235325115869,41.92407844520623,2.5694484983234913
1043,202001,2020,17,59.4921722,2020-07-27T02:54:01Z,59.4921722,-171.8195905,2020-07-27T03:19:00Z,59.5004132,-171.8212074,79.43,40,79.60044128786733,10.861408220340904,576.3505121512184,35.32344688006506
1043,202001,2020,19,59.4971201,2020-08-03T05:29:01Z,59.4971201,-173.1521555,2020-08-03T05:44:00Z,59.4888955,-173.1502341,98.84,40,4.363208849603706,0.5739563511856632,31.592006456314955,1.936215095444424
1043,202001,2020,17,59.5004134,2020-07-27T03:19:01Z,59.5004134,-171.8212073,2020-07-27T03:44:00Z,59.5086544,-171.8228251,79.24,40,136.2040759537055,19.589860581807567,986.1916298819158,60.441843838526374
1043,202001,2020,19,59.5053446,2020-08-03T05:22:00Z,59.5053446,-173.154078,2020-08-03T05:29:00Z,59.497119999999995,-173.1521556,98.83,40,5.681190570454202,0.7531436340296782,41.13491133885244,2.5210819196997716
1043,202001,2020,17,59.5086545,2020-07-27T03:44:01Z,59.5086545,-171.8228249,2020-07-27T04:09:00Z,59.5168955,-171.8244435,79.07000000000001,40,188.42477093451816,31.22043672799924,1364.297879170654,83.61526995715735
1043,202001,2020,19,59.513569,2020-08-03T05:19:01Z,59.513569,-173.1560014,2020-08-03T05:19:02Z,59.5053445,-173.1540781,98.83,40,0,0,0,0
1043,202001,2020,17,59.5168956,2020-07-27T04:09:01Z,59.5168956,-171.8244434,2020-07-27T04:34:00Z,59.5251365,-171.8260627,78.92,40,203.15900493933296,34.51651037939225,1470.9817514889003,90.15372531955057
1043,202001,2020,19,59.5217933,2020-08-03T04:59:01Z,59.5217933,-173.1579258,2020-08-03T05:19:00Z,59.5135689,-173.1560015,98.76,40,1.158052888142023,0.15909238972889692,8.38493310313575,0.5138968957553458
1043,202001,2020,17,59.5251366,2020-07-27T04:34:01Z,59.5251366,-171.8260626,2020-07-27T04:59:00Z,59.5333775,-171.8276827,78.75,40,91.85960577885965,16.12535046608015,665.1135342980111,40.76356679253532
1043,202001,2020,19,59.5300176,2020-08-03T04:54:01Z,59.5300176,-173.1598511,2020-08-03T04:59:00Z,59.5217932,-173.1579259,98.7,40,31.84178448687057,3.5116903165003763,230.5518474507978,14.13009230465018
1043,202001,2020,17,59.5333776,2020-07-27T04:59:01Z,59.5333776,-171.8276826,2020-07-27T05:24:00Z,59.5416185,-171.8293035,78.5,40,98.552131252746,18.155700501019748,713.5710606892299,43.733438117938896
1043,202001,2020,19,59.5382418,2020-08-03T04:39:01Z,59.5382418,-173.1617774,2020-08-03T04:54:00Z,59.5300175,-173.1598513,98.61,40,18.662622868551708,2.1751525173588564,135.12754545513147,8.281714986427508
1043,202001,2020,17,59.5416186,2020-07-27T05:24:01Z,59.5416186,-171.8293034,2020-07-27T05:49:00Z,59.5498594,-171.8309251,78.24,40,156.61046948920998,30.208013077738855,1133.9450238965787,69.49737351151278
1043,202001,2020,19,59.546465999999995,2020-08-03T04:29:01Z,59.546465999999995,-173.1637046,2020-08-03T04:39:00Z,59.5382417,-173.1617775,98.42,40,18.207451180694893,2.5500317096022225,131.8318547382385,8.079728255233714
1043,202001,2020,17,59.5498595,2020-07-27T05:49:01Z,59.5498595,-171.83092499999998,2020-07-27T05:52:00Z,59.5581002,-171.8325476,78.01,40,213.2487021868411,41.65554069153327,1544.0366502051263,94.63112367302698
1043,202001,2020,19,59.5546901,2020-08-03T04:05:00Z,59.5546901,-173.1656328,2020-08-03T04:29:00Z,59.5464659,-173.1637047,98.18,40,25.839438474255044,3.4869677889949466,187.0915959432842,11.466494627275098
1043,202001,2020,17,59.5581004,2020-07-27T05:52:01Z,59.5581004,-171.8325474,2020-07-27T06:10:00Z,59.5663411,-171.8341708,77.89,40,237.11348752434117,48.59647563146216,1716.8306828651375,105.22134733930994
1043,202001,2020,19,59.5629142,2020-08-03T04:04:01Z,59.5629142,-173.1675619,2020-08-03T04:04:02Z,59.55469,-173.1656329,98.13,40,18.322557806950382,2.577412391145136,132.6652893514265,8.13080790670669
1043,202001,2020,17,59.5663412,2020-07-27T06:10:01Z,59.5663412,-171.8341707,2020-07-27T06:39:00Z,59.5745818,-171.8357948,77.89,40,316.47484498840294,52.261203162677255,2291.4500980265907,140.43869851672005
1043,202001,2020,19,59.5711382,2020-08-03T03:40:00Z,59.5711382,-173.169492,2020-08-03T04:04:00Z,59.5629141,-173.167562,98.08,40,14.940795480591229,2.325885987621179,108.17948981016353,6.630118966250274
1043,202001,2020,17,59.5745819,2020-07-27T06:39:01Z,59.5745819,-171.8357947,2020-07-27T06:45:00Z,59.5828225,-171.8374196,77.97,40,269.2609464166909,42.1646401379508,1949.595779354497,119.48708554553862
1043,202001,2020,19,59.5793622,2020-08-03T03:39:01Z,59.5793622,-173.171423,2020-08-03T03:39:02Z,59.5711381,-173.1694921,97.99000000000001,40,66.07982944258245,8.579245110390808,478.45392470082294,29.323547801921464
1043,202001,2020,17,59.5828227,2020-07-27T06:45:01Z,59.5828227,-171.8374195,2020-07-27T07:04:00Z,59.5910632,-171.8390452,78.12,40,319.88278154138146,61.91411405667489,2316.125413212154,141.95100251720203
1043,202001,2020,19,59.5875861,2020-08-03T03:15:00Z,59.5875861,-173.1733549,2020-08-03T03:39:00Z,59.579361999999996,-173.1714231,97.86,40,78.66241254355957,12.281567272564649,569.558673582897,34.90718777414251
1043,202001,2020,17,59.5910633,2020-07-27T07:05:00Z,59.5910633,-171.8390451,2020-07-27T07:29:00Z,59.5993038,-171.8406716,78.29,40,229.3724453288299,37.00533903760267,1660.7813248241148,101.78618682555583
1043,202001,2020,19,59.5958099,2020-08-03T02:50:00Z,59.5958099,-173.1752878,2020-08-03T03:14:00Z,59.5875859,-173.17335500000002,97.62,40,106.22522809046734,17.005842642928247,769.1284573651279,47.13844723808502
1043,202001,2020,17,59.599304,2020-07-27T07:29:01Z,59.599304,-171.8406715,2020-07-27T07:40:00Z,59.6075444,-171.8422988,78.5,40,514.640987001007,74.59788328012812,3726.280804893586,228.37679380309098
1043,202001,2020,19,59.6040337,2020-08-03T02:33:01Z,59.6040337,-173.1772217,2020-08-03T02:49:00Z,59.5958098,-173.175288,97.29,40,182.4755786122831,27.763162646787617,1321.222489306843,80.97525973141265
1043,202001,2020,17,59.6075445,2020-07-27T07:40:01Z,59.6075445,-171.8422987,2020-07-27T15:07:00Z,59.615784999999995,-171.8439269,78.52,40,485.9960702507025,67.62990812363591,3518.8760195374093,215.66534172013007
1043,202001,2020,19,59.6122574,2020-08-03T02:13:01Z,59.6122574,-173.1791565,2020-08-03T02:33:00Z,59.6040336,-173.1772218,97.11,40,33.0094695240205,5.126088458950295,239.00652255440497,14.648263557410548
1043,202001,2020,17,59.6157851,2020-07-27T15:07:01Z,59.6157851,-171.8439267,2020-07-27T15:17:00Z,59.6240254,-171.8455557,78.22,40,172.07901739564812,24.10083415116869,1245.9457284639057,76.36168759626514
1043,202001,2020,19,59.6204811,2020-08-03T01:59:01Z,59.6204811,-173.1810923,2020-08-03T02:13:00Z,59.6122573,-173.1791566,96.9,40,46.48849887773503,6.196441643037909,336.6020301373356,20.62971001257416
1043,202001,2020,17,59.6240256,2020-07-27T15:17:01Z,59.6240256,-171.8455556,2020-07-27T15:24:00Z,59.6322659,-171.8471853,78.16,40,184.95894122733023,23.54221191331012,1339.2033860441297,82.07727532325241
1043,202001,2020,19,59.6287047,2020-08-03T01:34:01Z,59.6287047,-173.18302899999998,2020-08-03T01:59:00Z,59.620481,-173.1810924,96.67,40,13.204763188553947,1.6346824838054888,95.60967129611409,5.859738256574443
1043,202001,2020,17,59.632265999999994,2020-07-27T15:27:00Z,59.632265999999994,-171.8471852,2020-07-27T15:37:00Z,59.6405063,-171.8488158,78.17,40,200.96192026429273,26.524400671021176,1455.073662824924,89.1787482647234
1043,202001,2020,19,59.6369283,2020-08-03T01:02:01Z,59.6369283,-173.1849667,2020-08-03T01:34:00Z,59.6287046,-173.1830291,96.33,40,7.475283000155599,0.9020852807490777,54.12511684494465,3.317227363282175
1043,202001,2020,17,59.6405064,2020-07-27T15:37:01Z,59.6405064,-171.8488156,2020-07-27T15:49:00Z,59.6487466,-171.850447,78.14,40,279.21653731463425,37.494371574651424,2021.6796751214442,123.90497294105435
1043,202001,2020,19,59.6451518,2020-08-03T00:44:01Z,59.6451518,-173.1869053,2020-08-03T01:02:00Z,59.6369282,-173.1849668,96.09,40,10.063354900438222,1.2144027631396,72.86416578837584,4.465708688414683
1043,202001,2020,17,59.6487467,2020-07-27T15:49:01Z,59.6487467,-171.8504469,2020-07-27T15:57:00Z,59.6569869,-171.852079,78.06,40,294.29197856625655,37.948631986625855,2130.8340735858465,130.5948422386306
1043,202001,2020,19,59.6533753,2020-08-03T00:20:00Z,59.6533753,-173.1888449,2020-08-03T00:44:00Z,59.6451517,-173.1869054,95.88,40,0,0,0,0
1043,202001,2020,17,59.6569871,2020-07-27T15:57:01Z,59.6569871,-171.8520789,2020-07-27T16:07:00Z,59.6652272,-171.8537119,77.96000000000001,40,271.8827606163514,34.688527083087465,1968.579140907418,120.65054033439068
1043,202001,2020,19,59.6615987,2020-08-03T00:03:01Z,59.6615987,-173.1907854,2020-08-03T00:19:00Z,59.6533752,-173.18884500000001,95.55,40,1.0400488943766868,0.1255086662079592,7.5305199724775544,0.4615315101121796
1043,202001,2020,17,59.6652273,2020-07-27T16:07:01Z,59.6652273,-171.8537118,2020-07-27T16:20:00Z,59.6734674,-171.8553455,77.83,40,198.78811733469317,26.23555895952606,1439.3341466674742,88.21410270410709
1043,202001,2020,19,59.6698221,2020-08-02T23:54:01Z,59.6698221,-173.1927269,2020-08-03T00:03:00Z,59.6615986,-173.1907856,95.33,40,0,0,0,0
1043,202001,2020,17,59.6734675,2020-07-27T16:20:01Z,59.6734675,-171.8553454,2020-07-27T16:30:00Z,59.6817076,-171.85698,77.73,40,207.6740523652535,27.54154365299307,1503.6731518657593,92.15732021588676
1043,202001,2020,19,59.6780454,2020-08-02T23:30:00Z,59.6780454,-173.1946694,2020-08-02T23:54:00Z,59.669821999999996,-173.1927271,95.13,40,0,0,0,0
1043,202001,2020,17,59.6817077,2020-07-27T16:30:01Z,59.6817077,-171.8569799,2020-07-27T16:39:00Z,59.6899477,-171.8586153,77.60000000000001,40,206.5057358156811,28.261417473888457,1495.2139042685549,91.63886872353036
1043,202001,2020,19,59.6862686,2020-08-02T23:08:01Z,59.6862686,-173.1966128,2020-08-02T23:29:00Z,59.6780453,-173.1946695,94.83,40,0,0,0,0
1043,202001,2020,17,59.6899478,2020-07-27T16:40:00Z,59.6899478,-171.8586152,2020-07-27T17:04:00Z,59.6981878,-171.8602514,77.44,40,282.8852892958412,38.10987275987595,2048.2434359387694,125.53301624869933
1043,202001,2020,19,59.6944918,2020-08-02T23:04:01Z,59.6944918,-173.1985572,2020-08-02T23:08:00Z,59.6862685,-173.1966129,94.47,40,0,0,0,0
1043,202001,2020,17,59.6981879,2020-07-27T17:04:01Z,59.6981879,-171.8602512,2020-07-27T17:04:02Z,59.7064278,-171.8618883,77.33,40,281.46831645005875,40.796431137708105,2037.9837814424122,124.90422117873882
1043,202001,2020,19,59.702715,2020-08-02T22:40:00Z,59.702715,-173.2005025,2020-08-02T23:04:00Z,59.6944917,-173.1985573,94.19,40,0,0,0,0
1043,202001,2020,17,59.7064279,2020-07-27T17:05:00Z,59.7064279,-171.8618881,2020-07-27T17:15:00Z,59.7146678,-171.86352599999998,77.14,40,247.15542190049263,34.00574656354147,1789.5397524009868,109.67755046796208
1043,202001,2020,19,59.7109381,2020-08-02T22:23:01Z,59.7109381,-173.2024488,2020-08-02T22:39:00Z,59.7027149,-173.2005027,93.83,40,0,0,0,0
1043,202001,2020,17,59.7146679,2020-07-27T17:15:01Z,59.7146679,-171.8635258,2020-07-27T17:29:00Z,59.7229078,-171.8651645,77.01,40,215.20584208731935,32.5860426186716,1558.207408127346,95.4996229701777
1043,202001,2020,19,59.7191611,2020-08-02T22:14:01Z,59.7191611,-173.2043961,2020-08-02T22:23:00Z,59.710938,-173.202449,93.5,40,0,0,0,0
1043,202001,2020,17,59.7229079,2020-07-27T17:29:01Z,59.7229079,-171.8651644,2020-07-27T17:38:00Z,59.7311477,-171.8668038,76.85000000000001,40,133.48937571621155,21.618099554286346,966.5357228680541,59.23716999397279
1043,202001,2020,19,59.7273841,2020-08-02T21:55:01Z,59.7273841,-173.2063443,2020-08-02T22:14:00Z,59.719161,-173.2043962,93.14,40,0,0,0,0
1043,202001,2020,17,59.7311478,2020-07-27T17:38:01Z,59.7311478,-171.8668037,2020-07-27T17:54:00Z,59.7393876,-171.8684439,76.71000000000001,40,74.17633264107309,11.713273864995422,537.0770138393415,32.91644748964911
1043,202001,2020,19,59.7356071,2020-08-02T21:49:01Z,59.7356071,-173.2082935,2020-08-02T21:55:00Z,59.727384,-173.2063444,92.66,40,3.4972161278525613,0.5346107592572393,25.321747892100504,1.5519226542169402
1043,202001,2020,17,59.7393877,2020-07-27T17:54:01Z,59.7393877,-171.8684438,2020-07-27T18:00:00Z,59.7476274,-171.8700849,76.59,40,96.28425834643726,15.487326590460231,697.1504267090995,42.727048117574085
1043,202001,2020,19,59.743829999999996,2020-08-02T21:27:01Z,59.743829999999996,-173.2102436,2020-08-02T21:49:00Z,59.735606999999995,-173.2082936,92.31,40,1.8091910501995316,0.32748819337287854,13.09952773491512,0.8028455988893236
1043,202001,2020,17,59.7476275,2020-07-27T18:00:01Z,59.7476275,-171.8700848,2020-07-27T18:19:00Z,59.7558671,-171.8717267,76.5,40,114.97239771956929,18.417489493426448,832.462725543047,51.02008629366643
1043,202001,2020,19,59.7520528,2020-08-02T21:12:01Z,59.7520528,-173.2121948,2020-08-02T21:27:00Z,59.7438299,-173.2102438,91.73,40,0,0,0,0
1043,202001,2020,17,59.7558673,2020-07-27T18:19:01Z,59.7558673,-171.8717265,2020-07-27T18:19:02Z,59.7641069,-171.8733692,76.38,40,152.22437854162666,24.156637973910208,1102.1873385988367,67.55100426918914
1043,202001,2020,19,59.7602756,2020-08-02T20:57:01Z,59.7602756,-173.2141468,2020-08-02T21:12:00Z,59.7520527,-173.2121949,91.25,40,0,0,0,0
1043,202001,2020,17,59.764106999999996,2020-07-27T18:21:00Z,59.764106999999996,-171.8733691,2020-07-27T18:31:00Z,59.7723466,-171.8750126,76.26,40,187.17811440541655,30.03850024935452,1355.271407490353,83.06205435971921
1043,202001,2020,19,59.7684983,2020-08-02T20:44:01Z,59.7684983,-173.2160999,2020-08-02T20:57:00Z,59.7602755,-173.2141469,90.54,40,2.743955399298055,0.5227383241138104,19.86773030549246,1.2176560986370562
1043,202001,2020,17,59.7723467,2020-07-27T18:31:01Z,59.7723467,-171.8750125,2020-07-27T18:44:00Z,59.7805862,-171.8766568,76.07000000000001,40,172.19571402661194,27.574882354003673,1246.7906755764357,76.41347282732967
1043,202001,2020,19,59.776720999999995,2020-08-02T20:34:01Z,59.776720999999995,-173.2180539,2020-08-02T20:44:00Z,59.7684982,-173.2161,89.63,40,6.185126493723137,1.123540218285387,44.78368165680942,2.7447082404656586
1043,202001,2020,17,59.7805863,2020-07-27T18:44:01Z,59.7805863,-171.8766567,2020-07-27T18:48:00Z,59.7888258,-171.8783018,75.97,40,137.839400048505,21.978363515593024,998.0322662442492,61.16753433546015
1043,202001,2020,19,59.7849436,2020-08-02T20:14:01Z,59.7849436,-173.2200089,2020-08-02T20:34:00Z,59.7767209,-173.218054,88.56,40,5.437076962709254,1.3663537161375772,39.36739597624192,2.412754202963935
1043,202001,2020,17,59.7888259,2020-07-27T18:48:01Z,59.7888259,-171.8783017,2020-07-27T19:09:00Z,59.7970654,-171.8799477,75.99,40,75.84534057679342,12.159204475790292,549.161539540124,33.65708550881057
1043,202001,2020,19,59.7931662,2020-08-02T20:09:01Z,59.7931662,-173.2219648,2020-08-02T20:14:00Z,59.7849435,-173.220009,88.02,40,3.601561181310354,1.0916161583813526,26.077262861965522,1.5982267562216572
1043,202001,2020,17,59.7970655,2020-07-27T19:09:01Z,59.7970655,-171.8799476,2020-07-27T19:09:02Z,59.8053049,-171.8815943,75.82000000000001,40,93.8354327516177,15.076998506203203,679.4195967927285,41.64035865432941
1043,202001,2020,19,59.8013887,2020-08-02T19:45:00Z,59.8013887,-173.2239217,2020-08-02T20:09:00Z,59.7931661,-173.2219649,87.8,40,0,0,0,0
1043,202001,2020,17,59.805305,2020-07-27T19:11:00Z,59.805305,-171.8815942,2020-07-27T19:16:00Z,59.8135444,-171.8832418,76.3,40,73.10914222553116,11.689307900595841,529.3499744836663,32.44287167342991
1043,202001,2020,19,59.8096112,2020-08-02T19:44:01Z,59.8096112,-173.2258796,2020-08-02T19:44:02Z,59.8013886,-173.2239218,87.61,40,1.0296432817741008,0.3818400414468355,7.455177674674719,0.45691392133911324
1043,202001,2020,17,59.8135445,2020-07-27T19:16:01Z,59.8135445,-171.8832417,2020-07-27T19:34:00Z,59.8217838,-171.8848901,75.60000000000001,40,80.52779856267802,12.891279646110402,583.065083473146,35.73497042070919
1043,202001,2020,19,59.8178337,2020-08-02T19:20:00Z,59.8178337,-173.2278384,2020-08-02T19:44:00Z,59.8096111,-173.2258797,87.32000000000001,40,8.833947661208414,3.15478215907471,63.96258835352166,3.920147626110363
1043,202001,2020,17,59.8217839,2020-07-27T19:34:01Z,59.8217839,-171.88488999999998,2020-07-27T19:34:02Z,59.8300232,-171.8865392,75.16,40,70.42748324860888,11.736949626418461,509.93330417684416,31.25286020001108
1043,202001,2020,19,59.826055999999994,2020-08-02T19:19:01Z,59.826055999999994,-173.2297983,2020-08-02T19:19:02Z,59.8178335,-173.2278386,86.7,40,30.156921098980526,10.697654850081191,218.35251964803504,13.382418278986558
1043,202001,2020,17,59.8300233,2020-07-27T19:36:00Z,59.8300233,-171.8865391,2020-07-27T19:44:00Z,59.8382625,-171.8881891,74.91,40,57.38908126631249,10.35939281544057,415.52817854501717,25.46694629839079
1043,202001,2020,19,59.8342784,2020-08-02T18:55:00Z,59.8342784,-173.2317591,2020-08-02T19:19:00Z,59.8260559,-173.2297984,86.3,40,9.46231372435059,2.7287786867707347,68.51230059695915,4.198990995487781
1043,202001,2020,17,59.8382626,2020-07-27T19:44:01Z,59.8382626,-171.888189,2020-07-27T19:59:00Z,59.8465018,-171.8898399,74.7,40,49.21479820798852,9.283169601635732,356.3419208948083,21.839531063981376
1043,202001,2020,19,59.8425006,2020-08-02T18:54:01Z,59.8425006,-173.2337208,2020-08-02T18:54:02Z,59.8342782,-173.2317592,85.78,40,3.286791523097089,1.0350816416391282,23.798159244125017,1.4585447504254505
1043,202001,2020,17,59.846501999999994,2020-07-27T19:59:01Z,59.846501999999994,-171.8898398,2020-07-27T19:59:02Z,59.8547411,-171.8914914,74.53,40,68.69171407627205,12.732119303692771,497.3653907926114,30.48259625218496
1043,202001,2020,19,59.8507229,2020-08-02T18:30:00Z,59.8507229,-173.2356836,2020-08-02T18:54:00Z,59.8425005,-173.2337209,85.19,40,5.102877158853492,1.9994529074322551,36.94760753038988,2.264449886708511
1043,202001,2020,17,59.8547412,2020-07-27T20:02:00Z,59.8547412,-171.8914913,2020-07-27T20:09:00Z,59.8629803,-171.8931438,74.31,40,39.92552858837253,7.6344752691932705,289.08255378383143,17.717330022702463
1043,202001,2020,19,59.858945,2020-08-02T18:29:01Z,59.858945,-173.2376473,2020-08-02T18:29:02Z,59.8507227,-173.2356837,84.23,40,0.2382350025833109,0.11349503175067813,1.7249510622017914,0.10571903022862263
1043,202001,2020,17,59.8629804,2020-07-27T20:09:01Z,59.8629804,-171.8931437,2020-07-27T20:24:00Z,59.8712195,-171.89479699999998,74.25,40,42.996061778874534,8.227765358040552,311.31488501580515,19.07990809756429
1043,202001,2020,19,59.8671672,2020-08-02T18:08:01Z,59.8671672,-173.239612,2020-08-02T18:29:00Z,59.8589449,-173.2376474,83.28,40,8.39722067990853,2.3734194374833395,60.80044734940125,3.726345907483597
1043,202001,2020,17,59.8712196,2020-07-27T20:24:01Z,59.8712196,-171.8947969,2020-07-27T20:24:02Z,59.8794587,-171.8964511,74.01,40,17.564307855609023,3.3914482622909294,127.17514707679018,7.794327336440042
1043,202001,2020,19,59.8753892,2020-08-02T18:04:01Z,59.8753892,-173.2415776,2020-08-02T18:08:00Z,59.8671671,-173.2396121,82.3,40,28.834933565647606,5.543742079441052,208.78061050322873,12.795773837645863
1043,202001,2020,17,59.8794588,2020-07-27T20:27:00Z,59.8794588,-171.896451,2020-07-27T20:34:00Z,59.8876978,-171.8981059,73.08,40,15.695276400963284,3.161924000026588,113.64234224953857,6.964926993462139
1043,202001,2020,19,59.8836113,2020-08-02T17:48:01Z,59.8836113,-173.2435442,2020-08-02T18:04:00Z,59.8753891,-173.2415777,82.06,40,32.074433610405265,2.9029544213618164,232.23635370894576,14.233332548346215
1043,202001,2020,17,59.8876979,2020-07-27T20:34:01Z,59.8876979,-171.8981058,2020-07-27T20:49:00Z,59.8959368,-171.8997616,72.78,40,16.118170923120775,3.2793870472058657,116.70432872207546,7.1525904278302805
1043,202001,2020,19,59.8918332,2020-08-02T17:39:01Z,59.8918332,-173.2455119,2020-08-02T17:48:00Z,59.8836112,-173.2435444,81.53,40,104.52625397996206,49.87745122983704,756.8269602518121,46.384511446121195
1043,202001,2020,17,59.8959369,2020-07-27T20:49:01Z,59.8959369,-171.8997615,2020-07-27T20:49:02Z,59.9041758,-171.9014181,72.10000000000001,40,9.633841447959558,2.12645123773885,69.75425465840264,4.275108041264553
1043,202001,2020,19,59.9000552,2020-08-02T17:25:01Z,59.9000552,-173.2474805,2020-08-02T17:39:00Z,59.8918331,-173.245512,80.91,40,36.34959911246439,4.3865146402887145,263.19087841732266,16.130477577597325
1043,202001,2020,17,59.9041759,2020-07-27T20:50:00Z,59.9041759,-171.90141799999998,2020-07-27T20:59:00Z,59.9124148,-171.9030754,71.72,40,12.24121338921228,2.5818524106918552,88.63304640121643,5.432153941680317
1043,202001,2020,19,59.9082771,2020-08-02T17:15:00Z,59.9082771,-173.24945,2020-08-02T17:25:00Z,59.9000551,-173.2474806,80.5,40,36.8259546783523,4.4527862622413,266.6399519390725,16.341864854544866
1043,202001,2020,17,59.9124149,2020-07-27T21:00:00Z,59.9124149,-171.9030753,2020-07-27T21:07:00Z,59.9206538,-171.9047336,71.13,40,16.46959011687721,3.4313764130768334,119.24879492131197,7.308536010825216
1043,202001,2020,19,59.9164989,2020-08-02T17:14:01Z,59.9164989,-173.2514206,2020-08-02T17:14:02Z,59.9082769,-173.2494501,80.14,40,44.99166509037111,5.4880619147414995,325.7641389649415,19.96547589627039
1043,202001,2020,17,59.9206539,2020-07-27T21:07:01Z,59.9206539,-171.9047335,2020-07-27T21:14:00Z,59.9288926,-171.9063926,70.87,40,20.75266556875821,4.5917139133829155,150.2605919708615,9.209191154942982
1043,202001,2020,19,59.9247207,2020-08-02T16:52:01Z,59.9247207,-173.2533921,2020-08-02T17:14:00Z,59.9164988,-173.2514207,79.84,40,37.76685399683827,4.701878734674239,273.4525750265625,16.759397804843903
1043,202001,2020,17,59.9288928,2020-07-27T21:15:00Z,59.9288928,-171.9063924,2020-07-27T21:22:00Z,59.9371315,-171.9080524,70.27,40,10.054208416599051,2.2109858727184255,72.79794026801692,4.461649849910711
1043,202001,2020,19,59.9329424,2020-08-02T16:49:01Z,59.9329424,-173.2553646,2020-08-02T16:52:00Z,59.9247206,-173.2533922,79.33,40,53.74201646630529,6.5947952088553246,389.12144472137925,23.848526882029525
1043,202001,2020,17,59.9371316,2020-07-27T21:22:01Z,59.9371316,-171.9080523,2020-07-27T21:39:00Z,59.9453703,-171.909713,69.58,40,13.846337249828299,3.084832836252856,100.25501663359991,6.144442799745189
1043,202001,2020,19,59.9411641,2020-08-02T16:30:01Z,59.9411641,-173.2573381,2020-08-02T16:49:00Z,59.9329423,-173.2553647,79.07000000000001,40,47.224285862542615,5.78443837269527,341.92952831029714,20.956222429495334
1043,202001,2020,17,59.9453704,2020-07-27T21:39:01Z,59.9453704,-171.9097129,2020-07-27T21:39:02Z,59.9536091,-171.9113745,69.3,40,31.487822673088246,6.913814312556685,227.9889712989226,13.973018410028226
1043,202001,2020,19,59.9493857,2020-08-02T16:20:01Z,59.9493857,-173.2593126,2020-08-02T16:30:00Z,59.941164,-173.2573382,78.51,40,33.57148153898422,4.17104307642154,243.0757953802687,14.89766169183465
1043,202001,2020,17,59.9536092,2020-07-27T21:40:00Z,59.9536092,-171.9113743,2020-07-27T21:47:00Z,59.9618478,-171.9130368,68.92,40,48.30897061026473,10.11846157247292,349.78323615107945,21.437561520684756
1043,202001,2020,19,59.9576073,2020-08-02T16:10:01Z,59.9576073,-173.26128799999998,2020-08-02T16:20:00Z,59.9493856,-173.2593127,78.07000000000001,40,36.800546169505736,4.63908375519981,266.4559805081384,16.330589589005854
1043,202001,2020,17,59.9618479,2020-07-27T21:47:01Z,59.9618479,-171.9130366,2020-07-27T22:04:00Z,59.9700865,-171.9146999,68.64,40,61.96847517432735,10.200193553949912,448.68548246851725,27.499095553288356
1043,202001,2020,19,59.9658288,2020-08-02T16:00:00Z,59.9658288,-173.2632644,2020-08-02T16:10:00Z,59.9576072,-173.2612881,77.68,40,35.36370576002139,4.507369589877801,256.052474038984,15.692978100195084
1043,202001,2020,17,59.9700866,2020-07-27T22:04:01Z,59.9700866,-171.9146997,2020-07-27T22:04:02Z,59.9783252,-171.9163638,68.46000000000001,40,101.75587033457859,16.547401995824078,736.7678750628522,45.15512756392379
1043,202001,2020,19,59.9740503,2020-08-02T15:47:01Z,59.9740503,-173.2652419,2020-08-02T15:59:00Z,59.9658287,-173.2632646,77.62,40,37.89462691819794,4.879758481571664,274.3777205090905,16.816098244280376
1043,202001,2020,17,59.9783253,2020-07-27T22:05:00Z,59.9783253,-171.9163637,2020-07-27T22:10:00Z,59.9865638,-171.9180286,68.31,40,95.43661647310297,17.947087228781452,691.0130382736475,42.35089903847838
1043,202001,2020,19,59.9822718,2020-08-02T15:37:01Z,59.9822718,-173.2672203,2020-08-02T15:47:00Z,59.9740502,-173.265242,77.17,40,24.348424593844893,3.254700863160465,176.2958440643314,10.80484314959497
1043,202001,2020,17,59.9865639,2020-07-27T22:10:01Z,59.9865639,-171.9180285,2020-07-27T22:29:00Z,59.9948024,-171.9196942,67.86,40,60.7347407319386,12.850365168040167,439.75257372800075,26.95161425375354
1043,202001,2020,19,59.9904932,2020-08-02T15:29:01Z,59.9904932,-173.2691996,2020-08-02T15:37:00Z,59.9822717,-173.2672204,76.61,40,22.737823136542744,3.3029472364971415,164.63421305112394,10.090123556317547
1043,202001,2020,17,59.9948025,2020-07-27T22:29:01Z,59.9948025,-171.9196941,2020-07-27T22:29:02Z,60.0030409,-171.9213606,67.48,40,48.22898481074672,8.729938881668911,349.2040954356365,21.40206706745407
1043,202001,2020,19,59.9987145,2020-08-02T15:17:01Z,59.9987145,-173.27118000000002,2020-08-02T15:29:00Z,59.9904931,-173.2691998,76.46000000000001,40,42.339204502766854,6.289072428321497,306.5588808860564,18.788421483608666
1043,202001,2020,17,60.003040999999996,2020-07-27T22:30:00Z,60.003040999999996,-171.9213605,2020-07-27T22:35:00Z,60.0112794,-171.9230279,66.95,40,58.16976867325019,9.278360748286712,421.1807802082586,25.81338370128372
1043,202001,2020,19,60.0069358,2020-08-02T07:39:01Z,60.0069358,-173.2731614,2020-08-02T15:17:00Z,59.9987144,-173.2711801,76.04,40,27.862182807305395,4.294048034703526,201.73736565815935,12.364106510380914
1043,202001,2020,17,60.0112795,2020-07-27T22:35:01Z,60.0112795,-171.9230278,2020-07-27T22:54:00Z,60.0195179,-171.92469599999998,66.64,40,78.63361646623393,12.204822286523141,569.3501743127164,34.89440924312799
1043,202001,2020,19,60.0151571,2020-08-02T07:25:01Z,60.0151571,-173.2751437,2020-08-02T07:39:00Z,60.0069357,-173.2731615,75.65,40,55.96922874966404,7.639998597763061,405.2476736645215,24.836873347312785
1043,202001,2020,17,60.019518,2020-07-27T22:54:01Z,60.019518,-171.9246959,2020-07-27T22:54:02Z,60.0277563,-171.92636499999998,66.54,40,97.69581530639287,16.98118867834002,707.3708672448361,43.3534398370981
1043,202001,2020,19,60.0233783,2020-08-02T07:15:00Z,60.0233783,-173.277127,2020-08-02T07:25:00Z,60.015156999999995,-173.2751438,75.69,40,80.84253116132234,11.891801455692354,585.3439187595402,35.874635980972
1043,202001,2020,17,60.0277564,2020-07-27T22:54:03Z,60.0277564,-171.9263648,2020-07-27T22:58:00Z,60.0359947,-171.9280347,66.34,40,46.66677900422246,7.2767358756028,337.89287527016364,20.708823500839575
1043,202001,2020,19,60.0315994,2020-08-02T07:14:01Z,60.0315994,-173.2791114,2020-08-02T07:14:02Z,60.0233782,-173.2771272,75.13,40,49.47239944729434,7.044656517775371,358.2070940496627,21.953844044482963
1043,202001,2020,17,60.0359948,2020-07-27T22:58:01Z,60.0359948,-171.9280346,2020-07-27T23:06:00Z,60.0442331,-171.9297053,66.02,40,51.615548989881134,8.255409660098085,373.7246630040803,22.90488687538671
1043,202001,2020,19,60.0398206,2020-08-02T06:57:01Z,60.0398206,-173.2810967,2020-08-02T07:14:00Z,60.0315993,-173.2791115,74.63,40,27.123729176292358,4.592807446610904,196.39055951552604,12.036410744045307
1043,202001,2020,17,60.0442332,2020-07-27T23:06:01Z,60.0442332,-171.9297052,2020-07-27T23:19:00Z,60.0524714,-171.9313768,65.96000000000001,40,50.406269749991104,8.65186751590119,364.9688232377662,22.368257802704264
1043,202001,2020,19,60.0480416,2020-08-02T06:50:00Z,60.0480416,-173.28308299999998,2020-08-02T06:57:00Z,60.0398205,-173.2810968,74.29,40,25.175632768601712,4.1817396187274385,182.285281402406,11.17192458214768
1043,202001,2020,17,60.0524715,2020-07-27T23:19:01Z,60.0524715,-171.9313766,2020-07-27T23:19:02Z,60.0607096,-171.93304899999998,65.96000000000001,40,49.641356921001616,8.83233237358755,359.430438103131,22.028820517614633
1043,202001,2020,19,60.0562626,2020-08-02T06:49:01Z,60.0562626,-173.2850703,2020-08-02T06:49:02Z,60.0480415,-173.2830831,73.79,40,26.150028419744167,5.068031002234382,189.34043616647227,11.604321846112887
1043,202001,2020,17,60.0607097,2020-07-27T23:21:00Z,60.0607097,-171.9330489,2020-07-27T23:26:00Z,60.0689479,-171.9347222,65.25,40,38.1782775653625,7.757987944865506,276.4315055524937,16.941970895304742
1043,202001,2020,19,60.0644836,2020-08-02T06:30:01Z,60.0644836,-173.2870586,2020-08-02T06:49:00Z,60.0562625,-173.2850704,73.52,40,20.11249381188106,4.502738619088174,145.62540008032198,8.925108897579735
1043,202001,2020,17,60.068948,2020-07-27T23:26:01Z,60.068948,-171.934722,2020-07-27T23:44:00Z,60.0771861,-171.9363961,64.51,40,41.655460787928924,8.89361513874277,301.608204308751,18.485003758783346
1043,202001,2020,19,60.0727045,2020-08-02T06:20:01Z,60.0727045,-173.2890478,2020-08-02T06:30:00Z,60.0644835,-173.2870587,72.82000000000001,40,24.23142656817412,5.905091222070545,175.44871469010883,10.752924171785434
1043,202001,2020,17,60.0771862,2020-07-27T23:44:01Z,60.0771862,-171.936396,2020-07-27T23:44:02Z,60.0854242,-171.9380709,64.01,40,42.3435236803088,8.334519475965202,306.5901540818842,18.790338159395883
1043,202001,2020,19,60.0809254,2020-08-02T06:10:01Z,60.0809254,-173.2910381,2020-08-02T06:20:00Z,60.0727044,-173.28904799999998,72.89,40,27.158580182384384,5.910755920952844,196.6428997649662,12.051876206830327
1043,202001,2020,17,60.0854243,2020-07-27T23:44:03Z,60.0854243,-171.9380708,2020-07-27T23:48:00Z,60.0936624,-171.9397465,63.61,40,48.46542246129969,9.11454311699574,350.9160326910498,21.506988505760575
1043,202001,2020,19,60.0891463,2020-08-02T06:00:00Z,60.0891463,-173.2930294,2020-08-02T06:10:00Z,60.0809253,-173.2910382,72.3,40,21.403432090126202,3.844010059113341,154.97249572180812,9.497974939014423
1043,202001,2020,17,60.0936625,2020-07-27T23:48:01Z,60.0936625,-171.9397464,2020-07-27T23:56:00Z,60.1019004,-171.941423,63.25,40,58.39294797316347,9.848108940404508,422.7967197900682,25.912421621396593
1043,202001,2020,19,60.0973671,2020-08-02T05:49:01Z,60.0973671,-173.2950216,2020-08-02T05:59:00Z,60.0891462,-173.2930295,72.09,40,21.51251957993114,4.326831913851334,155.7623485115809,9.546383541894766
1043,202001,2020,17,60.1019005,2020-07-27T23:56:01Z,60.1019005,-171.9414229,2020-07-28T00:09:00Z,60.1101385,-171.9431003,62.51,40,55.77344742979105,9.814376779365753,403.83011036772564,24.749993539352516
1043,202001,2020,19,60.1055878,2020-08-02T05:39:01Z,60.1055878,-173.2970149,2020-08-02T05:49:00Z,60.0973669,-173.2950218,71.63,40,32.349719592596365,6.47762640790666,234.22957402603055,14.35549330036501
1043,202001,2020,17,60.1101386,2020-07-28T00:09:01Z,60.1101386,-171.9431002,2020-07-28T00:14:00Z,60.1183765,-171.9447784,61.57,40,43.59806800942761,7.620186790150107,315.67373772671806,19.347054042515865
1043,202001,2020,19,60.1138085,2020-08-02T05:34:01Z,60.1138085,-173.2990092,2020-08-02T05:39:00Z,60.1055877,-173.297015,71.52,40,36.07366832658006,6.668007687926127,261.1929893706076,16.008030687855708
1043,202001,2020,17,60.1183766,2020-07-28T00:14:01Z,60.1183766,-171.9447783,2020-07-28T00:34:00Z,60.1266145,-171.9464574,60.83,40,40.87620449001415,7.407033003469946,295.96596465362114,18.139201424022367
1043,202001,2020,19,60.1220291,2020-08-02T05:19:01Z,60.1220291,-173.3010044,2020-08-02T05:34:00Z,60.1138084,-173.2990093,71.22,40,49.633377639707604,9.743299879815059,359.37266376437105,22.025279636253046
1043,202001,2020,17,60.1266146,2020-07-28T00:34:01Z,60.1266146,-171.9464573,2020-07-28T00:34:02Z,60.1348524,-171.9481373,60.46,40,39.51246032360014,7.240410874818081,286.09171476204733,17.534027082763206
1043,202001,2020,19,60.1302498,2020-08-02T05:09:01Z,60.1302498,-173.3030006,2020-08-02T05:19:00Z,60.122029,-173.3010045,71,40,67.83297928215774,12.586098088873221,491.14768357413027,30.10152458482746
1043,202001,2020,17,60.1348525,2020-07-28T00:34:03Z,60.1348525,-171.9481371,2020-07-28T00:41:00Z,60.1430903,-171.9498179,60.32,40,34.50612349606142,6.312351016876957,249.84311176600792,15.312417878968105
1043,202001,2020,19,60.1384703,2020-08-02T04:56:01Z,60.1384703,-173.3049979,2020-08-02T05:09:00Z,60.1302496,-173.3030008,70.42,40,101.69239406561377,17.680366120946175,736.3082723328243,45.126959370649395
1043,202001,2020,17,60.1430904,2020-07-28T00:41:01Z,60.1430904,-171.9498178,2020-07-28T00:59:00Z,60.1513282,-171.9514994,60.03,40,26.406196999514336,4.954355470178541,191.19523608665926,11.717999070427878
1043,202001,2020,19,60.1466908,2020-08-02T04:46:00Z,60.1466908,-173.3069961,2020-08-02T04:56:00Z,60.1384702,-173.304998,69.86,40,38.94894324380449,7.849824086159718,282.0115444477694,17.28396106161911
1043,202001,2020,17,60.1513283,2020-07-28T00:59:01Z,60.1513283,-171.9514993,2020-07-28T01:02:00Z,60.159566,-171.9531818,59.51,40,21.32984927922643,4.104483808012285,154.4397161283604,9.465321872397565
1043,202001,2020,19,60.1549113,2020-08-02T04:31:01Z,60.1549113,-173.3089954,2020-08-02T04:44:00Z,60.1466907,-173.3069963,69.43,40,25.407103970600254,4.961061025002872,183.96125886762707,11.274642112047937
1043,202001,2020,17,60.1595661,2020-07-28T01:02:01Z,60.1595661,-171.9531817,2020-07-28T01:12:00Z,60.1678038,-171.95486499999998,59.230000000000004,40,17.351915728307432,3.4345642606003244,125.63731249488796,7.700076325954434
1043,202001,2020,19,60.1631317,2020-08-02T04:21:00Z,60.1631317,-173.3109956,2020-08-02T04:31:00Z,60.1549112,-173.3089955,69.01,40,20.634188328164782,3.8944302279462275,149.40275227563492,9.156615761554598
1043,202001,2020,17,60.1678039,2020-07-28T01:12:01Z,60.1678039,-171.9548649,2020-07-28T01:22:00Z,60.1760416,-171.956549,58.53,40,11.738911648744567,2.392214614421007,84.99610845603522,5.209252804951571
1043,202001,2020,19,60.1713521,2020-08-02T04:06:01Z,60.1713521,-173.3129969,2020-08-02T04:19:00Z,60.1631316,-173.3109958,68.4,40,56.474683980804926,9.07898142779523,408.90744459825333,25.061173875282062
1043,202001,2020,17,60.1760417,2020-07-28T01:22:01Z,60.1760417,-171.9565489,2020-07-28T01:32:00Z,60.1842793,-171.9582339,58.160000000000004,40,10.247425797571644,2.078753118135157,74.19693925192135,4.54739188579225
1043,202001,2020,19,60.1795725,2020-08-02T03:54:01Z,60.1795725,-173.3149991,2020-08-02T04:06:00Z,60.171352,-173.312997,67.91,40,73.41395148554408,13.18397067921897,531.5569593982544,32.5781336585448
1043,202001,2020,17,60.1842794,2020-07-28T01:32:01Z,60.1842794,-171.9582338,2020-07-28T01:49:00Z,60.192516999999995,-171.9599197,58.13,40,8.233986807465708,1.5763151854521371,59.61854528377556,3.653909336417249
1043,202001,2020,19,60.1877928,2020-08-02T03:38:01Z,60.1877928,-173.3170024,2020-08-02T03:54:00Z,60.1795723,-173.3149992,67.6,40,74.02010429338634,14.380298611578706,535.9458355852389,32.84711968629289
1043,202001,2020,17,60.1925171,2020-07-28T01:49:01Z,60.1925171,-171.9599195,2020-07-28T01:55:00Z,60.2007546,-171.9616062,58.63,40,0.17259281866307524,0.050542936177173245,1.249665929242123,0.076589691756584255
1043,202001,2020,19,60.196013,2020-08-02T03:29:01Z,60.196013,-173.3190066,2020-08-02T03:38:00Z,60.1877926,-173.3170025,67.22,40,58.63550856599845,13.579539156180266,424.5529904796058,26.020060173112874
1043,202001,2020,17,60.2007547,2020-07-28T01:55:01Z,60.2007547,-171.9616061,2020-07-28T02:14:00Z,60.2089922,-171.9632937,59.15,40,0.9010300784613058,0.2238369994623617,6.523948093538761,0.3998405988575836
1043,202001,2020,19,60.2042332,2020-08-02T03:08:01Z,60.2042332,-173.3210119,2020-08-02T03:29:00Z,60.1960129,-173.3190068,67.12,40,113.48155273785203,20.34659071321529,821.6681965825426,50.3585097663749
1043,202001,2020,17,60.2089923,2020-07-28T02:14:01Z,60.2089923,-171.9632935,2020-07-28T02:18:00Z,60.2172298,-171.9649819,59.07,40,12.93405103693676,2.6719862179414617,93.64956800138643,5.739607185028545
1043,202001,2020,19,60.2124534,2020-08-02T02:50:01Z,60.2124534,-173.3230182,2020-08-02T03:08:00Z,60.2042331,-173.321012,66.1,40,111.64631384408003,19.95260590197517,808.3800682853625,49.54410519112959
1043,202001,2020,17,60.2172299,2020-07-28T02:18:01Z,60.2172299,-171.9649818,2020-07-28T02:39:00Z,60.2254674,-171.9666711,59.24,40,7.331476845906243,1.6657129090364096,53.083882031278534,3.253412025471632
1043,202001,2020,19,60.2206735,2020-08-02T02:39:01Z,60.2206735,-173.3250254,2020-08-02T02:50:00Z,60.2124533,-173.3230183,65.67,40,47.809326936061055,10.116368491797092,346.16554405212503,21.21583992594048
1043,202001,2020,17,60.2254675,2020-07-28T02:39:01Z,60.2254675,-171.9666709,2020-07-28T02:48:00Z,60.2337049,-171.96836100000002,59.38,40,2.339900158295904,0.5626756114731052,16.942150480541557,1.0383527730369406
1043,202001,2020,19,60.2288936,2020-08-02T02:14:01Z,60.2288936,-173.3270337,2020-08-02T02:39:00Z,60.2206734,-173.3250255,65.42,40,104.48687670579811,15.148006406997055,756.5418473584119,46.367037409172305
1043,202001,2020,17,60.233705,2020-07-28T02:48:01Z,60.233705,-171.9683609,2020-07-28T03:04:00Z,60.2419423,-171.9700519,59.57,40,25.426800327749756,4.612722392187855,184.10387121181716,11.283382556375189
1043,202001,2020,19,60.2371136,2020-08-02T01:49:01Z,60.2371136,-173.329043,2020-08-02T02:14:00Z,60.2288935,-173.3270338,65.15,40,131.04029167281374,16.6646262433256,948.8030216433328,58.15036584173294
1043,202001,2020,17,60.2419424,2020-07-28T03:05:00Z,60.2419424,-171.9700517,2020-07-28T03:29:00Z,60.2501798,-171.9717435,59.7,40,53.07955457942334,9.954896769459978,384.32486015968954,23.554553169161316
1043,202001,2020,19,60.2453336,2020-08-02T01:30:01Z,60.2453336,-173.3310533,2020-08-02T01:49:00Z,60.2371135,-173.3290431,65.02,40,66.1296837436283,13.282765819222167,478.81489697027064,29.34567111840369
1043,202001,2020,17,60.2501799,2020-07-28T03:29:01Z,60.2501799,-171.9717434,2020-07-28T03:36:00Z,60.2584172,-171.9734361,59.97,40,32.358597903969184,6.1344056856927835,234.2938578317981,14.359433134806736
1043,202001,2020,19,60.2535535,2020-08-02T01:12:01Z,60.2535535,-173.3330646,2020-08-02T01:30:00Z,60.2453335,-173.3310534,65.11,40,58.69261608889979,25.268994303708556,424.96648002236907,26.04540217523021
1043,202001,2020,17,60.2584173,2020-07-28T03:36:01Z,60.2584173,-171.9734359,2020-07-28T03:54:00Z,60.2666546,-171.9751294,60.230000000000004,40,29.71980688054377,5.533456781655955,215.18757483631572,13.188444720226586
1043,202001,2020,19,60.2617734,2020-08-02T00:59:01Z,60.2617734,-173.3350769,2020-08-02T01:12:00Z,60.2535534,-173.3330647,64.42,40,47.44947168818722,24.391416819849425,343.55999623031914,21.056150764333765
1043,202001,2020,17,60.2666547,2020-07-28T03:54:01Z,60.2666547,-171.9751293,2020-07-28T04:01:00Z,60.2748919,-171.9768237,60.18,40,68.00884143126487,12.456637209865063,492.42102123490224,30.179565072815894
1043,202001,2020,19,60.2699933,2020-08-02T00:41:01Z,60.2699933,-173.3370902,2020-08-02T00:59:00Z,60.2617733,-173.335077,63.480000000000004,40,36.805464049014155,14.887384605515102,266.49158863200694,16.332771944439664
1043,202001,2020,17,60.274891999999994,2020-07-28T04:01:01Z,60.274891999999994,-171.9768235,2020-07-28T04:19:00Z,60.2831292,-171.9785188,60.120000000000005,40,96.90235652900691,17.705026170877403,701.6257939095833,43.001335018066314
1043,202001,2020,19,60.2782131,2020-08-02T00:34:01Z,60.2782131,-173.3391046,2020-08-02T00:41:00Z,60.2699932,-173.3370903,63.04,40,86.51421604175002,37.46110645713562,626.4100037297633,38.391499661032924
1043,202001,2020,17,60.2831293,2020-07-28T04:19:01Z,60.2831293,-171.9785186,2020-07-28T04:31:00Z,60.2913665,-171.9802147,60.31,40,94.61282010668216,17.228844623226895,685.0483042845746,41.985331628066405
1043,202001,2020,19,60.2864329,2020-08-02T00:10:00Z,60.2864329,-173.3411199,2020-08-02T00:34:00Z,60.278212999999994,-173.3391047,62.9,40,57.03803951185018,18.693023212826688,412.98644521166625,25.31116820764389
1043,202001,2020,17,60.2913666,2020-07-28T04:31:01Z,60.2913666,-171.9802146,2020-07-28T04:44:00Z,60.2996037,-171.9819115,60.65,40,87.277098252068,15.820019814470522,631.9336860801882,38.730035839927474
1043,202001,2020,19,60.2946526,2020-08-01T23:53:01Z,60.2946526,-173.3431363,2020-08-02T00:09:00Z,60.2864328,-173.34112,62.77,40,40.70864956575845,21.59322212856503,294.7527758214262,18.06484734544339
1043,202001,2020,17,60.2996038,2020-07-28T04:45:00Z,60.2996038,-171.9819114,2020-07-28T05:09:00Z,60.3078409,-171.9836091,61.02,40,72.21812218115646,14.364857445991351,522.8985044842075,32.047473121646505
1043,202001,2020,19,60.3028723,2020-08-01T23:44:01Z,60.3028723,-173.3451536,2020-08-01T23:53:00Z,60.2946525,-173.3431364,62.42,40,20.56064342773692,5.211223166200094,148.87024717463407,9.12397951806735
1043,202001,2020,17,60.307840999999996,2020-07-28T05:09:01Z,60.307840999999996,-171.983609,2020-07-28T05:34:00Z,60.3160781,-171.9853076,61.22,40,54.09370913432162,9.791702405422022,391.6678910230776,24.004593821807617
1043,202001,2020,19,60.311091999999995,2020-08-01T23:20:00Z,60.311091999999995,-173.347172,2020-08-01T23:44:00Z,60.3028722,-173.3451538,62.45,40,17.24715450130046,8.21384148658687,124.87878420205223,7.653587543010524
1043,202001,2020,17,60.3160782,2020-07-28T05:34:01Z,60.3160782,-171.9853075,2020-07-28T05:47:00Z,60.3243152,-171.987007,61.46,40,54.27149669424074,8.736594795078263,392.9551697059047,24.083488729010814
1043,202001,2020,19,60.3193116,2020-08-01T23:06:01Z,60.3193116,-173.3491914,2020-08-01T23:19:00Z,60.3110918,-173.3471721,62.07,40,8.742161542674515,5.013921860014233,63.29800690686769,3.879416669976157
1043,202001,2020,17,60.3243153,2020-07-28T05:47:01Z,60.3243153,-171.9870069,2020-07-28T06:07:00Z,60.3325523,-171.9887072,61.72,40,54.2635324874646,9.271157300415139,392.8975045148575,24.079954537108765
1043,202001,2020,19,60.3275311,2020-08-01T22:54:01Z,60.3275311,-173.3512118,2020-08-01T23:06:00Z,60.3193115,-173.3491915,61.63,40,0.5225567456543633,0.09458988012917957,3.783595205167177,0.23188948639352594
1043,202001,2020,17,60.3325525,2020-07-28T06:07:01Z,60.3325525,-171.9887071,2020-07-28T06:22:00Z,60.3407894,-171.9904083,62.13,40,55.416744197881755,9.213468134479793,401.24738485677733,24.591703114570464
1043,202001,2020,19,60.3357507,2020-08-01T22:35:01Z,60.3357507,-173.3532333,2020-08-01T22:54:00Z,60.327531,-173.35121199999998,61.24,40,0,0,0,0
1043,202001,2020,17,60.3407895,2020-07-28T06:22:01Z,60.3407895,-171.9904081,2020-07-28T06:37:00Z,60.3490265,-171.9921102,62.33,40,49.54204377608726,9.165569161346083,358.71135688940086,21.984749372503924
1043,202001,2020,19,60.3439701,2020-08-01T22:29:01Z,60.3439701,-173.3552557,2020-08-01T22:35:00Z,60.3357505,-173.3532334,60.94,40,22.41590688795808,4.05758410574848,162.30336422993972,9.947270183613401
1043,202001,2020,17,60.3490266,2020-07-28T06:37:01Z,60.3490266,-171.9921101,2020-07-28T06:49:00Z,60.3572635,-171.993813,62.52,40,48.724234632831056,8.796599152981528,352.7899736541862,21.62183884886283
1043,202001,2020,19,60.3521896,2020-08-01T22:05:00Z,60.3521896,-173.3572792,2020-08-01T22:29:00Z,60.34397,-173.3552558,60.230000000000004,40,26.736985150737873,5.18691124334317,193.59032231088977,11.864789433637592
1043,202001,2020,17,60.3572636,2020-07-28T06:50:00Z,60.3572636,-171.9938128,2020-07-28T07:00:00Z,60.3655004,-171.9955166,62.65,40,43.652742637319214,7.644477224697775,316.06961178567013,19.37131642451739
1043,202001,2020,19,60.360409,2020-08-01T21:42:01Z,60.360409,-173.3593037,2020-08-01T22:04:00Z,60.3521895,-173.3572793,59.7,40,21.090653399543065,4.379841037198817,152.707807793061,9.359176443889577
1043,202001,2020,17,60.3655006,2020-07-28T07:00:01Z,60.3655006,-171.9955165,2020-07-28T07:14:00Z,60.3737374,-171.9972211,62.77,40,46.77495767370139,7.568877219815377,338.67614770621134,20.756828806125206
1043,202001,2020,19,60.3686283,2020-08-01T21:20:01Z,60.3686283,-173.3613292,2020-08-01T21:42:00Z,60.3604089,-173.3593038,59.38,40,7.671314796802855,1.6895587023407168,55.54449372989153,3.404218322674363
1043,202001,2020,17,60.3737375,2020-07-28T07:15:00Z,60.3737375,-171.997221,2020-07-28T07:23:00Z,60.3819743,-171.9989265,62.72,40,46.602426780979066,7.797831503833565,337.4269301544793,20.680266594589128
1043,202001,2020,19,60.3768476,2020-08-01T21:00:00Z,60.3768476,-173.3633557,2020-08-01T21:20:00Z,60.3686282,-173.3613293,59.230000000000004,40,1.1889711933336338,0.2934324723300501,8.6087984579469,0.5276171854093676
1043,202001,2020,17,60.3819744,2020-07-28T07:23:01Z,60.3819744,-171.9989264,2020-07-28T07:39:00Z,60.3902112,-172.0006327,62.79,40,43.610343416539116,7.454029099411198,315.7626183542764,19.352501370244447
1043,202001,2020,19,60.3850669,2020-08-01T20:49:01Z,60.3850669,-173.3653833,2020-08-01T20:59:00Z,60.3768475,-173.3633558,59.29,40,1.697211300922482,0.41410966590299125,12.28873341264508,0.7531535285787315
1043,202001,2020,17,60.3902113,2020-07-28T07:39:01Z,60.3902113,-172.0006326,2020-07-28T07:40:00Z,60.398447999999995,-172.0023398,62.81,40,45.27889403426473,7.2033464734491055,327.8438328239123,20.092936450230788
1043,202001,2020,19,60.3932862,2020-08-01T20:29:01Z,60.3932862,-173.3674118,2020-08-01T20:49:00Z,60.3850668,-173.3653834,59.17,40,0,0,0,0
1043,202001,2020,17,60.3984481,2020-07-28T07:40:01Z,60.3984481,-172.0023397,2020-07-28T15:04:00Z,60.4066848,-172.0040478,62.85,40,52.284889932110914,9.064318121473852,378.571055669955,23.201913233971858
1043,202001,2020,19,60.4015054,2020-08-01T20:24:01Z,60.4015054,-173.3694414,2020-08-01T20:29:00Z,60.393285999999996,-173.367412,59.26,40,3.3585844199454487,0.6302331448950236,24.317978885799267,1.4904035257935155
1043,202001,2020,17,60.406684999999996,2020-07-28T15:04:01Z,60.406684999999996,-172.0040476,2020-07-28T15:14:00Z,60.4149216,-172.0057566,63.050000000000004,40,78.30625478455741,13.152799161653332,566.9798975926335,34.74913940810972
1043,202001,2020,19,60.4097245,2020-08-01T20:00:00Z,60.4097245,-173.37147199999998,2020-08-01T20:24:00Z,60.4015052,-173.3694416,59.21,40,35.385810806882034,7.936680348465189,256.21252660745137,15.702787423308502
1043,202001,2020,17,60.4149217,2020-07-28T15:14:01Z,60.4149217,-172.0057565,2020-07-28T15:34:00Z,60.4231584,-172.0074663,63.03,40,46.00866794281855,11.27624334879734,333.12779305258124,20.416780507828836
1043,202001,2020,19,60.4179436,2020-08-01T19:46:01Z,60.4179436,-173.3735037,2020-08-01T19:59:00Z,60.4097244,-173.3714722,58.870000000000005,40,32.76109280030816,7.832724430404299,237.20813991227422,14.538044042740161
1043,202001,2020,17,60.4231585,2020-07-28T15:34:01Z,60.4231585,-172.0074661,2020-07-28T15:39:00Z,60.4313951,-172.0091768,63.08,40,39.63748289466946,11.165071423124106,286.9969462117786,17.589507028307796
1043,202001,2020,19,60.4261627,2020-08-01T19:34:01Z,60.4261627,-173.3755364,2020-08-01T19:46:00Z,60.4179435,-173.3735038,58.68,40,39.947004504157825,9.685316603995549,289.2380511009506,17.726860162965114
1043,202001,2020,17,60.4313952,2020-07-28T15:39:01Z,60.4313952,-172.0091767,2020-07-28T15:54:00Z,60.4396318,-172.0108882,63.14,40,46.966319567748776,12.75263985721173,340.0617119550524,20.84174745217651
1043,202001,2020,19,60.4343817,2020-08-01T19:16:01Z,60.4343817,-173.37757,2020-08-01T19:34:00Z,60.4261626,-173.3755365,59.07,40,23.88484617430148,5.594053764899515,172.93928403522483,10.599125851894735
1043,202001,2020,17,60.4396319,2020-07-28T15:54:01Z,60.4396319,-172.0108881,2020-07-28T16:02:00Z,60.4478685,-172.0126005,63.08,40,48.3429738584397,14.88962866106984,350.02943817186446,21.45265078289518
1043,202001,2020,19,60.4426007,2020-08-01T19:09:01Z,60.4426007,-173.3796048,2020-08-01T19:16:00Z,60.4343816,-173.3775702,59.35,40,23.450177014472665,4.9549192003921565,169.79204277838696,10.406237310962037
1043,202001,2020,17,60.4478686,2020-07-28T16:02:01Z,60.4478686,-172.0126004,2020-07-28T16:15:00Z,60.4561051,-172.0143136,62.93,40,71.39229166407704,18.01076756289608,516.9190421374155,31.68100303768684
1043,202001,2020,19,60.4508197,2020-08-01T18:48:01Z,60.4508197,-173.3816405,2020-08-01T19:09:00Z,60.4426006,-173.3796049,59.54,40,35.52577472956153,7.537181589270708,257.22594157367365,15.764897734607095
1043,202001,2020,17,60.4561052,2020-07-28T16:15:01Z,60.4561052,-172.0143135,2020-07-28T16:27:00Z,60.4643417,-172.0160276,62.93,40,70.0227114085844,19.729643734236483,507.0025357850105,31.073238876833447
1043,202001,2020,19,60.4590386,2020-08-01T18:44:01Z,60.4590386,-173.3836773,2020-08-01T18:48:00Z,60.4508196,-173.3816406,59.36,40,29.293301996390234,6.602768742196224,212.09944737822894,12.999179153657646
1043,202001,2020,17,60.4643418,2020-07-28T16:27:01Z,60.4643418,-172.0160275,2020-07-28T16:49:00Z,60.4725783,-172.0177425,62.84,40,51.4773944881669,19.60724242887654,372.72434923030306,22.84357951171398
1043,202001,2020,19,60.4672575,2020-08-01T18:23:01Z,60.4672575,-173.3857151,2020-08-01T18:44:00Z,60.4590385,-173.3836774,59.01,40,22.581446585050195,5.4055052816317515,163.50196172081746,10.020729986124154
1043,202001,2020,17,60.4725784,2020-07-28T16:49:01Z,60.4725784,-172.0177424,2020-07-28T16:55:00Z,60.4808148,-172.0194583,62.84,40,46.34495897377094,16.47987042264314,335.56272312062373,20.566012825839866
1043,202001,2020,19,60.4754763,2020-08-01T18:19:01Z,60.4754763,-173.3877539,2020-08-01T18:23:00Z,60.4672574,-173.3857152,59.160000000000004,40,16.805257370332626,3.914874861599382,121.67920850082699,7.457491521686397
1043,202001,2020,17,60.4808149,2020-07-28T16:55:01Z,60.4808149,-172.0194581,2020-07-28T17:14:00Z,60.4890513,-172.0211749,62.800000000000004,40,51.103233542825485,15.481552477515972,370.015220373911,22.677542061876665
1043,202001,2020,19,60.4836951,2020-08-01T17:55:00Z,60.4836951,-173.3897938,2020-08-01T18:19:00Z,60.4754762,-173.387754,59.370000000000005,40,18.37845201080875,4.031829166795251,133.06999380405077,8.155611487050603
1043,202001,2020,17,60.4890514,2020-07-28T17:14:01Z,60.4890514,-172.0211748,2020-07-28T17:23:00Z,60.4972878,-172.0228924,62.77,40,64.88330320901005,19.811211604572428,469.790423640221,28.792577996121643
1043,202001,2020,19,60.4919139,2020-08-01T17:40:01Z,60.4919139,-173.3918347,2020-08-01T17:54:00Z,60.483695,-173.3897939,59.47,40,15.435666873896585,3.390885993784709,111.7626279984188,6.849722816317746
1043,202001,2020,17,60.4972879,2020-07-28T17:23:01Z,60.4972879,-172.0228922,2020-07-28T17:39:00Z,60.5055243,-172.0246107,62.730000000000004,40,91.03950129235014,43.137661641285646,659.1755315285554,40.39963768866821
1043,202001,2020,19,60.5001326,2020-08-01T17:30:00Z,60.5001326,-173.3938766,2020-08-01T17:40:00Z,60.4919138,-173.3918348,59.620000000000005,40,29.005806546945745,5.992874160481484,210.01782387404202,12.87160033534448
1043,202001,2020,17,60.5055244,2020-07-28T17:39:01Z,60.5055244,-172.0246106,2020-07-28T17:48:00Z,60.5137607,-172.0263299,62.67,40,84.81520106421942,50.89464405715458,614.1082107169448,37.63754573394101
1043,202001,2020,19,60.5083513,2020-08-01T17:13:01Z,60.5083513,-173.3959196,2020-08-01T17:29:00Z,60.5001325,-173.3938767,59.99,40,27.288815055569692,5.357249122716919,197.5858711184647,12.109669160618818
1043,202001,2020,17,60.5137608,2020-07-28T17:48:01Z,60.5137608,-172.0263298,2020-07-28T18:04:00Z,60.5219971,-172.02805,62.6,40,47.42362493409691,21.04526843039133,343.37285166533457,21.044681023332835
1043,202001,2020,19,60.5165699,2020-08-01T17:04:01Z,60.5165699,-173.3979636,2020-08-01T17:13:00Z,60.5083512,-173.3959197,59.64,40,19.431859410202165,4.06434329846488,140.69723662232414,8.623070959806219
1043,202001,2020,17,60.5219972,2020-07-28T18:06:00Z,60.5219972,-172.0280499,2020-07-28T18:13:00Z,60.5302334,-172.02977099999998,62.49,40,19.32581995624789,7.019114749156504,139.92945327080022,8.576014951593915
1043,202001,2020,19,60.5247885,2020-08-01T16:40:00Z,60.5247885,-173.4000086,2020-08-01T17:04:00Z,60.5165698,-173.3979637,59.730000000000004,40,11.099771852846052,2.2828062681853907,80.36838852455688,4.925628490009514
1043,202001,2020,17,60.5302335,2020-07-28T18:13:01Z,60.5302335,-172.0297709,2020-07-28T18:29:00Z,60.5384698,-172.0314929,62.440000000000005,40,22.446834747783935,6.2850892928822955,162.52729876550225,9.96099471322652
1043,202001,2020,19,60.5330071,2020-08-01T16:22:01Z,60.5330071,-173.4020547,2020-08-01T16:39:00Z,60.5247884,-173.4000087,60.35,40,9.532815234422314,1.7320069199662136,69.02276989561952,4.23027670578902
1043,202001,2020,17,60.5384699,2020-07-28T18:29:01Z,60.5384699,-172.0314927,2020-07-28T18:36:00Z,60.5467061,-172.0332156,62.370000000000005,40,64.11797324667229,39.28283963981468,464.2490182331473,28.452955604172914
1043,202001,2020,19,60.5412256,2020-08-01T16:05:00Z,60.5412256,-173.4041017,2020-08-01T16:22:00Z,60.533007,-173.4020548,60.5,40,14.865544194176422,2.6932107675769017,107.63462954603051,6.596725497880957
1043,202001,2020,17,60.5467062,2020-07-28T18:36:01Z,60.5467062,-172.0332155,2020-07-28T18:54:00Z,60.5549424,-172.0349392,62.31,40,68.12942588709176,36.67285421309616,493.2941183151303,30.23307556284645
1043,202001,2020,19,60.5494441,2020-08-01T15:49:01Z,60.5494441,-173.4061499,2020-08-01T16:04:00Z,60.5412255,-173.4041019,60.46,40,21.54604923059468,3.917850940470977,156.0051214286593,9.561262640740933
1043,202001,2020,17,60.5549425,2020-07-28T18:54:01Z,60.5549425,-172.034939,2020-07-28T18:58:00Z,60.5631786,-172.0366636,62.26,40,70.30031092789743,48.2034271934399,509.01250736984616,31.196426282779143
1043,202001,2020,19,60.5576626,2020-08-01T15:19:01Z,60.5576626,-173.4081991,2020-08-01T15:49:00Z,60.549443999999994,-173.40615,60.86,40,20.836432311903124,3.7717354480600984,150.86710877568942,9.246363437582657
1043,202001,2020,17,60.5631787,2020-07-28T18:58:01Z,60.5631787,-172.0366635,2020-07-28T19:19:00Z,60.5714148,-172.038389,62.21,40,30.808267352107954,12.619386800765561,223.06862097240028,13.671459324496226
1043,202001,2020,19,60.565881,2020-08-01T07:30:01Z,60.565881,-173.4102493,2020-08-01T15:19:00Z,60.5576625,-173.4081992,61.03,40,22.474096147597713,4.068117153383784,162.72468613535125,9.973092216614923
1043,202001,2020,17,60.5714149,2020-07-28T19:19:01Z,60.5714149,-172.0383889,2020-07-28T19:19:02Z,60.579651,-172.0401152,62.14,40,15.220962378211656,2.9827986006924996,110.20805061106907,6.75444567054401
1043,202001,2020,19,60.5740994,2020-08-01T07:29:01Z,60.5740994,-173.4123005,2020-08-01T07:30:00Z,60.5658809,-173.4102494,61.28,40,32.692233689345564,5.917739061923251,236.70956247693002,14.507487162540217
1043,202001,2020,17,60.5796511,2020-07-28T19:19:03Z,60.5796511,-172.0401151,2020-07-28T19:29:00Z,60.5878872,-172.0418423,62.06,40,16.430346101686016,2.952186246283071,118.96464689539188,7.291121108802835
1043,202001,2020,19,60.5823177,2020-08-01T07:10:01Z,60.5823177,-173.4143528,2020-08-01T07:29:00Z,60.5740993,-173.4123006,61.39,40,41.04325671652025,7.429387842013758,297.1755136805493,18.213332425731828
1043,202001,2020,17,60.5878873,2020-07-28T19:29:01Z,60.5878873,-172.0418422,2020-07-28T19:44:00Z,60.5961233,-172.0435703,62.03,40,43.366383297591526,28.079738895121356,313.9962143340848,19.244241765610656
1043,202001,2020,19,60.590536,2020-08-01T07:04:01Z,60.590536,-173.4164061,2020-08-01T07:10:00Z,60.5823176,-173.4143529,62.07,40,19.13364841507037,7.618841542173088,138.5380267361406,8.490737016989309
1043,202001,2020,17,60.5961234,2020-07-28T19:44:01Z,60.5961234,-172.0435701,2020-07-28T20:09:00Z,60.6043594,-172.0452991,62,40,19.61239287703118,7.2479945400133605,142.00439716545543,8.703184389109287
1043,202001,2020,19,60.5987543,2020-08-01T06:47:01Z,60.5987543,-173.4184605,2020-08-01T07:04:00Z,60.5905359,-173.4164063,62.56,40,9.890217293083527,6.324424528267358,71.6105552925415,4.388877241535917
1043,202001,2020,17,60.6043595,2020-07-28T20:09:01Z,60.6043595,-172.045299,2020-07-28T20:24:00Z,60.6125955,-172.0470289,62.17,40,34.774757007586174,13.382269282725751,251.78816457530522,15.431626534360273
1043,202001,2020,19,60.6069725,2020-08-01T06:39:01Z,60.6069725,-173.4205159,2020-08-01T06:47:00Z,60.5987542,-173.4184606,62.65,40,8.512915087620968,5.635722327145581,61.63813782019842,3.7776863925240214
1043,202001,2020,17,60.6125956,2020-07-28T20:24:01Z,60.6125956,-172.0470287,2020-07-28T20:34:00Z,60.6208316,-172.0487595,62.21,40,22.329332689122992,10.195852322365019,161.67651991814455,9.908852066021867
1043,202001,2020,19,60.6151907,2020-08-01T06:22:01Z,60.6151907,-173.4225724,2020-08-01T06:39:00Z,60.6069724,-173.420516,62.940000000000005,40,11.143133348085485,5.622970333941336,80.68234934668988,4.944870562653195
1043,202001,2020,17,60.6208317,2020-07-28T20:35:00Z,60.6208317,-172.0487593,2020-07-28T20:47:00Z,60.6290676,-172.050491,62.18,40,14.929384749064141,6.7569627740703835,108.09686990437842,6.625055346470804
1043,202001,2020,19,60.6234089,2020-08-01T06:10:01Z,60.6234089,-173.4246299,2020-08-01T06:22:00Z,60.6151906,-173.4225725,63.300000000000004,40,14.23902272676115,4.85548463912712,103.09827317945388,6.318700685261771
1043,202001,2020,17,60.6290677,2020-07-28T20:47:01Z,60.6290677,-172.0504908,2020-07-28T20:57:00Z,60.6373036,-172.0522233,62.15,40,10.604563405726179,3.447583518924675,76.78280988326546,4.705875069131625
1043,202001,2020,19,60.631626999999995,2020-08-01T05:54:01Z,60.631626999999995,-173.4266884,2020-08-01T06:10:00Z,60.6234088,-173.42462999999998,63.9,40,23.34397911942742,3.4042156661375387,169.02311222714343,10.359110993020668
1043,202001,2020,17,60.6373037,2020-07-28T20:57:01Z,60.6373037,-172.0522232,2020-07-28T21:07:00Z,60.6455396,-172.0539566,62.14,40,11.199976303397667,3.047788355416401,81.09392327613442,4.970095160406549
1043,202001,2020,19,60.6398451,2020-08-01T05:49:01Z,60.6398451,-173.42874799999998,2020-08-01T05:54:00Z,60.6316269,-173.4266885,65.04,40,13.845746429417868,3.477295844536848,100.25073877231384,6.144180617613461
1043,202001,2020,17,60.6455397,2020-07-28T21:07:01Z,60.6455397,-172.0539565,2020-07-28T21:17:00Z,60.6537755,-172.0556907,62.09,40,11.52367372922703,4.447435181004569,83.43766878985709,5.113738947319072
1043,202001,2020,19,60.6480632,2020-08-01T05:32:01Z,60.6480632,-173.4308086,2020-08-01T05:49:00Z,60.639844999999994,-173.4287481,65.87,40,15.840858227878975,4.303283421443159,114.69643389960028,7.029530302772473
1043,202001,2020,17,60.6537756,2020-07-28T21:17:01Z,60.6537756,-172.0556906,2020-07-28T21:27:00Z,60.6620114,-172.0574257,62.14,40,10.963709612645298,3.987976189666621,79.38322386271098,4.865249587124631
1043,202001,2020,19,60.6562812,2020-08-01T05:24:01Z,60.6562812,-173.4328703,2020-08-01T05:32:00Z,60.648063,-173.4308088,66.07000000000001,40,18.48743202213709,3.9906896165237056,133.85906839116498,8.203972395342856
1043,202001,2020,17,60.6620115,2020-07-28T21:27:01Z,60.6620115,-172.0574256,2020-07-28T21:37:00Z,60.6702473,-172.0591616,62.15,40,10.932767666213433,8.068547519298068,79.15918733245522,4.851518806447183
1043,202001,2020,19,60.6644992,2020-08-01T05:04:01Z,60.6644992,-173.4349331,2020-08-01T05:24:00Z,60.6562811,-173.4328705,66.22,40,46.68867758113391,7.544576677994228,338.05143288384136,20.718541200964925
1043,202001,2020,17,60.6702474,2020-07-28T21:37:01Z,60.6702474,-172.0591615,2020-07-28T21:49:00Z,60.6784832,-172.0608984,62.17,40,9.585802803116326,4.509941952770151,69.40642872791165,4.25379043935361
1043,202001,2020,19,60.6727171,2020-08-01T04:59:01Z,60.6727171,-173.4369968,2020-08-01T05:04:00Z,60.664499,-173.4349332,66.36,40,27.930370107515863,6.416121779841883,202.23107881806996,12.394365268220826
1043,202001,2020,17,60.6784833,2020-07-28T21:49:01Z,60.6784833,-172.0608983,2020-07-28T21:55:00Z,60.686719,-172.0626361,62.2,40,17.46930695992984,10.212298651993024,126.48728889417644,7.752169792615046
1043,202001,2020,19,60.680935,2020-08-01T04:39:01Z,60.680935,-173.4390617,2020-08-01T04:59:00Z,60.672717,-173.436997,66.72,40,32.38203833125648,10.497873595218948,234.4635792812461,14.36983504558427
1043,202001,2020,17,60.6867191,2020-07-28T21:55:01Z,60.6867191,-172.062636,2020-07-28T22:14:00Z,60.6949548,-172.0643747,62.160000000000004,40,12.631193412474708,6.052872111072845,91.45671399023398,5.60521125660373
1043,202001,2020,19,60.6891529,2020-08-01T04:24:01Z,60.6891529,-173.4411275,2020-08-01T04:39:00Z,60.6809349,-173.4390618,67,40,42.445283878041934,10.647960405445103,307.3269532896675,18.83549520728375
1043,202001,2020,17,60.6949549,2020-07-28T22:14:01Z,60.6949549,-172.0643745,2020-07-28T22:14:02Z,60.7031906,-172.0661141,62.18,40,14.649631952431863,12.221996642860038,106.07130741997388,6.500912403397746
1043,202001,2020,19,60.6973707,2020-08-01T04:09:01Z,60.6973707,-173.4431945,2020-08-01T04:24:00Z,60.6891528,-173.4411277,67.13,40,42.13702640981655,8.495502817413845,305.095001471164,18.698703047239498
1043,202001,2020,17,60.7031907,2020-07-28T22:15:00Z,60.7031907,-172.066114,2020-07-28T22:25:00Z,60.7114264,-172.0678544,62.22,40,10.956531881420062,4.862388461766987,79.33125318263914,4.862064401168976
1043,202001,2020,19,60.7055885,2020-08-01T03:48:01Z,60.7055885,-173.4452625,2020-08-01T04:09:00Z,60.6973706,-173.4431946,67.59,40,69.90342223861575,19.143511119121715,506.13881727926895,31.02030318212396
1043,202001,2020,17,60.7114265,2020-07-28T22:25:01Z,60.7114265,-172.0678543,2020-07-28T22:39:00Z,60.7196621,-172.0695957,62.31,40,13.261321612910818,6.511537340685707,96.01918506660516,5.884836591031725
1043,202001,2020,19,60.7138063,2020-08-01T03:28:01Z,60.7138063,-173.4473315,2020-08-01T03:48:00Z,60.7055884,-173.4452626,68.05,40,64.70613200536357,15.817581593468127,468.5076077122186,28.71395660282998
1043,202001,2020,17,60.7196622,2020-07-28T22:39:01Z,60.7196622,-172.0695955,2020-07-28T22:43:00Z,60.7278978,-172.0713378,62.33,40,15.848661687310225,5.888171502534084,114.75293519239447,7.032993161523517
1043,202001,2020,19,60.722024,2020-08-01T03:03:01Z,60.722024,-173.4494016,2020-08-01T03:28:00Z,60.7138062,-173.4473316,68.51,40,62.12311393936277,11.183570987874822,449.8051512791998,27.567717964344762
1043,202001,2020,17,60.7278979,2020-07-28T22:43:01Z,60.7278979,-172.0713376,2020-07-28T22:50:00Z,60.7361335,-172.0730808,62.410000000000004,40,9.699863952133786,4.568345993866552,70.23229351696514,4.3044061504377575
1043,202001,2020,19,60.7302417,2020-08-01T02:35:01Z,60.7302417,-173.4514727,2020-08-01T03:03:00Z,60.7220239,-173.4494017,68.91,40,61.91270445589054,14.014769653945041,448.28167211754374,27.474346770765386
1043,202001,2020,17,60.7361336,2020-07-28T22:50:01Z,60.7361336,-172.0730806,2020-07-28T23:04:00Z,60.7443692,-172.0748247,62.53,40,5.929507314374549,2.3811558429930404,42.93285969464917,2.6312748177715317
1043,202001,2020,19,60.738459399999996,2020-08-01T02:08:01Z,60.738459399999996,-173.4535449,2020-08-01T02:35:00Z,60.7302416,-173.4514728,69.31,40,101.38237281668172,29.046483149186418,734.0635497821846,44.98938451627467
1043,202001,2020,17,60.7443693,2020-07-28T23:04:01Z,60.7443693,-172.0748245,2020-07-28T23:08:00Z,60.7526048,-172.0765694,62.57,40,4.051436544805468,1.2948986984527826,29.334605308308774,1.7978631935072347
1043,202001,2020,19,60.746677,2020-08-01T01:45:01Z,60.746677,-173.4556182,2020-08-01T02:08:00Z,60.7384593,-173.453545,69.84,40,77.96074945096636,21.139758124685997,564.4782509592181,34.595818156362554
1043,202001,2020,17,60.7526049,2020-07-28T23:08:01Z,60.7526049,-172.0765693,2020-07-28T23:29:00Z,60.7608404,-172.0783151,62.61,40,9.152883956858542,4.308284503222252,66.27186069381938,4.06167861658289
1043,202001,2020,19,60.7548946,2020-08-01T01:25:01Z,60.7548946,-173.4576925,2020-08-01T01:45:00Z,60.7466769,-173.4556183,70.59,40,56.86175159707203,13.948556081212747,411.71002477574166,25.232938782121703
1043,202001,2020,17,60.7608405,2020-07-28T23:29:01Z,60.7608405,-172.078315,2020-07-28T23:29:02Z,60.769076,-172.0800617,62.690000000000005,40,2.8519733855126175,1.0985005031038535,20.649839307264983,1.2655900992080211
1043,202001,2020,19,60.7631122,2020-08-01T01:07:01Z,60.7631122,-173.4597678,2020-08-01T01:25:00Z,60.7548945,-173.4576926,71.56,40,37.470217518643274,9.176919110617247,271.30476549982717,16.62776256877383
1043,202001,2020,17,60.7690761,2020-07-28T23:31:00Z,60.7690761,-172.0800615,2020-07-28T23:36:00Z,60.7773116,-172.0818091,62.79,40,6.321263933775951,1.5713225956815005,45.76939080650675,2.8051205139944315
1043,202001,2020,19,60.7713297,2020-08-01T00:49:01Z,60.7713297,-173.4618443,2020-08-01T01:07:00Z,60.7631121,-173.459768,71.54,40,10.162906926734696,2.914767949281666,73.5849766333078,4.509885839392643
1043,202001,2020,17,60.7773117,2020-07-28T23:36:01Z,60.7773117,-172.081809,2020-07-28T23:54:00Z,60.7855471,-172.0835575,62.910000000000004,40,3.395934758689988,0.4098069277289777,24.588415663738562,1.5069780910251818
1043,202001,2020,19,60.7795472,2020-08-01T00:29:01Z,60.7795472,-173.4639218,2020-08-01T00:49:00Z,60.7713296,-173.4618444,71.22,40,0,0,0,0
1043,202001,2020,17,60.7855472,2020-07-28T23:54:01Z,60.7855472,-172.0835573,2020-07-28T23:54:02Z,60.7937826,-172.0853067,62.96,40,0.07750274399454993,0.009352700703597736,0.5611620422158641,0.03439257391363282
1043,202001,2020,19,60.7877647,2020-08-01T00:24:01Z,60.7877647,-173.4660003,2020-08-01T00:29:00Z,60.7795471,-173.4639219,72.14,40,6.248415515277331,1.7316636049924095,45.24192861368739,2.772793340934839
1043,202001,2020,17,60.7937828,2020-07-28T23:55:00Z,60.7937828,-172.0853066,2020-07-29T00:19:00Z,60.8020181,-172.0870569,63.09,40,0,0,0,0
1043,202001,2020,19,60.7959821,2020-08-01T00:00:00Z,60.7959821,-173.4680799,2020-08-01T00:24:00Z,60.7877646,-173.4660004,72.57000000000001,40,18.792086985911798,5.893406295060184,136.06493611702302,8.339165910046201
1043,202001,2020,17,60.8020182,2020-07-29T00:19:01Z,60.8020182,-172.0870567,2020-07-29T00:19:02Z,60.8102536,-172.0888079,63.14,40,0.17964341593425628,0.021678601505040473,1.3007160903024304,0.07971846082057253
1043,202001,2020,19,60.8041995,2020-07-31T23:59:01Z,60.8041995,-173.4701606,2020-07-31T23:59:02Z,60.795981999999995,-173.46808,72.73,40,33.122544220923956,9.780594610139854,239.82524489334233,14.698441521061577
1043,202001,2020,17,60.8102537,2020-07-29T00:21:00Z,60.8102537,-172.0888078,2020-07-29T00:31:00Z,60.8184891,-172.0905598,63.160000000000004,40,0.8090376388343442,0.09763121283157576,5.857872769894535,0.35901808579161826
1043,202001,2020,19,60.8124169,2020-07-31T23:35:00Z,60.8124169,-173.4722423,2020-07-31T23:59:00Z,60.8041994,-173.4701607,72.93,40,43.658436852401145,11.740351686766985,316.11084100155983,19.37384328618695
1043,202001,2020,17,60.8184892,2020-07-29T00:31:01Z,60.8184892,-172.0905597,2020-07-29T00:44:00Z,60.8267245,-172.0923126,63.190000000000005,40,0,0,0,0
1043,202001,2020,19,60.8206342,2020-07-31T23:34:01Z,60.8206342,-173.4743251,2020-07-31T23:34:02Z,60.8124168,-173.4722424,73.32000000000001,40,20.124522707938656,4.8099900502125985,145.71249583370275,8.93044683370222
1043,202001,2020,17,60.8267246,2020-07-29T00:45:00Z,60.8267246,-172.0923125,2020-07-29T00:56:00Z,60.8349599,-172.0940664,63.38,40,0.9890612566485285,0.1193556954784521,7.161341728707141,0.4389052647837493
1043,202001,2020,19,60.8288515,2020-07-31T23:10:00Z,60.8288515,-173.4764089,2020-07-31T23:34:00Z,60.8206341,-173.4743252,73.54,40,10.176344322902047,2.2103719978077243,73.68227069396536,4.515848810728532
1043,202001,2020,17,60.834959999999995,2020-07-29T00:56:01Z,60.834959999999995,-172.0940662,2020-07-29T01:12:00Z,60.8431952,-172.095821,63.42,40,0.25197719342615066,0.030407533369567686,1.8244520021740638,0.11181725707760813
1043,202001,2020,19,60.8370688,2020-07-31T22:55:01Z,60.8370688,-173.4784938,2020-07-31T23:09:00Z,60.8288514,-173.4764091,73.92,40,9.563328797454046,1.9171266089449448,69.24370469693923,4.243817387290708
1043,202001,2020,17,60.8431954,2020-07-29T01:12:01Z,60.8431954,-172.0958208,2020-07-29T01:34:00Z,60.8514306,-172.0975765,63.43,40,0.339149144104272,0.040927072709988833,2.455624362599329,0.15050063268949188
1043,202001,2020,19,60.845285999999994,2020-07-31T22:44:01Z,60.845285999999994,-173.4805798,2020-07-31T22:55:00Z,60.8370687,-173.478494,74.3,40,14.055765265418195,2.944172809509205,101.77138943368949,6.23737845769128
1043,202001,2020,17,60.8514307,2020-07-29T01:34:01Z,60.8514307,-172.0975764,2020-07-29T01:59:00Z,60.8596659,-172.0993329,63.47,40,3.0672553506620637,0.37014329812978364,22.208597887787022,1.361123502505266
1043,202001,2020,19,60.8535032,2020-07-31T22:28:01Z,60.8535032,-173.4826669,2020-07-31T22:44:00Z,60.8452859,-173.48058,74.3,40,0.04416793739690785,0.005329998370090853,0.31979990220545196,0.019599938960131288
1043,202001,2020,17,60.859666,2020-07-29T01:59:01Z,60.859666,-172.0993328,2020-07-29T02:05:00Z,60.8679012,-172.1010902,63.53,40,5.408526774195268,0.6526779512477706,39.160677074866214,2.4000847874296354
1043,202001,2020,19,60.8617204,2020-07-31T22:19:01Z,60.8617204,-173.484755,2020-07-31T22:28:00Z,60.8535031,-173.482667,74.15,40,2.0335682764531744,0.334865849236573,14.724140955320314,0.9024151101185903
1043,202001,2020,17,60.8679013,2020-07-29T02:05:01Z,60.8679013,-172.1010901,2020-07-29T02:24:00Z,60.8761365,-172.1028485,63.65,40,0.11365625544784587,0.013715552321219767,0.822933139273187,0.05043603574231709
1043,202001,2020,19,60.8699375,2020-07-31T22:00:01Z,60.8699375,-173.4868442,2020-07-31T22:19:00Z,60.8617203,-173.4847551,74.07000000000001,40,17.93824220236453,4.0499418024579565,129.8826352361092,7.960264231016823
1043,202001,2020,17,60.8761366,2020-07-29T02:24:01Z,60.8761366,-172.1028483,2020-07-29T02:49:00Z,60.8843718,-172.1046076,63.7,40,0.45153774124467033,0.05448964943146959,3.269378965888175,0.20037413309707053
1043,202001,2020,19,60.8781546,2020-07-31T21:54:01Z,60.8781546,-173.4889344,2020-07-31T22:00:00Z,60.8699374,-173.4868443,74.27,40,13.998376928929469,3.0166845615452424,101.3558666477395,6.211911841894971
1043,202001,2020,17,60.8843719,2020-07-29T02:49:01Z,60.8843719,-172.1046074,2020-07-29T02:55:00Z,60.892607,-172.1063676,63.75,40,1.9214408241985956,0.2318712863852579,13.912277183115478,0.8526574952180893
1043,202001,2020,19,60.8863717,2020-07-31T21:35:01Z,60.8863717,-173.4910258,2020-07-31T21:54:00Z,60.8781545,-173.4889346,74.43,40,21.3534900526596,4.38680884487275,154.61088819292954,9.47581268866767
1043,202001,2020,17,60.8926071,2020-07-29T02:55:01Z,60.8926071,-172.1063675,2020-07-29T03:14:00Z,60.9008422,-172.1081285,63.86,40,1.3344629923828102,0.161037304287723,9.66223825726339,0.5921805440044916
1043,202001,2020,19,60.8945888,2020-07-31T21:20:01Z,60.8945888,-173.4931181,2020-07-31T21:35:00Z,60.8863716,-173.4910259,74.56,40,9.793791772575913,1.9462124089521868,70.912382050913,4.346087507001463
1043,202001,2020,17,60.9008423,2020-07-29T03:14:01Z,60.9008423,-172.1081284,2020-07-29T03:26:00Z,60.9090774,-172.1098904,63.93,40,0.42439774179799195,0.0512145100126841,3.0728706007610453,0.18833050226702563
1043,202001,2020,19,60.9028058,2020-07-31T21:05:00Z,60.9028058,-173.4952116,2020-07-31T21:20:00Z,60.8945886,-173.4931183,74.66,40,0,0,0,0
1043,202001,2020,17,60.9090775,2020-07-29T03:26:01Z,60.9090775,-172.1098902,2020-07-29T03:43:00Z,60.9173126,-172.1116531,63.99,40,1.9731619755516716,0.23811277441160145,14.286766464696125,0.8756092441385397
1043,202001,2020,19,60.9110227,2020-07-31T20:52:01Z,60.9110227,-173.4973061,2020-07-31T21:04:00Z,60.9028057,-173.4952117,74.75,40,0,0,0,0
1043,202001,2020,17,60.9173127,2020-07-29T03:43:01Z,60.9173127,-172.111653,2020-07-29T04:04:00Z,60.9255478,-172.1134167,63.99,40,6.696957399625591,0.8081602657558373,48.489615945350415,2.971838034267149
1043,202001,2020,19,60.9192397,2020-07-31T20:39:01Z,60.9192397,-173.4994018,2020-07-31T20:52:00Z,60.9110226,-173.4973063,74.77,40,3.5334848804256347,0.6432646559834135,25.584353397577306,1.568017255379867
1043,202001,2020,17,60.9255479,2020-07-29T04:04:01Z,60.9255479,-172.1134166,2020-07-29T04:29:00Z,60.9337829,-172.1151813,63.96,40,1.6289918214666839,0.19657978762478068,11.794787257486872,0.7228804908950841
1043,202001,2020,19,60.9274566,2020-07-31T20:24:01Z,60.9274566,-173.5014984,2020-07-31T20:39:00Z,60.9192396,-173.4994019,74.71000000000001,40,14.918129181476912,2.8648590097202806,108.01537346995549,6.620060582153672
1043,202001,2020,17,60.933783,2020-07-29T04:29:01Z,60.933783,-172.1151811,2020-07-29T04:41:00Z,60.942018,-172.1169467,63.95,40,0.15285742308086106,0.01844618209258544,1.1067709255551303,0.06783192375647558
1043,202001,2020,19,60.9356735,2020-07-31T20:14:01Z,60.9356735,-173.5035962,2020-07-31T20:24:00Z,60.9274565,-173.5014986,74.61,40,24.794806157468802,4.870336610538239,179.52788949833976,11.002929180222452
1043,202001,2020,17,60.9420181,2020-07-29T04:41:01Z,60.9420181,-172.1169466,2020-07-29T05:01:00Z,60.9502531,-172.1187131,64.02,40,1.4799851655495948,0.1785982996953404,10.715897981720449,0.6567573814008947
1043,202001,2020,19,60.9438904,2020-07-31T19:56:01Z,60.9438904,-173.505695,2020-07-31T20:14:00Z,60.9356734,-173.5035963,74.4,40,9.90786497910385,2.0124980601847646,71.73833414290382,4.396708568719651
1043,202001,2020,17,60.9502532,2020-07-29T05:01:01Z,60.9502532,-172.1187129,2020-07-29T05:19:00Z,60.9584882,-172.1204803,64.1,40,0.042887929927684865,0.005175532526160819,0.3105319515696494,0.019031923568336263
1043,202001,2020,19,60.9521072,2020-07-31T19:49:01Z,60.9521072,-173.5077949,2020-07-31T19:56:00Z,60.9438903,-173.5056951,74.16,40,0,0,0,0
1043,202001,2020,17,60.9584883,2020-07-29T05:20:00Z,60.9584883,-172.1204802,2020-07-29T05:44:00Z,60.9667232,-172.1222485,64.21000000000001,40,0.47073009314791026,0.05680570063040189,3.4083420378241183,0.20889092034082346
1043,202001,2020,19,60.960324,2020-07-31T19:25:00Z,60.960324,-173.5098959,2020-07-31T19:49:00Z,60.9521071,-173.5077951,74.12,40,0,0,0,0
1043,202001,2020,17,60.9667233,2020-07-29T05:44:01Z,60.9667233,-172.1222484,2020-07-29T05:59:00Z,60.9749582,-172.1240176,64.36,40,0.03993809804312225,0.004819559391271755,0.2891735634763061,0.017722907836844937
1043,202001,2020,19,60.9685408,2020-07-31T19:24:01Z,60.9685408,-173.511998,2020-07-31T19:24:02Z,60.9603239,-173.509896,74.58,40,0.39115647066755216,0.05866930460684035,2.832185708433612,0.1735793745596356
1043,202001,2020,17,60.9749583,2020-07-29T06:00:00Z,60.9749583,-172.1240175,2020-07-29T06:17:00Z,60.9831932,-172.1257876,64.42,40,0.03207232517032659,0.003870351457589965,0.23222108745539838,0.014232396908167418
1043,202001,2020,19,60.9767575,2020-07-31T19:00:00Z,60.9767575,-173.5141011,2020-07-31T19:24:00Z,60.9685407,-173.5119981,75.02,40,0,0,0,0
1043,202001,2020,17,60.9831934,2020-07-29T06:17:01Z,60.9831934,-172.1257875,2020-07-29T06:50:00Z,60.9914282,-172.1275585,64.45,40,0.39296294915365626,0.10874365434232282,2.845265595728345,0.17438101643261358
1043,202001,2020,19,60.9849742,2020-07-31T18:43:01Z,60.9849742,-173.5162053,2020-07-31T18:59:00Z,60.9767574,-173.5141012,75.60000000000001,40,0.4046394436837618,0.04883016283798464,2.929809770279083,0.1795625710522413
1043,202001,2020,17,60.9914283,2020-07-29T06:50:01Z,60.9914283,-172.1275584,2020-07-29T07:10:00Z,60.9996632,-172.1293303,64.42,40,1.1872642045006663,0.49850083364318265,8.596438929881481,0.5268596930086895
1043,202001,2020,19,60.9931909,2020-07-31T18:34:01Z,60.9931909,-173.5183106,2020-07-31T18:43:00Z,60.9849741,-173.5162055,75.94,40,0.3787252564029301,0.04570294920498552,2.742176952299135,0.16806290593676615
1043,202001,2020,17,60.9996633,2020-07-29T07:10:01Z,60.9996633,-172.1293302,2020-07-29T07:28:00Z,61.0078981,-172.131103,64.51,40,0.6915594555748399,0.14111913709963717,5.007266793435833,0.30688603352162475
1043,202001,2020,19,61.0014075,2020-07-31T18:10:00Z,61.0014075,-173.520417,2020-07-31T18:34:00Z,60.9931908,-173.5183108,76.12,40,0,0,0,0
1043,202001,2020,17,61.0078983,2020-07-29T07:28:01Z,61.0078983,-172.1311029,2020-07-29T15:09:00Z,61.0161331,-172.1328767,64.55,40,0,0,0,0
1043,202001,2020,19,61.0096242,2020-07-31T17:50:01Z,61.0096242,-173.5225245,2020-07-31T18:09:00Z,61.0014074,-173.5204171,76.38,40,0.185423543338262,0.02237612263593271,1.3425673581559636,0.08228344689366512
1043,202001,2020,17,61.0161332,2020-07-29T15:09:01Z,61.0161332,-172.1328765,2020-07-29T15:44:00Z,61.024367999999996,-172.1346512,64.51,40,0,0,0,0
1043,202001,2020,19,61.0178408,2020-07-31T17:30:01Z,61.0178408,-173.524633,2020-07-31T17:50:00Z,61.009623999999995,-173.5225246,76.56,40,0.30821448593561845,0.037194010055589526,2.2316406033353733,0.13677308624761111
1043,202001,2020,17,61.0243681,2020-07-29T15:44:01Z,61.0243681,-172.1346511,2020-07-29T15:52:00Z,61.0326029,-172.1364267,64.39,40,0,0,0,0
1043,202001,2020,19,61.0260573,2020-07-31T17:19:01Z,61.0260573,-173.5267427,2020-07-31T17:30:00Z,61.0178406,-173.5246332,76.72,40,1.364397329061531,0.21953286987960063,9.878979144582031,0.6054641883468245
1043,202001,2020,17,61.032602999999995,2020-07-29T15:52:01Z,61.032602999999995,-172.1364266,2020-07-29T16:15:00Z,61.0408377,-172.1382031,64.4,40,0,0,0,0
1043,202001,2020,19,61.0342739,2020-07-31T16:54:01Z,61.0342739,-173.5288534,2020-07-31T17:19:00Z,61.0260572,-173.5267428,76.88,40,0.9016123368854532,0.13698523487280262,6.5281639613848705,0.40009898152711504
1043,202001,2020,17,61.0408379,2020-07-29T16:15:01Z,61.0408379,-172.1382029,2020-07-29T16:37:00Z,61.0490726,-172.1399804,64.45,40,0,0,0,0
1043,202001,2020,19,61.0424904,2020-07-31T16:20:01Z,61.0424904,-173.5309652,2020-07-31T16:54:00Z,61.0342737,-173.5288535,76.89,40,2.2172440703577925,0.3540939971345787,16.054053656480725,0.9839229767104363
1043,202001,2020,17,61.0490727,2020-07-29T16:37:01Z,61.0490727,-172.1399802,2020-07-29T16:59:00Z,61.0573074,-172.1417586,64.45,40,0,0,0,0
1043,202001,2020,19,61.0507068,2020-07-31T16:00:00Z,61.0507068,-173.5330781,2020-07-31T16:20:00Z,61.0424902,-173.5309653,76.94,40,6.073755831483549,1.0984655032979174,43.977297456145564,2.6952864582748934
1043,202001,2020,17,61.0573075,2020-07-29T17:00:00Z,61.0573075,-172.1417585,2020-07-29T17:24:00Z,61.0655422,-172.1435377,64.45,40,0.39996020712825214,0.048265492520917004,2.8959295512550236,0.1774861156804669
1043,202001,2020,19,61.0589233,2020-07-31T15:39:01Z,61.0589233,-173.535192,2020-07-31T15:59:00Z,61.0507067,-173.5330782,76.97,40,3.518059347037392,0.6198528688496545,25.472664141529492,1.5611720293934213
1043,202001,2020,17,61.0655423,2020-07-29T17:25:00Z,61.0655423,-172.1435376,2020-07-29T17:49:00Z,61.073777,-172.1453178,64.4,40,0.2387078147296214,0.02880624132395884,1.728374479437531,0.10592884507969927
1043,202001,2020,19,61.0671397,2020-07-31T07:30:01Z,61.0671397,-173.5373071,2020-07-31T15:39:00Z,61.0589232,-173.5351921,76.98,40,13.433731117965834,2.034744485203521,97.26752370556873,5.961344935645103
1043,202001,2020,17,61.0737771,2020-07-29T17:50:00Z,61.0737771,-172.1453176,2020-07-29T18:14:00Z,61.0820118,-172.1470987,64.35,40,3.84115218818971,0.7507704599597015,27.812032133185507,1.704547526151034
1043,202001,2020,19,61.0753561,2020-07-31T07:19:01Z,61.0753561,-173.5394232,2020-07-31T07:30:00Z,61.0671396,-173.5373072,77.01,40,12.040646146786495,2.0038301020483473,87.18083042071936,5.343150335430358
1043,202001,2020,17,61.0820119,2020-07-29T18:14:01Z,61.0820119,-172.1470986,2020-07-29T18:39:00Z,61.0902466,-172.1488806,64.38,40,3.5389918703392675,0.7949976928139174,25.62422700136369,1.570461034114457
1043,202001,2020,19,61.0835725,2020-07-31T06:57:01Z,61.0835725,-173.5415405,2020-07-31T07:19:00Z,61.075356,-173.5394234,76.98,40,13.497160691762462,2.1522424551132264,97.72678833716812,5.989492407498024
1043,202001,2020,17,61.0902467,2020-07-29T18:39:01Z,61.0902467,-172.1488805,2020-07-29T19:04:00Z,61.0984813,-172.1506634,64.37,40,10.285881704156484,3.790875286219948,74.47538094265593,4.5644570571844785
1043,202001,2020,19,61.0917888,2020-07-31T06:32:01Z,61.0917888,-173.5436588,2020-07-31T06:57:00Z,61.0835724,-173.5415406,76.9,40,20.486107333931365,3.216835858391539,148.33056529418786,9.090903423166486
1043,202001,2020,17,61.0984814,2020-07-29T19:04:01Z,61.0984814,-172.1506633,2020-07-29T19:16:00Z,61.106716,-172.1524471,64.36,40,6.11768070842086,1.128885300369316,44.295337468354106,2.714778536862717
1043,202001,2020,19,61.1000051,2020-07-31T06:25:00Z,61.1000051,-173.5457782,2020-07-31T06:32:00Z,61.0917887,-173.5436589,76.75,40,26.566560321814283,4.262804408928602,192.3563538071452,11.789161807783659
1043,202001,2020,17,61.1067161,2020-07-29T19:16:01Z,61.1067161,-172.152447,2020-07-29T19:36:00Z,61.1149507,-172.1542318,64.35,40,7.162383219378346,1.8979337389557491,51.859552157296854,3.17837513324116
1046,202001,2020,9,54.2013784,2020-07-30T17:53:00Z,54.2013784,-166.2745499,2020-07-30T17:58:00Z,54.2097031,-166.27497,300.49,40,6.932229265623047,0.6692414971490821,50.193112286181304,3.076242144677547
1046,202001,2020,9,54.2097033,2020-07-30T18:01:00Z,54.2097033,-166.2749699,2020-07-30T18:05:00Z,54.2180278,-166.2753901,300.53000000000003,40,0.962750433773404,0.0929444940424276,6.9708370531820645,0.4272295888809083
1046,202001,2020,9,54.2180279,2020-07-30T18:05:01Z,54.2180279,-166.27539000000002,2020-07-30T18:24:00Z,54.2263524,-166.2758105,301.27,40,1.1202005160248654,0.08110861330380553,8.110861330380548,0.4970995484777162
1046,202001,2020,9,54.2263525,2020-07-30T18:24:01Z,54.2263525,-166.2758104,2020-07-30T18:24:02Z,54.2346769,-166.276231,300.49,40,1.4705704992706181,0.12750533973518915,10.64773067455694,0.6525795344088623
1046,202001,2020,9,54.234677,2020-07-30T18:26:00Z,54.234677,-166.2762309,2020-07-30T18:33:00Z,54.2430012,-166.2766517,300.52,40,0,0,0,0
1046,202001,2020,9,54.2430013,2020-07-30T18:33:01Z,54.2430013,-166.2766516,2020-07-30T18:49:00Z,54.2513255,-166.2770726,301.46,40,229.14806110622044,20.52569598028414,1659.1566609462861,101.68661420962766
1046,202001,2020,9,54.2513256,2020-07-30T18:49:01Z,54.2513256,-166.2770725,2020-07-30T18:49:02Z,54.2596496,-166.2774937,300.49,40,420.37007301943214,36.421776864760616,3043.708087014376,186.5431862440473
1046,202001,2020,9,54.2596497,2020-07-30T18:51:00Z,54.2596497,-166.2774935,2020-07-30T18:58:00Z,54.2679736,-166.2779149,300.52,40,235.21376920795802,21.52413962301133,1703.075688459631,104.37832941189457
1046,202001,2020,9,54.2679737,2020-07-30T18:58:01Z,54.2679737,-166.2779148,2020-07-30T19:14:00Z,54.2762975,-166.2783363,301.27,40,259.14365620043634,22.46750271646085,1876.341092528915,114.99744255183147
1046,202001,2020,9,54.2762976,2020-07-30T19:14:01Z,54.2762976,-166.2783362,2020-07-30T19:19:00Z,54.2846213,-166.2787579,300.51,40,422.19554392195647,38.14919186707106,3056.9254897393453,187.35325618101194
1046,202001,2020,9,54.2846214,2020-07-30T19:19:01Z,54.2846214,-166.2787578,2020-07-30T19:39:00Z,54.2929449,-166.2791797,300.95,40,275.3772987544996,23.964631472395,1993.8814986967416,122.20127460540851
1046,202001,2020,9,54.292944999999996,2020-07-30T19:39:01Z,54.292944999999996,-166.2791796,2020-07-30T19:39:02Z,54.3012685,-166.2796017,301.02,40,118.67822077061518,10.446965381456994,859.2949010794612,52.66458023833119
1046,202001,2020,9,54.3012686,2020-07-30T19:39:03Z,54.3012686,-166.2796015,2020-07-30T19:46:00Z,54.3095919,-166.2800238,300.51,40,134.8797330511389,9.959942348682693,976.6026665821049,59.85415417986448
1046,202001,2020,9,54.309591999999995,2020-07-30T19:46:01Z,54.309591999999995,-166.2800237,2020-07-30T20:04:00Z,54.3179152,-166.2804461,300.96,40,87.77697013293634,7.14942179609341,635.553030519581,38.9518587035324
1046,202001,2020,9,54.3179153,2020-07-30T20:04:01Z,54.3179153,-166.28044599999998,2020-07-30T20:04:02Z,54.3262384,-166.2808686,301,40,52.069644377128725,4.547463371286171,377.01256071885774,23.106395988029877
1046,202001,2020,9,54.3262385,2020-07-30T20:07:00Z,54.3262385,-166.2808685,2020-07-30T20:12:00Z,54.3345615,-166.2812913,300.53000000000003,40,182.5479664183734,13.443788284751687,1321.7466164151685,81.00738250337
1046,202001,2020,9,54.3345616,2020-07-30T20:12:01Z,54.3345616,-166.2812912,2020-07-30T20:29:00Z,54.3428845,-166.2817142,301.27,40,49.9833848697766,2.0453049212330305,361.90690657814355,22.180598647039304
1046,202001,2020,9,54.3428846,2020-07-30T20:29:01Z,54.3428846,-166.2817141,2020-07-30T20:29:02Z,54.3512074,-166.2821372,300.49,40,67.47506311396877,2.714200976358098,488.5561757444576,29.942695908126815
1046,202001,2020,9,54.3512075,2020-07-30T20:32:00Z,54.3512075,-166.2821371,2020-07-30T20:39:00Z,54.3595301,-166.2825605,300.52,40,63.527965763895075,2.5554280165869403,459.97704298564923,28.191134216759348
1046,202001,2020,9,54.3595302,2020-07-30T20:39:01Z,54.3595302,-166.2825603,2020-07-30T20:54:00Z,54.3678528,-166.2829839,301.46,40,34.34093361981881,1.381372484269154,248.6470471684473,15.239113312760008
1046,202001,2020,9,54.3678529,2020-07-30T20:54:01Z,54.3678529,-166.2829838,2020-07-30T20:57:00Z,54.3761753,-166.2834075,300.93,40,44.24649354255523,1.7798260636048735,320.3686914488778,19.63479899096758
1046,202001,2020,9,54.3761754,2020-07-30T20:57:01Z,54.3761754,-166.2834073,2020-07-30T21:05:00Z,54.3844977,-166.2838312,300.52,40,137.48272461947604,5.656191059621445,995.4497420412845,61.009256248468574
1046,202001,2020,9,54.3844978,2020-07-30T21:05:01Z,54.3844978,-166.2838311,2020-07-30T21:15:00Z,54.39282,-166.2842552,301.02,40,156.17831765466806,6.282311163581681,1130.8160094447044,69.305602057428
1046,202001,2020,9,54.3928201,2020-07-30T21:15:01Z,54.3928201,-166.2842551,2020-07-30T21:25:00Z,54.4011422,-166.2846793,300.94,40,89.04822121765045,3.5875137333570217,644.7575801664615,39.515988367081995
1046,202001,2020,9,54.4011423,2020-07-30T21:25:01Z,54.4011423,-166.2846792,2020-07-30T21:44:00Z,54.4094642,-166.2851037,300.51,40,145.42206704997736,5.874946325447787,1052.9349016953024,64.53241436253302
1046,202001,2020,9,54.4094643,2020-07-30T21:44:01Z,54.4094643,-166.2851035,2020-07-30T21:44:02Z,54.4177862,-166.2855282,301.18,40,117.70118881133268,4.739169481765601,852.2206580098264,52.23101308775433
1046,202001,2020,9,54.4177863,2020-07-30T21:45:00Z,54.4177863,-166.285528,2020-07-30T21:55:00Z,54.426108,-166.2859528,300.95,40,82.85212324546634,3.3361944489728708,599.8944590350998,36.76641142952946
1046,202001,2020,9,54.4261081,2020-07-30T21:55:01Z,54.4261081,-166.2859527,2020-07-30T22:09:00Z,54.4344298,-166.2863777,301.02,40,92.97018778524657,3.7491908543681927,673.1547523843813,41.25639803660714
1046,202001,2020,9,54.4344299,2020-07-30T22:09:01Z,54.4344299,-166.2863776,2020-07-30T22:13:00Z,54.4427514,-166.2868028,301.08,40,91.73030094666362,3.6898738719299304,664.1772969473878,40.7061865532111
1046,202001,2020,9,54.4427515,2020-07-30T22:13:01Z,54.4427515,-166.2868026,2020-07-30T22:20:00Z,54.4510729,-166.287228,300.52,40,43.70404775376675,1.7580060486007525,316.4410887481355,19.39408355402307
1046,202001,2020,9,54.451073,2020-07-30T22:20:01Z,54.451073,-166.2872279,2020-07-30T22:34:00Z,54.4593943,-166.2876534,300.91,40,34.29749798530229,1.3796252752089027,248.3325495376028,15.219838340112588
1046,202001,2020,9,54.4593944,2020-07-30T22:34:01Z,54.4593944,-166.2876533,2020-07-30T22:40:00Z,54.4677156,-166.28807899999998,301.1,40,35.592607822732845,1.4317213863204692,257.709849537684,15.794555550295954
1046,202001,2020,9,54.4677157,2020-07-30T22:40:01Z,54.4677157,-166.2880789,2020-07-30T22:59:00Z,54.4760367,-166.2885048,300.51,40,35.122365309934324,1.4391121533635305,254.30503784692252,15.585880998335666
1046,202001,2020,9,54.4760369,2020-07-30T22:59:01Z,54.4760369,-166.2885046,2020-07-30T22:59:02Z,54.4843578,-166.2889307,301.18,40,70.76353449534031,2.8464805448702295,512.3664980766403,31.401986111511615
1046,202001,2020,9,54.4843579,2020-07-30T23:01:00Z,54.4843579,-166.2889306,2020-07-30T23:08:00Z,54.4926787,-166.2893569,301.1,40,252.66650574666687,10.296766942769967,1829.4429984868218,112.12314592374497
1046,202001,2020,9,54.4926789,2020-07-30T23:08:01Z,54.4926789,-166.2893568,2020-07-30T23:24:00Z,54.5009996,-166.2897832,300.91,40,691.6533623064423,34.4640102224322,5007.946729275105,306.9277055198168
1046,202001,2020,9,54.5009997,2020-07-30T23:24:01Z,54.5009997,-166.2897831,2020-07-30T23:24:02Z,54.5093203,-166.2902097,300.51,40,471.3626643167021,23.23074581329427,3412.9221973208073,209.17162976550958
1046,202001,2020,9,54.5093204,2020-07-30T23:26:00Z,54.5093204,-166.2902096,2020-07-30T23:36:00Z,54.5176409,-166.2906364,300.95,40,691.1000321499729,28.249015247559257,5003.940317829262,306.682160042016
1046,202001,2020,9,54.517641,2020-07-30T23:36:01Z,54.517641,-166.2906363,2020-07-30T23:49:00Z,54.5259614,-166.2910633,300.91,40,447.8850376046846,18.016285576636278,3242.93140379453,198.75321139226435
1046,202001,2020,9,54.5259615,2020-07-30T23:49:01Z,54.5259615,-166.2910632,2020-07-30T23:56:00Z,54.5342818,-166.2914903,301.1,40,249.36501765057702,10.03076904475889,1805.5384280566002,110.65807943038656
1046,202001,2020,9,54.5342819,2020-07-30T23:56:01Z,54.5342819,-166.2914902,2020-07-31T00:14:00Z,54.5426021,-166.2919176,300.5,40,213.55093640350347,8.590138835580893,1546.224990404561,94.76524295835861
1046,202001,2020,9,54.5426022,2020-07-31T00:14:01Z,54.5426022,-166.2919175,2020-07-31T00:14:02Z,54.5509223,-166.292345,301.02,40,200.80828783991532,8.077562669267994,1453.9612804682392,89.11057242682918
1046,202001,2020,9,54.5509224,2020-07-31T00:16:00Z,54.5509224,-166.2923449,2020-07-31T00:21:00Z,54.5592423,-166.2927726,301.39,40,81.37956676527106,3.2735130487661714,589.2323487779107,36.112950597346845
1046,202001,2020,9,54.5592424,2020-07-31T00:21:01Z,54.5592424,-166.2927725,2020-07-31T00:39:00Z,54.5675623,-166.2932004,300.51,40,35.60031477479174,1.4320314003588033,257.76565206458463,15.797975582989931
1046,202001,2020,9,54.5675624,2020-07-31T00:39:01Z,54.5675624,-166.2932003,2020-07-31T00:41:00Z,54.5758821,-166.2936284,301,40,96.40131915984904,3.8777667261151905,697.9980107007351,42.778994958036115
1046,202001,2020,9,54.5758822,2020-07-31T00:41:01Z,54.5758822,-166.2936283,2020-07-31T00:51:00Z,54.5842018,-166.2940566,300.95,40,65.89662646486569,2.6507079747008992,477.12743544616126,29.24224975197417
1046,202001,2020,9,54.5842019,2020-07-31T00:51:01Z,54.5842019,-166.2940565,2020-07-31T01:02:00Z,54.5925214,-166.2944849,301.2,40,37.6899751181154,1.5160885006022835,272.89593010841065,16.725282077030972
1046,202001,2020,9,54.5925215,2020-07-31T01:02:01Z,54.5925215,-166.2944848,2020-07-31T01:12:00Z,54.6008409,-166.2949135,300.75,40,21.091739163441584,0.8484203850807818,152.7156693145408,9.359658261864114
1046,202001,2020,9,54.600840999999996,2020-07-31T01:12:01Z,54.600840999999996,-166.2949133,2020-07-31T01:29:00Z,54.6091603,-166.2953422,300.64,40,16.470779585326575,0.6625411517787458,119.25740732017417,7.3090638486726816
1046,202001,2020,9,54.6091604,2020-07-31T01:29:01Z,54.6091604,-166.2953421,2020-07-31T01:35:00Z,54.6174796,-166.2957711,300.95,40,1.1521518637427006,0.046345591529144595,8.342206475246005,0.5112782604998751
1046,202001,2020,9,54.6174797,2020-07-31T01:35:01Z,54.6174797,-166.295771,2020-07-31T01:54:00Z,54.6257988,-166.2962002,300.92,40,1.3438177597674108,0.054055399243531393,9.729971863835642,0.5963318102969771
1046,202001,2020,9,54.6257989,2020-07-31T01:54:01Z,54.6257989,-166.2962001,2020-07-31T01:57:00Z,54.6341178,-166.2966295,301.03000000000003,40,4.993070575390305,0.20084748950673686,36.15254811121264,2.2157221792324155
1046,202001,2020,9,54.6341179,2020-07-31T01:57:01Z,54.6341179,-166.2966293,2020-07-31T02:19:00Z,54.6424368,-166.2970589,300.99,40,12.113292414813913,0.4872601607451124,87.70682893412031,5.375387802310993
1046,202001,2020,9,54.6424369,2020-07-31T02:19:01Z,54.6424369,-166.2970588,2020-07-31T02:19:02Z,54.6507556,-166.2974886,301.14,40,6.849448781055835,0.2755207585008959,49.59373653016134,3.0395075235874294
1046,202001,2020,9,54.6507557,2020-07-31T02:20:00Z,54.6507557,-166.2974884,2020-07-31T02:30:00Z,54.6590744,-166.2979184,301.1,40,12.079740195649684,0.48591051449341954,87.46389260881554,5.360498688479703
1046,202001,2020,9,54.6590745,2020-07-31T02:30:01Z,54.6590745,-166.2979183,2020-07-31T02:44:00Z,54.667393,-166.2983484,300.68,40,42.711371586167644,1.71807540609429,309.25357309697216,18.953574138397027
1046,202001,2020,9,54.6673931,2020-07-31T02:44:01Z,54.6673931,-166.2983483,2020-07-31T02:50:00Z,54.6757115,-166.2987786,301.35,40,35.93442473678008,1.4454710555912553,260.1847900064261,15.946240031068998
1046,202001,2020,9,54.6757116,2020-07-31T02:50:01Z,54.6757116,-166.2987785,2020-07-31T03:09:00Z,54.6840299,-166.299209,299.14,40,8.91708117430311,0.35869177904551514,64.56452022819282,3.9570389069405016
1046,202001,2020,9,54.68403,2020-07-31T03:09:01Z,54.68403,-166.2992089,2020-07-31T03:09:02Z,54.6923482,-166.2996396,293.86,40,17.752070564354323,0.7140813959190422,128.53465126542773,7.87764881005394
1046,202001,2020,9,54.6923483,2020-07-31T03:11:00Z,54.6923483,-166.2996395,2020-07-31T03:21:00Z,54.7006664,-166.3000703,284.84000000000003,40,21.942174544104812,0.8826293570179672,158.87328426323424,9.73704698619477
1046,202001,2020,9,54.7006665,2020-07-31T03:21:01Z,54.7006665,-166.3000702,2020-07-31T03:34:00Z,54.7089845,-166.3005013,276.87,40,35.16623144647755,1.41457029192618,254.62265254671232,15.605347010319376
1046,202001,2020,9,54.7089846,2020-07-31T03:34:01Z,54.7089846,-166.3005012,2020-07-31T03:41:00Z,54.7173024,-166.3009324,268.75,40,941.3115058253773,38.979152683222814,6815.607548132805,417.71586232003443
1046,202001,2020,9,54.7173025,2020-07-31T03:41:01Z,54.7173025,-166.3009323,2020-07-31T03:59:00Z,54.7256203,-166.3013637,261.65,40,257.12466062618836,10.346876041135273,1861.7224658677808,114.10149421581508
1046,202001,2020,7,54.7242636,2020-07-29T07:15:01Z,54.7242636,-165.1344573,2020-07-29T07:49:00Z,54.7159428,-165.1342384,86.69,40,0,0,0,0
1046,202001,2020,9,54.7256204,2020-07-31T03:59:01Z,54.7256204,-166.3013636,2020-07-31T04:06:00Z,54.7339381,-166.3017952,253.47,40,84.89440411889612,3.514613348474257,614.68168393378,37.672692836762884
1046,202001,2020,7,54.7325841,2020-07-29T06:35:00Z,54.7325841,-165.1346763,2020-07-29T07:15:00Z,54.7242635,-165.1344574,88.53,40,0.149737927848196,0.04541839559030575,1.084184082493573,0.06644761831342956
1046,202001,2020,9,54.7339382,2020-07-31T04:06:01Z,54.7339382,-166.3017951,2020-07-31T04:24:00Z,54.7422557,-166.3022269,246.03,40,44.85645643991024,1.8043619708740084,324.78515475732166,19.90547578188651
1046,202001,2020,7,54.7409046,2020-07-29T06:02:01Z,54.7409046,-165.1348955,2020-07-29T06:34:00Z,54.732583999999996,-165.1346765,89.01,40,0.7607065342587437,0.20980071131348865,5.507929271789492,0.3375707021149739
1046,202001,2020,9,54.7422558,2020-07-31T04:24:01Z,54.7422558,-166.3022268,2020-07-31T04:29:00Z,54.7505732,-166.3026588,238.54,40,53.38216609664821,2.1473107345584315,386.51593222051736,23.688839885177526
1046,202001,2020,7,54.7492249,2020-07-29T05:32:01Z,54.7492249,-165.1351148,2020-07-29T06:02:00Z,54.7409045,-165.1348956,94.66,40,0.8996262407233138,0.11479002765926444,6.51378354437071,0.3992176326156395
1046,202001,2020,9,54.7505733,2020-07-31T04:29:01Z,54.7505733,-166.3026587,2020-07-31T04:49:00Z,54.7588907,-166.3030909,230.36,40,39.520955982666386,1.5897401553160142,286.15322795688235,17.537797111633427
1046,202001,2020,7,54.7575452,2020-07-29T05:19:01Z,54.7575452,-165.1353341,2020-07-29T05:32:00Z,54.7492248,-165.1351149,96.48,40,0.13041867005385124,0.013021371622099369,0.9443021428459699,0.0578745153830965
1046,202001,2020,9,54.7588908,2020-07-31T04:49:01Z,54.7588908,-166.3030908,2020-07-31T04:49:02Z,54.767208,-166.3035231,222.84,40,33.642775889556,1.3532889181977787,243.59200527559992,14.929299232588518
1046,202001,2020,7,54.7658653,2020-07-29T04:54:01Z,54.7658653,-165.1355536,2020-07-29T05:19:00Z,54.7575451,-165.1353343,102.56,40,0.4119347801205464,0.2035855780413946,2.9826319760813154,0.18279994543016756
1046,202001,2020,9,54.7672081,2020-07-31T04:51:00Z,54.7672081,-166.30352299999998,2020-07-31T05:01:00Z,54.7755252,-166.3039556,212.37,40,7.886079552499123,0.3172194857361991,57.09950743251583,3.4995222093967038
1046,202001,2020,7,54.7741853,2020-07-29T04:34:01Z,54.7741853,-165.1357732,2020-07-29T04:54:00Z,54.7658652,-165.1355537,103.65,40,9.903918951161653,3.643761812945717,71.70976275324,4.39495748158812
1046,202001,2020,9,54.7755253,2020-07-31T05:01:01Z,54.7755253,-166.3039555,2020-07-31T05:14:00Z,54.7838423,-166.3043882,206.87,40,936.3272043974855,37.66399163011947,6779.518493421506,415.50403153274453
1046,202001,2020,7,54.7825052,2020-07-29T04:29:01Z,54.7825052,-165.1359928,2020-07-29T04:34:00Z,54.7741852,-165.1357733,104.29,40,7.5807528939247515,1.7881097908050587,54.88877627078318,3.364030623788328
1046,202001,2020,9,54.7838424,2020-07-31T05:14:01Z,54.7838424,-166.3043881,2020-07-31T05:22:00Z,54.7921593,-166.304821,196.83,40,212.330344665359,8.644379385453712,1537.387241994813,94.22359385783832
1046,202001,2020,7,54.790825,2020-07-29T04:09:01Z,54.790825,-165.1362126,2020-07-29T04:29:00Z,54.7825051,-165.1359929,105.61,40,6.3959089101861775,2.2574188250655998,46.30986105626285,2.8382449265784633
1046,202001,2020,9,54.7921594,2020-07-31T05:22:01Z,54.7921594,-166.3048209,2020-07-31T05:39:00Z,54.8004762,-166.305254,190.14000000000001,40,49.095230057018,1.9748676800822014,355.47618241479637,21.786471568820026
1046,202001,2020,7,54.7991448,2020-07-29T04:04:01Z,54.7991448,-165.1364324,2020-07-29T04:09:00Z,54.7908249,-165.1362127,105.72,40,7.629202610540987,1.7765965511834554,55.239578584609106,3.385530642677151
1046,202001,2020,9,54.8004763,2020-07-31T05:39:01Z,54.8004763,-166.3052539,2020-07-31T05:42:00Z,54.808792999999994,-166.3056872,182.15,40,299.5104116359814,12.047879826636304,2168.6183687945368,132.91057115109956
1046,202001,2020,7,54.8074643,2020-07-29T03:39:01Z,54.8074643,-165.1366523,2020-07-29T04:04:00Z,54.7991446,-165.1364325,107.03,40,7.914317555350587,1.4679411861767921,57.30396593980868,3.5120530895976763
1046,202001,2020,9,54.8087931,2020-07-31T05:42:01Z,54.8087931,-166.3056871,2020-07-31T05:52:00Z,54.8171097,-166.3061206,176.58,40,158.93305704816612,7.192261385854229,1150.7618217366737,70.52804365524214
1046,202001,2020,7,54.8157838,2020-07-29T03:26:01Z,54.8157838,-165.1368724,2020-07-29T03:39:00Z,54.8074642,-165.1366525,107.32000000000001,40,9.297404638591294,1.1818997051606002,67.31826907529917,4.125811032706012
1046,202001,2020,9,54.8171098,2020-07-31T05:52:01Z,54.8171098,-166.3061205,2020-07-31T06:02:00Z,54.8254262,-166.3065542,171.93,40,71.89624233314869,4.855146490956972,520.5679192230086,31.90463590204181
1046,202001,2020,7,54.8241032,2020-07-29T03:14:01Z,54.8241032,-165.1370925,2020-07-29T03:26:00Z,54.8157837,-165.1368725,106.9,40,48.20192637418849,4.725525828423536,349.00817763020694,21.39005963092535
1046,202001,2020,9,54.8254263,2020-07-31T06:02:01Z,54.8254263,-166.306554,2020-07-31T06:15:00Z,54.8337427,-166.3069879,167.44,40,96.17041562434402,5.774882535188607,696.3261434498418,42.67652933549849
1046,202001,2020,7,54.8324225,2020-07-29T02:55:01Z,54.8324225,-165.1373127,2020-07-29T03:14:00Z,54.8241031,-165.1370926,111.09,40,11.859165261942012,1.1346035299952753,85.8668100555871,5.262616480443698
1046,202001,2020,9,54.8337428,2020-07-31T06:15:01Z,54.8337428,-166.3069878,2020-07-31T06:25:00Z,54.842059,-166.3074219,163.72,40,65.23979199396582,2.9523224777407986,472.3715964385273,28.950773258044688
1046,202001,2020,7,54.8407417,2020-07-29T02:49:01Z,54.8407417,-165.137533,2020-07-29T02:55:00Z,54.8324224,-165.1373128,113.18,40,109.10446898802144,11.456299204846937,789.9757282980967,48.416137553040166
1046,202001,2020,9,54.8420591,2020-07-31T06:25:01Z,54.8420591,-166.3074217,2020-07-31T06:35:00Z,54.8503753,-166.30785600000002,161.04,40,60.72301681943485,2.7479230388844837,439.6676862215168,26.946411656960706
1046,202001,2020,7,54.8490607,2020-07-29T02:28:01Z,54.8490607,-165.1377534,2020-07-29T02:49:00Z,54.8407416,-165.1375332,113.51,40,105.69641987067433,12.649197231826376,765.2995980852495,46.90378360105758
1046,202001,2020,9,54.8503754,2020-07-31T06:35:01Z,54.8503754,-166.3078559,2020-07-31T06:54:00Z,54.8586914,-166.3082903,158.13,40,155.02664391125117,8.375197747332257,1122.477264820802,68.79453596733394
1046,202001,2020,7,54.8573797,2020-07-29T02:10:01Z,54.8573797,-165.1379739,2020-07-29T02:28:00Z,54.8490606,-165.1377536,113.58,40,300.6742706320162,36.85831218840832,2177.0453412784027,133.427044562015
1046,202001,2020,9,54.8586915,2020-07-31T06:54:01Z,54.8586915,-166.3082902,2020-07-31T06:57:00Z,54.8670075,-166.3087248,156.36,40,100.80980177885533,5.551213671516481,729.9178238847519,44.735300715827115
1046,202001,2020,7,54.8656986,2020-07-29T01:59:01Z,54.8656986,-165.1381945,2020-07-29T02:10:00Z,54.8573796,-165.1379741,113.22,40,136.50555508097452,15.303191935142584,988.3745028232355,60.57562804581517
1046,202001,2020,9,54.8670076,2020-07-31T06:57:01Z,54.8670076,-166.3087247,2020-07-31T07:19:00Z,54.8753234,-166.3091595,154.25,40,2.7276219609752492,0.14106762374036966,19.74946732365175,1.210407981269491
1046,202001,2020,7,54.8740173,2020-07-29T01:34:01Z,54.8740173,-165.1384152,2020-07-29T01:59:00Z,54.8656984,-165.1381947,112.98,40,212.18235220816769,26.688754277957788,1536.315696069731,94.15792080859802
1046,202001,2020,9,54.8753235,2020-07-31T07:19:01Z,54.8753235,-166.3091594,2020-07-31T07:19:02Z,54.8836392,-166.3095944,153.24,40,20.224983232680952,1.105763771955196,146.43988470177212,8.975027139437522
1046,202001,2020,7,54.8823359,2020-07-29T01:17:01Z,54.8823359,-165.138636,2020-07-29T01:34:00Z,54.8740172,-165.1384154,112.28,40,240.79471655232038,31.57110534922111,1743.4847842908937,106.85492745418549
1046,202001,2020,9,54.8836393,2020-07-31T07:20:00Z,54.8836393,-166.3095943,2020-07-31T07:28:00Z,54.8919549,-166.3100295,151.76,40,14.271992686248161,0.7381213830559968,103.33699362783965,6.333331415867468
1046,202001,2020,7,54.8906545,2020-07-29T00:56:01Z,54.8906545,-165.1388569,2020-07-29T01:17:00Z,54.8823358,-165.1386362,111.34,40,129.5783984310475,13.838453328046096,938.2181190351258,57.501636922214665
1046,202001,2020,9,54.891954999999996,2020-07-31T07:28:01Z,54.891954999999996,-166.3100294,2020-07-31T07:44:00Z,54.9002705,-166.3104647,150.67000000000002,40,2.541258750850748,0.13142925904723188,18.400096266612486,1.1277075483733405
1046,202001,2020,7,54.8989729,2020-07-29T00:44:01Z,54.8989729,-165.1390779,2020-07-29T00:56:00Z,54.8906544,-165.1388571,112.56,40,128.0346184356652,10.716835198574936,927.0403117693387,56.816569983148526
1046,202001,2020,9,54.9002706,2020-07-31T07:44:01Z,54.9002706,-166.3104646,2020-07-31T15:49:00Z,54.908586,-166.3109002,149.19,40,25.72067375537275,2.5566611197617197,186.23167474880537,11.413791662683568
1046,202001,2020,7,54.9072912,2020-07-29T00:19:01Z,54.9072912,-165.139299,2020-07-29T00:44:00Z,54.8989728,-165.1390781,109.78,40,351.66684899844233,34.57742540449672,2546.2593579584886,156.05548234529337
1046,202001,2020,9,54.9085861,2020-07-31T15:49:01Z,54.9085861,-166.3109001,2020-07-31T16:02:00Z,54.9169014,-166.3113358,148.22,40,101.34082521246616,10.352113453648089,733.7627225181536,44.97094737488754
1046,202001,2020,7,54.9156095,2020-07-28T23:33:01Z,54.9156095,-165.1395202,2020-07-29T00:19:00Z,54.9072911,-165.1392991,108.71000000000001,40,345.21591098909084,34.187971423934734,2499.5510562783547,153.19281773674112
1046,202001,2020,9,54.9169015,2020-07-31T16:02:01Z,54.9169015,-166.3113357,2020-07-31T16:12:00Z,54.9252167,-166.3117717,147.01,40,154.62176990787188,20.552057626177106,1119.545756710684,68.61486930820365
1046,202001,2020,7,54.9239276,2020-07-28T23:04:01Z,54.9239276,-165.1397415,2020-07-28T23:33:00Z,54.9156094,-165.1395203,107.82000000000001,40,648.5644679803925,61.69567363830219,4695.959686099834,287.8066021035353
1046,202001,2020,9,54.9252168,2020-07-31T16:12:01Z,54.9252168,-166.3117715,2020-07-31T16:29:00Z,54.9335319,-166.3122077,146.18,40,145.8832053627196,21.398354860903957,1056.273794023303,64.73704883981695
1046,202001,2020,7,54.9322456,2020-07-28T22:22:01Z,54.9322456,-165.1399628,2020-07-28T23:04:00Z,54.9239275,-165.1397416,109.58,40,2035.3644756221458,179.16599679748796,14737.146414765175,903.2121904476016
1046,202001,2020,9,54.933532,2020-07-31T16:29:01Z,54.933532,-166.3122076,2020-07-31T16:37:00Z,54.941846999999996,-166.3126439,145.53,40,157.28518588725296,20.86901454609819,1138.830337787774,69.79678527933439
1046,202001,2020,7,54.9405635,2020-07-26T20:42:01Z,54.9405635,-165.1401843,2020-07-28T22:22:00Z,54.9322455,-165.139963,108.85000000000001,40,518.4122469518433,59.18260953170418,3753.5867791941473,230.0503259894582
1046,202001,2020,9,54.9418471,2020-07-31T16:37:01Z,54.9418471,-166.3126438,2020-07-31T16:54:00Z,54.950162,-166.3130803,145.01,40,402.66693121529755,68.43019556600375,2915.5277065991504,178.68725003300116
1046,202001,2020,7,54.9488813,2020-07-26T20:14:01Z,54.9488813,-165.1404059,2020-07-26T20:42:00Z,54.9405634,-165.1401844,106.09,40,1289.7376089292954,195.23590017065263,9338.402142255296,572.3332330970385
1046,202001,2020,9,54.9501621,2020-07-31T16:55:00Z,54.9501621,-166.3130802,2020-07-31T17:05:00Z,54.9584768,-166.3135169,144.44,40,595.9188887022929,132.5020735117163,4314.777043283819,264.44462956904823
1046,202001,2020,7,54.957198999999996,2020-07-26T19:36:01Z,54.957198999999996,-165.1406275,2020-07-26T20:14:00Z,54.9488812,-165.14040599999998,107.61,40,1150.6085236905944,152.96271441503094,8331.031853408946,510.59338878978883
1046,202001,2020,9,54.9584769,2020-07-31T17:05:01Z,54.9584769,-166.3135168,2020-07-31T17:19:00Z,54.9667916,-166.3139537,143.89000000000001,40,611.2172696528667,157.08237347942296,4425.54564648868,271.23343046154986
1046,202001,2020,7,54.9655166,2020-07-26T18:58:01Z,54.9655166,-165.1408493,2020-07-26T19:36:00Z,54.9571989,-165.1406277,107.84,40,382.6367549804274,58.16991800453428,2770.4983305722344,169.79867033691573
1046,202001,2020,9,54.9667917,2020-07-31T17:20:00Z,54.9667917,-166.3139535,2020-07-31T17:30:00Z,54.9751062,-166.3143906,143.39000000000001,40,501.55777453976185,115.8243428371508,3631.551227009058,222.57099482863433
1046,202001,2020,7,54.9738341,2020-07-26T03:59:01Z,54.9738341,-165.1410711,2020-07-26T18:58:00Z,54.9655165,-165.1408494,108.55,40,1175.4844932741091,143.67855559717177,8511.147410279636,521.632335006125
1046,202001,2020,9,54.9751063,2020-07-31T17:30:01Z,54.9751063,-166.3143905,2020-07-31T17:44:00Z,54.9834208,-166.3148278,143.48,40,232.13058267515515,39.95697751196845,1680.751740143662,103.01013629699793
1046,202001,2020,7,54.9821515,2020-07-26T03:35:00Z,54.9821515,-165.1412931,2020-07-26T03:59:00Z,54.973834,-165.1410713,109.8,40,1071.411013020559,154.95894114009496,7757.598778198926,475.4487461731809
1046,202001,2020,9,54.9834209,2020-07-31T17:44:01Z,54.9834209,-166.3148277,2020-07-31T17:50:00Z,54.9917352,-166.3152652,142.8,40,236.95324040090048,53.33621238166402,1715.6704064876262,105.15023616629433
1046,202001,2020,7,54.9904688,2020-07-26T03:21:01Z,54.9904688,-165.1415151,2020-07-26T03:34:00Z,54.9821514,-165.1412932,110.09,40,374.8991840157637,54.1095866374449,2714.4741061315335,166.36505021460255
1046,202001,2020,9,54.9917354,2020-07-31T17:50:01Z,54.9917354,-166.315265,2020-07-31T18:09:00Z,55.0000496,-166.3157027,142.28,40,552.9103745153874,136.91897305060886,4003.3719960574776,245.3591955979273
1046,202001,2020,7,54.998785999999996,2020-07-26T03:11:00Z,54.998785999999996,-165.1417373,2020-07-26T03:21:00Z,54.9904687,-165.1415153,110.4,40,10.80939426110071,0.8903535956989009,78.2658967416982,4.796770693856301
1046,202001,2020,9,55.0000497,2020-07-31T18:09:01Z,55.0000497,-166.3157026,2020-07-31T18:13:00Z,55.0083638,-166.3161404,141.72,40,573.7089802011501,234.39797089178128,4153.965219475293,254.58877311325242
1046,202001,2020,11,55.004804300000004,2020-08-18T17:10:01Z,55.004804300000004,-167.4922945,2020-08-18T18:39:00Z,54.9964957,-167.4916,300.8,40,59.93846944480052,2.411039646064564,433.987136291622,26.598261356982228
1046,202001,2020,7,55.0071031,2020-07-26T02:55:01Z,55.0071031,-165.1419595,2020-07-26T03:09:00Z,54.9987859,-165.1417374,110.73,40,155.31284861816056,14.909793745073532,1124.5495426466346,68.92154200646854
1046,202001,2020,9,55.0083639,2020-07-31T18:13:01Z,55.0083639,-166.3161403,2020-07-31T18:34:00Z,55.016678,-166.3165783,141.22,40,545.9143851235393,32.93931021466862,3952.717225760234,242.25465929563782
1046,202001,2020,11,55.0131127,2020-08-18T01:20:01Z,55.0131127,-167.4929895,2020-08-18T17:10:00Z,55.0048042,-167.4922946,301.02,40,97.26503978623269,3.9125101003225184,704.2518180580527,43.162279135506246
1046,202001,2020,7,55.01542,2020-07-26T02:45:00Z,55.01542,-165.1421819,2020-07-26T02:55:00Z,55.007103,-165.1419597,111.03,40,111.02318336195077,8.038682644975736,803.8682644975742,49.26758516022623
1046,202001,2020,9,55.0166781,2020-07-31T18:34:01Z,55.0166781,-166.3165782,2020-07-31T18:34:02Z,55.024992,-166.3170165,140.82,40,293.72061750134804,17.72345993961785,2126.697108550786,130.34129537508187
1046,202001,2020,11,55.021421,2020-08-18T00:46:01Z,55.021421,-167.4936847,2020-08-18T01:20:00Z,55.0131126,-167.4929896,294.71,40,217.3923108870198,8.744659067093782,1574.0386320768805,96.46988913015826
1046,202001,2020,7,55.0237369,2020-07-26T02:44:01Z,55.0237369,-165.1424043,2020-07-26T02:44:02Z,55.0154199,-165.142182,111.45,40,751.5003750486245,59.87983012836558,5441.271669270564,333.4853821020855
1046,202001,2020,9,55.0249921,2020-07-31T18:36:00Z,55.0249921,-166.3170163,2020-07-31T18:46:00Z,55.0333059,-166.3174548,140.41,40,422.8091501265739,25.843283085333365,3061.3683325749957,187.62554972390447
1046,202001,2020,11,55.0297292,2020-08-18T00:20:00Z,55.0297292,-167.4943803,2020-08-18T00:46:00Z,55.0214209,-167.4936849,284.28000000000003,40,346.6688308592338,13.944838815515842,2510.070986792851,153.8375646379346
1046,202001,2020,7,55.0320537,2020-07-26T02:20:00Z,55.0320537,-165.1426268,2020-07-26T02:44:00Z,55.0237368,-165.1424044,111.68,40,624.7605363393302,47.256564697706324,4523.606267317595,277.243382839223
1046,202001,2020,9,55.033305999999996,2020-07-31T18:46:01Z,55.033305999999996,-166.3174546,2020-07-31T18:59:00Z,55.0416197,-166.3178933,140.1,40,539.7267220388995,33.99220902888478,3907.915177804818,239.5088254190193
1046,202001,2020,11,55.0380372,2020-08-17T23:36:01Z,55.0380372,-167.4950762,2020-08-18T00:19:00Z,55.0297291,-167.4943804,274.38,40,77.57810130314411,3.1205981674348413,561.7076701382712,34.42601443034458
1046,202001,2020,7,55.0403704,2020-07-26T02:19:01Z,55.0403704,-165.1428495,2020-07-26T02:19:02Z,55.0320536,-165.142627,111.99000000000001,40,1198.370599237791,89.32534863307322,8676.855271692279,531.7882604660869
1046,202001,2020,9,55.0416199,2020-07-31T18:59:01Z,55.0416199,-166.3178931,2020-07-31T19:09:00Z,55.0499335,-166.3183319,139.72,40,386.7926085423272,25.52902387556968,2800.588971906298,171.64286956697038
1046,202001,2020,11,55.0463452,2020-08-17T22:43:01Z,55.0463452,-167.4957724,2020-08-17T23:36:00Z,55.0380371,-167.4950763,265.54,40,176.42324788196274,7.0966684513461145,1277.4003212423002,78.28948086393238
1046,202001,2020,7,55.0486869,2020-07-26T01:57:01Z,55.0486869,-165.1430722,2020-07-26T02:19:00Z,55.0403703,-165.1428496,112.06,40,356.4339048134055,25.80775436210757,2580.775436210761,158.17090834205632
1046,202001,2020,9,55.0499336,2020-07-31T19:09:01Z,55.0499336,-166.3183318,2020-07-31T19:24:00Z,55.0582471,-166.3187708,139.48,40,349.12093167147225,23.945787609875893,2527.825531065653,154.92570750981176
1046,202001,2020,11,55.0546531,2020-08-17T22:02:01Z,55.0546531,-167.4964688,2020-08-17T22:43:00Z,55.0463451,-167.4957725,254.33,40,63.04053658839629,2.535821058356914,456.4477905042438,27.974832921063516
1046,202001,2020,7,55.0570034,2020-07-26T01:54:01Z,55.0570034,-165.143295,2020-07-26T01:57:00Z,55.0486868,-165.1430723,112.2,40,572.5193010330245,47.03320973493445,4145.351294894585,254.06084175734912
1046,202001,2020,9,55.0582472,2020-07-31T19:24:01Z,55.0582472,-166.3187707,2020-07-31T19:31:00Z,55.0665606,-166.3192099,139.20000000000002,40,500.8795344696469,33.71147030066216,3626.640399814538,222.2700193980837
1046,202001,2020,11,55.0629608,2020-08-17T21:25:00Z,55.0629608,-167.4971656,2020-08-17T22:02:00Z,55.054652999999995,-167.496469,247.21,40,77.83535740115656,3.1309463571241225,563.5703442823416,34.54017425114071
1046,202001,2020,7,55.0653197,2020-07-26T01:35:01Z,55.0653197,-165.1435179,2020-07-26T01:54:00Z,55.0570033,-165.1432951,112.27,40,81.30705254430188,5.887073063570707,588.7073063570692,36.08077172759422
1046,202001,2020,9,55.0665607,2020-07-31T19:31:01Z,55.0665607,-166.3192098,2020-07-31T19:49:00Z,55.074873999999994,-166.3196492,138.96,40,698.5095194105028,46.63706847352229,5057.589037714377,309.970189925033
1046,202001,2020,11,55.0712685,2020-08-17T20:49:01Z,55.0712685,-167.4978627,2020-08-17T21:24:00Z,55.0629607,-167.4971657,240.71,40,175.4989021488255,7.059486417338448,1270.7075551209186,77.87929372332083
1046,202001,2020,7,55.073636,2020-07-26T01:29:01Z,55.073636,-165.14374099999998,2020-07-26T01:35:00Z,55.0653196,-165.1435181,112.39,40,10.257386393324968,2.1696841496636274,74.26905938556482,4.551811994139564
1046,202001,2020,9,55.0748741,2020-07-31T19:49:01Z,55.0748741,-166.319649,2020-07-31T19:54:00Z,55.0831873,-166.3200886,138.8,40,629.0289457656938,44.33436023240711,4554.511874361393,279.1375297961382
1046,202001,2020,11,55.079575999999996,2020-08-17T19:44:01Z,55.079575999999996,-167.4985601,2020-08-17T20:49:00Z,55.0712684,-167.4978628,235.05,40,70.69791219036067,2.843840871544598,511.8913568780283,31.372865594507026
1046,202001,2020,7,55.0819522,2020-07-26T01:15:01Z,55.0819522,-165.1439641,2020-07-26T01:29:00Z,55.0736359,-165.1437411,112.43,40,21.682167749967793,1.8106391189782103,156.99069358233928,9.621666518039566
1046,202001,2020,9,55.0831874,2020-07-31T19:54:01Z,55.0831874,-166.3200885,2020-07-31T20:14:00Z,55.0915005,-166.3205283,138.61,40,281.0402585407441,19.6969417486566,2034.8844092370289,124.7142664426013
1046,202001,2020,5,55.0852005,2020-07-14T06:55:00Z,55.0852005,-163.9898823,2020-07-14T07:07:00Z,55.0935173,-163.9898282,35.480000000000004,40,0,0,0,0
1046,202001,2020,11,55.0878834,2020-08-17T18:54:01Z,55.0878834,-167.4992578,2020-08-17T19:44:00Z,55.0795759,-167.49856019999999,233.47,40,35.88222196890452,1.4433711864396404,259.806813559135,15.923074560272466
1046,202001,2020,7,55.0902682,2020-07-26T01:05:00Z,55.0902682,-165.1441873,2020-07-26T01:15:00Z,55.081951999999994,-165.1439642,112.53,40,199.87445107937722,19.852050576010484,1447.1997941436175,88.69617355325727
1046,202001,2020,9,55.0915006,2020-07-31T20:14:01Z,55.0915006,-166.3205281,2020-07-31T20:14:02Z,55.0998136,-166.3209681,138.4,40,152.868698873329,10.85688557579465,1106.8525684286958,67.83692749577436
1046,202001,2020,5,55.0935174,2020-07-14T07:07:01Z,55.0935174,-163.9898281,2020-07-14T07:24:00Z,55.1018342,-163.9897739,38.5,40,0,0,0,0
1046,202001,2020,11,55.0961908,2020-08-17T18:13:01Z,55.0961908,-167.4999558,2020-08-17T18:54:00Z,55.0878833,-167.4992579,220.49,40,49.880557598931446,2.00645767322415,361.16238118034596,22.13496807538977
1046,202001,2020,7,55.0985842,2020-07-26T00:56:01Z,55.0985842,-165.1444106,2020-07-26T01:04:00Z,55.0902681,-165.1441874,112.5,40,402.26852768217265,37.0341740061671,2912.6430482147957,178.51045470609742
1046,202001,2020,9,55.0998137,2020-07-31T20:15:00Z,55.0998137,-166.320968,2020-07-31T20:39:00Z,55.1081266,-166.3214081,138.16,40,171.72230386197162,12.544988650288241,1243.3629283625569,76.20339259997667
1046,202001,2020,5,55.1018343,2020-07-14T07:24:01Z,55.1018343,-163.9897738,2020-07-14T07:33:00Z,55.1101509,-163.9897196,37.800000000000004,40,0,0,0,0
1046,202001,2020,11,55.104498,2020-08-17T17:43:01Z,55.104498,-167.5006541,2020-08-17T18:13:00Z,55.0961907,-167.4999559,215.69,40,58.54934836728307,2.3551619097442758,423.92914375396924,25.9818257719807
1046,202001,2020,7,55.1069,2020-07-26T00:46:01Z,55.1069,-165.144634,2020-07-26T00:56:00Z,55.0985841,-165.1444107,112.53,40,588.5989487330081,44.30884151207893,4261.776694517454,261.19633714143197
1046,202001,2020,9,55.1081267,2020-07-31T20:39:01Z,55.1081267,-166.321408,2020-07-31T20:39:02Z,55.1164395,-166.3218483,137.83,40,143.36356821180237,10.884019068431106,1038.0302499063218,63.61893608042162
1046,202001,2020,5,55.110150999999995,2020-07-14T07:33:01Z,55.110150999999995,-163.9897195,2020-07-14T07:49:00Z,55.1184675,-163.9896653,36.95,40,0,0,0,0
1046,202001,2020,11,55.1128051,2020-08-17T17:15:00Z,55.1128051,-167.5013527,2020-08-17T17:43:00Z,55.1044979,-167.5006542,211.74,40,130.73853488527155,5.258989657169657,946.6181382905372,58.0164584200781
1046,202001,2020,7,55.1152157,2020-07-26T00:40:00Z,55.1152157,-165.1448575,2020-07-26T00:46:00Z,55.1068999,-165.1446341,112.48,40,1185.80488478082,92.49369775334783,8585.872660972442,526.2121061138052
1046,202001,2020,9,55.1164396,2020-07-31T20:40:00Z,55.1164396,-166.3218482,2020-07-31T20:49:00Z,55.1247523,-166.3222888,137.54,40,177.5176549827554,16.04643227785264,1285.324424210055,78.77513434103074
1046,202001,2020,5,55.1184676,2020-07-14T07:49:01Z,55.1184676,-163.9896652,2020-07-14T07:58:00Z,55.1267841,-163.989611,37.09,40,0,0,0,0
1046,202001,2020,11,55.1211121,2020-08-17T16:35:01Z,55.1211121,-167.5020516,2020-08-17T17:14:00Z,55.112804999999994,-167.5013528,205.93,40,193.9288156094576,7.800834210145276,1404.1501578261496,86.05774171428769
1046,202001,2020,7,55.1235314,2020-07-26T00:39:01Z,55.1235314,-165.1450811,2020-07-26T00:39:02Z,55.1152156,-165.1448576,112.37,40,824.427929113789,73.9179951406579,5969.30684665594,365.8476723160037
1046,202001,2020,9,55.1247524,2020-07-31T20:49:01Z,55.1247524,-166.3222886,2020-07-31T21:00:00Z,55.133064999999995,-166.3227294,137.29,40,320.22475053746416,27.44740552838842,2318.6014548375933,142.10275448581325
1046,202001,2020,5,55.1267842,2020-07-14T07:58:01Z,55.1267842,-163.9896108,2020-07-14T08:14:00Z,55.1351005,-163.9895566,38.2,40,0,0,0,0
1046,202001,2020,11,55.129419,2020-08-17T06:49:01Z,55.129419,-167.5027508,2020-08-17T16:35:00Z,55.121112,-167.5020517,198.5,40,36.19626210691224,1.456003528076084,262.0806350536947,16.062432834594183
1046,202001,2020,7,55.1318469,2020-07-26T00:19:01Z,55.1318469,-165.1453048,2020-07-26T00:39:00Z,55.1235313,-165.1450812,112.28,40,579.5108555205743,54.54553026711228,4195.973954071308,257.1634100290113
1046,202001,2020,9,55.1330651,2020-07-31T21:00:01Z,55.1330651,-166.3227292,2020-07-31T21:10:00Z,55.1413775,-166.3231702,137.09,40,243.31961081449924,21.552695654176244,1761.766392754241,107.97537310630587
1046,202001,2020,5,55.1351006,2020-07-14T08:14:01Z,55.1351006,-163.9895565,2020-07-14T15:17:00Z,55.1434168,-163.9895022,41.03,40,0,0,0,0
1046,202001,2020,11,55.1377258,2020-08-17T02:45:01Z,55.1377258,-167.5034504,2020-08-17T06:49:00Z,55.1294189,-167.502751,193.35,40,7.871760078499349,0.3166434813796639,56.99582664833953,3.493167807699956
1046,202001,2020,7,55.1401624,2020-07-26T00:14:03Z,55.1401624,-165.1455286,2020-07-26T00:19:00Z,55.1318468,-165.1453049,112.17,40,425.0230609852245,36.60147641793708,3077.3982519648384,188.6079935564698
1046,202001,2020,9,55.1413776,2020-07-31T21:10:01Z,55.1413776,-166.32317,2020-07-31T21:29:00Z,55.14969,-166.3236112,136.8,40,263.2334630389104,21.30143468590592,1905.9535196438555,116.81233292519155
1046,202001,2020,5,55.1434169,2020-07-14T15:17:01Z,55.1434169,-163.9895021,2020-07-14T15:32:00Z,55.1517331,-163.9894478,41.24,40,0,0,0,0
1046,202001,2020,11,55.1460325,2020-08-17T01:52:01Z,55.1460325,-167.5041502,2020-08-17T02:45:00Z,55.1377257,-167.5034505,188.37,40,6.2359137154435915,0.2508411598867833,45.15140877962103,2.7672455492996746
1046,202001,2020,7,55.1484777,2020-07-26T00:14:01Z,55.1484777,-165.1457525,2020-07-26T00:14:02Z,55.1401623,-165.1455287,112.09,40,493.75648746853955,42.72255206325015,3575.0656632836344,219.10910008285154
1046,202001,2020,9,55.1496901,2020-07-31T21:29:01Z,55.1496901,-166.323611,2020-07-31T21:29:02Z,55.1580024,-166.3240523,136.67000000000002,40,315.6612087499908,24.308472739813478,2285.558928893272,140.07763975897637
1046,202001,2020,5,55.1517332,2020-07-14T15:32:01Z,55.1517332,-163.9894477,2020-07-14T15:44:00Z,55.1600492,-163.9893934,40.75,40,0,0,0,0
1046,202001,2020,11,55.1543391,2020-08-17T01:05:01Z,55.1543391,-167.5048503,2020-08-17T01:52:00Z,55.1460324,-167.5041503,182.07,40,3.8520726887983834,0.1549505694463659,27.891102500345845,1.7093936013349542
1046,202001,2020,7,55.156793,2020-07-25T23:56:01Z,55.156793,-165.1459765,2020-07-26T00:14:00Z,55.1484776,-165.1457526,111.97,40,460.16041249177215,41.58567736787191,3331.8117980304787,204.20052482095275
1046,202001,2020,9,55.1580025,2020-07-31T21:30:00Z,55.1580025,-166.3240522,2020-07-31T21:40:00Z,55.1663147,-166.3244937,136.43,40,432.9407673962886,33.64559553005958,3134.7267550641714,192.1215504827654
1046,202001,2020,5,55.1600493,2020-07-14T15:44:01Z,55.1600493,-163.9893932,2020-07-14T15:54:00Z,55.1683652,-163.9893389,40.4,40,0,0,0,0
1046,202001,2020,11,55.1626456,2020-08-17T00:16:01Z,55.1626456,-167.5055508,2020-08-17T01:05:00Z,55.154339,-167.5048505,177.3,40,12.117622473465214,0.5993672729759226,87.73818091510114,5.3773093066931565
1046,202001,2020,7,55.1651081,2020-07-25T23:49:03Z,55.1651081,-165.1462006,2020-07-25T23:56:00Z,55.1567929,-165.1459766,111.87,40,425.29096748266727,45.17915994263869,3079.3380407965533,188.72687959250345
1046,202001,2020,9,55.1663148,2020-07-31T21:40:01Z,55.1663148,-166.3244936,2020-07-31T21:54:00Z,55.1746268,-166.3249353,136.17000000000002,40,700.695084661114,51.44343323022747,5073.41371947681,310.9400551265799
1046,202001,2020,5,55.1683653,2020-07-14T15:54:01Z,55.1683653,-163.9893388,2020-07-14T16:04:00Z,55.1766811,-163.9892844,42.06,40,2.4185473113294695,3.4624125517003788,17.511598666968123,1.073253189259544
1046,202001,2020,11,55.170952,2020-08-16T23:20:00Z,55.170952,-167.5062515,2020-08-17T00:16:00Z,55.162645499999996,-167.5055509,174.08,40,11.568545839053364,0.6106622157033804,83.76256728365043,5.13365136943888
1046,202001,2020,7,55.1734231,2020-07-25T23:49:01Z,55.1734231,-165.1464248,2020-07-25T23:49:02Z,55.165108,-165.1462007,111.73,40,630.3984862867819,58.45672788860201,4564.428093015085,279.7452763244747
1046,202001,2020,9,55.1746269,2020-07-31T21:54:01Z,55.1746269,-166.3249352,2020-07-31T22:00:00Z,55.1829389,-166.325377,135.91,40,536.3272764216293,40.11741714992378,3883.3013416144076,238.00028935137288
1046,202001,2020,5,55.1766812,2020-07-14T16:05:00Z,55.1766812,-163.9892843,2020-07-14T16:17:00Z,55.184996999999996,-163.9892299,46.61,40,1.923494263552,1.7139802214641318,13.92714520148143,0.8535687283060956
1046,202001,2020,11,55.1792583,2020-08-16T22:55:00Z,55.1792583,-167.5069526,2020-08-16T23:19:00Z,55.1709519,-167.5062516,170.34,40,7.666093683310972,0.9288725125362648,55.50669002696777,3.40190140429927
1046,202001,2020,7,55.1817381,2020-07-25T23:31:01Z,55.1817381,-165.1466491,2020-07-25T23:49:00Z,55.173423,-165.1464249,111.75,40,275.4451749954313,27.70300468259726,1994.3729596182006,122.23139532775852
1046,202001,2020,9,55.182939,2020-07-31T22:00:01Z,55.182939,-166.3253769,2020-07-31T22:19:00Z,55.1912509,-166.325819,135.58,40,499.8417478453796,39.684782617299696,3619.1262599087418,221.80949179167786
1046,202001,2020,5,55.1849971,2020-07-14T16:17:01Z,55.1849971,-163.9892298,2020-07-14T16:27:00Z,55.1933127,-163.9891754,49.660000000000004,40,0,0,0,0
1046,202001,2020,11,55.1875644,2020-08-16T22:29:01Z,55.1875644,-167.5076539,2020-08-16T22:54:00Z,55.1792582,-167.5069527,167.31,40,44.67526349732328,7.533956113248307,323.4732192508272,19.82506970399346
1046,202001,2020,7,55.1900529,2020-07-25T23:26:00Z,55.1900529,-165.1468735,2020-07-25T23:31:00Z,55.181737999999996,-165.1466492,111.64,40,348.3851482960571,30.317395932793794,2522.4980590266564,154.59919669459248
1046,202001,2020,9,55.191250999999994,2020-07-31T22:19:01Z,55.191250999999994,-166.3258189,2020-07-31T22:19:02Z,55.1995628,-166.3262612,135.31,40,478.632092724735,38.67705427142049,3465.556814896162,212.39750721122576
1046,202001,2020,5,55.1933128,2020-07-14T16:27:01Z,55.1933128,-163.9891753,2020-07-14T16:37:00Z,55.2016283,-163.9891208,50.300000000000004,40,0,0,0,0
1046,202001,2020,11,55.1958705,2020-08-16T22:00:01Z,55.1958705,-167.5083556,2020-08-16T22:29:00Z,55.1875643,-167.5076541,166.06,40,10.120877052798667,0.5619832831950817,73.28065747405743,4.491234686266668
1046,202001,2020,7,55.1983676,2020-07-25T23:24:01Z,55.1983676,-165.1470979,2020-07-25T23:24:02Z,55.1900528,-165.1468736,111.55,40,302.92961976578255,33.5515400431131,2193.3752963300985,134.42787702014786
1046,202001,2020,9,55.1995629,2020-07-31T22:20:00Z,55.1995629,-166.326261,2020-07-31T22:30:00Z,55.2078745,-166.3267035,135.11,40,266.41467678325523,21.569676615471835,1928.9872383161553,118.22402654013169
1046,202001,2020,5,55.2016284,2020-07-14T16:37:01Z,55.2016284,-163.9891207,2020-07-14T16:59:00Z,55.2099438,-163.9890663,51.64,40,0,0,0,0
1046,202001,2020,11,55.2041765,2020-08-16T20:34:01Z,55.2041765,-167.5090576,2020-08-16T22:00:00Z,55.1958704,-167.5083557,165.09,40,5.6677786448909755,1.407317117965185,41.037801699229405,2.515130251184786
1046,202001,2020,7,55.2066823,2020-07-25T23:06:01Z,55.2066823,-165.1473225,2020-07-25T23:24:00Z,55.1983675,-165.1470981,111.51,40,311.7639326796658,26.486067328305527,2257.3405293117507,138.348186730579
1046,202001,2020,9,55.2078746,2020-07-31T22:30:01Z,55.2078746,-166.3267034,2020-07-31T22:44:00Z,55.2161862,-166.327146,135.23,40,286.045708712611,22.139739251051765,2071.1265923635005,126.93548218457607
1046,202001,2020,5,55.2099439,2020-07-14T16:59:01Z,55.2099439,-163.9890661,2020-07-14T16:59:02Z,55.2182593,-163.9890117,52.51,40,0.1737199524755178,0.031445674785288785,1.2578269914115514,0.07708986802076545
1046,202001,2020,11,55.2124823,2020-08-16T20:06:01Z,55.2124823,-167.5097599,2020-08-16T20:34:00Z,55.2041764,-167.5090577,163.69,40,2.267536423554438,0.6966235897057838,16.418197661880786,1.00624068296775
1046,202001,2020,7,55.2149968,2020-07-25T23:01:00Z,55.2149968,-165.1475472,2020-07-25T23:06:00Z,55.2066822,-165.1473227,111.48,40,562.5210548693688,60.57914270263158,4072.958551791599,249.62402568520585
1046,202001,2020,9,55.2161863,2020-07-31T22:44:01Z,55.2161863,-166.3271459,2020-07-31T22:50:00Z,55.2244977,-166.3275888,134.94,40,249.91993716132174,18.95087150315768,1809.5563472922966,110.90433019914319
1046,202001,2020,5,55.2182594,2020-07-14T17:00:00Z,55.2182594,-163.9890115,2020-07-14T17:10:00Z,55.2265746,-163.988957,55.07,40,0.4052573296045942,0.07335709001472711,2.9342836005890796,0.17983676375958488
1046,202001,2020,11,55.2207881,2020-08-16T19:46:01Z,55.2207881,-167.5104624,2020-08-16T20:06:00Z,55.2124822,-167.50976,161.48,40,28.163929423022335,13.431516929046701,203.92217536140484,12.498009418192325
1046,202001,2020,7,55.2233112,2020-07-25T22:59:01Z,55.2233112,-165.147772,2020-07-25T22:59:02Z,55.2149967,-165.1475473,111.45,40,481.0014295841878,55.5175184696971,3482.7121031120396,213.44892279814687
1046,202001,2020,9,55.2244978,2020-07-31T22:50:01Z,55.2244978,-166.3275886,2020-07-31T23:09:00Z,55.2328092,-166.3280317,134.65,40,226.7717157105302,17.977777419306683,1641.9506271141217,100.63208851862316
1046,202001,2020,5,55.2265747,2020-07-14T17:10:01Z,55.2265747,-163.9889569,2020-07-14T17:24:00Z,55.2348898,-163.9889024,57.410000000000004,40,0.37879455316332333,0.08388744710508417,2.7426786985545184,0.1680936570280303
1046,202001,2020,11,55.2290938,2020-08-16T19:34:01Z,55.2290938,-167.5111653,2020-08-16T19:46:00Z,55.220788,-167.5104626,160.15,40,14.843283433375328,0.7676674965992669,107.47344952389737,6.586847075237249
1046,202001,2020,7,55.2316256,2020-07-25T22:40:01Z,55.2316256,-165.1479969,2020-07-25T22:59:00Z,55.2233111,-165.1477721,111.45,40,245.0628379044336,32.392895532930815,1774.3883055203537,108.74894657543402
1046,202001,2020,9,55.2328093,2020-07-31T23:09:01Z,55.2328093,-166.3280316,2020-07-31T23:09:02Z,55.2411206,-166.3284748,134.19,40,168.2953425699277,13.865027726035299,1218.549863713216,74.68264619202928
1046,202001,2020,5,55.2348899,2020-07-14T17:25:00Z,55.2348899,-163.9889022,2020-07-14T17:35:00Z,55.243204999999996,-163.9888477,56.88,40,2.567685730682028,0.6152545610251147,18.5914419817108,1.139434770021458
1046,202001,2020,11,55.2373993,2020-08-16T19:10:00Z,55.2373993,-167.5118686,2020-08-16T19:34:00Z,55.2290937,-167.5111655,158.53,40,13.23458954066768,0.6844687879744208,95.8256303164188,5.8729739817471875
1046,202001,2020,7,55.2399398,2020-07-25T22:34:01Z,55.2399398,-165.1482218,2020-07-25T22:40:00Z,55.2316255,-165.147997,111.41,40,381.37540555588123,43.048692623902326,2761.3654743332872,169.23893462849136
1046,202001,2020,9,55.2411207,2020-07-31T23:11:00Z,55.2411207,-166.3284747,2020-07-31T23:18:00Z,55.2494318,-166.3289181,133.75,40,275.77797201528136,23.0730186735682,1996.7825911444804,122.37907714537569
1046,202001,2020,5,55.2432051,2020-07-14T17:35:01Z,55.2432051,-163.9888476,2020-07-14T17:49:00Z,55.25152,-163.988793,56.57,40,4.792458759850312,1.156666979903758,34.70000939711278,2.1266987932424635
1046,202001,2020,11,55.2457048,2020-08-16T18:53:01Z,55.2457048,-167.5125721,2020-08-16T19:09:00Z,55.2373992,-167.5118687,157.19,40,4.475070055913,0.239049632519019,32.401942462989354,1.9858545611945795
1046,202001,2020,7,55.2482539,2020-07-25T22:23:01Z,55.2482539,-165.1484469,2020-07-25T22:34:00Z,55.2399397,-165.148222,111.39,40,592.1466516735352,76.20211684974387,4287.463994407396,262.7706637951343
1046,202001,2020,9,55.2494319,2020-07-31T23:18:01Z,55.2494319,-166.328918,2020-07-31T23:34:00Z,55.257743,-166.3293616,133.67000000000002,40,359.40791807049186,30.14369510672939,2602.3089106002744,159.49065478576495
1046,202001,2020,5,55.2515201,2020-07-14T17:49:01Z,55.2515201,-163.9887929,2020-07-14T17:58:00Z,55.2598349,-163.9887383,56.83,40,4.814548432630434,1.149801198905042,34.85995064887084,2.136501293962589
1046,202001,2020,11,55.2540101,2020-08-16T18:44:01Z,55.2540101,-167.5132759,2020-08-16T18:53:00Z,55.2457047,-167.5125722,156.17000000000002,40,0,0,0,0
1046,202001,2020,7,55.256567999999994,2020-07-25T22:13:01Z,55.256567999999994,-165.1486721,2020-07-25T22:23:00Z,55.2482538,-165.1484471,111.38,40,589.5420294976083,84.63987792649614,4268.605112461918,261.61483812902685
1046,202001,2020,9,55.2577431,2020-07-31T23:34:01Z,55.2577431,-166.3293615,2020-07-31T23:38:00Z,55.266054,-166.3298053,133.4,40,181.85544222873577,15.513530902630652,1316.7323644221258,80.70006836000539
1046,202001,2020,5,55.259834999999995,2020-07-14T17:58:01Z,55.259834999999995,-163.9887381,2020-07-14T18:14:00Z,55.2681497,-163.9886835,61.35,40,10.620286825596105,1.862690046941576,76.89665599954552,4.712852485054984
1046,202001,2020,11,55.2623153,2020-08-16T18:20:00Z,55.2623153,-167.51398,2020-08-16T18:44:00Z,55.25401,-167.513276,155.21,40,0.19446323094243906,0.010057282968977222,1.4080196156568097,0.08629489356069761
1046,202001,2020,7,55.2648819,2020-07-25T22:09:01Z,55.2648819,-165.1488974,2020-07-25T22:13:00Z,55.2565679,-165.1486722,111.38,40,708.1408043240378,102.27885328108766,5127.324781672322,314.24416348002484
1046,202001,2020,9,55.2660541,2020-07-31T23:38:01Z,55.2660541,-166.3298052,2020-07-31T23:59:00Z,55.274364999999996,-166.3302492,133.45,40,305.54222033506926,24.829437924869453,2212.2919461852102,135.58724317358767
1046,202001,2020,5,55.2681498,2020-07-14T18:14:01Z,55.2681498,-163.9886834,2020-07-14T18:21:00Z,55.2764645,-163.9886288,67.05,40,515.1630382230643,81.83156899429005,3730.0607398328125,228.60845895861848
1046,202001,2020,11,55.2706205,2020-08-16T18:00:01Z,55.2706205,-167.5146845,2020-08-16T18:19:00Z,55.2623152,-167.5139801,153.98,40,0,0,0,0
1046,202001,2020,7,55.2731957,2020-07-25T21:52:01Z,55.2731957,-165.1491227,2020-07-25T22:09:00Z,55.2648818,-165.1488975,111.39,40,703.52845745245,101.75056421942641,5093.928880360103,312.1973910366188
1046,202001,2020,9,55.2743651,2020-07-31T23:59:01Z,55.2743651,-166.3302491,2020-07-31T23:59:02Z,55.2826758,-166.3306933,133.36,40,271.66476916987546,20.322873667101614,1967.0007642076378,120.5538045731899
1046,202001,2020,5,55.2764646,2020-07-14T18:21:01Z,55.2764646,-163.9886286,2020-07-14T18:39:00Z,55.2847791,-163.988574,69.53,40,365.760673732935,71.80528625665394,2648.3063186596028,162.3097500514911
1046,202001,2020,11,55.2789255,2020-08-16T17:54:01Z,55.2789255,-167.5153892,2020-08-16T18:00:00Z,55.2706204,-167.5146846,152.81,40,0,0,0,0
1046,202001,2020,7,55.2815095,2020-07-25T21:45:00Z,55.2815095,-165.1493482,2020-07-25T21:52:00Z,55.2731956,-165.1491229,111.33,40,1133.7934666658773,164.13218817173228,8209.281690077567,503.131548579006
1046,202001,2020,9,55.2826759,2020-08-01T00:01:00Z,55.2826759,-166.3306932,2020-08-01T00:09:00Z,55.2909866,-166.3311376,133,40,361.72151511904855,28.222038481863535,2619.060612252592,160.51733530567583
1046,202001,2020,5,55.2847792,2020-07-14T18:39:01Z,55.2847792,-163.9885738,2020-07-14T18:43:00Z,55.2930936,-163.9885191,70.68,40,5056.0114703792815,1220.6930225210242,36608.2744423138,2243.652795253582
1046,202001,2020,11,55.2872304,2020-08-16T17:30:00Z,55.2872304,-167.5160943,2020-08-16T17:54:00Z,55.2789254,-167.5153893,152.09,40,0,0,0,0
1046,202001,2020,7,55.2898231,2020-07-25T21:30:01Z,55.2898231,-165.1495738,2020-07-25T21:44:00Z,55.2815094,-165.1493483,111.33,40,675.7668531852851,97.69262144888008,4892.919758065718,299.87791720241967
1046,202001,2020,9,55.2909867,2020-08-01T00:09:01Z,55.2909867,-166.3311375,2020-08-01T00:24:00Z,55.2992973,-166.3315821,132.88,40,271.2499548113913,20.85774667636279,1963.9972825171858,120.36972678769104
1046,202001,2020,5,55.2930937,2020-07-14T18:43:01Z,55.2930937,-163.988519,2020-07-14T19:04:00Z,55.3014081,-163.9884643,71.47,40,266.19378146532756,63.23171156045077,1927.387836006826,118.12600215857509
1046,202001,2020,11,55.2955353,2020-08-16T17:12:01Z,55.2955353,-167.5167996,2020-08-16T17:29:00Z,55.2872303,-167.5160944,150.85,40,0,0,0,0
1046,202001,2020,7,55.2981366,2020-07-25T21:17:01Z,55.2981366,-165.1497995,2020-07-25T21:30:00Z,55.289823,-165.1495739,111.38,40,585.5238662959526,84.67166732857022,4239.511424264811,259.83174029548826
1046,202001,2020,9,55.2992974,2020-08-01T00:24:01Z,55.2992974,-166.331582,2020-08-01T00:29:00Z,55.3076078,-166.3320268,132.76,40,231.90490055617235,17.7747620338895,1679.1176787897969,102.90998772730798
1046,202001,2020,5,55.3014082,2020-07-14T19:04:01Z,55.3014082,-163.9884642,2020-07-14T19:04:02Z,55.3097224,-163.9884094,72.31,40,45.76365685184189,8.91870267240025,331.3537794229778,20.308054524440855
1046,202001,2020,11,55.30384,2020-08-16T17:00:01Z,55.30384,-167.5175053,2020-08-16T17:12:00Z,55.2955352,-167.5167997,149.96,40,2.07644409303154,0.19456350246816148,15.034585199649015,0.9214416582738726
1046,202001,2020,7,55.3064501,2020-07-25T21:02:01Z,55.3064501,-165.1500252,2020-07-25T21:17:00Z,55.2981365,-165.1497996,111.38,40,611.2235174841945,88.29231365849522,4425.590884187459,271.23620299565204
1046,202001,2020,9,55.3076079,2020-08-01T00:29:01Z,55.3076079,-166.3320267,2020-08-01T00:49:00Z,55.3159183,-166.3324717,132.64000000000001,40,234.9604312511979,19.35780119498344,1701.2413837904144,104.26590830324822
1046,202001,2020,5,55.3097225,2020-07-14T19:06:00Z,55.3097225,-163.9884093,2020-07-14T19:11:00Z,55.3180366,-163.9883545,74.52,40,2.8580880535823905,0.3574763706694642,20.6941128315901,1.2683035408580587
1046,202001,2020,11,55.3121446,2020-08-16T16:47:01Z,55.3121446,-167.5182113,2020-08-16T17:00:00Z,55.3038399,-167.5175054,149.21,40,18.657068167874787,1.7932683260656264,135.0873263994555,8.279250035591541
1046,202001,2020,7,55.3147634,2020-07-25T20:54:01Z,55.3147634,-165.1502511,2020-07-25T21:02:00Z,55.30645,-165.1500254,111.34,40,410.52664330483236,59.12373587068695,2972.436299251073,182.175071431921
1046,202001,2020,9,55.3159184,2020-08-01T00:49:01Z,55.3159184,-166.3324715,2020-08-01T00:51:00Z,55.3242286,-166.3329167,132.44,40,203.76098244503333,16.06472555666311,1475.3403962162483,90.42085851757776
1046,202001,2020,5,55.3180367,2020-07-14T19:11:01Z,55.3180367,-163.9883544,2020-07-14T19:29:00Z,55.3263508,-163.9882996,74.97,40,3.1089957301029867,0.43111910424374267,22.51082094935476,1.379646189717553
1046,202001,2020,11,55.3204491,2020-08-16T16:29:01Z,55.3204491,-167.5189176,2020-08-16T16:47:00Z,55.3121445,-167.5182114,148.4,40,25.4450029106358,1.7026956459796923,184.23566781745288,11.291460124278736
1046,202001,2020,7,55.3230766,2020-07-25T20:30:00Z,55.3230766,-165.1504771,2020-07-25T20:54:00Z,55.3147633,-165.1502512,111.34,40,485.6869151607424,69.70281891772039,3516.6375684490763,215.5281512319717
1046,202001,2020,9,55.3242287,2020-08-01T00:51:01Z,55.3242287,-166.3329166,2020-08-01T01:05:00Z,55.3325389,-166.333362,132.31,40,189.56499614040328,16.330667355113825,1372.5537301527236,84.12125565070065
1046,202001,2020,5,55.3263509,2020-07-14T19:29:01Z,55.3263509,-163.9882995,2020-07-14T19:34:00Z,55.3346648,-163.9882447,73.4,40,40.786727559360905,5.748713774933091,295.3181029838445,18.099495191798212
1046,202001,2020,11,55.3287536,2020-08-16T16:17:01Z,55.3287536,-167.5196242,2020-08-16T16:29:00Z,55.320448999999996,-167.5189177,147.77,40,22.72322018291043,3.5607620239571594,164.52847972014322,10.083643357859131
1046,202001,2020,7,55.3313898,2020-07-25T20:17:01Z,55.3313898,-165.1507031,2020-07-25T20:29:00Z,55.3230765,-165.1504772,111.36,40,511.1722214204271,72.68101089113667,3701.165054446051,226.83749634766733
1046,202001,2020,9,55.332539,2020-08-01T01:05:01Z,55.332539,-166.3333619,2020-08-01T01:17:00Z,55.340849,-166.3338074,132.13,40,272.0762222761479,26.11049430868058,1969.9799086029402,120.73639077130521
1046,202001,2020,5,55.3346649,2020-07-14T19:34:01Z,55.3346649,-163.9882445,2020-07-14T19:54:00Z,55.3429788,-163.9881897,72.78,40,119.55783415898678,18.760707130449333,865.6637806821465,53.05491697888735
1046,202001,2020,11,55.3370579,2020-08-16T06:32:01Z,55.3370579,-167.5203311,2020-08-16T16:17:00Z,55.3287534,-167.5196243,147.39000000000001,40,13.335943904974178,1.4349234154336405,96.55949106934551,5.9179509372228
1046,202001,2020,7,55.3397028,2020-07-25T20:04:01Z,55.3397028,-165.1509293,2020-07-25T20:17:00Z,55.3313897,-165.1507033,111.32000000000001,40,722.971429209297,101.80869152201755,5234.7065764192885,320.8253932050976
1046,202001,2020,9,55.3408491,2020-08-01T01:17:01Z,55.3408491,-166.3338073,2020-08-01T01:39:00Z,55.3491591,-166.3342531,131.87,40,178.58651769557835,18.60150362982057,1293.0635719080808,79.24945225494709
1046,202001,2020,5,55.3429789,2020-07-14T19:54:01Z,55.3429789,-163.9881896,2020-07-14T19:54:02Z,55.3512926,-163.9881347,73.4,40,47.89802703126445,8.050106752799918,346.80778101050396,21.25520143010404
1046,202001,2020,11,55.3453621,2020-08-16T05:50:00Z,55.3453621,-167.5210383,2020-08-16T06:32:00Z,55.3370578,-167.5203312,146.85,40,42.85197439654087,7.651794275693526,310.2716139577689,19.015967962137843
1046,202001,2020,7,55.3480158,2020-07-25T19:40:00Z,55.3480158,-165.1511556,2020-07-25T20:04:00Z,55.3397027,-165.1509294,111.27,40,380.0014530988471,52.61564506988197,2751.417310862443,168.62923026195065
1046,202001,2020,9,55.3491592,2020-08-01T01:39:01Z,55.3491592,-166.334253,2020-08-01T01:42:00Z,55.357468999999995,-166.334699,131.74,40,309.12725530502786,35.04640212285992,2238.249550283702,137.17813626759127
1046,202001,2020,5,55.3512927,2020-07-14T19:56:00Z,55.3512927,-163.9881346,2020-07-14T20:04:00Z,55.3596063,-163.9880797,74.59,40,51.294870929058476,8.632186126255725,371.40277933609394,22.76258296018469
1046,202001,2020,11,55.3536662,2020-08-16T05:00:00Z,55.3536662,-167.5217459,2020-08-16T05:49:00Z,55.345361999999994,-167.5210384,146,40,19.30388644501567,2.457162877816704,139.77064271362946,8.56628174903411
1046,202001,2020,7,55.3563286,2020-07-25T19:24:01Z,55.3563286,-165.1513819,2020-07-25T19:39:00Z,55.3480157,-165.1511557,111.18,40,216.50642448510146,29.77117867159333,1567.6243324424481,96.07676868065263
1046,202001,2020,9,55.3574691,2020-08-01T01:42:01Z,55.3574691,-166.3346988,2020-08-01T02:04:00Z,55.3657789,-166.335145,131.51,40,286.7700732482805,33.95603331238657,2076.371385788797,127.25692578191736
1046,202001,2020,5,55.3596064,2020-07-14T20:04:01Z,55.3596064,-163.9880796,2020-07-14T20:19:00Z,55.36792,-163.9880247,76,40,4.397489996551427,0.6792432191978752,31.840220615442515,1.9514276778573325
1046,202001,2020,11,55.3619702,2020-08-16T04:18:01Z,55.3619702,-167.5224537,2020-08-16T04:59:00Z,55.3536661,-167.521746,145.09,40,47.27018053592925,4.562532197421995,342.261830720729,20.976588623843277
1046,202001,2020,7,55.364641399999996,2020-07-25T19:14:01Z,55.364641399999996,-165.1516084,2020-07-25T19:24:00Z,55.3563285,-165.1513821,111.14,40,274.5774946353549,37.541194630656214,1988.090481634127,121.84635398110075
1046,202001,2020,9,55.365778999999996,2020-08-01T02:04:01Z,55.365778999999996,-166.3351449,2020-08-01T02:08:00Z,55.3740886,-166.3355912,131.36,40,259.4690007769749,30.76764554277417,1878.696764310124,115.14181727741267
1046,202001,2020,5,55.3679201,2020-07-14T20:19:01Z,55.3679201,-163.9880245,2020-07-14T20:29:00Z,55.3762335,-163.9879696,81.96000000000001,40,85.73556054657176,7.759651427667395,620.7721142133925,38.045963938155055
1046,202001,2020,11,55.3702741,2020-08-16T03:25:01Z,55.3702741,-167.5231619,2020-08-16T04:18:00Z,55.3619701,-167.5224538,144.58,40,43.29805593298151,2.2596026350006992,313.5014870317007,19.21392085287189
1046,202001,2020,7,55.372954,2020-07-25T18:43:01Z,55.372954,-165.151835,2020-07-25T19:14:00Z,55.3646413,-165.1516085,111.29,40,337.74862360725723,44.36043179688374,2445.4838320611425,149.87913850453083
1046,202001,2020,9,55.3740887,2020-08-01T02:08:01Z,55.3740887,-166.3355911,2020-08-01T02:29:00Z,55.3823983,-166.3360377,131.12,40,129.6542498283187,15.445173010600751,938.7673244284296,57.535296695438774
1046,202001,2020,5,55.3762336,2020-07-14T20:29:01Z,55.3762336,-163.9879695,2020-07-14T20:44:00Z,55.384547,-163.9879145,87.22,40,191.31897911126362,32.92856669152298,1385.253521349911,84.89960214347528
1046,202001,2020,11,55.3785779,2020-08-16T00:24:01Z,55.3785779,-167.5238703,2020-08-16T03:25:00Z,55.370273999999995,-167.523162,143.84,40,80.17335107533715,5.241681171056552,580.4986907804116,35.57768100386313
1046,202001,2020,7,55.381266600000004,2020-07-25T16:22:01Z,55.381266600000004,-165.1520616,2020-07-25T18:43:00Z,55.3729539,-165.1518351,111.37,40,214.92522601835256,25.197374380212537,1556.175595081461,95.3750969418609
1046,202001,2020,9,55.3823984,2020-08-01T02:29:01Z,55.3823984,-166.3360376,2020-08-01T02:54:00Z,55.3907079,-166.3364843,130.95,40,77.75488786492667,9.369941913790102,562.9877010498632,34.5044651351799
1046,202001,2020,5,55.3845471,2020-07-14T20:44:01Z,55.3845471,-163.9879144,2020-07-14T20:52:00Z,55.3928603,-163.9878594,90.29,40,269.8016906501679,43.24774547162019,1953.5110618688266,119.72704590125889
1046,202001,2020,11,55.3868816,2020-08-15T23:00:01Z,55.3868816,-167.5245791,2020-08-16T00:24:00Z,55.3785778,-167.5238705,143.14000000000001,40,141.7289158313433,17.664069752636227,1026.1944771213487,62.89354366306427
1046,202001,2020,7,55.389579,2020-07-25T16:00:00Z,55.389579,-165.1522884,2020-07-25T16:22:00Z,55.3812665,-165.1520618,111.35000000000001,40,259.245007732306,27.70011014570257,1877.074932773458,115.04241825038653
1046,202001,2020,9,55.390708,2020-08-01T02:54:01Z,55.390708,-166.3364842,2020-08-01T03:03:00Z,55.3990173,-166.3369312,130.83,40,107.32533783348269,12.951564176097621,777.0938505658575,47.62663131647615
1046,202001,2020,5,55.3928605,2020-07-14T20:52:01Z,55.3928605,-163.9878593,2020-07-14T21:02:00Z,55.4011736,-163.9878043,90.63,40,366.1221276045512,58.854950986182814,2650.9234413872477,162.47014861746712
1046,202001,2020,11,55.3951852,2020-08-15T21:57:01Z,55.3951852,-167.5252882,2020-08-15T23:00:00Z,55.3868815,-167.5245792,142.27,40,122.09373066824949,16.901651177183382,884.0250514016196,54.18024498196134
1046,202001,2020,7,55.3978914,2020-07-25T08:03:01Z,55.3978914,-165.1525153,2020-07-25T15:59:00Z,55.3895789,-165.1522885,111.26,40,266.0886420002728,26.612312566085574,1926.6265690646937,118.07934552892867
1046,202001,2020,9,55.3990174,2020-08-01T03:03:01Z,55.3990174,-166.336931,2020-08-01T03:23:00Z,55.4073267,-166.3373782,130.76,40,122.5630084951836,14.734112022703348,887.4228782417566,54.38849144546713
1046,202001,2020,5,55.4011737,2020-07-14T21:02:01Z,55.4011737,-163.9878042,2020-07-14T21:12:00Z,55.4094868,-163.9877491,90.83,40,78.45966246442018,10.081140634872115,568.0906526767302,34.81721551350504
1046,202001,2020,11,55.4034887,2020-08-15T21:25:01Z,55.4034887,-167.5259976,2020-08-15T21:57:00Z,55.3951851,-167.5252883,141.31,40,344.39084927019644,20.779809670406536,2493.577160448789,152.82668881422993
1046,202001,2020,7,55.4062036,2020-07-25T04:14:01Z,55.4062036,-165.1527422,2020-07-25T08:03:00Z,55.3978913,-165.1525154,111.82000000000001,40,174.80917522050777,18.269189811889945,1265.7135568220551,77.5732208910601
1046,202001,2020,9,55.4073268,2020-08-01T03:23:01Z,55.4073268,-166.3373781,2020-08-01T03:44:00Z,55.4156359,-166.3378254,130.65,40,113.8095924524711,13.716367985561254,824.0433826301035,50.50408048490889
1046,202001,2020,5,55.4094869,2020-07-14T21:12:01Z,55.4094869,-163.987749,2020-07-14T21:25:00Z,55.4177998,-163.9876939,91.2,40,70.73936105639865,10.702942705893376,512.191469223922,31.391258919896224
1046,202001,2020,11,55.4117921,2020-08-15T21:04:01Z,55.4117921,-167.5267073,2020-08-15T21:25:00Z,55.4034886,-167.5259977,140.70000000000002,40,888.5019566811362,53.706268430089544,6433.237674256272,394.28112661033293
1046,202001,2020,7,55.4145158,2020-07-25T02:40:01Z,55.4145158,-165.1529693,2020-07-25T04:14:00Z,55.4062035,-165.1527423,110.91,40,473.4945091780373,66.69081824617042,3428.3579142311455,210.11765603744428
1046,202001,2020,9,55.415636,2020-08-01T03:45:00Z,55.415636,-166.3378253,2020-08-01T04:16:00Z,55.4239451,-166.3382728,130.46,40,164.0274378313606,19.743640176388922,1187.6479108837068,72.78872319508562
1046,202001,2020,5,55.4177999,2020-07-14T21:25:01Z,55.4177999,-163.9876938,2020-07-14T21:37:00Z,55.4261128,-163.9876387,91.65,40,117.12656366392554,20.448148562053223,848.0600592412169,51.97601775679906
1046,202001,2020,11,55.4200954,2020-08-15T20:39:01Z,55.4200954,-167.5274174,2020-08-15T21:04:00Z,55.411792,-167.5267075,140.19,40,430.64943666331067,26.93634638271466,3118.1362736535993,191.10475085048313
1046,202001,2020,7,55.4228278,2020-07-25T01:30:01Z,55.4228278,-165.1531964,2020-07-25T02:40:00Z,55.4145157,-165.1529694,110.05,40,1024.7128636468562,160.4647740846157,7419.478764382494,454.72600177489375
1046,202001,2020,9,55.4239452,2020-08-01T04:16:01Z,55.4239452,-166.3382727,2020-08-01T04:59:00Z,55.4322542,-166.3387205,130.25,40,215.3907469868013,25.56040381882212,1559.5462202217452,95.58167626396654
1046,202001,2020,5,55.4261129,2020-07-14T21:37:01Z,55.4261129,-163.9876386,2020-07-14T21:59:00Z,55.4344257,-163.9875835,92.01,40,652.9797828576704,113.06730805803905,4727.928968551737,289.76593974039906
1046,202001,2020,11,55.4283986,2020-08-15T20:14:01Z,55.4283986,-167.5281277,2020-08-15T20:39:00Z,55.4200953,-167.5274175,139.73,40,452.3730910694881,30.366083636174633,3275.4273532032403,200.74482746365715
1046,202001,2020,7,55.4311398,2020-07-25T01:02:01Z,55.4311398,-165.1534237,2020-07-25T01:30:00Z,55.4228277,-165.1531966,109.48,40,1100.2749570838414,188.12427103836703,7966.589440492057,488.2573936928765
1046,202001,2020,9,55.4322543,2020-08-01T04:59:01Z,55.4322543,-166.3387203,2020-08-01T05:39:00Z,55.4405631,-166.3391683,130.04,40,168.89678776410585,18.900457300090665,1222.9046542154679,74.9495431717959
1046,202001,2020,5,55.4344258,2020-07-14T21:59:01Z,55.4344258,-163.9875834,2020-07-14T21:59:02Z,55.4427384,-163.9875283,92.13,40,150.01883653338,26.616254943036648,1086.2180142401073,66.57227419295367
1046,202001,2020,11,55.4367017,2020-08-15T19:49:01Z,55.4367017,-167.5288384,2020-08-15T20:14:00Z,55.4283985,-167.5281278,139.52,40,531.7889899723782,35.83911392506838,3850.4416780623483,235.98638191916532
1046,202001,2020,7,55.4394517,2020-07-25T00:41:01Z,55.4394517,-165.1536511,2020-07-25T01:02:00Z,55.4311397,-165.1534238,109.23,40,1239.7838757991974,218.30030333837377,8976.709930408408,550.1657926892564
1046,202001,2020,9,55.4405632,2020-08-01T05:39:01Z,55.4405632,-166.3391682,2020-08-01T06:17:00Z,55.448871999999994,-166.3396163,129.85,40,151.49038211927564,15.900174381244975,1096.872805072455,67.22528643125267
1046,202001,2020,5,55.4427385,2020-07-14T22:00:00Z,55.4427385,-163.9875281,2020-07-14T22:24:00Z,55.4510511,-163.987473,92.17,40,398.91807900867417,72.0526801838291,2888.3839765606094,177.02366149455344
1046,202001,2020,11,55.4450047,2020-08-15T19:24:01Z,55.4450047,-167.5295493,2020-08-15T19:49:00Z,55.4367016,-167.5288385,139.27,40,223.78405574374918,14.990603587110227,1620.318343120108,99.30628621872596
1046,202001,2020,7,55.4477634,2020-07-25T00:29:01Z,55.4477634,-165.1538785,2020-07-25T00:41:00Z,55.4394516,-165.1536512,109.08,40,1405.3889695428738,254.60448249395216,10175.780928631204,623.6546155811786
1046,202001,2020,9,55.4488721,2020-08-01T06:17:01Z,55.4488721,-166.3396162,2020-08-01T07:04:00Z,55.4571808,-166.3400645,129.67000000000002,40,166.6963884184228,15.67046691652576,1206.9725655322493,73.97309520059586
1046,202001,2020,5,55.4510512,2020-07-14T22:24:01Z,55.4510512,-163.9874728,2020-07-14T22:24:02Z,55.4593637,-163.9874177,92.18,40,458.16302725888556,73.54721248376622,3317.3496420007864,203.31416627781672
1046,202001,2020,11,55.4533076,2020-08-15T18:59:01Z,55.4533076,-167.5302606,2020-08-15T19:24:00Z,55.4450046,-167.5295495,139.15,40,116.25640529699538,8.276632344343517,841.759639139032,51.58987677121903
1046,202001,2020,7,55.4560751,2020-07-25T00:05:00Z,55.4560751,-165.1541061,2020-07-25T00:29:00Z,55.4477633,-165.1538787,108.97,40,1365.7207566156396,254.16170086643004,9888.561480260889,606.0514718109714
1046,202001,2020,9,55.4571809,2020-08-01T07:04:01Z,55.4571809,-166.3400644,2020-08-01T15:57:00Z,55.4654894,-166.3405129,129.45,40,91.6700280761754,8.380873005153287,663.7408885655664,40.679439898235906
1046,202001,2020,5,55.4593638,2020-07-14T22:25:00Z,55.4593638,-163.9874175,2020-07-14T22:49:00Z,55.4676762,-163.9873623,92.23,40,436.95022343490103,71.39191616876833,3163.7573986625544,193.9007844305484
1046,202001,2020,11,55.4616104,2020-08-15T18:34:01Z,55.4616104,-167.5309722,2020-08-15T18:59:00Z,55.4533075,-167.5302607,139.29,40,207.6248237262869,14.62965885601774,1503.3167097302405,92.13547454285556
1046,202001,2020,7,55.4643867,2020-07-24T23:46:01Z,55.4643867,-165.1543338,2020-07-25T00:04:00Z,55.456075,-165.1541062,108.93,40,1274.0182919438985,239.0262301843916,9224.585733091975,565.3576378674024
1046,202001,2020,9,55.4654895,2020-08-01T15:57:01Z,55.4654895,-166.3405128,2020-08-01T16:39:00Z,55.473797999999995,-166.3409615,128.88,40,283.2185729212182,43.07791720316919,2050.656590753866,125.68091400211033
1046,202001,2020,5,55.4676763,2020-07-14T22:49:01Z,55.4676763,-163.9873622,2020-07-14T22:49:02Z,55.4759886,-163.987307,92.28,40,495.7041596528333,62.9733365163213,3589.167869788506,219.97339799161412
1046,202001,2020,11,55.4699131,2020-08-15T18:09:01Z,55.4699131,-167.5316841,2020-08-15T18:34:00Z,55.4616103,-167.5309723,139.04,40,233.21437982325693,17.656604675841756,1688.5990212801762,103.49108150748101
1046,202001,2020,7,55.4726982,2020-07-24T23:39:01Z,55.4726982,-165.1545615,2020-07-24T23:46:00Z,55.4643866,-165.1543339,108.89,40,483.08745073207064,91.58352413203876,3497.8160314004845,214.37461436487393
1046,202001,2020,9,55.4737981,2020-08-01T16:40:00Z,55.4737981,-166.3409614,2020-08-01T17:54:00Z,55.4821065,-166.3414103,128.57,40,485.7779220538967,85.6092730515191,3517.2965078799402,215.5685363994914
1046,202001,2020,5,55.4759887,2020-07-14T22:50:00Z,55.4759887,-163.9873069,2020-07-14T23:14:00Z,55.4843009,-163.9872516,92.43,40,867.1744002102807,99.22948745917604,6278.8145593082245,384.8168221932834
1046,202001,2020,11,55.4782157,2020-08-15T17:45:00Z,55.4782157,-167.5323963,2020-08-15T18:09:00Z,55.469913,-167.5316842,138.58,40,603.4539798874206,52.92328764115274,4369.335203934575,267.78839737872335
1046,202001,2020,7,55.4810096,2020-07-24T23:14:01Z,55.4810096,-165.1547894,2020-07-24T23:39:00Z,55.4726981,-165.1545617,108.83,40,271.29616855339566,52.006398766472905,1964.3318951580418,120.39023457174861
1046,202001,2020,9,55.4821066,2020-08-01T17:54:01Z,55.4821066,-166.3414102,2020-08-01T18:28:00Z,55.4904149,-166.3418593,128.3,40,428.21864258396425,76.638481959698,3100.536001721703,190.0260630423635
1046,202001,2020,5,55.484300999999995,2020-07-14T23:14:01Z,55.484300999999995,-163.9872515,2020-07-14T23:14:02Z,55.492613,-163.9871962,92.51,40,1213.1364922076198,116.950617041505,8783.768372145503,538.3407647929188
1046,202001,2020,11,55.4865182,2020-08-15T17:20:00Z,55.4865182,-167.5331089,2020-08-15T17:44:00Z,55.4782156,-167.5323965,137.87,40,652.6449628710462,63.05313802355007,4725.504689645149,289.61736021218854
1046,202001,2020,7,55.4893208,2020-07-24T22:50:00Z,55.4893208,-165.1550174,2020-07-24T23:14:00Z,55.4810094,-165.1547895,108.88,40,281.34917119721416,54.930830150432456,2037.1211049749659,124.85134934861105
1046,202001,2020,9,55.490415,2020-08-01T18:28:01Z,55.490415,-166.3418592,2020-08-01T19:09:00Z,55.4987231,-166.3423085,127.99000000000001,40,941.8114918913037,168.8684706908444,6819.227719334157,417.93773585433627
1046,202001,2020,5,55.4926131,2020-07-14T23:15:00Z,55.4926131,-163.9871961,2020-07-14T23:39:00Z,55.5009251,-163.9871408,92.67,40,1717.435650517903,222.67435031784166,12435.168709468273,762.1282745356561
1046,202001,2020,11,55.4948206,2020-08-15T17:02:01Z,55.4948206,-167.5338217,2020-08-15T17:19:00Z,55.4865181,-167.533109,137.38,40,246.9257710109709,21.523538451281276,1787.8769549886813,109.57564071889871
1046,202001,2020,7,55.497631999999996,2020-07-24T22:28:01Z,55.497631999999996,-165.1552454,2020-07-24T22:49:00Z,55.4893207,-165.1550175,108.96000000000001,40,437.17520739124444,86.34158546132915,3165.3864049389813,194.0006231839797
1046,202001,2020,9,55.4987232,2020-08-01T19:09:01Z,55.4987232,-166.3423084,2020-08-01T19:59:00Z,55.5070313,-166.3427579,127.75,40,1548.892151676422,267.7991938104781,11214.822059306525,687.3355066566822
1046,202001,2020,5,55.5009252,2020-07-14T23:39:01Z,55.5009252,-163.9871407,2020-07-14T23:39:02Z,55.5092371,-163.9870853,92.71000000000001,40,2000.1878882394062,218.31350495120782,14482.448779604398,887.6022478928539
1046,202001,2020,11,55.5031229,2020-08-15T16:54:01Z,55.5031229,-167.5345349,2020-08-15T17:02:00Z,55.4948205,-167.5338218,137.1,40,168.976525747629,14.357530661729895,1223.482000608251,74.98492765434064
1046,202001,2020,7,55.5059431,2020-07-24T22:10:01Z,55.5059431,-165.1554736,2020-07-24T22:28:00Z,55.4976319,-165.1552456,108.88,40,286.03271842535116,53.51862060916143,2071.0325356146427,126.92971762203655
1046,202001,2020,9,55.5070314,2020-08-01T20:00:00Z,55.5070314,-166.3427578,2020-08-01T20:49:00Z,55.5153394,-166.3432075,127.46000000000001,40,613.72340117988006,108.04423299885251,4443.691402539063,272.3455499729074
1046,202001,2020,5,55.5092373,2020-07-14T23:40:00Z,55.5092373,-163.9870852,2020-07-15T00:04:00Z,55.5175491,-163.9870299,93.32000000000001,40,1369.9808961175358,144.03640071868256,9919.407208551189,607.9419489108747
1046,202001,2020,11,55.5114251,2020-08-15T16:22:01Z,55.5114251,-167.5352484,2020-08-15T16:54:00Z,55.5031228,-167.534535,137,40,128.9996193351711,10.235319467370124,934.0274434190898,57.24479823743217
1046,202001,2020,7,55.5142541,2020-07-24T21:59:01Z,55.5142541,-165.1557019,2020-07-24T22:10:00Z,55.505942999999995,-165.1554737,108.83,40,299.1776870173892,59.77115261548665,2166.2092614927637,132.76292146222372
1046,202001,2020,3,55.5149982,2020-07-12T06:14:01Z,55.5149982,-162.8228274,2020-07-12T06:27:00Z,55.5066893,-162.823236,37.25,40,0,0,0,0
1046,202001,2020,9,55.5153395,2020-08-01T20:49:01Z,55.5153395,-166.3432074,2020-08-01T20:59:00Z,55.5236474,-166.3436573,127.18,40,484.6535743136786,91.73858965912784,3509.155618389551,215.06959648114739
1046,202001,2020,5,55.5175492,2020-07-15T00:04:01Z,55.5175492,-163.9870297,2020-07-15T00:04:02Z,55.5258609,-163.9869744,92.81,40,2210.842950947562,241.06841875812722,16007.706068568672,981.0824195753
1046,202001,2020,11,55.5197272,2020-08-15T07:19:01Z,55.5197272,-167.5359622,2020-08-15T16:22:00Z,55.511424999999996,-167.5352485,137.46,40,38.67033942198528,2.971263148300017,279.99430116626434,17.16032798696034
1046,202001,2020,7,55.522565,2020-07-24T21:35:00Z,55.522565,-165.1559302,2020-07-24T21:59:00Z,55.514253999999994,-165.155702,108.99000000000001,40,208.7330559307858,40.44751611865595,1511.3409139722182,92.62726304016833
1046,202001,2020,3,55.5233069,2020-07-12T05:54:01Z,55.5233069,-162.82241870000001,2020-07-12T06:14:00Z,55.5149981,-162.8228275,38.550000000000004,40,0,0,0,0
1046,202001,2020,9,55.5236475,2020-08-01T20:59:01Z,55.5236475,-166.3436572,2020-08-01T21:20:00Z,55.5319553,-166.3441073,127,40,645.9518841043048,113.44083926977451,4677.043157112566,286.64724335786
1046,202001,2020,5,55.525861,2020-07-15T00:05:00Z,55.525861,-163.9869742,2020-07-15T00:29:00Z,55.5341726,-163.9869188,92.12,40,1432.9549724326682,228.92695947260816,10375.373790510434,635.8872894586009
1046,202001,2020,11,55.5280292,2020-08-15T06:54:01Z,55.5280292,-167.5366763,2020-08-15T07:19:00Z,55.5197271,-167.5359623,137.74,40,28.767350151566514,2.319760211840315,208.2912698075195,12.765783059973748
1046,202001,2020,7,55.5308758,2020-07-24T21:15:01Z,55.5308758,-165.1561587,2020-07-24T21:34:00Z,55.5225649,-165.1559304,109.03,40,200.85967902604673,38.195383570537984,1454.3333806220535,89.13337775056918
1046,202001,2020,3,55.5316154,2020-07-12T05:49:01Z,55.5316154,-162.8220098,2020-07-12T05:54:00Z,55.5233068,-162.8224188,38.95,40,0,0,0,0
1046,202001,2020,9,55.5319554,2020-08-01T21:20:01Z,55.5319554,-166.3441072,2020-08-01T21:39:00Z,55.5402631,-166.3445575,126.77,40,490.8646855993267,81.36187636523199,3554.1274440803863,217.82583571820558
1046,202001,2020,5,55.5341727,2020-07-15T00:29:01Z,55.5341727,-163.9869187,2020-07-15T00:36:00Z,55.5424842,-163.9868633,91.51,40,477.6521027296578,79.14130032877894,3458.4611540376604,211.9626274043549
1046,202001,2020,11,55.5363311,2020-08-15T06:22:01Z,55.5363311,-167.5373907,2020-08-15T06:54:00Z,55.528029,-167.5366764,137.58,40,69.0712973830082,4.539264443142997,500.1137804962596,30.6510399260531
1046,202001,2020,7,55.5391865,2020-07-24T20:54:01Z,55.5391865,-165.1563873,2020-07-24T21:15:00Z,55.5308757,-165.1561588,108.98,40,307.050139154035,56.13081273072728,2223.21009901869,136.25639637725598
1046,202001,2020,3,55.5399239,2020-07-12T05:24:01Z,55.5399239,-162.8216008,2020-07-12T05:49:00Z,55.5316153,-162.82201,39.64,40,0,0,0,0
1046,202001,2020,9,55.5402632,2020-08-01T21:40:00Z,55.5402632,-166.3445574,2020-08-01T22:04:00Z,55.5485708,-166.3450079,126.46000000000001,40,277.9164635395496,31.712104901353644,2012.266433511456,123.32805293670049
1046,202001,2020,5,55.5424843,2020-07-15T00:36:01Z,55.5424843,-163.9868632,2020-07-15T00:54:00Z,55.5507957,-163.98680770000001,91.32000000000001,40,638.1183231030648,113.82576823435345,4620.323912570882,283.1710267511158
1046,202001,2020,11,55.5446328,2020-08-15T06:05:00Z,55.5446328,-167.5381054,2020-08-15T06:22:00Z,55.5363309,-167.5373908,137.45000000000002,40,117.88833139472789,8.131326559911853,853.5756721534674,52.31405937489302
1046,202001,2020,7,55.5474972,2020-07-24T20:27:01Z,55.5474972,-165.1566159,2020-07-24T20:54:00Z,55.5391864,-165.1563874,109.02,40,396.2192528020689,57.10003203408316,2868.843006168764,175.82603190098385
1046,202001,2020,3,55.5482323,2020-07-12T05:06:01Z,55.5482323,-162.8211916,2020-07-12T05:24:00Z,55.5399238,-162.8216009,39.4,40,0,0,0,0
1046,202001,2020,9,55.5485709,2020-08-01T22:04:01Z,55.5485709,-166.3450078,2020-08-01T22:15:00Z,55.5568784,-166.3454585,126.37,40,223.68592618430043,28.12420868304734,1619.6078317092363,99.26274030083314
1046,202001,2020,5,55.5507958,2020-07-15T00:54:01Z,55.5507958,-163.9868076,2020-07-15T01:10:00Z,55.5591072,-163.9867521,92.03,40,1082.17624332685,179.19600857908355,7835.5449038745155,480.2259186953876
1046,202001,2020,11,55.5529345,2020-08-15T05:47:01Z,55.5529345,-167.5388205,2020-08-15T06:04:00Z,55.5446327,-167.5381056,137.22,40,157.955348845125,12.240657603532247,1143.682682294226,70.0941764151168
1046,202001,2020,7,55.5558077,2020-07-24T19:55:00Z,55.5558077,-165.1568447,2020-07-24T20:27:00Z,55.5474971,-165.1566161,109.27,40,360.21165010064715,48.5715732849298,2608.1283678761088,159.8473184576449
1046,202001,2020,3,55.5565406,2020-07-12T04:59:01Z,55.5565406,-162.8207821,2020-07-12T05:06:00Z,55.5482322,-162.82119169999999,37.58,40,0,0,0,0
1046,202001,2020,9,55.5568785,2020-08-01T22:15:01Z,55.5568785,-166.3454584,2020-08-01T22:33:00Z,55.5651859,-166.3459093,126.29,40,254.44194525834877,30.407352031970884,1842.2981467158472,112.91101395895929
1046,202001,2020,5,55.5591073,2020-07-15T01:10:01Z,55.5591073,-163.986752,2020-07-15T01:25:00Z,55.5674185,-163.9866965,93.24,40,1408.9235023446113,167.15697512881707,10201.372869549341,625.2230978615282
1046,202001,2020,11,55.5612361,2020-08-15T05:39:01Z,55.5612361,-167.5395359,2020-08-15T05:47:00Z,55.5529344,-167.5388206,136.95000000000002,40,63.71830570496957,5.122910599310549,461.3552077388368,28.275599361536425
1046,202001,2020,7,55.5641181,2020-07-24T19:30:00Z,55.5641181,-165.1570736,2020-07-24T19:54:00Z,55.5558076,-165.1568449,109.28,40,215.4370804955023,26.413021285376534,1559.8817000386598,95.6022371956258
1046,202001,2020,3,55.5648488,2020-07-12T04:35:00Z,55.5648488,-162.8203725,2020-07-12T04:59:00Z,55.5565405,-162.8207823,39.550000000000004,40,0,0,0,0
1046,202001,2020,9,55.565186,2020-08-01T22:33:01Z,55.565186,-166.3459092,2020-08-01T22:58:00Z,55.5734933,-166.3463603,126.14,40,326.98653229027184,37.607711456958846,2367.5604343763093,145.10335893844584
1046,202001,2020,5,55.5674186,2020-07-15T01:25:01Z,55.5674186,-163.9866964,2020-07-15T01:44:00Z,55.5757297,-163.9866408,94.22,40,405.4466318862852,49.24023635256516,2935.654252123654,179.92076843321988
1046,202001,2020,11,55.5695376,2020-08-15T05:15:00Z,55.5695376,-167.5402515,2020-08-15T05:39:00Z,55.561236,-167.539536,136.67000000000002,40,0,0,0,0
1046,202001,2020,7,55.5724284,2020-07-24T19:05:00Z,55.5724284,-165.1573026,2020-07-24T19:29:00Z,55.564118,-165.1570737,109.32000000000001,40,144.51884502428763,14.31980849228815,1046.3950827110089,64.13160106641101
1046,202001,2020,3,55.5731569,2020-07-12T04:18:01Z,55.5731569,-162.8199628,2020-07-12T04:34:00Z,55.5648487,-162.8203727,41.9,40,0,0,0,0
1046,202001,2020,9,55.5734934,2020-08-01T22:58:01Z,55.5734934,-166.3463602,2020-08-01T23:19:00Z,55.5818006,-166.3468115,126.33,40,219.09518188850672,23.125482873929815,1586.3683448015265,97.22555420426377
1046,202001,2020,5,55.5757298,2020-07-15T01:45:00Z,55.5757298,-163.9866407,2020-07-15T02:09:00Z,55.5840409,-163.9865852,95.18,40,353.7434837606779,42.81236224473725,2561.295323706934,156.9770086148256
1046,202001,2020,11,55.577839,2020-08-15T04:59:01Z,55.577839,-167.5409675,2020-08-15T05:14:00Z,55.5695375,-167.5402517,136.41,40,2.785661626371125,0.22106793076408437,20.169706085331796,1.236163630413869
1046,202001,2020,7,55.5807387,2020-07-24T18:40:00Z,55.5807387,-165.1575316,2020-07-24T19:04:00Z,55.5724283,-165.1573027,109.41,40,158.41991215138094,14.595740344312592,1147.04637343909,70.30033076558848
1046,202001,2020,3,55.5814649,2020-07-12T04:09:01Z,55.5814649,-162.8195528,2020-07-12T04:18:00Z,55.5731568,-162.8199629,42.79,40,0,0,0,0
1046,202001,2020,9,55.5818007,2020-08-01T23:20:00Z,55.5818007,-166.3468114,2020-08-01T23:44:00Z,55.5901078,-166.3472629,126.33,40,156.73043491877752,14.755114208909141,1134.8136388898254,69.55060930280003
1046,202001,2020,5,55.584041,2020-07-15T02:09:01Z,55.584041,-163.986585,2020-07-15T02:23:00Z,55.5923519,-163.9865295,95.59,40,237.3287926173105,28.21372647289713,1718.3896089036616,105.3168910057955
1046,202001,2020,11,55.5861403,2020-08-15T04:49:01Z,55.5861403,-167.5416839,2020-08-15T04:59:00Z,55.5778389,-167.5409677,136.24,40,0.18253750173591418,0.011013923720162149,1.3216708464194589,0.0810027387017907
1046,202001,2020,7,55.5890488,2020-07-24T18:01:01Z,55.5890488,-165.1577608,2020-07-24T18:39:00Z,55.5807386,-165.1575318,109.58,40,214.065731134722,17.492710793295128,1549.9523844012544,94.99368797760886
1046,202001,2020,3,55.5897728,2020-07-12T03:48:01Z,55.5897728,-162.8191427,2020-07-12T04:09:00Z,55.5814648,-162.81955299999998,40.56,40,0,0,0,0
1046,202001,2020,9,55.5901079,2020-08-01T23:44:01Z,55.5901079,-166.3472628,2020-08-01T23:48:00Z,55.598414999999996,-166.3477145,126.26,40,193.16278773168577,18.362237214000587,1398.6036991315393,85.71780961578
1046,202001,2020,5,55.592352,2020-07-15T02:23:01Z,55.592352,-163.9865293,2020-07-15T02:43:00Z,55.6006629,-163.9864738,95.93,40,225.107787615808,27.09093420663128,1629.90288222653,99.89370472683473
1046,202001,2020,11,55.5944415,2020-08-15T04:34:01Z,55.5944415,-167.5424005,2020-08-15T04:49:00Z,55.5861402,-167.541684,136.09,40,2.496624748245821,0.19503646905491423,18.076921798676096,1.1079007885796592
1046,202001,2020,7,55.5973588,2020-07-24T17:25:00Z,55.5973588,-165.1579901,2020-07-24T18:01:00Z,55.5890487,-165.157761,109.7,40,235.18172546049436,28.959622278251537,1702.8436742903232,104.36410969661337
1046,202001,2020,3,55.5980806,2020-07-12T03:44:01Z,55.5980806,-162.8187324,2020-07-12T03:48:00Z,55.5897727,-162.8191428,43.4,40,0,0,0,0
1046,202001,2020,9,55.5984151,2020-08-01T23:48:01Z,55.5984151,-166.3477144,2020-08-02T00:09:00Z,55.606722,-166.3481663,126.16,40,258.71556139287264,20.719802845387587,1873.241453160129,114.80747144174778
1046,202001,2020,5,55.600663,2020-07-15T02:43:01Z,55.600663,-163.9864736,2020-07-15T02:59:00Z,55.6089738,-163.98641800000001,96.12,40,213.3923081059373,25.68199636920003,1545.076435207319,94.69485015459901
1046,202001,2020,11,55.6027426,2020-08-15T04:24:01Z,55.6027426,-167.5431175,2020-08-15T04:34:00Z,55.5944414,-167.5424006,136.01,40,5.880803080382954,0.4059792774535619,42.58021453652154,2.609661854395931
1046,202001,2020,7,55.6056688,2020-07-24T17:03:01Z,55.6056688,-165.1582195,2020-07-24T17:24:00Z,55.5973587,-165.1579902,109.82000000000001,40,402.9778745467494,54.89440122406777,2917.7791055290154,178.8252340701942
1046,202001,2020,3,55.6063883,2020-07-12T03:19:01Z,55.6063883,-162.8183219,2020-07-12T03:44:00Z,55.5980805,-162.8187325,44.82,40,0,0,0,0
1046,202001,2020,9,55.6067221,2020-08-02T00:09:01Z,55.6067221,-166.3481661,2020-08-02T00:18:00Z,55.6150289,-166.3486183,126.11,40,363.2319032325869,37.03179492418456,2629.9966441225265,161.18758428210944
1046,202001,2020,5,55.6089739,2020-07-15T03:00:00Z,55.6089739,-163.9864179,2020-07-15T03:24:00Z,55.6172845,-163.9863622,96.26,40,133.87589012080102,16.155571624865757,969.3342974919477,59.408689407910714
1046,202001,2020,11,55.6110437,2020-08-15T04:08:01Z,55.6110437,-167.5438347,2020-08-15T04:24:00Z,55.6027425,-167.5431176,135.92000000000002,40,33.89093784921833,2.5917893617722645,245.38883290913768,15.039423443685342
1046,202001,2020,7,55.6139786,2020-07-24T16:42:01Z,55.6139786,-165.158449,2020-07-24T17:03:00Z,55.6056687,-165.1582196,109.61,40,1109.5156306430968,154.77581081218443,8033.496945680861,492.35802977384935
1046,202001,2020,3,55.6146959,2020-07-12T03:00:01Z,55.6146959,-162.8179112,2020-07-12T03:19:00Z,55.6063882,-162.818322,43.77,40,0,0,0,0
1046,202001,2020,9,55.615029,2020-08-02T00:18:01Z,55.615029,-166.3486181,2020-08-02T00:44:00Z,55.6233357,-166.3490705,126.02,40,89.86895494102683,9.582479059799187,650.7001389532536,39.88019670074587
1046,202001,2020,5,55.6172846,2020-07-15T03:24:01Z,55.6172846,-163.9863621,2020-07-15T03:31:00Z,55.6255952,-163.9863064,96.3,40,264.8158061635481,31.9556638332582,1917.4105449508609,117.51451261672166
1046,202001,2020,11,55.6193446,2020-08-15T03:59:01Z,55.6193446,-167.5445523,2020-08-15T04:08:00Z,55.6110435,-167.5438349,135.89000000000001,40,87.5456658172382,6.644967376578522,633.8782614019916,38.849215231002574
1046,202001,2020,7,55.6222884,2020-07-24T16:07:01Z,55.6222884,-165.1586786,2020-07-24T16:42:00Z,55.6139785,-165.1584491,109.32000000000001,40,816.7196936266774,96.32856272999263,5913.495027036593,362.42707008864494
1046,202001,2020,3,55.6230034,2020-07-12T02:54:01Z,55.6230034,-162.8175003,2020-07-12T03:00:00Z,55.6146958,-162.8179113,45.87,40,0,0,0,0
1046,202001,2020,9,55.6233358,2020-08-02T00:44:01Z,55.6233358,-166.3490703,2020-08-02T01:02:00Z,55.6316425,-166.3495228,126.11,40,138.5091289569173,14.946518813245353,1002.8814679964099,61.46473285769939
1046,202001,2020,5,55.6255953,2020-07-15T03:31:01Z,55.6255953,-163.9863063,2020-07-15T03:49:00Z,55.6339058,-163.9862506,96.29,40,152.96866300546424,18.459606052402666,1107.5763631441614,67.88128752260663
1046,202001,2020,11,55.6276454,2020-08-15T03:38:01Z,55.6276454,-167.5452702,2020-08-15T03:59:00Z,55.6193445,-167.5445524,135.75,40,103.3219605256888,7.719683616598071,748.1072202865444,45.85009486284885
1046,202001,2020,7,55.6305981,2020-07-24T07:55:01Z,55.6305981,-165.1589082,2020-07-24T16:07:00Z,55.6222883,-165.1586787,109.18,40,448.73465125112676,48.931396173264524,3249.083068940289,199.13023546428104
1046,202001,2020,3,55.6313109,2020-07-12T02:30:00Z,55.6313109,-162.8170893,2020-07-12T02:54:00Z,55.6230033,-162.8175005,44.99,40,0,0,0,0
1046,202001,2020,9,55.6316426,2020-08-02T01:02:01Z,55.6316426,-166.3495227,2020-08-02T01:15:00Z,55.6399491,-166.3499754,126.13000000000001,40,191.85838839712113,17.24576919636223,1389.1591381170188,85.13897010359366
1046,202001,2020,5,55.6339059,2020-07-15T03:49:01Z,55.6339059,-163.9862505,2020-07-15T04:01:00Z,55.6422163,-163.9861948,96.27,40,81.98457310916274,9.893548732366774,593.6129239420067,36.38142787089957
1046,202001,2020,11,55.6359461,2020-08-15T03:34:01Z,55.6359461,-167.5459884,2020-08-15T03:38:00Z,55.6276453,-167.5452703,135.74,40,139.8324826547642,11.08416192034547,1012.4632689157414,62.05198354743341
1046,202001,2020,7,55.6389076,2020-07-24T07:49:01Z,55.6389076,-165.15913799999998,2020-07-24T07:55:00Z,55.630598,-165.1589084,109.32000000000001,40,487.61829500699866,35.31547753988319,3530.6218095605386,216.38521926200607
1046,202001,2020,3,55.6396182,2020-07-12T02:10:01Z,55.6396182,-162.8166781,2020-07-12T02:29:00Z,55.6313108,-162.8170894,48.43,40,0,0,0,0
1046,202001,2020,9,55.6399492,2020-08-02T01:15:01Z,55.6399492,-166.3499753,2020-08-02T01:30:00Z,55.6482557,-166.3504282,126.15,40,341.39482808594886,39.24816979539865,2471.884336690283,151.49717614519085
1046,202001,2020,5,55.6422164,2020-07-15T04:01:01Z,55.6422164,-163.9861946,2020-07-15T04:14:00Z,55.6505267,-163.9861389,96.36,40,166.2747114386478,20.06070720617042,1203.919394729128,73.7859720621479
1046,202001,2020,11,55.6442467,2020-08-15T03:10:00Z,55.6442467,-167.546707,2020-08-15T03:34:00Z,55.635946,-167.5459886,135.64000000000001,40,164.99921700759725,13.103641726617596,1194.6841209456136,73.21995937362402
1046,202001,2020,7,55.6472171,2020-07-24T07:25:00Z,55.6472171,-165.1593679,2020-07-24T07:49:00Z,55.6389075,-165.1591382,109.27,40,412.24630386584033,32.15521348667432,2984.8875775232486,182.93818703147946
1046,202001,2020,3,55.6479254,2020-07-12T02:04:01Z,55.6479254,-162.8162666,2020-07-12T02:10:00Z,55.6396181,-162.8166782,47.14,40,0,0,0,0
1046,202001,2020,9,55.6482558,2020-08-02T01:30:01Z,55.6482558,-166.3504281,2020-08-02T01:49:00Z,55.6565621,-166.3508812,126.23,40,344.71318072831326,55.515850838159444,2495.9110156129364,152.96972644008162
1046,202001,2020,5,55.6505268,2020-07-15T04:15:00Z,55.6505268,-163.9861388,2020-07-15T04:39:00Z,55.658837,-163.986083,96.10000000000001,40,451.66702646920913,54.503886855890606,3270.3150612686895,200.43150463531185
1046,202001,2020,11,55.6525472,2020-08-15T02:55:01Z,55.6525472,-167.5474259,2020-08-15T03:09:00Z,55.6442466,-167.5467071,135.5,40,129.59097901975122,9.462967815428993,938.3092093434864,57.50721967715428
1046,202001,2020,7,55.6555265,2020-07-24T07:10:01Z,55.6555265,-165.1595979,2020-07-24T07:24:00Z,55.647217,-165.1593681,109.22,40,682.3384153434844,56.84781437231913,4940.501444225152,302.79410991515505
1046,202001,2020,3,55.6562326,2020-07-12T01:42:01Z,55.6562326,-162.8158551,2020-07-12T02:04:00Z,55.6479253,-162.8162668,48.76,40,0,0,0,0
1046,202001,2020,9,55.6565622,2020-08-02T01:49:01Z,55.6565622,-166.3508811,2020-08-02T02:00:00Z,55.6648685,-166.3513344,126.31,40,289.52109041943345,51.29810115167239,2096.290247165417,128.47771560844538
1046,202001,2020,5,55.6588371,2020-07-15T04:39:01Z,55.6588371,-163.9860829,2020-07-15T04:44:00Z,55.6671472,-163.9860271,95.8,40,319.17149878120875,37.35794890647303,2310.9753389603375,141.63536408116866
1046,202001,2020,11,55.6608476,2020-08-15T02:44:01Z,55.6608476,-167.54814499999998,2020-08-15T02:55:00Z,55.6525471,-167.547426,135.64000000000001,40,220.3427635289698,16.602371394825017,1595.4015147915145,97.77918032859732
1046,202001,2020,7,55.6638358,2020-07-24T06:59:01Z,55.6638358,-165.159828,2020-07-24T07:10:00Z,55.6555264,-165.15959800000002,109.22,40,580.9311628278967,49.27683141109417,4206.257751883773,257.79368479774206
1046,202001,2020,3,55.6645396,2020-07-12T01:27:01Z,55.6645396,-162.8154433,2020-07-12T01:42:00Z,55.6562325,-162.8158552,53.28,40,0,0,0,0
1046,202001,2020,9,55.6648686,2020-08-02T02:00:01Z,55.6648686,-166.3513343,2020-08-02T02:14:00Z,55.6731747,-166.3517878,126.37,40,296.29918761293527,59.52701720453729,2145.3673593733483,131.48556019182803
1046,202001,2020,5,55.6671473,2020-07-15T04:44:01Z,55.6671473,-163.986027,2020-07-15T05:04:00Z,55.6754573,-163.9859712,95.55,40,968.5815119154717,113.10660575955787,7013.057232105704,429.81718482475424
1046,202001,2020,11,55.669148,2020-08-15T02:20:00Z,55.669148,-167.5488645,2020-08-15T02:44:00Z,55.6608475,-167.5481452,135.64000000000001,40,362.551705188396,27.648164084466025,2625.0716401301997,160.88573998208835
1046,202001,2020,7,55.672145,2020-07-24T06:42:01Z,55.672145,-165.1600582,2020-07-24T06:59:00Z,55.6638357,-165.1598281,109.21000000000001,40,258.8983798141728,22.584322304773618,1874.5651580170654,114.88859884115678
1046,202001,2020,3,55.6728466,2020-07-12T01:05:00Z,55.6728466,-162.8150313,2020-07-12T01:27:00Z,55.664539500000004,-162.8154434,51.53,40,0,0,0,0
1046,202001,2020,9,55.6731748,2020-08-02T02:15:00Z,55.6731748,-166.3517877,2020-08-02T02:28:00Z,55.6814809,-166.3522414,126.39,40,252.94794992921888,48.073152322563026,1831.480807525709,112.24803943527873
1046,202001,2020,5,55.6754574,2020-07-15T05:04:01Z,55.6754574,-163.985971,2020-07-15T05:14:00Z,55.6837673,-163.9859152,95.34,40,3367.5785349457365,379.9367948965138,24383.10117284811,1494.3947491875783
1046,202001,2020,11,55.6774482,2020-08-15T01:54:01Z,55.6774482,-167.5495843,2020-08-15T02:19:00Z,55.6691478,-167.5488646,135.8,40,182.50080166293566,13.835315185073352,1321.4051179195294,80.98645269812819
1046,202001,2020,7,55.6804541,2020-07-24T06:35:00Z,55.6804541,-165.1602885,2020-07-24T06:42:00Z,55.6721449,-165.1600583,108.96000000000001,40,415.57293671341154,33.56447400061331,3008.9742096375476,184.41441174555743
1046,202001,2020,3,55.6811534,2020-07-12T00:50:00Z,55.6811534,-162.8146192,2020-07-12T01:04:00Z,55.6728465,-162.8150315,51.04,40,0,0,0,0
1046,202001,2020,9,55.681481,2020-08-02T02:28:01Z,55.681481,-166.3522413,2020-08-02T02:40:00Z,55.689786999999995,-166.3526952,126.41,40,164.12052716163018,29.62652210444625,1188.3219282925133,72.83003246372382
1046,202001,2020,5,55.6837674,2020-07-15T05:14:01Z,55.6837674,-163.9859151,2020-07-15T05:29:00Z,55.6920772,-163.9858592,95.01,40,4437.378975437611,504.8183263934079,32129.038529492762,1969.128788604829
1046,202001,2020,11,55.6857483,2020-08-15T01:32:01Z,55.6857483,-167.5503045,2020-08-15T01:54:00Z,55.6774481,-167.5495845,135.92000000000002,40,123.25123691212768,9.556327771276791,892.4060265028104,54.69389929916682
1046,202001,2020,7,55.6887631,2020-07-24T06:20:01Z,55.6887631,-165.1605189,2020-07-24T06:34:00Z,55.680454,-165.1602886,108.66,40,365.9421794596828,31.514189162500696,2649.6205188936337,162.39029493030677
1046,202001,2020,3,55.6894602,2020-07-12T00:33:01Z,55.6894602,-162.8142069,2020-07-12T00:49:00Z,55.6811533,-162.8146193,53.4,40,0,0,0,0
1046,202001,2020,9,55.6897871,2020-08-02T02:40:01Z,55.6897871,-166.3526951,2020-08-02T02:59:00Z,55.6980929,-166.3531492,126.58,40,129.05097134153382,22.540556690760237,934.3992598900577,57.26758617478014
1046,202001,2020,5,55.6920773,2020-07-15T05:30:00Z,55.6920773,-163.9858591,2020-07-15T05:54:00Z,55.7003871,-163.9858032,94.72,40,2121.4393649113367,214.47202439324235,15360.375453732151,941.4087347169818
1046,202001,2020,11,55.6940483,2020-08-15T01:15:01Z,55.6940483,-167.5510249,2020-08-15T01:32:00Z,55.6857482,-167.5503046,135.97,40,168.6252720284181,13.156863489852723,1220.938732534772,74.82905550223657
1046,202001,2020,7,55.697072,2020-07-24T06:10:00Z,55.697072,-165.1607494,2020-07-24T06:20:00Z,55.688762999999994,-165.160519,108.65,40,608.9955579511834,49.3112615499164,4409.459244750193,270.247524931285
1046,202001,2020,3,55.6977669,2020-07-12T00:24:01Z,55.6977669,-162.8137944,2020-07-12T00:33:00Z,55.6894601,-162.814207,54.17,40,0,0,0,0
1046,202001,2020,5,55.7003872,2020-07-15T05:54:01Z,55.7003872,-163.985803,2020-07-15T05:59:00Z,55.7086968,-163.9857471,94.58,40,1628.2708350524695,166.8679218242068,11789.566923499227,722.5605463710122
1046,202001,2020,11,55.7023483,2020-08-15T00:56:01Z,55.7023483,-167.5517457,2020-08-15T01:15:00Z,55.6940482,-167.5510251,135.85,40,259.3965203616396,20.43031171718167,1878.1719666604683,115.10965340922903
1046,202001,2020,7,55.7053808,2020-07-24T06:00:01Z,55.7053808,-165.16098,2020-07-24T06:09:00Z,55.6970719,-165.1607495,108.52,40,477.0731871687401,40.95373993421711,3454.269490340463,211.70572816192274
1046,202001,2020,3,55.7060734,2020-07-12T00:00:00Z,55.7060734,-162.8133817,2020-07-12T00:24:00Z,55.6977668,-162.8137945,55.1,40,4.564796093395181,1.1198062736921477,33.05160780176727,2.025671336924485
1046,202001,2020,5,55.7086969,2020-07-15T05:59:01Z,55.7086969,-163.985747,2020-07-15T06:19:00Z,55.7170065,-163.9856911,94.43,40,1627.2728848447282,167.2604169777568,11782.341220927388,722.1176965503107
1046,202001,2020,11,55.7106481,2020-08-15T00:39:01Z,55.7106481,-167.5524668,2020-08-15T00:56:00Z,55.7023482,-167.5517458,135.66,40,236.41127914229958,18.945523786749213,1711.746312049115,104.90973574419228
1046,202001,2020,7,55.7136896,2020-07-24T05:47:01Z,55.7136896,-165.1612107,2020-07-24T06:00:00Z,55.7053807,-165.1609801,107.22,40,548.1244763014956,45.450231584245316,3968.7194885832437,243.23540810885504
1046,202001,2020,3,55.7143799,2020-07-11T23:43:01Z,55.7143799,-162.8129688,2020-07-11T23:59:00Z,55.7060733,-162.8133818,57.03,40,12.913151703812597,2.888852575501911,93.4982454565004,5.73033290876203
1046,202001,2020,9,55.7147047,2020-08-02T04:00:00Z,55.7147047,-166.3540577,2020-08-02T04:00:01Z,55.7230103,-166.3545124,128.2,40,147.3331125739192,23.472652760797136,1066.7719112476107,65.3804588451788
1046,202001,2020,5,55.7170066,2020-07-15T06:19:01Z,55.7170066,-163.9856909,2020-07-15T06:34:00Z,55.725316,-163.985635,94.27,40,1760.7813132963659,165.75306891615404,12749.014895968106,781.3633213753981
1046,202001,2020,11,55.7189478,2020-08-15T00:14:01Z,55.7189478,-167.5531882,2020-08-15T00:39:00Z,55.710648,-167.5524669,135.5,40,125.11655380932238,10.094081961961217,905.9119359127167,55.52165127222766
1046,202001,2020,7,55.7219982,2020-07-24T05:44:01Z,55.7219982,-165.1614415,2020-07-24T05:47:00Z,55.7136895,-165.1612108,105.53,40,495.7684558085314,37.345066863359705,3589.6334089446514,220.0019300173623
1046,202001,2020,3,55.7226863,2020-07-11T23:34:01Z,55.7226863,-162.8125557,2020-07-11T23:43:00Z,55.7143798,-162.8129689,58.86,40,7.937744211688534,1.757586075591996,57.47358768008945,3.522448889386504
1046,202001,2020,9,55.7230104,2020-08-02T04:00:02Z,55.7230104,-166.3545123,2020-08-02T04:18:00Z,55.7313159,-166.3549672,128.35,40,88.58542023951057,10.486714644432425,641.406649236187,39.31061606634001
1046,202001,2020,5,55.7253161,2020-07-15T06:35:00Z,55.7253161,-163.9856348,2020-07-15T06:52:00Z,55.7336255,-163.9855789,94.18,40,1856.6517495016524,168.03961281475233,13443.169025180196,823.9067320132768
1046,202001,2020,11,55.7272475,2020-08-14T23:49:01Z,55.7272475,-167.5539099,2020-08-15T00:14:00Z,55.7189477,-167.5531883,135.35,40,192.02746365474636,15.729528234770752,1390.3833349901493,85.21399884445027
1046,202001,2020,7,55.7303068,2020-07-24T05:20:00Z,55.7303068,-165.1616724,2020-07-24T05:44:00Z,55.7219981,-165.1614417,104.5,40,405.26120308551276,29.73752620573235,2934.3116466988135,179.83848265329019
1046,202001,2020,3,55.7309926,2020-07-11T23:09:01Z,55.7309926,-162.8121425,2020-07-11T23:34:00Z,55.7226862,-162.8125559,58.92,40,27.361192172941475,5.796888823270179,198.10992083465158,12.141787189356483
1046,202001,2020,9,55.731316,2020-08-02T04:18:01Z,55.731316,-166.3549671,2020-08-02T04:44:00Z,55.7396214,-166.3554222,128.49,40,84.54091960055513,7.794850176516986,612.1222636606363,37.515830746496476
1046,202001,2020,5,55.7336256,2020-07-15T06:52:01Z,55.7336256,-163.9855787,2020-07-15T07:09:00Z,55.7419349,-163.9855227,94.13,40,764.8643223052281,69.22542399805828,5538.033919844663,339.41575979081557
1046,202001,2020,11,55.735547,2020-08-14T22:59:01Z,55.735547,-167.554632,2020-08-14T23:49:00Z,55.7272474,-167.5539101,135.11,40,193.99162552318188,16.366636761529513,1404.6049357816166,86.08561420613678
1046,202001,2020,7,55.7386152,2020-07-24T05:19:01Z,55.7386152,-165.1619035,2020-07-24T05:19:02Z,55.7303066,-165.1616726,103.61,40,456.6166299466676,33.061528839368115,3306.1528839368093,202.62793787970944
1046,202001,2020,3,55.7392988,2020-07-11T22:45:00Z,55.7392988,-162.8117291,2020-07-11T23:09:00Z,55.7309925,-162.8121426,59.33,40,46.717045503502824,9.56514310905837,338.25683207914057,20.7311297341776
1046,202001,2020,9,55.7396215,2020-08-02T04:44:01Z,55.7396215,-166.3554221,2020-08-02T04:56:00Z,55.7479268,-166.3558774,128.52,40,73.04285940524954,8.018575824876129,528.8700507948266,32.41345804652788
1046,202001,2020,5,55.741935,2020-07-15T07:10:00Z,55.741935,-163.9855226,2020-07-15T07:34:00Z,55.7502441,-163.9854665,94.14,40,446.2466799823203,40.38836003802288,3231.0688030418323,198.02617473885127
1046,202001,2020,11,55.7438465,2020-08-14T21:44:01Z,55.7438465,-167.5553544,2020-08-14T22:59:00Z,55.7355469,-167.5546321,134.72,40,263.8233259902257,22.630075248810407,1910.224448404918,117.0740901754052
1046,202001,2020,7,55.7469236,2020-07-24T04:59:01Z,55.7469236,-165.1621346,2020-07-24T05:19:00Z,55.7386151,-165.1619036,102.94,40,358.41569315687195,25.951246622734892,2595.1246622734852,159.0503456183499
1046,202001,2020,3,55.7476049,2020-07-11T22:27:01Z,55.7476049,-162.8113155,2020-07-11T22:44:00Z,55.7392987,-162.8117292,60.52,40,129.4294311973307,23.71170849932123,937.1395151975424,57.43553130669382
1046,202001,2020,9,55.7479269,2020-08-02T04:56:01Z,55.7479269,-166.3558773,2020-08-02T05:13:00Z,55.7562321,-166.3563328,128.69,40,69.59101741806339,7.809669860394498,503.87683637299835,30.881670595352865
1046,202001,2020,5,55.7502442,2020-07-15T07:35:00Z,55.7502442,-163.9854664,2020-07-15T07:59:00Z,55.7585533,-163.9854103,94.14,40,416.4040228485305,37.687396568987005,3014.991725518965,184.78321405961074
1046,202001,2020,11,55.7521458,2020-08-14T20:29:01Z,55.7521458,-167.5560771,2020-08-14T21:44:00Z,55.7438464,-167.5553545,134.33,40,614.1635576094257,54.683645223419006,4446.878374614731,272.54087354155126
1046,202001,2020,7,55.7552318,2020-07-24T04:54:01Z,55.7552318,-165.1623658,2020-07-24T04:59:00Z,55.7469235,-165.1621347,102.49000000000001,40,351.6527306348769,25.461571333232982,2546.157133323298,156.04921718824943
1046,202001,2020,3,55.7559109,2020-07-11T22:07:01Z,55.7559109,-162.8109017,2020-07-11T22:27:00Z,55.7476048,-162.8113156,61.44,40,121.74390511476696,17.65013427881521,881.49212402519845,54.02500659187451
1046,202001,2020,9,55.7562323,2020-08-02T05:13:01Z,55.7562323,-166.3563327,2020-08-02T05:34:00Z,55.7645374,-166.3567885,128.6,40,58.18243476208156,6.871941074615435,421.2724895840712,25.819004397711712
1046,202001,2020,5,55.7585534,2020-07-15T07:59:01Z,55.7585534,-163.9854102,2020-07-15T15:14:00Z,55.7668624,-163.9853541,94.18,40,538.2427076657298,49.04372856076985,3897.1701061673,238.85028003871992
1046,202001,2020,11,55.7604451,2020-08-14T19:21:01Z,55.7604451,-167.5568001,2020-08-14T20:29:00Z,55.7521457,-167.5560772,133.92000000000002,40,270.73075591041766,26.157539278591354,1960.2379999347897,120.13932737655703
1046,202001,2020,7,55.76354,2020-07-24T04:39:01Z,55.76354,-165.1625971,2020-07-24T04:54:00Z,55.7552317,-165.1623659,102.23,40,307.76387643440023,22.283779453324016,2228.3779453324087,136.573124029784
1046,202001,2020,3,55.7642168,2020-07-11T21:54:01Z,55.7642168,-162.8104877,2020-07-11T22:07:00Z,55.7559108,-162.8109018,61.11,40,250.71484729215854,45.38279823040835,1815.3119292163356,111.25707906996281
1046,202001,2020,9,55.7645375,2020-08-02T05:34:01Z,55.7645375,-166.3567883,2020-08-02T05:44:00Z,55.7728425,-166.3572443,128.51,40,70.87542296543559,9.473179298135536,513.1766314879617,31.451637675824045
1046,202001,2020,5,55.7668625,2020-07-15T15:14:01Z,55.7668625,-163.985354,2020-07-15T15:21:00Z,55.7751714,-163.9852979,93.94,40,655.7309865330814,60.70158451145775,4747.849180320677,290.98681232995136
1046,202001,2020,11,55.7687442,2020-08-14T18:50:00Z,55.7687442,-167.5575234,2020-08-14T19:21:00Z,55.760445,-167.5568002,133.63,40,406.9702135059862,43.217474209654675,2946.6858121578903,180.59687215249852
1046,202001,2020,7,55.7718481,2020-07-24T04:29:01Z,55.7718481,-165.1628285,2020-07-24T04:39:00Z,55.7635399,-165.1625972,102.04,40,346.05946207111,25.056588251585456,2505.658825158545,153.56715148859263
1046,202001,2020,3,55.7725227,2020-07-11T21:29:01Z,55.7725227,-162.8100736,2020-07-11T21:54:00Z,55.7642167,-162.8104879,63.09,40,815.6288397857666,130.01752656863457,5905.596651604006,361.94299340414534
1046,202001,2020,9,55.7728426,2020-08-02T05:44:01Z,55.7728426,-166.3572441,2020-08-02T05:59:00Z,55.7811475,-166.3577003,128.51,40,74.02104725679698,10.30683520712273,535.9526631534769,32.847538135203564
1046,202001,2020,5,55.7751715,2020-07-15T15:21:01Z,55.7751715,-163.9852978,2020-07-15T15:29:00Z,55.7834803,-163.9852416,93.94,40,603.9791493300175,54.996615887768215,4373.137716487392,268.0214462740369
1046,202001,2020,11,55.7770433,2020-08-14T18:25:00Z,55.7770433,-167.5582471,2020-08-14T18:49:00Z,55.7687441,-167.5575235,133.49,40,326.52262440886824,34.49835575805775,2364.2014888640474,144.89749543893657
1046,202001,2020,7,55.7801561,2020-07-24T04:16:01Z,55.7801561,-165.1630601,2020-07-24T04:29:00Z,55.771848,-165.1628287,101.89,40,353.709256331542,26.564585790950282,2561.047498493996,156.9618198701985
1046,202001,2020,3,55.7808284,2020-07-11T21:05:00Z,55.7808284,-162.8096592,2020-07-11T21:29:00Z,55.7725226,-162.8100737,65.79,40,332.57525135996514,78.83376657307525,2408.0258017282104,147.58340575718137
1046,202001,2020,9,55.7811476,2020-08-02T05:59:01Z,55.7811476,-166.3577002,2020-08-02T06:09:00Z,55.7894525,-166.3581565,128.46,40,62.77227487175774,9.405820928893174,454.5054296922471,27.855789253160115
1046,202001,2020,5,55.7834804,2020-07-15T15:32:00Z,55.7834804,-163.9852415,2020-07-15T15:39:00Z,55.7917892,-163.9851853,93.86,40,490.0093642873974,44.96067691225758,3547.9344523304844,217.44627881577512
1046,202001,2020,11,55.7853423,2020-08-14T18:00:00Z,55.7853423,-167.5589711,2020-08-14T18:24:00Z,55.7770432,-167.5582472,133.34,40,186.35024044042203,20.248053198653658,1349.2771494686458,82.69467747646655
1046,202001,2020,7,55.788464,2020-07-24T04:06:00Z,55.788464,-165.1632917,2020-07-24T04:16:00Z,55.780156,-165.1630602,101.81,40,173.6532869605685,13.290362968650523,1257.3442968050615,77.06028456949376
1046,202001,2020,3,55.789134,2020-07-11T20:40:00Z,55.789134,-162.8092447,2020-07-11T21:04:00Z,55.7808283,-162.8096594,67.84,40,102.03709733592943,25.645864243206965,738.8041115916567,45.27992469925036
1046,202001,2020,9,55.7894526,2020-08-02T06:09:01Z,55.7894526,-166.3581564,2020-08-02T06:24:00Z,55.7977573,-166.3586129,128.39000000000001,40,85.92404313300524,12.116646255314219,622.1368307082379,38.1296048642854
1046,202001,2020,5,55.7917893,2020-07-15T15:39:01Z,55.7917893,-163.9851852,2020-07-15T15:54:00Z,55.8000979,-163.985129,93.79,40,488.2057407002052,44.253568598547915,3534.875236057462,216.64590383112628
1046,202001,2020,11,55.7936411,2020-08-14T17:35:00Z,55.7936411,-167.5596954,2020-08-14T17:59:00Z,55.7853422,-167.5589712,133.17000000000002,40,180.01188472260526,20.61378952298782,1303.3840048446207,79.88197232203692
1046,202001,2020,7,55.7967718,2020-07-24T04:04:01Z,55.7967718,-165.1635234,2020-07-24T04:04:02Z,55.788463899999996,-165.1632918,101.38,40,144.58075510241946,10.468433453671132,1046.843345367111,64.1590742477257
1046,202001,2020,3,55.7974396,2020-07-11T20:21:01Z,55.7974396,-162.80883,2020-07-11T20:39:00Z,55.7891339,-162.8092448,69.72,40,90.38919085435782,19.288862719999774,654.4669300694416,40.111056295898024
1046,202001,2020,9,55.7977574,2020-08-02T06:24:01Z,55.7977574,-166.3586128,2020-08-02T06:37:00Z,55.8060621,-166.3590696,128.29,40,74.52043687723258,9.84587546141621,539.5685157648988,33.06914699119117
1046,202001,2020,5,55.800098,2020-07-15T15:54:01Z,55.800098,-163.9851289,2020-07-15T15:59:00Z,55.8084065,-163.9850727,93.67,40,564.700600444771,52.23732040032933,4088.7396478297114,250.59121959908097
1046,202001,2020,11,55.8019399,2020-08-14T17:12:01Z,55.8019399,-167.56042,2020-08-14T17:34:00Z,55.793641,-167.5596955,133.1,40,111.96437926660708,12.602052091801133,810.6830350303346,49.685249723436755
1046,202001,2020,7,55.8050795,2020-07-24T03:46:01Z,55.8050795,-165.1637553,2020-07-24T04:04:00Z,55.7967717,-165.1635236,100.92,40,158.34514137413026,11.465049923227927,1146.5049923227905,70.26715052769453
1046,202001,2020,3,55.805744999999995,2020-07-11T20:14:01Z,55.805744999999995,-162.8084151,2020-07-11T20:21:00Z,55.7974395,-162.8088301,71.57000000000001,40,492.0864116781787,107.90011138541028,3562.973405734146,218.36798819311775
1046,202001,2020,9,55.8060622,2020-08-02T06:37:01Z,55.8060622,-166.3590694,2020-08-02T06:49:00Z,55.8143668,-166.3595264,128.23,40,69.90476545514514,6.043639950875569,506.1485428978976,31.020899247132604
1046,202001,2020,5,55.8084066,2020-07-15T15:59:01Z,55.8084066,-163.9850725,2020-07-15T16:07:00Z,55.8167151,-163.9850163,93.62,40,456.08063378480665,41.592473647988186,3302.271980044801,202.3900845255685
1046,202001,2020,11,55.8102386,2020-08-14T16:52:01Z,55.8102386,-167.5611449,2020-08-14T17:12:00Z,55.8019398,-167.5604201,133.05,40,63.418975975043125,6.898630914648808,459.1878976039432,28.14276896959873
1046,202001,2020,7,55.8133871,2020-07-24T03:39:03Z,55.8133871,-165.1639872,2020-07-24T03:46:00Z,55.8050794,-165.1637554,100.25,40,109.74807517642338,9.943673272826727,794.6357873418358,48.70174387179762
1046,202001,2020,3,55.8140504,2020-07-11T19:49:01Z,55.8140504,-162.80800000000002,2020-07-11T20:14:00Z,55.8057449,-162.8084152,72.05,40,439.2244138545431,96.06312052366067,3180.223774877103,194.90997788706292
1046,202001,2020,9,55.8143669,2020-08-02T06:50:00Z,55.8143669,-166.3595263,2020-08-02T07:14:00Z,55.8226713,-166.3599834,128.3,40,85.29251742658828,5.178207096387992,617.564240928066,37.84935937339243
1046,202001,2020,5,55.8167152,2020-07-15T16:07:01Z,55.8167152,-163.9850162,2020-07-15T16:19:00Z,55.8250235,-163.9849599,93.54,40,249.52505021361796,22.58371438625071,1806.6971509000573,110.72909539020033
1046,202001,2020,11,55.8185372,2020-08-14T16:44:01Z,55.8185372,-167.5618702,2020-08-14T16:52:00Z,55.8102385,-167.561145,133.05,40,55.99965730756635,5.741982886903886,405.4679929824459,24.85037630698624
1046,202001,2020,7,55.8216946,2020-07-24T03:39:01Z,55.8216946,-165.1642193,2020-07-24T03:39:02Z,55.813387,-165.1639873,99.34,40,146.4032435118887,13.270848141462972,1060.039153219339,64.96782067525629
1046,202001,2020,3,55.8223557,2020-07-11T19:25:00Z,55.8223557,-162.8075848,2020-07-11T19:49:00Z,55.8140503,-162.8080002,70.04,40,283.6407094729718,52.61131035391335,2053.713089108204,125.86824107996001
1046,202001,2020,9,55.8226714,2020-08-02T07:15:00Z,55.8226714,-166.3599833,2020-08-02T07:27:00Z,55.8309758,-166.3604407,128.38,40,63.8007530748649,3.8496014296946477,461.95217156335684,28.312186159847844
1046,202001,2020,5,55.8250236,2020-07-15T16:19:01Z,55.8250236,-163.9849598,2020-07-15T16:24:00Z,55.8333319,-163.9849035,93.36,40,144.28967253159368,13.059196864400883,1044.7357491520722,64.02990361045381
1046,202001,2020,11,55.8268357,2020-08-14T16:14:01Z,55.8268357,-167.5625958,2020-08-14T16:44:00Z,55.8185371,-167.5618703,133.13,40,79.8698812043688,8.591374169303997,578.3014037713792,35.44301338527438
1046,202001,2020,7,55.8300021,2020-07-24T03:18:01Z,55.8300021,-165.1644514,2020-07-24T03:39:00Z,55.8216945,-165.1642194,99.02,40,240.29891115575057,21.814984648452597,1739.8948834107348,106.63490913135674
1046,202001,2020,3,55.8306608,2020-07-11T19:08:01Z,55.8306608,-162.8071693,2020-07-11T19:24:00Z,55.8223556,-162.8075849,70.47,40,33.284725144601595,6.916717445864545,240.999523036911,14.77041083617843
1046,202001,2020,9,55.8309759,2020-08-02T07:27:01Z,55.8309759,-166.3604405,2020-08-02T07:40:00Z,55.8392802,-166.36089809999999,128.15,40,109.21904790907833,6.590044516987322,790.8053420384786,48.46698303035217
1046,202001,2020,5,55.833332,2020-07-15T16:24:01Z,55.833332,-163.9849034,2020-07-15T16:34:00Z,55.8416402,-163.984847,93.28,40,266.0643574656073,24.667616912835783,1926.4507358184785,118.0685690375376
1046,202001,2020,11,55.8351341,2020-08-14T06:57:01Z,55.8351341,-167.5633217,2020-08-14T16:14:00Z,55.8268356,-167.5625959,133.66,40,10.003969135967637,0.9855802952311171,72.43418053687033,4.439355695104978
1046,202001,2020,7,55.8383094,2020-07-24T03:14:01Z,55.8383094,-165.1646837,2020-07-24T03:18:00Z,55.830002,-165.1644515,98.75,40,203.14958050741564,18.586813650730175,1470.913513473201,90.14954313896439
1046,202001,2020,3,55.8389659,2020-07-11T18:59:01Z,55.8389659,-162.8067537,2020-07-11T19:08:00Z,55.8306607,-162.8071694,75.52,40,141.40071118303968,21.945697591542142,1023.8180968641574,62.747899753651545
1046,202001,2020,9,55.8392803,2020-08-02T07:40:01Z,55.8392803,-166.360898,2020-08-02T15:46:00Z,55.847584499999996,-166.3613558,128.01,40,160.91154352904653,10.135948845535971,1165.0871405174566,71.40601569885894
1046,202001,2020,5,55.8416403,2020-07-15T16:35:00Z,55.8416403,-163.9848469,2020-07-15T16:44:00Z,55.8499484,-163.9847906,93.17,40,634.3009238929559,62.39401661519118,4592.683864924975,281.477019833106
1046,202001,2020,11,55.8434324,2020-08-14T06:44:01Z,55.8434324,-167.5640479,2020-08-14T06:57:00Z,55.835134,-167.5633218,133.62,40,0.21928843388730299,0.013231396620310948,1.5877675944373129,0.0973113116021312
1046,202001,2020,7,55.8466167,2020-07-24T03:00:01Z,55.8466167,-165.164916,2020-07-24T03:14:00Z,55.8383093,-165.1646838,98.54,40,269.3143866237106,24.67668136237945,1949.9827155345852,119.51080014163104
1046,202001,2020,3,55.8472709,2020-07-11T18:34:01Z,55.8472709,-162.8063379,2020-07-11T18:59:00Z,55.8389658,-162.8067538,78.10000000000001,40,318.99554854461627,38.88441277383298,2309.7013634982354,141.55728450352746
1046,202001,2020,9,55.8475846,2020-08-02T15:46:01Z,55.8475846,-166.3613556,2020-08-02T16:24:00Z,55.8558887,-166.3618136,127.82000000000001,40,166.96640029557483,16.50860471616154,1208.9275984587716,74.09291551874051
1046,202001,2020,5,55.849948499999996,2020-07-15T16:45:00Z,55.849948499999996,-163.9847904,2020-07-15T16:55:00Z,55.8582565,-163.9847341,92.98,40,670.5452788406388,70.14560524718841,4855.112718317168,297.5607943195653
1046,202001,2020,11,55.8517306,2020-08-14T06:19:01Z,55.8517306,-167.5647745,2020-08-14T06:44:00Z,55.8434323,-167.5640481,133.52,40,9.67521174044192,0.7310191376068245,70.0537980889953,4.293466498897077
1046,202001,2020,7,55.8549238,2020-07-24T02:50:00Z,55.8549238,-165.1651485,2020-07-24T03:00:00Z,55.8466166,-165.1649161,98.49000000000001,40,347.43126816264606,31.916430155191843,2515.591447775167,154.17590338519184
1046,202001,2020,3,55.8555758,2020-07-11T18:09:01Z,55.8555758,-162.8059218,2020-07-11T18:34:00Z,55.8472708,-162.80633799999998,79.23,40,225.0605556144643,27.33401093599274,1629.5608968339375,99.87274508058768
1046,202001,2020,9,55.8558888,2020-08-02T16:24:01Z,55.8558888,-166.3618135,2020-08-02T16:49:00Z,55.8641928,-166.3622717,127.63000000000001,40,122.98332182916306,11.683505330124742,890.4661755072453,54.57500945322684
1046,202001,2020,5,55.8582566,2020-07-15T16:55:01Z,55.8582566,-163.9847339,2020-07-15T17:09:00Z,55.8665645,-163.9846776,92.78,40,968.2115396467636,106.60657676631313,7010.378431547546,429.6530061396947
1046,202001,2020,11,55.8600287,2020-08-14T05:55:00Z,55.8600287,-167.5655014,2020-08-14T06:19:00Z,55.8517305,-167.5647746,133.5,40,8.31344688941522,0.6748067368996923,60.19387951793588,3.689170497516578
1046,202001,2020,7,55.8632309,2020-07-24T02:49:01Z,55.8632309,-165.165381,2020-07-24T02:49:02Z,55.8549237,-165.1651486,98.11,40,127.54695060721043,11.58135741214915,923.509331310661,56.6001627829517
1046,202001,2020,3,55.8638806,2020-07-11T17:45:00Z,55.8638806,-162.8055057,2020-07-11T18:09:00Z,55.8555757,-162.805922,79.57000000000001,40,134.50666175325514,16.270400266398987,973.9014273662741,59.68860027136771
1046,202001,2020,9,55.8641929,2020-08-02T16:50:00Z,55.8641929,-166.3622715,2020-08-02T17:30:00Z,55.8724968,-166.3627299,127.33,40,115.0425113218757,10.147588242524105,832.9703861783935,51.05119986623676
1046,202001,2020,5,55.8665646,2020-07-15T17:09:01Z,55.8665646,-163.9846774,2020-07-15T17:15:00Z,55.8748724,-163.984621,92.69,40,378.2394243122998,37.203102203817,2738.659263581284,167.84731336254978
1046,202001,2020,11,55.8683267,2020-08-14T05:36:01Z,55.8683267,-167.5662286,2020-08-14T05:54:00Z,55.8600286,-167.5655015,133.46,40,5.115616848899075,0.44037753580144984,37.03984981904586,2.270103244369761
1046,202001,2020,7,55.8715379,2020-07-24T02:35:01Z,55.8715379,-165.1656137,2020-07-24T02:49:00Z,55.8632308,-165.1653812,97.91,40,170.44424451819725,15.585699283961954,1234.1090832151394,75.63624170723074
1046,202001,2020,3,55.8721853,2020-07-11T17:22:01Z,55.8721853,-162.8050893,2020-07-11T17:44:00Z,55.8638805,-162.8055058,79.86,40,93.27461427666546,11.290281850376852,675.3589658460522,41.391490164546866
1046,202001,2020,9,55.8724969,2020-08-02T17:30:01Z,55.8724969,-166.3627298,2020-08-02T17:50:00Z,55.8808008,-166.3631884,127.06,40,67.31010210209658,5.109868622287048,487.3617682494829,29.869492902642506
1046,202001,2020,5,55.8748725,2020-07-15T17:15:01Z,55.8748725,-163.9846209,2020-07-15T17:34:00Z,55.8831802,-163.9845645,92.5,40,20.6164656277055,2.4879071713318828,149.27443027991293,9.148751146005786
1046,202001,2020,11,55.8766246,2020-08-14T05:29:01Z,55.8766246,-167.5669561,2020-08-14T05:36:00Z,55.8683266,-167.5662287,133.44,40,1.1854327335676271,0.1069407231368435,8.583178083670468,0.5260469605015714
1046,202001,2020,7,55.8798448,2020-07-24T02:25:00Z,55.8798448,-165.1658465,2020-07-24T02:35:00Z,55.8715378,-165.1656138,97.82000000000001,40,123.340755443191,11.163177367277369,893.0541893821944,54.73362399196547
1046,202001,2020,3,55.880489999999995,2020-07-11T17:02:01Z,55.880489999999995,-162.8046727,2020-07-11T17:22:00Z,55.8721852,-162.80508940000001,80.2,40,108.92040219224015,13.161717460514458,788.6429845305724,48.334456175676294
1046,202001,2020,9,55.8808009,2020-08-02T17:50:01Z,55.8808009,-166.3631882,2020-08-02T18:10:00Z,55.8891046,-166.36364700000001,126.88000000000001,40,118.83671461095555,15.626981328001547,860.4424827332192,52.734913375428185
1046,202001,2020,5,55.8831803,2020-07-15T17:34:01Z,55.8831803,-163.9845643,2020-07-15T17:37:00Z,55.8914879,-163.9845079,92.37,40,0,0,0,0
1046,202001,2020,11,55.8849225,2020-08-14T05:05:00Z,55.8849225,-167.56768399999999,2020-08-14T05:29:00Z,55.8766245,-167.5669562,133.49,40,0.18724895800098665,0.015064270596379721,1.355784353674179,0.08309349187368806
1046,202001,2020,7,55.8881516,2020-07-24T02:24:01Z,55.8881516,-165.1660793,2020-07-24T02:24:02Z,55.8798447,-165.1658466,97.71000000000001,40,335.2305997410943,30.340649612546205,2427.251969003705,148.76174165546712
1046,202001,2020,3,55.8887945,2020-07-11T16:54:01Z,55.8887945,-162.804256,2020-07-11T17:02:00Z,55.8804899,-162.8046729,80.52,40,92.85972393797013,11.20972836234381,672.3549340175241,41.2073786621124
1046,202001,2020,9,55.8891047,2020-08-02T18:10:01Z,55.8891047,-166.3636469,2020-08-02T18:29:00Z,55.8974083,-166.3641059,126.69,40,155.80017834175763,24.48112892452304,1128.0780750421513,69.13779916944462
1046,202001,2020,5,55.891487999999995,2020-07-15T17:37:01Z,55.891487999999995,-163.9845077,2020-07-15T17:59:00Z,55.8997956,-163.9844512,92.26,40,12.166330082532612,1.1011356313826777,88.09085051061423,5.398923767790491
1046,202001,2020,11,55.8932202,2020-08-14T04:49:01Z,55.8932202,-167.5684121,2020-08-14T05:04:00Z,55.8849224,-167.5676841,133.46,40,0,0,0,0
1046,202001,2020,7,55.8964583,2020-07-24T02:08:01Z,55.8964583,-165.1663123,2020-07-24T02:24:00Z,55.8881515,-165.1660795,97.67,40,133.9754279204847,12.12568756660578,970.0550053284611,59.452860245695014
1046,202001,2020,3,55.8970989,2020-07-11T16:29:01Z,55.8970989,-162.80383899999998,2020-07-11T16:54:00Z,55.8887944,-162.8042561,80.83,40,81.46036812713344,9.830289910142374,589.8173946085424,36.14880696406296
1046,202001,2020,9,55.8974084,2020-08-02T18:30:00Z,55.8974084,-166.3641058,2020-08-02T19:05:00Z,55.905711999999994,-166.364565,126.45,40,270.7826152525448,47.828800064892135,1960.613489792776,120.16234044893737
1046,202001,2020,5,55.8997957,2020-07-15T17:59:01Z,55.8997957,-163.9844511,2020-07-15T18:05:00Z,55.9081031,-163.9843946,92.10000000000001,40,0,0,0,0
1046,202001,2020,11,55.9015178,2020-08-14T04:39:01Z,55.9015178,-167.5691407,2020-08-14T04:49:00Z,55.8932201,-167.5684123,133.5,40,0.3786425662674579,0.030461980341330325,2.7415782307197296,0.16802621140893945
1046,202001,2020,7,55.904764900000004,2020-07-24T02:00:00Z,55.904764900000004,-165.1665454,2020-07-24T02:08:00Z,55.8964582,-165.1663125,97.53,40,109.50524687730763,10.138392814532343,792.877578313144,48.593986522893324
1046,202001,2020,3,55.9054033,2020-07-11T16:05:00Z,55.9054033,-162.8034219,2020-07-11T16:29:00Z,55.8970988,-162.8038392,81.11,40,49.27220531660571,5.945959660019733,356.7575796011838,21.865006010086812
1046,202001,2020,9,55.9057121,2020-08-02T19:05:01Z,55.9057121,-166.3645649,2020-08-02T19:44:00Z,55.9140156,-166.3650243,126.12,40,283.1386383992737,64.47700108940087,2050.07782131596,125.64544230378671
1046,202001,2020,5,55.9081032,2020-07-15T18:05:01Z,55.9081032,-163.9843945,2020-07-15T18:24:00Z,55.9164106,-163.9843379,91.92,40,0,0,0,0
1046,202001,2020,11,55.9098154,2020-08-14T04:14:01Z,55.9098154,-167.5698695,2020-08-14T04:39:00Z,55.9015177,-167.5691408,133.48,40,1.6511375694851396,0.09962612103738087,11.955134524485679,0.7327078755313103
1046,202001,2020,7,55.9130715,2020-07-24T01:59:01Z,55.9130715,-165.1667786,2020-07-24T01:59:02Z,55.9047648,-165.1665455,97.32000000000001,40,104.8725140950322,9.619519389762548,759.3340719138755,46.53816763927133
1046,202001,2020,3,55.9137076,2020-07-11T15:44:01Z,55.9137076,-162.8030046,2020-07-11T16:04:00Z,55.9054032,-162.8034221,81.49,40,124.95283781994527,15.078775717635477,904.7265430581266,55.44900075722276
1046,202001,2020,9,55.9140157,2020-08-02T19:44:01Z,55.9140157,-166.3650241,2020-08-02T20:09:00Z,55.922318999999995,-166.3654838,126.03,40,426.9310195874084,97.22786202180525,3091.212910523768,189.45466818845927
1046,202001,2020,5,55.9164107,2020-07-15T18:24:01Z,55.9164107,-163.9843378,2020-07-15T18:35:00Z,55.924718,-163.9842812,91.79,40,52.36076919455691,8.0254403849839,379.1204628222879,23.23558537263019
1046,202001,2020,11,55.9181128,2020-08-14T03:49:01Z,55.9181128,-167.5705986,2020-08-14T04:14:00Z,55.9098153,-167.5698696,133.43,40,6.4550292933992335,0.5184865413675329,46.73792480304781,2.8644801544511735
1046,202001,2020,7,55.9213779,2020-07-24T01:42:01Z,55.9213779,-165.1670119,2020-07-24T01:59:00Z,55.9130714,-165.1667787,97.23,40,116.0814409510875,10.850456074935074,840.492802061992,51.512234691871356
1046,202001,2020,3,55.9220117,2020-07-11T15:39:01Z,55.9220117,-162.8025871,2020-07-11T15:44:00Z,55.9137075,-162.8030048,81.67,40,207.67725084239547,25.061605176347165,1503.6963105808252,92.15873957029729
1046,202001,2020,9,55.9223191,2020-08-02T20:10:00Z,55.9223191,-166.3654836,2020-08-02T20:34:00Z,55.9306224,-166.3659434,125.66,40,920.0565681426033,212.99761815769352,6661.7102327283965,408.28378317538034
1046,202001,2020,5,55.9247181,2020-07-15T18:35:01Z,55.9247181,-163.9842811,2020-07-15T18:53:00Z,55.9330252,-163.9842245,91.62,40,0,0,0,0
1046,202001,2020,11,55.9264102,2020-08-14T03:03:01Z,55.9264102,-167.5713281,2020-08-14T03:49:00Z,55.9181127,-167.5705988,133.3,40,46.782047830703824,3.244646454341628,338.72748430125364,20.759975130193197
1046,202001,2020,7,55.9296843,2020-07-24T01:35:00Z,55.9296843,-165.1672453,2020-07-24T01:42:00Z,55.9213778,-165.167012,96.97,40,76.81011146372504,8.057085047323234,556.1470057736682,34.085211692844126
1046,202001,2020,3,55.9303158,2020-07-11T08:25:01Z,55.9303158,-162.8021695,2020-07-11T15:39:00Z,55.9220116,-162.8025873,82.03,40,551.1520861390619,49.88301289227245,3990.641031381794,244.57893854085455
1046,202001,2020,9,55.9306225,2020-08-02T20:35:00Z,55.9306225,-166.3659433,2020-08-02T21:04:00Z,55.9389257,-166.3664033,125.2,40,1031.2814132243204,252.046220972792,7467.038637818011,457.6408576265032
1046,202001,2020,5,55.9330254,2020-07-15T18:53:01Z,55.9330254,-163.9842244,2020-07-15T19:14:00Z,55.9413324,-163.9841678,91.44,40,0,0,0,0
1046,202001,2020,11,55.9347075,2020-08-14T02:20:01Z,55.9347075,-167.5720579,2020-08-14T03:03:00Z,55.9264101,-167.5713282,133.37,40,42.36814356631451,2.9114900285492324,306.7684154542951,18.801263466108328
1046,202001,2020,7,55.9379905,2020-07-24T01:34:01Z,55.9379905,-165.1674788,2020-07-24T01:34:02Z,55.9296842,-165.1672454,96.68,40,113.86553420086446,12.560029369426784,824.4484313310342,50.52890516358882
1046,202001,2020,3,55.9386198,2020-07-11T08:00:01Z,55.9386198,-162.8017516,2020-07-11T08:25:00Z,55.9303157,-162.8021696,82.7,40,10.387059231388932,3.7516064850548707,75.20796129893472,4.6093555395399575
1046,202001,2020,9,55.9389258,2020-08-02T21:04:01Z,55.9389258,-166.3664032,2020-08-02T21:24:00Z,55.9472289,-166.3668634,124.97,40,510.9698833158102,129.05078562501723,3699.7000164596166,226.74770690461136
1046,202001,2020,5,55.9413325,2020-07-15T19:14:01Z,55.9413325,-163.9841676,2020-07-15T19:21:00Z,55.9496395,-163.98411099999998,91.29,40,0,0,0,0
1046,202001,2020,11,55.9430046,2020-08-14T01:55:01Z,55.9430046,-167.5727881,2020-08-14T02:20:00Z,55.9347073,-167.572058,133.37,40,81.85907418461674,5.430435979450711,592.7042434338806,36.325736539005135
1046,202001,2020,7,55.9462967,2020-07-24T01:17:01Z,55.9462967,-165.1677124,2020-07-24T01:34:00Z,55.9379904,-165.1674789,96.55,40,78.65214856547858,9.316087662447694,569.4843567961057,34.90263303702476
1046,202001,2020,3,55.9469237,2020-07-11T06:54:01Z,55.9469237,-162.8013335,2020-07-11T08:00:00Z,55.9386197,-162.8017517,82.2,40,22.062426934473237,8.312793909573443,159.7439770088386,9.79041011904498
1046,202001,2020,9,55.947229,2020-08-02T21:25:00Z,55.947229,-166.3668633,2020-08-02T21:49:00Z,55.955532,-166.3673238,124.77,40,344.3410840616249,80.60497980441428,2493.216833257338,152.80460503337378
1046,202001,2020,5,55.9496397,2020-07-15T19:21:01Z,55.9496397,-163.9841109,2020-07-15T19:39:00Z,55.9579466,-163.9840542,91.22,40,0,0,0,0
1046,202001,2020,11,55.9513017,2020-08-14T01:22:01Z,55.9513017,-167.5735185,2020-08-14T01:55:00Z,55.9430045,-167.5727882,133.4,40,63.66797074204162,4.085844904987064,460.99075521579454,28.253262746808808
1046,202001,2020,7,55.9546028,2020-07-24T01:10:00Z,55.9546028,-165.1679461,2020-07-24T01:17:00Z,55.9462966,-165.1677125,96.3,40,257.19170051370827,30.79183346087445,1862.207871135409,114.1312437984473
1046,202001,2020,3,55.9552275,2020-07-11T06:04:01Z,55.9552275,-162.8009153,2020-07-11T06:54:00Z,55.9469236,-162.8013337,81.4,40,109.76728556199411,13.24624801645567,794.7748809873381,48.710268661651476
1046,202001,2020,9,55.9555321,2020-08-02T21:49:01Z,55.9555321,-166.3673236,2020-08-02T22:14:00Z,55.963834999999996,-166.3677843,124.38000000000001,40,287.42807639836667,65.31184295660454,2081.1356866697156,127.54892088826269
1046,202001,2020,5,55.9579467,2020-07-15T19:39:01Z,55.9579467,-163.9840541,2020-07-15T19:44:00Z,55.9662535,-163.9839974,91.13,40,0,0,0,0
1046,202001,2020,11,55.9595987,2020-08-14T00:55:00Z,55.9595987,-167.5742493,2020-08-14T01:22:00Z,55.9513016,-167.5735186,133.37,40,60.073027277287736,3.6327570224503964,434.9614082229485,26.657972664749607
1046,202001,2020,7,55.9629088,2020-07-24T01:05:00Z,55.9629088,-165.1681799,2020-07-24T01:09:00Z,55.9546027,-165.1679462,96.17,40,171.3227796913225,20.382428530496966,1240.4701559526943,76.02609997959797
1046,202001,2020,3,55.9635312,2020-07-11T05:24:01Z,55.9635312,-162.8004969,2020-07-11T06:04:00Z,55.9552274,-162.8009154,80.55,40,149.26992449469031,18.014852734311418,1080.7954835346045,66.23993740953273
1046,202001,2020,9,55.9638351,2020-08-02T22:14:01Z,55.9638351,-166.3677841,2020-08-02T22:24:00Z,55.9721379,-166.368245,124.05,40,383.21719810409087,86.05490750005072,2774.701054654985,170.05624744972943
1046,202001,2020,5,55.9662536,2020-07-15T19:44:01Z,55.9662536,-163.9839972,2020-07-15T20:04:00Z,55.9745603,-163.9839405,90.99,40,0,0,0,0
1046,202001,2020,11,55.9678956,2020-08-14T00:29:01Z,55.9678956,-167.5749804,2020-08-14T00:54:00Z,55.9595986,-167.5742494,133.35,40,70.97563567810062,4.492454256191369,513.9022260617364,31.49610801261186
1046,202001,2020,7,55.9712147,2020-07-24T00:56:01Z,55.9712147,-165.1684138,2020-07-24T01:04:00Z,55.9629087,-165.16818,96.03,40,85.611171848021,10.294524358395144,619.8714723456385,37.9907652795214
1046,202001,2020,3,55.9718348,2020-07-11T04:50:00Z,55.9718348,-162.8000783,2020-07-11T05:24:00Z,55.9635311,-162.800497,80.06,40,77.2625987242793,9.33218726352843,559.4232597760705,34.28600718409389
1046,202001,2020,9,55.972137999999994,2020-08-02T22:25:00Z,55.972137999999994,-166.3682449,2020-08-02T22:39:00Z,55.9804408,-166.3687059,123.96000000000001,40,1105.9697234367393,209.4689332398285,8007.822647883515,490.784499994128
1046,202001,2020,5,55.9745604,2020-07-15T20:04:01Z,55.9745604,-163.9839404,2020-07-15T20:09:00Z,55.9828671,-163.9838836,90.91,40,0,0,0,0
1046,202001,2020,11,55.9761924,2020-08-14T00:05:00Z,55.9761924,-167.5757118,2020-08-14T00:29:00Z,55.9678955,-167.5749805,133.28,40,105.28664424180907,6.719966152789234,762.3325995392304,46.72194179936931
1046,202001,2020,7,55.9795205,2020-07-24T00:49:01Z,55.9795205,-165.1686478,2020-07-24T00:56:00Z,55.9712146,-165.1684139,95.84,40,129.0493987495999,15.573131224477901,934.3878734686779,57.26688832227149
1046,202001,2020,3,55.9801384,2020-07-11T04:24:01Z,55.9801384,-162.7996595,2020-07-11T04:49:00Z,55.9718347,-162.8000784,79.91,40,7.825110185762853,0.945079595877167,56.65805603883693,3.472466477639748
1046,202001,2020,9,55.9804409,2020-08-02T22:40:00Z,55.9804409,-166.3687058,2020-08-02T23:04:00Z,55.9887435,-166.369167,123.72,40,896.3039516273329,171.06146297191827,6489.728363381723,397.74333548231465
1046,202001,2020,5,55.9828672,2020-07-15T20:09:01Z,55.9828672,-163.9838835,2020-07-15T20:29:00Z,55.9911737,-163.9838267,90.81,40,0,0,0,0
1046,202001,2020,11,55.9844891,2020-08-13T23:40:00Z,55.9844891,-167.5764436,2020-08-14T00:04:00Z,55.9761923,-167.575712,133.26,40,101.39820354991622,8.510113339440815,734.1781729056224,44.9964095535161
1046,202001,2020,7,55.9878262,2020-07-24T00:44:03Z,55.9878262,-165.168882,2020-07-24T00:49:00Z,55.9795204,-165.168648,95.78,40,53.31777802705181,6.423059428181453,386.04972755773036,23.660267071769706
1046,202001,2020,3,55.9884418,2020-07-11T03:38:01Z,55.9884418,-162.7992405,2020-07-11T04:24:00Z,55.9801383,-162.7996596,79.13,40,26.782260339771696,3.2319689886249163,193.9181393174943,11.884880725958919
1046,202001,2020,9,55.9887436,2020-08-02T23:04:01Z,55.9887436,-166.3691669,2020-08-02T23:12:00Z,55.9970462,-166.3696284,123.26,40,466.25907578164833,91.56943985592173,3375.9694390396085,206.9068641989001
1046,202001,2020,5,55.9911738,2020-07-15T20:29:01Z,55.9911738,-163.9838266,2020-07-15T20:29:02Z,55.9994803,-163.9837698,90.71000000000001,40,0,0,0,0
1046,202001,2020,11,55.9927857,2020-08-13T23:20:01Z,55.9927857,-167.5771757,2020-08-13T23:39:00Z,55.984488999999996,-167.5764437,133.24,40,112.34837955904328,9.43118067157563,813.4634061141008,49.85565347638512
1046,202001,2020,7,55.9961319,2020-07-24T00:44:01Z,55.9961319,-165.1691162,2020-07-24T00:44:02Z,55.9878261,-165.1688821,95.68,40,76.66080402849612,9.251098978200039,555.0659386920051,34.01895510969236
1046,202001,2020,3,55.9967452,2020-07-11T03:10:00Z,55.9967452,-162.7988213,2020-07-11T03:38:00Z,55.9884417,-162.7992406,78.13,40,6.177591251424656,0.748350298477923,44.729122402015754,2.7413644055980075
1046,202001,2020,9,55.9970463,2020-08-02T23:12:01Z,55.9970463,-166.3696282,2020-08-02T23:29:00Z,56.0053487,-166.3700899,122.77,40,188.68537490315555,45.369469565138886,1366.184793719904,83.73091542713165
1046,202001,2020,5,55.9994804,2020-07-15T20:32:00Z,55.9994804,-163.9837697,2020-07-15T20:42:00Z,56.0077868,-163.9837129,90.58,40,0,0,0,0
1046,202001,2020,11,56.0010822,2020-08-13T23:00:01Z,56.0010822,-167.5779081,2020-08-13T23:20:00Z,55.9927856,-167.5771758,133.29,40,66.38924672403712,5.776511199518365,480.6942741982575,29.460854640029467
1046,202001,2020,7,56.0044374,2020-07-24T00:26:01Z,56.0044374,-165.1693505,2020-07-24T00:44:00Z,55.9961318,-165.1691163,95.63,40,68.29525475623562,8.241580159483751,494.4948095690253,30.30666368818361
1046,202001,2020,3,56.0050484,2020-07-11T02:45:00Z,56.0050484,-162.7984019,2020-07-11T03:09:00Z,55.9967451,-162.7988214,77.44,40,22.943012951260112,2.9469835152045394,166.11989897053851,10.18117847263752
1046,202001,2020,9,56.0053488,2020-08-02T23:29:01Z,56.0053488,-166.3700898,2020-08-02T23:37:00Z,56.0136512,-166.3705517,122.55,40,188.8101006588503,37.71971152143385,1367.087876064801,83.7862636580532
1046,202001,2020,5,56.0077869,2020-07-15T20:42:01Z,56.0077869,-163.9837127,2020-07-15T20:54:00Z,56.0160932,-163.9836559,90.54,40,0,0,0,0
1046,202001,2020,11,56.0093786,2020-08-13T22:49:01Z,56.0093786,-167.5786408,2020-08-13T23:00:00Z,56.0010821,-167.5779082,133.41,40,133.0840312012556,11.435754118651161,963.6008079980763,59.0572945408909
1046,202001,2020,7,56.0127429,2020-07-24T00:21:00Z,56.0127429,-165.16958499999998,2020-07-24T00:26:00Z,56.0044373,-165.1693507,95.48,40,229.90245148969163,28.194369954655954,1664.6188578492302,102.02138206023551
1046,202001,2020,3,56.0133516,2020-07-11T02:19:01Z,56.0133516,-162.7979824,2020-07-11T02:44:00Z,56.0050483,-162.7984021,77.39,40,39.038962794506176,4.71577402622384,282.6633349819815,17.323908086609574
1046,202001,2020,9,56.0136513,2020-08-02T23:37:01Z,56.0136513,-166.3705515,2020-08-02T23:54:00Z,56.0219536,-166.3710136,122.34,40,338.37146049691506,58.36291630573346,2449.9935100796697,150.15552825100482
1046,202001,2020,5,56.0160933,2020-07-15T20:54:01Z,56.0160933,-163.9836558,2020-07-15T20:59:00Z,56.0243995,-163.9835989,90.38,40,0,0,0,0
1046,202001,2020,11,56.017675,2020-08-13T22:25:00Z,56.017675,-167.5793739,2020-08-13T22:49:00Z,56.0093785,-167.578641,133.39000000000001,40,142.60436355055256,13.749822616330057,1032.5331950124114,63.282031848625074
1046,202001,2020,7,56.0210482,2020-07-24T00:19:01Z,56.0210482,-165.1698195,2020-07-24T00:19:02Z,56.0127428,-165.1695851,95.34,40,90.38946942709036,10.904122250822477,654.4689470876197,40.111179915176514
1046,202001,2020,3,56.0216547,2020-07-11T01:54:01Z,56.0216547,-162.7975627,2020-07-11T02:19:00Z,56.0133515,-162.7979825,77.68,40,1.3490956576598352,0.16280311194534064,9.76818671672044,0.598673927285591
1046,202001,2020,9,56.0219537,2020-08-02T23:54:01Z,56.0219537,-166.3710135,2020-08-03T00:19:00Z,56.0302559,-166.3714758,122.05,40,177.12239465398542,21.182880386650986,1282.462524335709,78.59973384071678
1046,202001,2020,5,56.0243996,2020-07-15T20:59:01Z,56.0243996,-163.9835988,2020-07-15T21:19:00Z,56.0327057,-163.9835419,90.28,40,0,0,0,0
1046,202001,2020,11,56.0259712,2020-08-13T22:05:01Z,56.0259712,-167.5801073,2020-08-13T22:24:00Z,56.0176749,-167.579374,133.25,40,311.44623488762056,34.23099713947454,2255.040224411525,138.20720533776682
1046,202001,2020,7,56.0293535,2020-07-24T00:03:01Z,56.0293535,-165.1700542,2020-07-24T00:19:00Z,56.0210481,-165.1698196,95.24,40,62.766840184735855,7.5782746032115975,454.46607960074306,27.853377559515945
1046,202001,2020,3,56.0299577,2020-07-11T01:07:01Z,56.0299577,-162.7971427,2020-07-11T01:54:00Z,56.0216546,-162.7975628,77.86,40,170.94585306760996,20.64026952381405,1237.7410020798595,75.85883523388831
1046,202001,2020,9,56.030255999999994,2020-08-03T00:19:01Z,56.030255999999994,-166.3714757,2020-08-03T00:25:00Z,56.0385581,-166.3719382,121.75,40,201.9598158499433,29.23960644268337,1462.2989699030998,89.62157384635685
1046,202001,2020,5,56.0327058,2020-07-15T21:19:01Z,56.0327058,-163.9835417,2020-07-15T21:19:02Z,56.0410119,-163.9834848,90.21000000000001,40,0,0,0,0
1046,202001,2020,1,56.0327692,2020-07-06T15:34:00Z,56.0327692,-161.59229,2020-07-06T15:39:00Z,56.0410691,-161.5917145,35.47,40,0,0,0,0
1046,202001,2020,11,56.0342674,2020-08-13T21:47:01Z,56.0342674,-167.580841,2020-08-13T22:05:00Z,56.0259711,-167.5801074,133.05,40,344.412726970828,42.417722373286225,2493.7355669068397,152.8363972503091
1046,202001,2020,7,56.0376587,2020-07-23T23:56:00Z,56.0376587,-165.1702889,2020-07-24T00:03:00Z,56.0293534,-165.1700543,95.07000000000001,40,33.100799775743745,3.982533339139573,239.6678032772747,14.688792218346258
1046,202001,2020,3,56.0382606,2020-07-11T00:14:01Z,56.0382606,-162.7967226,2020-07-11T01:07:00Z,56.0299576,-162.7971429,78.05,40,73.86857009181784,8.914144091725133,534.8486455035085,32.7798749545676
1046,202001,2020,9,56.0385582,2020-08-03T00:25:01Z,56.0385582,-166.371938,2020-08-03T00:44:00Z,56.0468602,-166.37240070000001,121.18,40,241.53534499287804,17.48847337238128,1748.847337238125,107.1835883127766
1046,202001,2020,5,56.041011999999995,2020-07-15T21:20:00Z,56.041011999999995,-163.9834847,2020-07-15T21:27:00Z,56.0493179,-163.9834277,90.19,40,0,0,0,0
1046,202001,2020,1,56.0410692,2020-07-06T15:40:00Z,56.0410692,-161.5917144,2020-07-06T15:52:00Z,56.049369,-161.5911387,34.86,40,0,0,0,0
1046,202001,2020,11,56.0425634,2020-08-13T21:27:01Z,56.0425634,-167.5815751,2020-08-13T21:47:00Z,56.0342673,-167.5808412,132.89000000000001,40,424.9164034286178,49.09609579448979,3076.62599321375,188.56066325937346
1046,202001,2020,7,56.0459638,2020-07-23T23:54:01Z,56.0459638,-165.1705238,2020-07-23T23:54:02Z,56.0376586,-165.170289,94.96000000000001,40,16.45758113771034,1.986030722950968,119.16184337705847,7.303206913010913
1046,202001,2020,3,56.0465634,2020-07-10T23:24:01Z,56.0465634,-162.7963023,2020-07-11T00:14:00Z,56.0382605,-162.7967228,78.28,40,209.183993335953,25.252334556551876,1514.6059461782127,92.82737076846664
1046,202001,2020,9,56.0468603,2020-08-03T00:44:01Z,56.0468603,-166.3724006,2020-08-03T00:53:00Z,56.0551622,-166.3728635,120.81,40,197.38947311211456,14.292072013772458,1429.2072013772427,87.59344113363042
1046,202001,2020,5,56.049318,2020-07-15T21:27:01Z,56.049318,-163.9834276,2020-07-15T21:37:00Z,56.0576239,-163.9833706,90.16,40,0,0,0,0
1046,202001,2020,1,56.0493691,2020-07-06T15:52:01Z,56.0493691,-161.5911385,2020-07-06T16:04:00Z,56.0576688,-161.5905626,39.09,40,0,0,0,0
1046,202001,2020,11,56.0508594,2020-08-13T21:09:01Z,56.0508594,-167.5823095,2020-08-13T21:27:00Z,56.0425633,-167.5815752,132.79,40,503.4247668807086,50.876475561353246,3645.069267543477,223.3994902956685
1046,202001,2020,7,56.0542688,2020-07-23T23:41:01Z,56.0542688,-165.1707587,2020-07-23T23:54:00Z,56.0459637,-165.1705239,94.8,40,31.889814625968878,3.8455357229724694,230.89961179506687,14.15140613205656
1046,202001,2020,3,56.0548662,2020-07-10T22:13:01Z,56.0548662,-162.7958818,2020-07-10T23:24:00Z,56.0465633,-162.7963025,79.31,40,3.010239796892708,0.3632629041931235,21.795774251587385,1.3358223125580153
1046,202001,2020,9,56.0551624,2020-08-03T00:53:01Z,56.0551624,-166.3728634,2020-08-03T01:09:00Z,56.0634642,-166.3733265,120.52,40,205.8774890844071,15.002186130742178,1490.6650560527817,91.36007830879541
1046,202001,2020,5,56.057624,2020-07-15T21:37:01Z,56.057624,-163.9833705,2020-07-15T21:44:00Z,56.0659297,-163.9833135,90.09,40,0,0,0,0
1046,202001,2020,1,56.0576689,2020-07-06T16:05:00Z,56.0576689,-161.5905624,2020-07-06T16:17:00Z,56.0659685,-161.5899862,44.61,40,0,0,0,0
1046,202001,2020,11,56.0591553,2020-08-13T20:45:00Z,56.0591553,-167.5830442,2020-08-13T21:09:00Z,56.0508593,-167.5823096,133.1,40,448.3662412461531,51.335487106480144,3246.415580021725,198.96675004849408
1046,202001,2020,7,56.0625738,2020-07-23T23:33:01Z,56.0625738,-165.1709938,2020-07-23T23:41:00Z,56.0542687,-165.1707589,94.7,40,34.77341645501612,4.196307637419862,251.77845824519179,15.431031651508722
1046,202001,2020,3,56.0631688,2020-07-10T21:44:01Z,56.0631688,-162.7954612,2020-07-10T22:13:00Z,56.0548661,-162.795882,79.93,40,0,0,0,0
1046,202001,2020,9,56.0634643,2020-08-03T01:10:00Z,56.0634643,-166.3733264,2020-08-03T01:17:00Z,56.071766,-166.3737897,120.07000000000001,40,224.0404473779051,16.780137459922226,1622.1747580754306,99.42006242552922
1046,202001,2020,5,56.0659298,2020-07-15T21:45:00Z,56.0659298,-163.9833134,2020-07-15T21:55:00Z,56.0742355,-163.9832564,90.09,40,0,0,0,0
1046,202001,2020,1,56.0659686,2020-07-06T16:17:01Z,56.0659686,-161.589986,2020-07-06T16:27:00Z,56.0742681,-161.5894095,46.800000000000004,40,0,0,0,0
1046,202001,2020,11,56.0674511,2020-08-13T19:59:01Z,56.0674511,-167.5837792,2020-08-13T20:44:00Z,56.0591552,-167.5830443,133.98,40,617.7231435342937,59.715305040522395,4472.651713777823,274.12047338167514
1046,202001,2020,7,56.0708786,2020-07-23T23:29:03Z,56.0708786,-165.17122899999998,2020-07-23T23:33:00Z,56.0625737,-165.1709939,94.63,40,44.443545660750026,5.363257600284524,321.79545601707076,19.72224272767359
1046,202001,2020,3,56.0714714,2020-07-10T21:12:01Z,56.0714714,-162.7950403,2020-07-10T21:44:00Z,56.0631687,-162.7954613,80.21000000000001,40,0,0,0,0
1046,202001,2020,9,56.0717661,2020-08-03T01:17:01Z,56.0717661,-166.3737896,2020-08-03T01:34:00Z,56.0800678,-166.3742531,119.67,40,202.8551562748291,16.034336623599092,1468.7817218085377,90.01888960775639
1046,202001,2020,5,56.0742356,2020-07-15T21:55:01Z,56.0742356,-163.9832562,2020-07-15T22:09:00Z,56.0825412,-163.9831992,89.97,40,0,0,0,0
1046,202001,2020,1,56.0742682,2020-07-06T16:27:01Z,56.0742682,-161.5894094,2020-07-06T16:40:00Z,56.0825676,-161.5888326,47.59,40,0.21734502253987362,0.221665184440892,1.5736962387100157,0.09644890447992972
1046,202001,2020,11,56.0757467,2020-08-13T19:13:01Z,56.0757467,-167.5845146,2020-08-13T19:59:00Z,56.0674509,-167.5837794,134.36,40,301.8422655701875,29.33846333716394,2185.5022602340478,133.94535333627766
1046,202001,2020,7,56.0791834,2020-07-23T23:29:01Z,56.0791834,-165.1714643,2020-07-23T23:29:02Z,56.0708785,-165.1712291,94.56,40,52.9919905709432,6.394847484790449,383.6908490874264,23.515695814200583
1046,202001,2020,3,56.0797738,2020-07-10T20:54:01Z,56.0797738,-162.7946192,2020-07-10T21:12:00Z,56.0714713,-162.7950404,80.45,40,0,0,0,0
1046,202001,2020,9,56.0800679,2020-08-03T01:35:00Z,56.0800679,-166.374253,2020-08-03T01:45:00Z,56.0883695,-166.3747167,119.2,40,128.2170238341382,11.04246611277532,928.3610261162462,56.89751409978095
1046,202001,2020,5,56.0825413,2020-07-15T22:09:01Z,56.0825413,-163.983199,2020-07-15T22:09:02Z,56.0908468,-163.983142,90,40,0,0,0,0
1046,202001,2020,1,56.0825677,2020-07-06T16:40:01Z,56.0825677,-161.5888325,2020-07-06T16:54:00Z,56.090866999999996,-161.5882555,48.32,40,0,0,0,0
1046,202001,2020,11,56.0840423,2020-08-13T18:43:01Z,56.0840423,-167.5852503,2020-08-13T19:13:00Z,56.0757466,-167.5845147,134.7,40,522.3970414169636,48.37465272279478,3782.4388595800324,231.81861613131338
1046,202001,2020,7,56.087488,2020-07-23T23:11:01Z,56.087488,-165.1716996,2020-07-23T23:29:00Z,56.0791833,-165.1714644,94.46000000000001,40,42.341030445638125,5.109535028434871,306.572101706092,18.789231762986216
1046,202001,2020,3,56.0880762,2020-07-10T20:29:01Z,56.0880762,-162.794198,2020-07-10T20:54:00Z,56.0797737,-162.7946194,80.58,40,3.1297064413599154,0.3776796294879518,22.66077776927714,1.3888367632507677
1046,202001,2020,9,56.0883696,2020-08-03T01:45:01Z,56.0883696,-166.3747166,2020-08-03T01:59:00Z,56.096671,-166.3751806,118.78,40,114.35028912149109,10.549251048220684,827.9583207518805,50.744019733452575
1046,202001,2020,5,56.0908469,2020-07-15T22:10:00Z,56.0908469,-163.9831418,2020-07-15T22:17:00Z,56.0991524,-163.9830847,89.98,40,0,0,0,0
1046,202001,2020,1,56.0908671,2020-07-06T16:54:01Z,56.0908671,-161.5882553,2020-07-06T17:00:00Z,56.0991664,-161.5876781,49.32,40,0,0,0,0
1046,202001,2020,11,56.0923379,2020-08-13T18:15:00Z,56.0923379,-167.5859863,2020-08-13T18:43:00Z,56.0840422,-167.5852504,134.95,40,431.6357435709648,38.220995765071756,3125.277672396717,191.54243384691242
1046,202001,2020,7,56.0957926,2020-07-23T23:04:03Z,56.0957926,-165.1719351,2020-07-23T23:11:00Z,56.0874879,-165.1716998,94.39,40,51.102241131549775,6.166800579603704,370.0080347762212,22.677101670009314
1046,202001,2020,3,56.0963785,2020-07-10T20:04:01Z,56.0963785,-162.7937766,2020-07-10T20:29:00Z,56.0880761,-162.7941981,80.59,40,26.394138099678308,3.1920705610593765,191.1079230895951,11.712647819845618
1046,202001,2020,9,56.0966712,2020-08-03T02:00:00Z,56.0966712,-166.3751804,2020-08-03T02:24:00Z,56.1049725,-166.3756446,118.24000000000001,40,86.17938099776312,8.320714486420716,623.9856157996746,38.242913450975585
1046,202001,2020,5,56.0991525,2020-07-15T22:17:01Z,56.0991525,-163.9830846,2020-07-15T22:34:00Z,56.1074578,-163.9830275,89.95,40,0,0,0,0
1046,202001,2020,1,56.0991665,2020-07-06T17:00:01Z,56.0991665,-161.5876779,2020-07-06T17:19:00Z,56.1074656,-161.5871004,50.29,40,0,0,0,0
1046,202001,2020,11,56.1006333,2020-08-13T17:50:00Z,56.1006333,-167.5867227,2020-08-13T18:14:00Z,56.0923377,-167.5859865,135.15,40,638.7852988856025,54.72523859573444,4625.153180193507,283.4670035477715
1046,202001,2020,7,56.1040971,2020-07-23T23:04:01Z,56.1040971,-165.1721707,2020-07-23T23:04:02Z,56.0957925,-165.1719353,94.23,40,115.66721342810874,13.958226156332454,837.4935693799449,51.32841732016501
1046,202001,2020,3,56.1046807,2020-07-10T19:39:01Z,56.1046807,-162.7933549,2020-07-10T20:04:00Z,56.0963784,-162.7937767,80.62,40,14.179378949269216,1.7111069962211243,102.66641977326746,6.2922331962393985
1046,202001,2020,9,56.1049726,2020-08-03T02:24:01Z,56.1049726,-166.3756445,2020-08-03T02:33:00Z,56.113274,-166.3761088,117.72,40,113.14197208013717,11.30996462779316,819.2094478265801,50.20781764544922
1046,202001,2020,5,56.1074579,2020-07-15T22:34:01Z,56.1074579,-163.9830273,2020-07-15T22:34:02Z,56.1157631,-163.9829702,90.04,40,0,0,0,0
1046,202001,2020,1,56.1074657,2020-07-06T17:19:01Z,56.1074657,-161.5871002,2020-07-06T17:19:02Z,56.1157648,-161.5865225,50.52,40,0,0,0,0
1046,202001,2020,11,56.1089286,2020-08-13T17:30:01Z,56.1089286,-167.5874594,2020-08-13T17:49:00Z,56.1006332,-167.5867228,135.2,40,418.4631645634018,35.362507087187375,3029.90103208507,185.69697762432193
1046,202001,2020,7,56.1124015,2020-07-23T22:45:01Z,56.1124015,-165.1724064,2020-07-23T23:04:00Z,56.104096999999996,-165.1721709,94.18,40,141.3319587446114,16.98520735444108,1023.3202917960111,62.7173902103952
1046,202001,2020,3,56.1129828,2020-07-10T18:56:01Z,56.1129828,-162.7929331,2020-07-10T19:39:00Z,56.1046806,-162.7933551,80.71000000000001,40,240.66656681857643,29.042703853487083,1742.5569104816486,106.79805980069813
1046,202001,2020,9,56.1132741,2020-08-03T02:33:01Z,56.1132741,-166.3761087,2020-08-03T02:53:00Z,56.1215753,-166.3765733,116.92,40,131.97096859991794,12.910574490309987,955.5416290543648,58.563362509404406
1046,202001,2020,5,56.1157632,2020-07-15T22:35:00Z,56.1157632,-163.9829701,2020-07-15T22:43:00Z,56.1240684,-163.9829129,89.97,40,0,0,0,0
1046,202001,2020,1,56.1157649,2020-07-06T17:20:00Z,56.1157649,-161.5865223,2020-07-06T17:30:00Z,56.1240639,-161.5859443,51.63,40,0,0,0,0
1046,202001,2020,11,56.1172238,2020-08-13T17:24:01Z,56.1172238,-167.5881964,2020-08-13T17:30:00Z,56.1089285,-167.5874595,135.2,40,354.1010261501448,29.834223911742612,2563.884125175254,157.13567142369155
1046,202001,2020,7,56.1207059,2020-07-23T22:40:00Z,56.1207059,-165.1726422,2020-07-23T22:45:00Z,56.1124014,-165.1724066,93.99,40,59.26892651391644,7.152321351966188,429.1392811179713,26.301145364025896
1046,202001,2020,3,56.1212848,2020-07-10T18:31:01Z,56.1212848,-162.7925111,2020-07-10T18:56:00Z,56.1129827,-162.7929333,80.88,40,0,0,0,0
1046,202001,2020,9,56.1215754,2020-08-03T02:53:01Z,56.1215754,-166.3765731,2020-08-03T03:14:00Z,56.1298765,-166.3770379,116.16,40,113.1008073891713,10.8877505662293,818.9113930628517,50.189550425429566
1046,202001,2020,1,56.124064,2020-07-06T17:30:01Z,56.124064,-161.5859441,2020-07-06T17:44:00Z,56.1323629,-161.5853658,52.96,40,0,0,0,0
1046,202001,2020,5,56.1240685,2020-07-15T22:43:01Z,56.1240685,-163.9829128,2020-07-15T22:59:00Z,56.1323736,-163.9828556,89.95,40,0,0,0,0
1046,202001,2020,11,56.125519,2020-08-13T17:00:00Z,56.125519,-167.5889338,2020-08-13T17:24:00Z,56.1172237,-167.5881965,135.3,40,348.47273924443897,29.082355705910793,2523.1322651584683,154.6380660043888
1046,202001,2020,7,56.1290101,2020-07-23T22:39:01Z,56.1290101,-165.1728782,2020-07-23T22:39:02Z,56.1207057,-165.1726424,93.88,40,138.80046386537728,16.608483103094677,1004.9908912732386,61.59401547217736
1046,202001,2020,3,56.1295868,2020-07-10T18:08:01Z,56.1295868,-162.792089,2020-07-10T18:31:00Z,56.1212847,-162.7925113,81.25,40,1.976328194562472,0.2384948602222946,14.309691613337678,0.8770142836989887
1046,202001,2020,9,56.1298766,2020-08-03T03:14:01Z,56.1298766,-166.3770378,2020-08-03T03:39:00Z,56.1381776,-166.3775028,115.52,40,106.83538533707626,9.707949792025468,773.5463278679317,47.40921027331913
1046,202001,2020,1,56.132363,2020-07-06T17:44:01Z,56.132363,-161.5853657,2020-07-06T17:55:00Z,56.1406618,-161.5847871,54.730000000000004,40,0,0,0,0
1046,202001,2020,5,56.1323737,2020-07-15T22:59:01Z,56.1323737,-163.9828554,2020-07-15T22:59:02Z,56.1406787,-163.9827982,89.97,40,0,0,0,0
1046,202001,2020,11,56.133814,2020-08-13T16:40:01Z,56.133814,-167.5896715,2020-08-13T16:59:00Z,56.1255189,-167.5889339,135.16,40,353.98470214874834,30.224375589427463,2563.0418761035703,157.08405155051338
1046,202001,2020,7,56.1373142,2020-07-23T22:20:01Z,56.1373142,-165.1731142,2020-07-23T22:39:00Z,56.12901,-165.1728783,93.76,40,73.48789154975455,8.864134696600217,532.0923257000828,32.61094525968909
1046,202001,2020,3,56.1378886,2020-07-10T17:59:01Z,56.1378886,-162.7916666,2020-07-10T18:08:00Z,56.1295867,-162.7920891,81.53,40,0,0,0,0
1046,202001,2020,9,56.1381777,2020-08-03T03:39:01Z,56.1381777,-166.3775027,2020-08-03T03:51:00Z,56.1464787,-166.3779679,114.92,40,96.70436855847882,9.228150718092067,700.1922532612222,42.91347598805732
1046,202001,2020,1,56.1406619,2020-07-06T17:55:01Z,56.1406619,-161.584787,2020-07-06T18:09:00Z,56.1489606,-161.5842081,56.33,40,0,0,0,0
1046,202001,2020,5,56.1406788,2020-07-15T23:00:00Z,56.1406788,-163.9827981,2020-07-15T23:08:00Z,56.1489837,-163.9827408,89.93,40,0,0,0,0
1046,202001,2020,11,56.142109,2020-08-13T16:25:01Z,56.142109,-167.5904095,2020-08-13T16:40:00Z,56.1338139,-167.5896716,134.93,40,324.5497981902162,27.21330064028234,2349.917153462018,144.02203519009024
1046,202001,2020,7,56.1456183,2020-07-23T22:15:00Z,56.1456183,-165.1733503,2020-07-23T22:20:00Z,56.1373141,-165.1731143,93.67,40,107.14487231413479,12.208648490763855,775.7871819994652,47.546548039508934
1046,202001,2020,3,56.1461904,2020-07-10T17:34:01Z,56.1461904,-162.791244,2020-07-10T17:59:00Z,56.1378885,-162.7916667,81.7,40,0,0,0,0
1046,202001,2020,9,56.1464788,2020-08-03T03:51:01Z,56.1464788,-166.3779677,2020-08-03T04:11:00Z,56.1547797,-166.3784331,114.41,40,80.14388626640992,8.500897703897264,580.2853495295229,35.56460571689068
1046,202001,2020,1,56.1489607,2020-07-06T18:09:01Z,56.1489607,-161.584208,2020-07-06T18:18:00Z,56.1572593,-161.5836289,57.46,40,0,0,0,0
1046,202001,2020,5,56.1489838,2020-07-15T23:08:01Z,56.1489838,-163.9827407,2020-07-15T23:24:00Z,56.1572886,-163.9826834,89.71000000000001,40,0,0,0,0
1046,202001,2020,11,56.1504039,2020-08-13T16:13:00Z,56.1504039,-167.5911478,2020-08-13T16:25:00Z,56.1421089,-167.5904096,134.75,40,292.73234593108504,22.967514107830535,2119.5414845812443,129.9027405410827
1046,202001,2020,7,56.1539223,2020-07-23T22:14:01Z,56.1539223,-165.1735865,2020-07-23T22:14:02Z,56.1456182,-165.1733504,93.54,40,202.28622510378196,19.964450185916217,1464.6623505273412,89.76642103253558
1046,202001,2020,3,56.1544921,2020-07-10T17:13:01Z,56.1544921,-162.7908212,2020-07-10T17:34:00Z,56.1461903,-162.7912441,81.78,40,0,0,0,0
1046,202001,2020,9,56.1547798,2020-08-03T04:11:01Z,56.1547798,-166.378433,2020-08-03T04:29:00Z,56.1630805,-166.3788986,113.81,40,48.272694183764195,5.274520937064358,349.52057508219184,21.42146351414411
1046,202001,2020,1,56.1572594,2020-07-06T18:18:01Z,56.1572594,-161.5836288,2020-07-06T18:34:00Z,56.1655579,-161.5830494,56.620000000000005,40,0,0,0,0
1046,202001,2020,5,56.1572887,2020-07-15T23:24:01Z,56.1572887,-163.9826833,2020-07-15T23:24:02Z,56.1655934,-163.98262599999998,89.52,40,0,0,0,0
1046,202001,2020,7,56.1622262,2020-07-23T21:52:01Z,56.1622262,-165.1738229,2020-07-23T22:14:00Z,56.1539222,-165.1735867,93.44,40,105.92638506571933,12.36258117827499,766.964671240583,47.00583282616249
1046,202001,2020,3,56.1627936,2020-07-10T16:52:01Z,56.1627936,-162.7903983,2020-07-10T17:13:00Z,56.154492,-162.7908214,81.64,40,0.47742178476163577,0.057613225443566674,3.4567935266139997,0.2118604216329129
1046,202001,2020,9,56.1630806,2020-08-03T04:30:00Z,56.1630806,-166.3788985,2020-08-03T04:54:00Z,56.1713813,-166.3793643,113.17,40,41.233040592430385,4.652002039342962,298.54965221934555,18.297550811345555
1046,202001,2020,1,56.165558,2020-07-06T18:34:01Z,56.165558,-161.5830493,2020-07-06T18:38:00Z,56.1738565,-161.5824697,54.81,40,0,0,0,0
1046,202001,2020,5,56.1655935,2020-07-15T23:26:00Z,56.1655935,-163.9826258,2020-07-15T23:33:00Z,56.173898199999996,-163.9825685,89.27,40,0,0,0,0
1046,202001,2020,11,56.1669933,2020-08-13T07:13:00Z,56.1669933,-167.5926255,2020-08-13T07:22:00Z,56.1586985,-167.5918866,135.11,40,77.57516171229632,4.680719882507148,561.6863859008571,34.42470995916979
1046,202001,2020,7,56.17053,2020-07-23T21:49:01Z,56.17053,-165.1740593,2020-07-23T21:52:00Z,56.162226,-165.173823,93.23,40,123.55874228069058,14.49720274293766,894.6325327104774,54.83035770788952
1046,202001,2020,3,56.1710951,2020-07-10T16:44:01Z,56.1710951,-162.7899752,2020-07-10T16:52:00Z,56.1627935,-162.7903984,81.45,40,0,0,0,0
1046,202001,2020,9,56.1713814,2020-08-03T04:54:01Z,56.1713814,-166.3793642,2020-08-03T05:07:00Z,56.179682,-166.3798302,112.57000000000001,40,41.46590407532091,4.533556923113544,300.23571055588053,18.4008861790283
1046,202001,2020,1,56.1738566,2020-07-06T18:38:01Z,56.1738566,-161.5824695,2020-07-06T18:59:00Z,56.1821549,-161.5818896,54.94,40,0,0,0,0
1046,202001,2020,5,56.1738983,2020-07-15T23:33:01Z,56.1738983,-163.9825684,2020-07-15T23:49:00Z,56.1822028,-163.982511,89.17,40,0,0,0,0
1046,202001,2020,11,56.1752879,2020-08-13T07:00:01Z,56.1752879,-167.5933648,2020-08-13T07:12:00Z,56.1669932,-167.5926256,134.83,40,120.31674955453117,7.297629911120737,871.1587411349365,53.3916928462978
1046,202001,2020,7,56.1788337,2020-07-23T21:35:01Z,56.1788337,-165.1742959,2020-07-23T21:49:00Z,56.1705299,-165.1740595,93.15,40,155.36073236922567,18.19258959525903,1124.8962470618812,68.94279087280397
1046,202001,2020,3,56.1793966,2020-07-10T16:22:01Z,56.1793966,-162.7895518,2020-07-10T16:44:00Z,56.171094999999994,-162.7899753,81.37,40,0,0,0,0
1046,202001,2020,9,56.1796821,2020-08-03T05:07:01Z,56.1796821,-166.3798301,2020-08-03T05:29:00Z,56.1879827,-166.3802964,112.01,40,72.09537551234777,7.357392978391872,522.0097518053511,31.99300312920402
1046,202001,2020,1,56.182154999999995,2020-07-06T18:59:01Z,56.182154999999995,-161.5818895,2020-07-06T18:59:02Z,56.1904533,-161.5813094,54.480000000000004,40,0,0,0,0
1046,202001,2020,5,56.1822029,2020-07-15T23:49:01Z,56.1822029,-163.9825109,2020-07-15T23:53:00Z,56.1905074,-163.9824535,89.12,40,0,0,0,0
1046,202001,2020,11,56.1835825,2020-08-13T06:47:01Z,56.1835825,-167.5941045,2020-08-13T07:00:00Z,56.1752878,-167.593365,134.43,40,393.94152043194043,27.226276426319803,2852.3509843052234,174.81526667052148
1046,202001,2020,7,56.1871373,2020-07-23T21:25:00Z,56.1871373,-165.1745325,2020-07-23T21:35:00Z,56.1788336,-165.174296,92.94,40,188.7632768571087,22.657552732742776,1366.7488462594636,83.7654851542311
1046,202001,2020,3,56.1876979,2020-07-10T16:07:01Z,56.1876979,-162.7891283,2020-07-10T16:22:00Z,56.1793965,-162.78955200000001,81.29,40,40.471240718108376,4.883896776175334,293.03380657052077,17.95949492926146
1046,202001,2020,9,56.1879828,2020-08-03T05:29:01Z,56.1879828,-166.3802962,2020-08-03T05:59:00Z,56.1962832,-166.3807627,111.38,40,154.16778914230514,13.325412372519335,1116.2586889192512,68.41341106001286
1046,202001,2020,1,56.1904534,2020-07-06T19:00:00Z,56.1904534,-161.5813092,2020-07-06T19:24:00Z,56.1987516,-161.5807288,57.19,40,0,0,0,0
1046,202001,2020,5,56.1905075,2020-07-15T23:53:01Z,56.1905075,-163.9824534,2020-07-16T00:01:00Z,56.1988119,-163.982396,89.01,40,0,0,0,0
1046,202001,2020,11,56.1918769,2020-08-13T06:32:01Z,56.1918769,-167.5948445,2020-08-13T06:47:00Z,56.1835824,-167.5941046,133.94,40,528.5708167718683,44.17739002097907,3827.1403528146966,234.55828719682634
1046,202001,2020,7,56.1954408,2020-07-23T21:15:01Z,56.1954408,-165.1747693,2020-07-23T21:24:00Z,56.1871372,-165.1745327,92.79,40,201.97506884525956,24.367407776389324,1462.4094098896144,89.62834250694591
1046,202001,2020,3,56.1959991,2020-07-10T15:55:00Z,56.1959991,-162.7887046,2020-07-10T16:07:00Z,56.1876978,-162.7891285,81.15,40,0,0,0,0
1046,202001,2020,9,56.1962833,2020-08-03T06:00:00Z,56.1962833,-166.3807626,2020-08-03T06:34:00Z,56.2045836,-166.3812292,110.66,40,119.74800771405175,13.083137448269202,867.0407407100806,53.1393082883028
1046,202001,2020,1,56.1987517,2020-07-06T19:26:00Z,56.1987517,-161.5807287,2020-07-06T19:36:00Z,56.2070498,-161.580148,60.36,40,0,0,0,0
1046,202001,2020,5,56.198812,2020-07-16T00:01:01Z,56.198812,-163.9823958,2020-07-16T00:14:00Z,56.2071163,-163.9823384,88.98,40,0,0,0,0
1046,202001,2020,11,56.2001712,2020-08-13T06:20:01Z,56.2001712,-167.5955848,2020-08-13T06:32:00Z,56.1918768,-167.5948446,133.38,40,498.96008835386806,40.715276059125834,3612.742565405869,221.41824707354763
1046,202001,2020,7,56.2037443,2020-07-23T20:57:01Z,56.2037443,-165.1750062,2020-07-23T21:15:00Z,56.1954407,-165.1747694,92.65,40,191.36319499984367,22.89609838718753,1385.573668444776,84.91922336122535
1046,202001,2020,3,56.2043003,2020-07-10T15:37:01Z,56.2043003,-162.7882807,2020-07-10T15:54:00Z,56.195999,-162.7887047,80.83,40,0,0,0,0
1046,202001,2020,9,56.2045837,2020-08-03T06:35:00Z,56.2045837,-166.3812291,2020-08-03T07:08:00Z,56.212883999999995,-166.38169599999998,110.12,40,121.40197389452808,15.551280111648733,879.0163559174252,53.8732713866504
1046,202001,2020,1,56.2070499,2020-07-06T19:36:01Z,56.2070499,-161.5801479,2020-07-06T19:49:00Z,56.2153479,-161.579567,60.29,40,0,0,0,0
1046,202001,2020,5,56.2071164,2020-07-16T00:14:01Z,56.2071164,-163.9823383,2020-07-16T00:21:00Z,56.2154206,-163.9822808,88.98,40,0,0,0,0
1046,202001,2020,11,56.2084655,2020-08-13T06:07:01Z,56.2084655,-167.5963255,2020-08-13T06:20:00Z,56.2001711,-167.595585,133,40,280.59823821595984,25.52801137247318,2031.6839415455324,124.51811575285876
1046,202001,2020,7,56.2120477,2020-07-23T20:44:01Z,56.2120477,-165.1752432,2020-07-23T20:57:00Z,56.2037442,-165.1750063,92.49,40,247.57492330995,29.552646401857867,1792.5771708910997,109.86370817655433
1046,202001,2020,3,56.2126013,2020-07-10T08:25:00Z,56.2126013,-162.7878566,2020-07-10T15:37:00Z,56.2043002,-162.7882808,80.38,40,0.3420520994491899,0.041277388983936826,2.476643339036217,0.15178884651421898
1046,202001,2020,9,56.2128841,2020-08-03T07:08:01Z,56.2128841,-166.3816958,2020-08-03T07:53:00Z,56.2211843,-166.3821629,109.57000000000001,40,33.779223265674304,3.5165378363178297,244.57995853107343,14.98984904317071
1046,202001,2020,1,56.215348,2020-07-06T19:51:00Z,56.215348,-161.5795668,2020-07-06T20:01:00Z,56.2236459,-161.5789857,60.77,40,0,0,0,0
1046,202001,2020,5,56.2154207,2020-07-16T00:21:01Z,56.2154207,-163.9822807,2020-07-16T00:39:00Z,56.2237249,-163.9822232,88.99,40,0,0,0,0
1046,202001,2020,11,56.2167596,2020-08-13T05:54:01Z,56.2167596,-167.5970665,2020-08-13T06:07:00Z,56.2084654,-167.5963256,132.6,40,270.6902457627814,22.56282276192412,1959.944684420959,120.12135061631571
1046,202001,2020,7,56.220351,2020-07-23T20:34:01Z,56.220351,-165.1754802,2020-07-23T20:44:00Z,56.2120476,-165.1752433,92.32000000000001,40,149.32273975085195,18.509732317443145,1081.1778947303924,66.26337467778524
1046,202001,2020,3,56.2209023,2020-07-10T08:00:00Z,56.2209023,-162.7874323,2020-07-10T08:24:00Z,56.2126012,-162.7878568,80.72,40,142.63074396549806,17.239392706880725,1032.7242035723966,63.29373840666576
1046,202001,2020,1,56.223645999999995,2020-07-06T20:01:01Z,56.223645999999995,-161.5789855,2020-07-06T20:14:00Z,56.2319438,-161.5784041,61.01,40,0,0,0,0
1046,202001,2020,5,56.223724999999995,2020-07-16T00:39:01Z,56.223724999999995,-163.982223,2020-07-16T00:39:02Z,56.232029,-163.9821655,88.99,40,0,0,0,0
1046,202001,2020,11,56.2250537,2020-08-13T05:44:01Z,56.2250537,-167.5978079,2020-08-13T05:54:00Z,56.2167595,-167.5970666,132.24,40,991.5814699254014,104.71828084194085,7179.589444289559,440.0236332044734
1046,202001,2020,7,56.2286542,2020-07-23T20:19:01Z,56.2286542,-165.1757174,2020-07-23T20:34:00Z,56.2203509,-165.1754804,92.13,40,157.55618788455877,21.583062543106003,1140.7925397230165,69.9170449726394
1046,202001,2020,3,56.2292032,2020-07-10T07:38:01Z,56.2292032,-162.7870079,2020-07-10T07:59:00Z,56.2209022,-162.7874325,80.53,40,329.4934336014326,40.05546067779729,2385.7117640828233,146.21582004878206
1046,202001,2020,9,56.2294845,2020-08-03T15:46:00Z,56.2294845,-166.38263,2020-08-03T16:02:00Z,56.2377845,-166.3830975,108.47,40,145.38391263368968,24.763132179263376,1052.6586429583851,64.51548298030482
1046,202001,2020,1,56.2319439,2020-07-06T20:17:00Z,56.2319439,-161.5784039,2020-07-06T20:27:00Z,56.2402416,-161.5778223,62.04,40,0,0,0,0
1046,202001,2020,5,56.2320291,2020-07-16T00:40:00Z,56.2320291,-163.9821654,2020-07-16T00:49:00Z,56.2403331,-163.9821079,88.81,40,0,0,0,0
1046,202001,2020,11,56.2333477,2020-08-13T05:29:01Z,56.2333477,-167.5985495,2020-08-13T05:44:00Z,56.2250536,-167.597808,132.04,40,712.2135847507208,79.10983366227671,5156.813928300408,316.0514982225024
1046,202001,2020,7,56.2369573,2020-07-23T20:09:01Z,56.2369573,-165.1759547,2020-07-23T20:19:00Z,56.2286541,-165.1757176,92.03,40,183.75787566172036,26.905324566440235,1330.5070177493483,81.54429114603076
1046,202001,2020,3,56.237503999999994,2020-07-10T07:20:01Z,56.237503999999994,-162.7865832,2020-07-10T07:38:00Z,56.2292031,-162.78700800000001,80.54,40,170.99763469489812,20.710110751416426,1238.1159292401203,75.88181381957558
1046,202001,2020,9,56.2377846,2020-08-03T16:02:01Z,56.2377846,-166.3830974,2020-08-03T17:05:00Z,56.2460845,-166.3835651,107.97,40,73.38266439777992,12.937232367070603,531.3304238569327,32.564249718144616
1046,202001,2020,1,56.2402417,2020-07-06T20:27:01Z,56.2402417,-161.5778221,2020-07-06T20:39:00Z,56.2485394,-161.5772401,62.370000000000005,40,0,0,0,0
1046,202001,2020,5,56.2403332,2020-07-16T00:49:01Z,56.2403332,-163.9821077,2020-07-16T00:59:00Z,56.2486371,-163.9820502,88.59,40,0,0,0,0
1046,202001,2020,11,56.2416415,2020-08-13T05:19:01Z,56.2416415,-167.5992915,2020-08-13T05:29:00Z,56.2333475,-167.5985496,132,40,946.3807405141923,100.74540463360152,6852.311565872447,419.9653830432346
1046,202001,2020,7,56.2452603,2020-07-23T19:54:01Z,56.2452603,-165.1761921,2020-07-23T20:09:00Z,56.2369572,-165.1759549,91.75,40,127.85141612379614,21.71276115625408,925.7138273357767,56.73527222867743
1046,202001,2020,3,56.2458047,2020-07-10T07:09:01Z,56.2458047,-162.7861583,2020-07-10T07:20:00Z,56.2375039,-162.7865833,80.73,40,73.4026715148578,8.857921437868606,531.4752862721147,32.57312806512222
1046,202001,2020,9,56.2460846,2020-08-03T17:05:01Z,56.2460846,-166.3835649,2020-08-03T19:04:00Z,56.2543845,-166.3840329,107.45,40,28.94960130631986,4.7256784942910794,209.61086734595992,12.846658729500234
1046,202001,2020,1,56.2485395,2020-07-06T20:40:00Z,56.2485395,-161.57724,2020-07-06T20:49:00Z,56.2568371,-161.5766578,61.95,40,0,0,0,0
1046,202001,2020,5,56.2486372,2020-07-16T00:59:01Z,56.2486372,-163.98205,2020-07-16T01:07:00Z,56.256941,-163.9819924,88.39,40,0,0,0,0
1046,202001,2020,11,56.2499353,2020-08-13T05:04:01Z,56.2499353,-167.6000339,2020-08-13T05:19:00Z,56.2416414,-167.5992917,131.96,40,454.9131980750875,45.72935879333201,3293.819110207472,201.87202391420806
1046,202001,2020,7,56.2535633,2020-07-23T19:44:01Z,56.2535633,-165.1764297,2020-07-23T19:54:00Z,56.2452602,-165.1761923,91.58,40,153.76054737418173,27.39954779461065,1113.3100369038875,68.23269368293667
1046,202001,2020,3,56.2541054,2020-07-10T06:45:00Z,56.2541054,-162.7857333,2020-07-10T07:09:00Z,56.2458046,-162.7861585,80.94,40,39.26138263518591,4.737896261094257,284.27377566565514,17.422608989521784
1046,202001,2020,9,56.2543846,2020-08-03T19:05:00Z,56.2543846,-166.3840327,2020-08-03T20:19:00Z,56.2626843,-166.3845009,107.06,40,59.33014420582987,10.553932906057403,429.58253052106727,26.328311292423255
1046,202001,2020,1,56.2568372,2020-07-06T20:49:01Z,56.2568372,-161.5766576,2020-07-06T20:59:00Z,56.2651346,-161.5760752,62.17,40,0,0,0,0
1046,202001,2020,5,56.2569411,2020-07-16T01:07:01Z,56.2569411,-163.9819923,2020-07-16T01:17:00Z,56.2652448,-163.9819347,88.29,40,0,0,0,0
1046,202001,2020,11,56.258229,2020-08-13T04:56:00Z,56.258229,-167.6007765,2020-08-13T05:04:00Z,56.2499352,-167.600034,131.88,40,479.8917745739044,47.23019066339892,3474.677596981915,212.95650291734256
1046,202001,2020,7,56.2618661,2020-07-23T19:24:01Z,56.2618661,-165.1766673,2020-07-23T19:44:00Z,56.2535631,-165.1764298,91.34,40,208.90316075595743,35.48792458895492,1512.572565474658,92.70274866133799
1046,202001,2020,3,56.2624059,2020-07-10T06:27:01Z,56.2624059,-162.7853081,2020-07-10T06:44:00Z,56.2541053,-162.7857334,81.11,40,0,0,0,0
1046,202001,2020,9,56.2626844,2020-08-03T20:19:01Z,56.2626844,-166.3845008,2020-08-03T20:59:00Z,56.2709841,-166.3849691,106.51,40,79.18651237740617,13.247590450799551,573.3534415862987,35.13976202048092
1046,202001,2020,1,56.2651347,2020-07-06T21:02:00Z,56.2651347,-161.576075,2020-07-06T21:12:00Z,56.2734321,-161.5754923,62.33,40,0,0,0,0
1046,202001,2020,5,56.2652449,2020-07-16T01:17:01Z,56.2652449,-163.9819346,2020-07-16T01:25:00Z,56.2735485,-163.9818769,88.23,40,0,0,0,0
1046,202001,2020,11,56.2665227,2020-08-13T04:54:01Z,56.2665227,-167.6015195,2020-08-13T04:54:02Z,56.2582289,-167.6007767,131.5,40,380.5708557694622,35.719947211637006,2755.5400960570937,168.8819080695535
1046,202001,2020,7,56.2701689,2020-07-23T19:09:01Z,56.2701689,-165.17690499999998,2020-07-23T19:24:00Z,56.261866,-165.1766674,91.09,40,390.6095845884978,56.286088834362104,2828.225955615014,173.33668870198994
1046,202001,2020,3,56.2707064,2020-07-10T06:12:01Z,56.2707064,-162.7848826,2020-07-10T06:27:00Z,56.2624058,-162.7853082,81.01,40,0,0,0,0
1046,202001,2020,9,56.2709842,2020-08-03T20:59:01Z,56.2709842,-166.384969,2020-08-03T21:27:00Z,56.2792837,-166.3854375,106.08,40,46.272347302998575,4.447731005939607,335.0369751101765,20.533790711817595
1046,202001,2020,1,56.2734322,2020-07-06T21:12:01Z,56.2734322,-161.5754921,2020-07-06T21:22:00Z,56.2817295,-161.5749091,62.6,40,0,0,0,0
1046,202001,2020,5,56.2735486,2020-07-16T01:25:01Z,56.2735486,-163.9818768,2020-07-16T01:35:00Z,56.2818521,-163.9818191,88.24,40,0,0,0,0
1046,202001,2020,11,56.2748162,2020-08-13T04:34:01Z,56.2748162,-167.6022629,2020-08-13T04:54:00Z,56.2665226,-167.6015197,131.19,40,480.0075600812436,41.190566076183416,3475.5159470635845,213.0078838287019
1046,202001,2020,7,56.2784716,2020-07-23T18:54:01Z,56.2784716,-165.1771428,2020-07-23T19:09:00Z,56.2701688,-165.1769051,90.84,40,226.03634242694653,31.355629524103698,1636.6261243631502,100.3057596855235
1046,202001,2020,3,56.2790068,2020-07-10T06:00:00Z,56.2790068,-162.784457,2020-07-10T06:12:00Z,56.2707063,-162.7848828,80.62,40,0,0,0,0
1046,202001,2020,9,56.2792838,2020-08-03T21:27:01Z,56.2792838,-166.3854374,2020-08-03T21:59:00Z,56.2875833,-166.3859062,105.54,40,13.484521462237206,1.613004083863363,97.63527343734822,5.98388363014055
1046,202001,2020,1,56.2817296,2020-07-06T21:22:01Z,56.2817296,-161.574909,2020-07-06T21:32:00Z,56.2900269,-161.5743257,62.9,40,0,0,0,0
1046,202001,2020,5,56.2818522,2020-07-16T01:35:01Z,56.2818522,-163.981819,2020-07-16T01:54:00Z,56.2901557,-163.9817613,88.05,40,0,0,0,0
1046,202001,2020,11,56.2831096,2020-08-13T04:29:01Z,56.2831096,-167.6030065,2020-08-13T04:34:00Z,56.2748161,-167.602263,130.84,40,609.490533477109,48.70777964399532,4413.043136915287,270.46717499118523
1046,202001,2020,7,56.286774199999996,2020-07-23T18:30:00Z,56.286774199999996,-165.1773808,2020-07-23T18:54:00Z,56.2784715,-165.177143,90.51,40,59.97881698300322,6.714907747198893,434.2792744246641,26.6161659577531
1046,202001,2020,3,56.2873071,2020-07-10T05:54:01Z,56.2873071,-162.7840312,2020-07-10T05:59:00Z,56.2790067,-162.7844572,80.25,40,0,0,0,0
1046,202001,2020,9,56.2875834,2020-08-03T22:00:00Z,56.2875834,-166.38590599999998,2020-08-03T22:24:00Z,56.2958828,-166.386375,105.14,40,79.06984043212734,6.120278964364931,572.5086732115612,35.08798774392199
1046,202001,2020,1,56.290026999999995,2020-07-06T21:32:01Z,56.290026999999995,-161.5743256,2020-07-06T21:54:00Z,56.2983241,-161.57374199999998,62.93,40,0,0,0,0
1046,202001,2020,5,56.2901558,2020-07-16T01:54:01Z,56.2901558,-163.9817612,2020-07-16T01:54:02Z,56.2984592,-163.9817034,87.92,40,0,0,0,0
1046,202001,2020,11,56.291402999999995,2020-08-13T04:11:01Z,56.291402999999995,-167.6037506,2020-08-13T04:29:00Z,56.2831095,-167.6030067,130.51,40,583.8250528239556,52.56517629815788,4227.2110902617105,259.07787578837815
1046,202001,2020,7,56.2950767,2020-07-23T18:05:00Z,56.2950767,-165.1776188,2020-07-23T18:29:00Z,56.2867741,-165.1773809,90.15,40,187.37652906696545,19.888674128186942,1356.7080376139031,83.15010273789467
1046,202001,2020,3,56.2956073,2020-07-10T05:30:00Z,56.2956073,-162.7836052,2020-07-10T05:54:00Z,56.287307,-162.7840313,79.99,40,0,0,0,0
1046,202001,2020,9,56.2958829,2020-08-03T22:25:00Z,56.2958829,-166.3863749,2020-08-03T22:49:00Z,56.3041822,-166.3868441,104.86,40,46.68467551554259,4.832170538693778,338.0224557511031,20.716765246597856
1046,202001,2020,1,56.2983242,2020-07-06T21:54:01Z,56.2983242,-161.5737419,2020-07-06T21:54:02Z,56.3066212,-161.5731581,63.01,40,0,0,0,0
1046,202001,2020,5,56.2984593,2020-07-16T01:55:00Z,56.2984593,-163.9817033,2020-07-16T02:00:00Z,56.3067626,-163.9816456,87.74,40,0,0,0,0
1046,202001,2020,11,56.2996963,2020-08-13T04:04:01Z,56.2996963,-167.6044949,2020-08-13T04:11:00Z,56.2914029,-167.6037507,130.22,40,916.2726113349119,96.7991317910782,6634.312326274788,406.60461663898417
1046,202001,2020,7,56.3033792,2020-07-23T17:39:01Z,56.3033792,-165.17785700000002,2020-07-23T18:04:00Z,56.2950766,-165.177619,89.67,40,121.8865057741526,11.03155788000051,882.524630400041,54.088286979965
1046,202001,2020,3,56.3039074,2020-07-10T05:29:01Z,56.3039074,-162.783179,2020-07-10T05:29:02Z,56.2956072,-162.7836053,79.81,40,0,0,0,0
1046,202001,2020,9,56.3041823,2020-08-03T22:49:01Z,56.3041823,-166.386844,2020-08-03T23:14:00Z,56.3124815,-166.3873134,104.55,40,61.028298752257385,4.418780935444682,441.87809354446716,27.0818833950947
1046,202001,2020,1,56.3066213,2020-07-06T21:55:00Z,56.3066213,-161.5731579,2020-07-06T22:05:00Z,56.3149183,-161.5725739,63.02,40,0,0,0,0
1046,202001,2020,5,56.3067627,2020-07-16T02:00:01Z,56.3067627,-163.9816454,2020-07-16T02:19:00Z,56.3150659,-163.9815877,87.46000000000001,40,0,0,0,0
1046,202001,2020,11,56.3079894,2020-08-13T03:48:01Z,56.3079894,-167.6052396,2020-08-13T04:04:00Z,56.2996962,-167.60449499999999,129.79,40,330.600816783963,30.35803497184022,2393.7298209437254,146.70723178458547
1046,202001,2020,7,56.3116815,2020-07-23T17:00:01Z,56.3116815,-165.1780952,2020-07-23T17:39:00Z,56.303379,-165.1778571,89.18,40,27.92425150353282,2.527334709944889,202.1867767955909,12.391650079972138
1046,202001,2020,3,56.3122074,2020-07-10T05:05:00Z,56.3122074,-162.7827526,2020-07-10T05:29:00Z,56.3039073,-162.7831791,79.5,40,0,0,0,0
1046,202001,2020,9,56.3124816,2020-08-03T23:14:01Z,56.3124816,-166.3873132,2020-08-03T23:20:00Z,56.3207808,-166.3877829,104.28,40,121.68490148714368,8.810649056524213,881.0649056524198,53.99882317539639
1046,202001,2020,1,56.3149184,2020-07-06T22:05:01Z,56.3149184,-161.5725737,2020-07-06T22:19:00Z,56.3232153,-161.5719894,63.06,40,0,0,0,0
1046,202001,2020,5,56.315065999999995,2020-07-16T02:19:01Z,56.315065999999995,-163.9815875,2020-07-16T02:19:02Z,56.3233691,-163.9815297,87.37,40,0,0,0,0
1046,202001,2020,11,56.3162825,2020-08-13T03:39:01Z,56.3162825,-167.6059846,2020-08-13T03:48:00Z,56.3079893,-167.6052397,129.35,40,347.1659694569556,26.340086137743423,2513.6705407748555,154.05817458135374
1046,202001,2020,7,56.3199838,2020-07-23T16:27:01Z,56.3199838,-165.1783336,2020-07-23T17:00:00Z,56.3116814,-165.1780954,88.65,40,52.748712172564844,5.255724868875351,381.92938109513693,23.40773872950167
1046,202001,2020,3,56.3205074,2020-07-10T05:04:01Z,56.3205074,-162.782326,2020-07-10T05:04:02Z,56.3122073,-162.7827528,78.93,40,0,0,0,0
1046,202001,2020,9,56.3207809,2020-08-03T23:20:01Z,56.3207809,-166.3877827,2020-08-03T23:39:00Z,56.329079899999996,-166.3882526,103.95,40,133.67908239744074,9.679093024753538,967.9093024753521,59.32135412371847
1046,202001,2020,1,56.3232154,2020-07-06T22:20:00Z,56.3232154,-161.5719893,2020-07-06T22:28:00Z,56.3315122,-161.5714047,63.050000000000004,40,0,0,0,0
1046,202001,2020,5,56.3233692,2020-07-16T02:19:03Z,56.3233692,-163.9815296,2020-07-16T02:25:00Z,56.3316722,-163.9814718,87.18,40,0,0,0,0
1046,202001,2020,11,56.3245755,2020-08-13T03:26:01Z,56.3245755,-167.6067299,2020-08-13T03:39:00Z,56.3162824,-167.6059847,128.76,40,547.7302708573229,62.056718421754546,3965.865226647433,243.06047572353432
1046,202001,2020,7,56.328286,2020-07-23T16:05:00Z,56.328286,-165.1785721,2020-07-23T16:27:00Z,56.3199837,-165.1783337,88,40,17.201824643881288,1.556882142082355,124.55057136658816,7.633471991077382
1046,202001,2020,3,56.3288072,2020-07-10T04:40:00Z,56.3288072,-162.7818993,2020-07-10T05:04:00Z,56.3205073,-162.7823262,78.27,40,0,0,0,0
1046,202001,2020,9,56.32908,2020-08-03T23:40:00Z,56.32908,-166.3882524,2020-08-04T00:04:00Z,56.337379,-166.3887225,103.57000000000001,40,80.55908927856449,5.832916452840486,583.2916452840476,35.74885597112287
1046,202001,2020,1,56.3315123,2020-07-06T22:28:01Z,56.3315123,-161.5714045,2020-07-06T22:44:00Z,56.339808999999995,-161.5708197,63.03,40,0,0,0,0
1046,202001,2020,5,56.3316723,2020-07-16T02:25:01Z,56.3316723,-163.9814716,2020-07-16T02:44:00Z,56.3399753,-163.9814138,86.91,40,0,0,0,0
1046,202001,2020,11,56.332868500000004,2020-08-13T03:16:00Z,56.332868500000004,-167.6074756,2020-08-13T03:26:00Z,56.3245754,-167.6067301,128.37,40,615.8190181847408,81.14040414205746,4458.864810053933,273.2754997917088
1046,202001,2020,7,56.3365881,2020-07-23T15:39:01Z,56.3365881,-165.1788107,2020-07-23T16:04:00Z,56.3282859,-165.1785722,87.46000000000001,40,17.446636719494183,1.5790393002082181,126.32314401665714,7.742109659519914
1046,202001,2020,3,56.337106999999996,2020-07-10T04:39:01Z,56.337106999999996,-162.7814723,2020-07-10T04:39:02Z,56.3288071,-162.7818994,77.68,40,0,0,0,0
1046,202001,2020,9,56.3373791,2020-08-04T00:04:01Z,56.3373791,-166.3887223,2020-08-04T00:08:00Z,56.345678,-166.3891926,103.3,40,53.73652619585744,3.890816921756234,389.08169217562363,23.84609052271563
1046,202001,2020,1,56.3398091,2020-07-06T22:44:01Z,56.3398091,-161.5708195,2020-07-06T22:50:00Z,56.3481057,-161.5702344,64.45,40,0,0,0,0
1046,202001,2020,5,56.3399754,2020-07-16T02:44:01Z,56.3399754,-163.9814137,2020-07-16T02:44:02Z,56.3482783,-163.9813558,86.81,40,0,0,0,0
1046,202001,2020,11,56.3411613,2020-08-13T03:14:01Z,56.3411613,-167.6082217,2020-08-13T03:14:02Z,56.3328683,-167.6074758,127.92,40,441.81258440883215,49.879316285541584,3198.963538129226,196.05850299084156
1046,202001,2020,7,56.3448901,2020-07-23T08:05:00Z,56.3448901,-165.1790494,2020-07-23T15:39:00Z,56.336588,-165.1788108,87.05,40,63.93883630881208,5.7868996164964654,462.9519693197178,28.3734618977765
1046,202001,2020,3,56.3454067,2020-07-10T04:19:01Z,56.3454067,-162.7810451,2020-07-10T04:39:00Z,56.3371069,-162.7814724,77.21000000000001,40,0,0,0,0
1046,202001,2020,9,56.3456781,2020-08-04T00:08:01Z,56.3456781,-166.3891925,2020-08-04T00:29:00Z,56.3539769,-166.3896629,102.88,40,57.13893299603063,4.137169689416771,413.7169689416772,25.355940643215007
1046,202001,2020,1,56.3481058,2020-07-06T22:50:01Z,56.3481058,-161.5702343,2020-07-06T23:09:00Z,56.3564023,-161.5696489,67.3,40,0,0,0,0
1046,202001,2020,5,56.3482784,2020-07-16T02:44:03Z,56.3482784,-163.9813556,2020-07-16T02:50:00Z,56.3565812,-163.9812977,86.60000000000001,40,0,0,0,0
1046,202001,2020,11,56.349453999999994,2020-08-13T02:50:00Z,56.349453999999994,-167.608968,2020-08-13T03:14:00Z,56.3411612,-167.6082218,127.61,40,404.4632455115511,40.08057309497646,2928.533999628183,179.4843814508302
1046,202001,2020,7,56.353192,2020-07-23T08:04:01Z,56.353192,-165.1792882,2020-07-23T08:04:02Z,56.34489,-165.1790495,86.62,40,58.43124060301298,5.28842474085484,423.07397926838644,25.929414337196935
1046,202001,2020,3,56.3537063,2020-07-10T04:14:01Z,56.3537063,-162.7806178,2020-07-10T04:19:00Z,56.3454066,-162.7810453,76.68,40,0,0,0,0
1046,202001,2020,9,56.353977,2020-08-04T00:29:01Z,56.353977,-166.3896628,2020-08-04T00:36:00Z,56.3622757,-166.3901335,102.45,40,18.498109276031634,1.3393637751974445,133.93637751974424,8.208710527502262
1046,202001,2020,1,56.3564024,2020-07-06T23:09:01Z,56.3564024,-161.5696488,2020-07-06T23:16:00Z,56.3646989,-161.5690631,68.81,40,0,0,0,0
1046,202001,2020,5,56.3565813,2020-07-16T02:50:01Z,56.3565813,-163.9812976,2020-07-16T03:09:00Z,56.364883999999996,-163.9812397,86.34,40,0,0,0,0
1046,202001,2020,11,56.3577467,2020-08-13T02:49:01Z,56.3577467,-167.6097147,2020-08-13T02:49:02Z,56.3494539,-167.6089681,127.09,40,314.8797086308557,43.45146967814203,2279.900442751457,139.73084170737764
1046,202001,2020,7,56.3614939,2020-07-23T07:45:01Z,56.3614939,-165.1795271,2020-07-23T08:04:00Z,56.3531919,-165.1792883,86.28,40,14.253409039968453,1.2900304739483155,103.20243791586549,6.325084747487512
1046,202001,2020,3,56.3620059,2020-07-10T03:58:01Z,56.3620059,-162.7801902,2020-07-10T04:14:00Z,56.3537062,-162.7806179,76.3,40,0,0,0,0
1046,202001,2020,9,56.3622758,2020-08-04T00:36:01Z,56.3622758,-166.3901334,2020-08-04T00:54:00Z,56.3705744,-166.3906043,102.04,40,0,0,0,0
1046,202001,2020,1,56.364698999999995,2020-07-06T23:16:01Z,56.364698999999995,-161.569063,2020-07-06T23:34:00Z,56.3729953,-161.5684771,68.57000000000001,40,0,0,0,0
1046,202001,2020,5,56.3648841,2020-07-16T03:09:01Z,56.3648841,-163.9812395,2020-07-16T03:09:02Z,56.3731867,-163.9811816,86.18,40,0,0,0,0
1046,202001,2020,11,56.3660392,2020-08-13T02:28:01Z,56.3660392,-167.6104618,2020-08-13T02:49:00Z,56.3577466,-167.6097148,126.79,40,320.90978421096327,65.51295223119104,2323.5614714175795,142.40674464196567
1046,202001,2020,7,56.3697956,2020-07-23T07:39:01Z,56.3697956,-165.1797661,2020-07-23T07:45:00Z,56.3614938,-165.1795272,85.95,40,65.04985752705382,5.8874545942366,470.99636753892844,28.866488046253004
1046,202001,2020,3,56.3703053,2020-07-10T03:51:00Z,56.3703053,-162.7797625,2020-07-10T03:58:00Z,56.3620058,-162.7801904,76.03,40,0,0,0,0
1046,202001,2020,9,56.370574500000004,2020-08-04T00:54:01Z,56.370574500000004,-166.3906041,2020-08-04T01:02:00Z,56.3788731,-166.3910752,101.64,40,0,0,0,0
1046,202001,2020,1,56.3729954,2020-07-06T23:34:01Z,56.3729954,-161.5684769,2020-07-06T23:38:00Z,56.3812917,-161.5678907,67.62,40,0,0,0,0
1046,202001,2020,5,56.3731868,2020-07-16T03:11:00Z,56.3731868,-163.9811815,2020-07-16T03:21:00Z,56.3814894,-163.9811235,85.9,40,0,0,0,0
1046,202001,2020,11,56.3743317,2020-08-13T02:24:01Z,56.3743317,-167.6112091,2020-08-13T02:28:00Z,56.3660391,-167.6104619,126.25,40,476.1628989004007,81.13683253065246,3447.6785079140545,211.3017791539524
1046,202001,2020,7,56.3780973,2020-07-23T07:23:01Z,56.3780973,-165.1800052,2020-07-23T07:39:00Z,56.3697955,-165.1797662,85.60000000000001,40,69.31256561040145,6.273258671958933,501.86069375671553,30.758104978410696
1046,202001,2020,3,56.3786047,2020-07-10T03:49:01Z,56.3786047,-162.7793346,2020-07-10T03:49:02Z,56.3703052,-162.7797626,75.76,40,0,0,0,0
1046,202001,2020,9,56.3788732,2020-08-04T01:02:01Z,56.3788732,-166.3910751,2020-08-04T01:15:00Z,56.3871716,-166.3915464,101.25,40,0,0,0,0
1046,202001,2020,1,56.3812918,2020-07-06T23:38:01Z,56.3812918,-161.5678906,2020-07-06T23:59:00Z,56.389587999999996,-161.5673042,65.92,40,0,0,0,0
1046,202001,2020,5,56.3814895,2020-07-16T03:21:01Z,56.3814895,-163.9811233,2020-07-16T03:34:00Z,56.3897919,-163.9810653,85.66,40,0,0,0,0
1046,202001,2020,11,56.3826241,2020-08-13T02:02:01Z,56.3826241,-167.6119568,2020-08-13T02:24:00Z,56.3743316,-167.6112093,125.71000000000001,40,1516.7952311109354,219.88651647870302,10982.422887805767,673.0921953098464
1046,202001,2020,7,56.3863989,2020-07-23T07:15:00Z,56.3863989,-165.1802444,2020-07-23T07:23:00Z,56.3780972,-165.1800053,85.33,40,106.2284140959695,9.614394072234187,769.1515257787344,47.139861058087696
1046,202001,2020,3,56.386903999999994,2020-07-10T03:28:01Z,56.386903999999994,-162.7789064,2020-07-10T03:49:00Z,56.3786046,-162.7793347,75.55,40,0,0,0,0
1046,202001,2020,9,56.3871717,2020-08-04T01:15:01Z,56.3871717,-166.3915463,2020-08-04T01:30:00Z,56.3954701,-166.3920178,100.89,40,0,0,0,0
1046,202001,2020,1,56.3895881,2020-07-06T23:59:01Z,56.3895881,-161.567304,2020-07-06T23:59:02Z,56.3978842,-161.5667173,65.5,40,0,0,0,0
1046,202001,2020,5,56.389792,2020-07-16T03:34:01Z,56.389792,-163.9810652,2020-07-16T03:41:00Z,56.3980944,-163.9810072,85.39,40,0,0,0,0
1046,202001,2020,11,56.3909164,2020-08-13T01:59:01Z,56.3909164,-167.6127049,2020-08-13T02:02:00Z,56.382624,-167.61195700000002,124.91,40,608.1158735326129,94.87082149314809,4403.089850850214,269.85715667040785
1046,202001,2020,7,56.3947005,2020-07-23T07:00:01Z,56.3947005,-165.1804838,2020-07-23T07:14:00Z,56.3863988,-165.1802446,84.87,40,43.62260460782612,3.948142450644117,315.8513960515292,19.357942389566766
1046,202001,2020,3,56.3952032,2020-07-10T03:24:01Z,56.3952032,-162.7784781,2020-07-10T03:28:00Z,56.3869039,-162.7789066,75.37,40,0,0,0,0
1046,202001,2020,9,56.3954702,2020-08-04T01:30:01Z,56.3954702,-166.3920177,2020-08-04T01:47:00Z,56.4037685,-166.3924894,100.53,40,0,0,0,0
1046,202001,2020,1,56.3978843,2020-07-07T00:00:00Z,56.3978843,-161.5667172,2020-07-07T00:24:00Z,56.4061803,-161.5661302,64.47,40,0,0,0,0
1046,202001,2020,5,56.3980945,2020-07-16T03:41:01Z,56.3980945,-163.981007,2020-07-16T03:59:00Z,56.4063968,-163.980949,85.09,40,0,0,0,0
1046,202001,2020,11,56.3992086,2020-08-13T01:37:01Z,56.3992086,-167.6134533,2020-08-13T01:59:00Z,56.3909163,-167.612705,124.34,40,669.942017318269,109.22189204318134,4850.744776610394,297.29309132702593
1046,202001,2020,7,56.4030019,2020-07-23T06:50:00Z,56.4030019,-165.1807232,2020-07-23T07:00:00Z,56.3947004,-165.1804839,84.48,40,28.14307751045823,2.547139952089736,203.7711961671791,12.488756185246766
1046,202001,2020,3,56.4035023,2020-07-10T03:08:01Z,56.4035023,-162.7780496,2020-07-10T03:24:00Z,56.3952031,-162.7784783,75.35000000000001,40,0,0,0,0
1046,202001,2020,9,56.4037686,2020-08-04T01:47:01Z,56.4037686,-166.3924893,2020-08-04T02:09:00Z,56.4120668,-166.3929613,100.10000000000001,40,0,0,0,0
1046,202001,2020,1,56.4061804,2020-07-07T00:24:01Z,56.4061804,-161.5661301,2020-07-07T00:24:02Z,56.4144763,-161.5655428,63.67,40,0,0,0,0
1046,202001,2020,5,56.4063969,2020-07-16T03:59:01Z,56.4063969,-163.9809488,2020-07-16T04:03:00Z,56.4146991,-163.9808908,84.83,40,0,0,0,0
1046,202001,2020,11,56.4075008,2020-08-13T01:34:01Z,56.4075008,-167.61420199999998,2020-08-13T01:37:00Z,56.3992085,-167.6134534,123.44,40,761.938929047613,110.41235163665378,5516.85248070951,338.1175889306193
1046,202001,2020,7,56.4113033,2020-07-23T06:37:01Z,56.4113033,-165.1809628,2020-07-23T06:49:00Z,56.4030018,-165.1807234,84.12,40,30.868420426111424,2.793802024531012,223.5041619624809,13.698152818650989
1046,202001,2020,3,56.4118013,2020-07-10T03:01:00Z,56.4118013,-162.7776209,2020-07-10T03:08:00Z,56.4035022,-162.7780498,75.43,40,0,0,0,0
1046,202001,2020,9,56.4120669,2020-08-04T02:09:01Z,56.4120669,-166.3929611,2020-08-04T02:34:00Z,56.420365,-166.3934333,99.61,40,0,0,0,0
1046,202001,2020,1,56.4144764,2020-07-07T00:26:00Z,56.4144764,-161.5655427,2020-07-07T00:36:00Z,56.4227723,-161.56495519999999,63.45,40,0,0,0,0
1046,202001,2020,5,56.4146992,2020-07-16T04:03:01Z,56.4146992,-163.9808906,2020-07-16T04:24:00Z,56.4230013,-163.9808325,84.60000000000001,40,0,0,0,0
1046,202001,2020,11,56.4157928,2020-08-13T01:12:01Z,56.4157928,-167.6149511,2020-08-13T01:34:00Z,56.4075007,-167.6142021,122.72,40,587.6006828214572,72.02609564337695,4254.548706078235,260.75334722418603
1046,202001,2020,7,56.4196045,2020-07-23T06:25:00Z,56.4196045,-165.1812025,2020-07-23T06:37:00Z,56.4113032,-165.1809629,83.74,40,11.765006664411555,1.0648131321241836,85.1850505699347,5.220832714369584
1046,202001,2020,3,56.4201002,2020-07-10T02:59:01Z,56.4201002,-162.777192,2020-07-10T02:59:02Z,56.4118012,-162.777621,75.71000000000001,40,0,0,0,0
1046,202001,2020,9,56.4203651,2020-08-04T02:34:01Z,56.4203651,-166.3934332,2020-08-04T02:45:00Z,56.4286632,-166.3939056,99.08,40,0,0,0,0
1046,202001,2020,1,56.4227724,2020-07-07T00:36:01Z,56.4227724,-161.564955,2020-07-07T00:49:00Z,56.4310682,-161.5643673,64.09,40,0,0,0,0
1046,202001,2020,5,56.4230015,2020-07-16T04:24:01Z,56.4230015,-163.9808324,2020-07-16T04:24:02Z,56.4313035,-163.9807742,84.38,40,0,0,0,0
1046,202001,2020,11,56.4240848,2020-08-13T00:56:01Z,56.4240848,-167.6157005,2020-08-13T01:12:00Z,56.4157927,-167.6149512,121.55,40,1481.0301474785908,133.6714470955139,10723.464219548046,657.2211019916641
1046,202001,2020,7,56.4279057,2020-07-23T06:10:01Z,56.4279057,-165.1814422,2020-07-23T06:24:00Z,56.4196044,-165.1812026,83.44,40,32.75905124146109,2.9649169739404915,237.19335791523926,14.537138081738934
1046,202001,2020,3,56.4283991,2020-07-10T02:38:01Z,56.4283991,-162.7767629,2020-07-10T02:59:00Z,56.4201001,-162.7771921,75.99,40,0,0,0,0
1046,202001,2020,9,56.4286633,2020-08-04T02:45:01Z,56.4286633,-166.3939054,2020-08-04T03:24:00Z,56.4369612,-166.39437800000002,98.88,40,0,0,0,0
1046,202001,2020,1,56.4310683,2020-07-07T00:49:01Z,56.4310683,-161.5643671,2020-07-07T00:56:00Z,56.439363900000004,-161.5637791,65.3,40,0,0,0,0
1046,202001,2020,5,56.4313036,2020-07-16T04:26:00Z,56.4313036,-163.9807741,2020-07-16T04:34:00Z,56.4396056,-163.9807159,84.08,40,0,0,0,0
1046,202001,2020,11,56.4323766,2020-08-13T00:45:00Z,56.4323766,-167.6164502,2020-08-13T00:56:00Z,56.4240847,-167.6157006,118.63,40,831.952121474274,60.90143610205725,6023.786093885325,369.18660366940924
1046,202001,2020,7,56.4362068,2020-07-23T05:57:01Z,56.4362068,-165.1816821,2020-07-23T06:10:00Z,56.4279056,-165.1814424,83.16,40,1.0008552279770728,0.09058420624009357,7.246736499207481,0.4441389508411197
1046,202001,2020,3,56.4366979,2020-07-10T02:34:01Z,56.4366979,-162.7763336,2020-07-10T02:38:00Z,56.428399,-162.7767631,76.48,40,0,0,0,0
1046,202001,2020,9,56.4369613,2020-08-04T03:24:01Z,56.4369613,-166.3943779,2020-08-04T03:36:00Z,56.4452592,-166.3948507,98.87,40,0,0,0,0
1046,202001,2020,1,56.439364,2020-07-07T00:56:01Z,56.439364,-161.5637789,2020-07-07T01:12:00Z,56.4476596,-161.5631906,65.6,40,0,0,0,0
1046,202001,2020,5,56.4396057,2020-07-16T04:34:01Z,56.4396057,-163.9807158,2020-07-16T04:49:00Z,56.4479076,-163.9806576,83.89,40,0,0,0,0
1046,202001,2020,11,56.4406684,2020-08-13T00:29:01Z,56.4406684,-167.6172003,2020-08-13T00:44:00Z,56.4323765,-167.6164503,116.98,40,371.154756169797,31.670116717999424,2687.3624108718095,164.70342502794162
1046,202001,2020,7,56.4445079,2020-07-23T05:39:01Z,56.4445079,-165.1819221,2020-07-23T05:57:00Z,56.4362067,-165.1816823,82.92,40,0,0,0,0
1046,202001,2020,3,56.4449966,2020-07-10T02:18:01Z,56.4449966,-162.7759041,2020-07-10T02:34:00Z,56.4366978,-162.7763338,76.96000000000001,40,0,0,0,0
1046,202001,2020,9,56.445259300000004,2020-08-04T03:36:01Z,56.445259300000004,-166.3948506,2020-08-04T03:58:00Z,56.4535571,-166.3953236,98.56,40,0,0,0,0
1046,202001,2020,1,56.4476597,2020-07-07T01:12:01Z,56.4476597,-161.5631905,2020-07-07T01:27:00Z,56.4559552,-161.5626019,65.46000000000001,40,0,0,0,0
1046,202001,2020,5,56.4479077,2020-07-16T04:49:01Z,56.4479077,-163.9806575,2020-07-16T04:56:00Z,56.4562095,-163.9805993,83.53,40,0,0,0,0
1046,202001,2020,11,56.4489601,2020-08-13T00:19:01Z,56.4489601,-167.6179507,2020-08-13T00:29:00Z,56.4406683,-167.6172004,115.96000000000001,40,786.80812282497,75.18248477422499,5696.918977056338,349.1535283190409
1046,202001,2020,7,56.4528088,2020-07-23T05:34:01Z,56.4528088,-165.1821622,2020-07-23T05:39:00Z,56.4445078,-165.1819222,82.67,40,1.2962963038402167,0.11732363328177876,9.385890662542296,0.5752437158473872
1046,202001,2020,3,56.4532952,2020-07-10T02:10:00Z,56.4532952,-162.7754745,2020-07-10T02:18:00Z,56.4449965,-162.7759043,77.4,40,0,0,0,0
1046,202001,2020,9,56.4535572,2020-08-04T03:58:01Z,56.4535572,-166.3953235,2020-08-04T04:21:00Z,56.4618549,-166.3957967,98.39,40,0,0,0,0
1046,202001,2020,1,56.4559553,2020-07-07T01:27:01Z,56.4559553,-161.5626018,2020-07-07T01:39:00Z,56.4642508,-161.562013,64.67,40,0,0,0,0
1046,202001,2020,5,56.4562096,2020-07-16T04:56:01Z,56.4562096,-163.9805991,2020-07-16T05:14:00Z,56.4645113,-163.9805409,83.31,40,0,0,0,0
1046,202001,2020,11,56.4572517,2020-08-12T23:55:00Z,56.4572517,-167.6187014,2020-08-13T00:19:00Z,56.44896,-167.6179508,115.09,40,726.9977014050562,69.72629729177356,5263.858978146486,322.61208948128103
1046,202001,2020,7,56.4611097,2020-07-23T05:10:00Z,56.4611097,-165.1824024,2020-07-23T05:34:00Z,56.4528087,-165.1821624,82.5,40,0,0,0,0
1046,202001,2020,3,56.4615937,2020-07-10T02:09:01Z,56.4615937,-162.7750446,2020-07-10T02:09:02Z,56.4532951,-162.7754746,77.85000000000001,40,0,0,0,0
1046,202001,2020,9,56.461855,2020-08-04T04:21:01Z,56.461855,-166.3957966,2020-08-04T04:46:00Z,56.4701526,-166.39627000000002,98.27,40,0,0,0,0
1046,202001,2020,1,56.4642509,2020-07-07T01:40:00Z,56.4642509,-161.5620128,2020-07-07T01:50:00Z,56.4725462,-161.5614237,64.9,40,0,0,0,0
1046,202001,2020,5,56.4645114,2020-07-16T05:14:01Z,56.4645114,-163.9805408,2020-07-16T05:19:00Z,56.472812999999995,-163.9804825,83.03,40,0,0,0,0
1046,202001,2020,11,56.4655433,2020-08-12T23:38:01Z,56.4655433,-167.6194525,2020-08-12T23:54:00Z,56.4572516,-167.6187016,114.29,40,348.83850888301237,33.08311585545145,2525.7806363874515,154.80037973267284
1046,202001,2020,7,56.4694105,2020-07-23T04:49:01Z,56.4694105,-165.1826427,2020-07-23T05:09:00Z,56.4611096,-165.1824026,82.25,40,0,0,0,0
1046,202001,2020,3,56.4698921,2020-07-10T01:50:01Z,56.4698921,-162.7746145,2020-07-10T02:09:00Z,56.4615936,-162.7750447,78.13,40,0,0,0,0
1046,202001,2020,9,56.4701527,2020-08-04T04:46:01Z,56.4701527,-166.3962699,2020-08-04T05:14:00Z,56.4784503,-166.3967436,98.05,40,0,0,0,0
1046,202001,2020,1,56.4725463,2020-07-07T01:50:01Z,56.4725463,-161.5614236,2020-07-07T02:04:00Z,56.4808416,-161.5608342,65.96000000000001,40,0,0,0,0
1046,202001,2020,5,56.4728131,2020-07-16T05:19:01Z,56.4728131,-163.9804824,2020-07-16T05:39:00Z,56.4811147,-163.9804241,82.77,40,0,0,0,0
1046,202001,2020,11,56.4738347,2020-08-12T23:29:01Z,56.4738347,-167.620204,2020-08-12T23:38:00Z,56.4655432,-167.6194527,113.60000000000001,40,337.0975164008621,29.676155695852046,2440.7694615652044,149.59020353826412
1046,202001,2020,7,56.4777112,2020-07-23T04:31:01Z,56.4777112,-165.1828832,2020-07-23T04:49:00Z,56.4694104,-165.1826429,81.98,40,0,0,0,0
1046,202001,2020,3,56.4781905,2020-07-10T01:44:01Z,56.4781905,-162.7741843,2020-07-10T01:50:00Z,56.469891999999994,-162.7746147,78.49,40,0,0,0,0
1046,202001,2020,9,56.4784504,2020-08-04T05:14:01Z,56.4784504,-166.3967435,2020-08-04T05:44:00Z,56.4867478,-166.3972173,97.60000000000001,40,0,0,0,0
1046,202001,2020,1,56.4808417,2020-07-07T02:05:00Z,56.4808417,-161.5608341,2020-07-07T02:15:00Z,56.4891369,-161.5602444,66.49,40,0,0,0,0
1046,202001,2020,5,56.4811148,2020-07-16T05:39:01Z,56.4811148,-163.9804239,2020-07-16T05:42:00Z,56.4894163,-163.9803656,82.42,40,0,0,0,0
1046,202001,2020,11,56.4821261,2020-08-12T23:04:01Z,56.4821261,-167.6209558,2020-08-12T23:29:00Z,56.473834600000004,-167.6202041,112.76,40,118.59009898714632,11.29293331132755,858.6568514127479,52.6254753654564
1046,202001,2020,7,56.4860118,2020-07-23T04:19:01Z,56.4860118,-165.1831237,2020-07-23T04:31:00Z,56.4777111,-165.1828833,81.72,40,0,0,0,0
1046,202001,2020,3,56.4864888,2020-07-10T01:30:01Z,56.4864888,-162.7737538,2020-07-10T01:44:00Z,56.4781904,-162.7741844,78.58,40,0,0,0,0
1046,202001,2020,9,56.4867479,2020-08-04T05:44:01Z,56.4867479,-166.3972172,2020-08-04T06:07:00Z,56.4950453,-166.3976913,97.14,40,3.440881927858608,0.3571203544739932,24.91385762801609,1.52692382143634
1046,202001,2020,1,56.489137,2020-07-07T02:15:01Z,56.489137,-161.5602443,2020-07-07T02:29:00Z,56.4974321,-161.5596544,66.36,40,0,0,0,0
1046,202001,2020,5,56.4894164,2020-07-16T05:42:01Z,56.4894164,-163.9803655,2020-07-16T05:52:00Z,56.4977178,-163.9803071,82.08,40,0,0,0,0
1046,202001,2020,11,56.4904174,2020-08-12T22:40:00Z,56.4904174,-167.6217079,2020-08-12T23:04:00Z,56.482126,-167.6209559,111.77,40,17.61641727975717,2.1664785399552167,127.55244766469869,7.817451385076797
1046,202001,2020,7,56.4943123,2020-07-23T03:55:00Z,56.4943123,-165.1833644,2020-07-23T04:19:00Z,56.4860117,-165.1831238,81.44,40,0,0,0,0
1046,202001,2020,3,56.494786999999995,2020-07-10T01:20:00Z,56.494786999999995,-162.7733232,2020-07-10T01:30:00Z,56.4864887,-162.7737539,78.64,40,0,0,0,0
1046,202001,2020,9,56.4950454,2020-08-04T06:07:01Z,56.4950454,-166.3976912,2020-08-04T06:44:00Z,56.5033427,-166.3981655,96.78,40,141.3039720932812,16.804207693075437,1023.1176532105135,62.704970869803375
1046,202001,2020,1,56.4974322,2020-07-07T02:29:01Z,56.4974322,-161.5596542,2020-07-07T02:38:00Z,56.5057272,-161.5590641,64.34,40,0,0,0,0
1046,202001,2020,5,56.4977179,2020-07-16T05:52:01Z,56.4977179,-163.98030699999998,2020-07-16T06:04:00Z,56.5060192,-163.9802486,81.71000000000001,40,0,0,0,0
1046,202001,2020,11,56.4987085,2020-08-12T22:20:01Z,56.4987085,-167.6224603,2020-08-12T22:39:00Z,56.4904172,-167.621708,111.18,40,2.981234164594359,0.3208063136262133,21.585757689368005,1.3229507895471295
1046,202001,2020,7,56.5026128,2020-07-23T03:38:01Z,56.5026128,-165.1836051,2020-07-23T03:54:00Z,56.4943122,-165.1833645,81.07000000000001,40,0,0,0,0
1046,202001,2020,3,56.5030851,2020-07-10T01:10:01Z,56.5030851,-162.7728923,2020-07-10T01:19:00Z,56.4947869,-162.7733233,78.65,40,0,0,0,0
1046,202001,2020,9,56.5033428,2020-08-04T06:45:00Z,56.5033428,-166.3981654,2020-08-04T07:34:00Z,56.51164,-166.3986399,96.04,40,453.74672637652367,48.682471527883216,3285.3732203355075,201.3543910918936
1046,202001,2020,1,56.5057273,2020-07-07T02:38:01Z,56.5057273,-161.5590639,2020-07-07T02:54:00Z,56.5140222,-161.5584735,66.21000000000001,40,0,0,0,0
1046,202001,2020,5,56.5060193,2020-07-16T06:05:00Z,56.5060193,-163.9802485,2020-07-16T06:15:00Z,56.5143206,-163.9801901,81.32000000000001,40,0,0,0,0
1046,202001,2020,11,56.5069996,2020-08-12T21:57:01Z,56.5069996,-167.6232131,2020-08-12T22:20:00Z,56.4987084,-167.6224605,110.63,40,0,0,0,0
1046,202001,2020,7,56.5109132,2020-07-23T03:29:01Z,56.5109132,-165.18384600000002,2020-07-23T03:38:00Z,56.5026127,-165.1836052,80.78,40,0,0,0,0
1046,202001,2020,3,56.5113831,2020-07-10T01:02:01Z,56.5113831,-162.7724613,2020-07-10T01:10:00Z,56.503085,-162.7728925,78.67,40,0,0,0,0
1046,202001,2020,9,56.5116401,2020-08-04T07:34:01Z,56.5116401,-166.3986398,2020-08-04T16:12:00Z,56.5199373,-166.3991145,95.71000000000001,40,273.93730305549724,26.966496459780622,1983.4551462144213,121.56226292710285
1046,202001,2020,1,56.5140223,2020-07-07T02:54:01Z,56.5140223,-161.5584734,2020-07-07T03:03:00Z,56.5223171,-161.5578827,76.12,40,0,0,0,0
1046,202001,2020,5,56.5143207,2020-07-16T06:15:01Z,56.5143207,-163.9801899,2020-07-16T06:27:00Z,56.5226218,-163.9801315,80.94,40,0,0,0,0
1046,202001,2020,11,56.5152907,2020-08-12T21:40:01Z,56.5152907,-167.6239663,2020-08-12T21:57:00Z,56.5069995,-167.6232133,109.92,40,39.60079110235702,4.55700402267945,286.7312776683777,17.573224699268994
1046,202001,2020,7,56.5192134,2020-07-23T03:05:00Z,56.5192134,-165.1840869,2020-07-23T03:29:00Z,56.5109131,-165.1838461,80.53,40,0,0,0,0
1046,202001,2020,3,56.5196811,2020-07-10T00:54:01Z,56.5196811,-162.77203,2020-07-10T01:02:00Z,56.511382999999995,-162.7724614,78.68,40,0,0,0,0
1046,202001,2020,9,56.5199374,2020-08-04T16:12:01Z,56.5199374,-166.3991144,2020-08-04T16:44:00Z,56.5282344,-166.3995893,95.09,40,12.337758551688864,1.3671997210773847,89.33208591580745,5.474996768467369
1046,202001,2020,1,56.5223172,2020-07-07T03:03:01Z,56.5223172,-161.5578825,2020-07-07T03:19:00Z,56.530612,-161.5572915,77.05,40,0,0,0,0
1046,202001,2020,5,56.5226219,2020-07-16T06:27:01Z,56.5226219,-163.9801314,2020-07-16T06:40:00Z,56.530922999999994,-163.9800729,80.51,40,1.4693853767753715,0.1773191623794584,10.63914974276754,0.6520536251195429
1046,202001,2020,11,56.5235816,2020-08-12T21:20:00Z,56.5235816,-167.6247198,2020-08-12T21:40:00Z,56.5152906,-167.6239664,109.38,40,70.60476284301,7.149129336259044,511.2169049128947,31.331529692722828
1046,202001,2020,7,56.5275137,2020-07-23T02:50:01Z,56.5275137,-165.184328,2020-07-23T03:04:00Z,56.5192133,-165.1840871,80.12,40,0,0,0,0
1046,202001,2020,3,56.527978999999995,2020-07-10T00:41:01Z,56.527978999999995,-162.7715986,2020-07-10T00:54:00Z,56.519681,-162.7720302,78.66,40,0,0,0,0
1046,202001,2020,9,56.5282345,2020-08-04T16:44:01Z,56.5282345,-166.3995892,2020-08-04T17:09:00Z,56.5365315,-166.4000644,94.24,40,5.961243500408098,0.7077902700772232,43.16264695183301,2.6453580497661617
1046,202001,2020,1,56.5306121,2020-07-07T03:19:01Z,56.5306121,-161.5572914,2020-07-07T03:26:00Z,56.5389068,-161.5567002,76.71000000000001,40,0,0,0,0
1046,202001,2020,5,56.5309231,2020-07-16T06:40:01Z,56.5309231,-163.9800728,2020-07-16T06:54:00Z,56.5392241,-163.9800143,80.06,40,0,0,0,0
1046,202001,2020,11,56.5318724,2020-08-12T20:59:01Z,56.5318724,-167.6254736,2020-08-12T21:19:00Z,56.5235815,-167.6247199,108.89,40,19.81946896202478,2.458423047559686,143.50374070814658,8.795076355661969
1046,202001,2020,7,56.5358138,2020-07-23T02:39:01Z,56.5358138,-165.1845692,2020-07-23T02:50:00Z,56.5275136,-165.1843282,79.86,40,0,0,0,0
1046,202001,2020,3,56.5362768,2020-07-10T00:31:00Z,56.5362768,-162.771167,2020-07-10T00:41:00Z,56.5279789,-162.7715987,78.61,40,0,0,0,0
1046,202001,2020,9,56.536531600000004,2020-08-04T17:10:00Z,56.536531600000004,-166.4000642,2020-08-04T18:08:00Z,56.5448285,-166.4005396,93.85000000000001,40,56.42399372057382,6.756493995191228,408.5404195293894,25.038679594023808
1046,202001,2020,1,56.5389069,2020-07-07T03:26:01Z,56.5389069,-161.5567,2020-07-07T03:44:00Z,56.5472015,-161.5561085,75.51,40,0,0,0,0
1046,202001,2020,5,56.5392242,2020-07-16T06:54:01Z,56.5392242,-163.9800142,2020-07-16T07:02:00Z,56.5475251,-163.9799557,79.63,40,0,0,0,0
1046,202001,2020,11,56.5401632,2020-08-12T20:35:00Z,56.5401632,-167.6262277,2020-08-12T20:59:00Z,56.5318723,-167.6254737,108.67,40,3.8259186835159373,0.27701733269529244,27.701733269529267,1.697787514718494
1046,202001,2020,7,56.5441139,2020-07-23T02:20:01Z,56.5441139,-165.1848105,2020-07-23T02:39:00Z,56.5358137,-165.1845694,79.51,40,0,0,0,0
1046,202001,2020,3,56.5445745,2020-07-10T00:29:01Z,56.5445745,-162.7707351,2020-07-10T00:29:02Z,56.5362767,-162.7711671,78.41,40,0,0,0,0
1046,202001,2020,9,56.5448286,2020-08-04T18:08:01Z,56.5448286,-166.4005395,2020-08-04T18:53:00Z,56.5531254,-166.4010151,92.89,40,5.502112925715547,0.6639715289981573,39.83829173988937,2.4416145251855004
1046,202001,2020,1,56.5472016,2020-07-07T03:44:01Z,56.5472016,-161.5561084,2020-07-07T03:53:00Z,56.5554961,-161.5555166,71.86,40,0,0,0,0
1046,202001,2020,5,56.5475252,2020-07-16T07:02:01Z,56.5475252,-163.9799555,2020-07-16T07:19:00Z,56.5558261,-163.979897,79.21000000000001,40,0,0,0,0
1046,202001,2020,11,56.5484539,2020-08-12T20:16:01Z,56.5484539,-167.6269823,2020-08-12T20:34:00Z,56.5401631,-167.6262279,108.64,40,39.571050528811064,2.865159397315828,286.5159397315829,17.56002703914505
1046,202001,2020,7,56.5524138,2020-07-23T02:14:01Z,56.5524138,-165.1850519,2020-07-23T02:20:00Z,56.5441138,-165.1848107,79.14,40,0,0,0,0
1046,202001,2020,3,56.5528721,2020-07-10T00:14:01Z,56.5528721,-162.7703031,2020-07-10T00:29:00Z,56.5445744,-162.7707353,78.2,40,0,0,0,0
1046,202001,2020,9,56.5531255,2020-08-04T18:53:01Z,56.5531255,-166.401015,2020-08-04T20:29:00Z,56.5614222,-166.4014908,91.75,40,0,0,0,0
1046,202001,2020,1,56.5554962,2020-07-07T03:53:01Z,56.5554962,-161.5555164,2020-07-07T04:09:00Z,56.5637906,-161.5549244,67.26,40,0,0,0,0
1046,202001,2020,5,56.5558262,2020-07-16T07:19:01Z,56.5558262,-163.9798968,2020-07-16T07:25:00Z,56.5641269,-163.9798383,78.88,40,0,0,0,0
1046,202001,2020,11,56.5567445,2020-08-12T19:54:01Z,56.5567445,-167.6277371,2020-08-12T20:16:00Z,56.5484538,-167.6269824,108.73,40,135.6780919613669,9.823832195457037,982.3832195457044,60.208433479079424
1046,202001,2020,7,56.5607137,2020-07-23T01:52:01Z,56.5607137,-165.1852935,2020-07-23T02:14:00Z,56.5524137,-165.1850521,78.85000000000001,40,0,0,0,0
1046,202001,2020,3,56.5611696,2020-07-10T00:06:00Z,56.5611696,-162.7698709,2020-07-10T00:14:00Z,56.552872,-162.7703033,78.05,40,0,0,0,0
1046,202001,2020,9,56.5614223,2020-08-04T20:29:01Z,56.5614223,-166.4014907,2020-08-04T22:34:00Z,56.5697189,-166.4019667,90.88,40,0,0,0,0
1046,202001,2020,1,56.5637907,2020-07-07T04:10:00Z,56.5637907,-161.5549243,2020-07-07T04:34:00Z,56.5720851,-161.5543319,66.77,40,0,0,0,0
1046,202001,2020,5,56.564127,2020-07-16T07:25:01Z,56.564127,-163.9798382,2020-07-16T07:44:00Z,56.5724277,-163.9797796,78.51,40,0,0,0,0
1046,202001,2020,11,56.565034999999995,2020-08-12T19:29:01Z,56.565034999999995,-167.6284923,2020-08-12T19:54:00Z,56.5567444,-167.6277372,108.84,40,16.571910601741614,1.5737112684172616,119.9896509128245,7.353941691414089
1046,202001,2020,7,56.5690135,2020-07-23T01:22:01Z,56.5690135,-165.1855351,2020-07-23T01:52:00Z,56.5607136,-165.1852936,78.35000000000001,40,0,0,0,0
1046,202001,2020,3,56.5694671,2020-07-10T00:04:01Z,56.5694671,-162.7694385,2020-07-10T00:04:02Z,56.5611695,-162.769871,77.42,40,0,0,0,0
1046,202001,2020,9,56.569719,2020-08-04T22:34:01Z,56.569719,-166.4019666,2020-08-04T23:56:00Z,56.5780156,-166.4024428,90.41,40,0,0,0,0
1046,202001,2020,1,56.5720852,2020-07-07T04:34:01Z,56.5720852,-161.5543318,2020-07-07T04:41:00Z,56.5803794,-161.5537392,71.36,40,0,0,0,0
1046,202001,2020,5,56.5724278,2020-07-16T07:44:01Z,56.5724278,-163.9797794,2020-07-16T07:48:00Z,56.5807284,-163.9797208,78.28,40,0,0,0,0
1046,202001,2020,11,56.5733254,2020-08-12T19:03:01Z,56.5733254,-167.6292478,2020-08-12T19:29:00Z,56.5650349,-167.6284924,108.79,40,10.167424200698925,1.1648054607168308,73.61768415503366,4.5118904223363625
1046,202001,2020,7,56.5773133,2020-07-23T01:07:01Z,56.5773133,-165.1857768,2020-07-23T01:22:00Z,56.5690134,-165.1855352,78.07000000000001,40,0,0,0,0
1046,202001,2020,3,56.5777645,2020-07-09T23:46:01Z,56.5777645,-162.7690059,2020-07-10T00:04:00Z,56.569466999999996,-162.7694386,76.95,40,0,0,0,0
1046,202001,2020,9,56.5780157,2020-08-04T23:56:01Z,56.5780157,-166.4024427,2020-08-05T00:59:00Z,56.5863122,-166.4029192,89.94,40,0,0,0,0
1046,202001,2020,1,56.5803795,2020-07-07T04:41:01Z,56.5803795,-161.5537391,2020-07-07T04:59:00Z,56.5886737,-161.5531462,74.87,40,0,0,0,0
1046,202001,2020,5,56.5807285,2020-07-16T07:48:01Z,56.5807285,-163.9797207,2020-07-16T08:09:00Z,56.589029,-163.979662,77.97,40,0,0,0,0
1046,202001,2020,11,56.5816158,2020-08-12T18:30:00Z,56.5816158,-167.6300037,2020-08-12T19:03:00Z,56.5733253,-167.62924800000002,108.65,40,7.04474461035781,0.5100778461102727,51.00778461102727,3.1261718905260336
1046,202001,2020,7,56.5856129,2020-07-23T00:59:01Z,56.5856129,-165.1860187,2020-07-23T01:07:00Z,56.5773132,-165.185777,77.73,40,0,0,0,0
1046,202001,2020,3,56.5860618,2020-07-09T23:39:01Z,56.5860618,-162.7685731,2020-07-09T23:46:00Z,56.5777644,-162.769006,76.53,40,0,0,0,0
1046,202001,2020,9,56.5863123,2020-08-05T01:00:00Z,56.5863123,-166.4029191,2020-08-05T02:07:00Z,56.5946087,-166.4033957,89.43,40,0,0,0,0
1046,202001,2020,1,56.5886738,2020-07-07T04:59:01Z,56.5886738,-161.5531461,2020-07-07T05:04:00Z,56.5969679,-161.5525529,77.46000000000001,40,2.0075515140382207,0.4355296335605468,14.535765437549653,0.8908699263195154
1046,202001,2020,5,56.5890291,2020-07-16T08:09:01Z,56.5890291,-163.9796619,2020-07-16T08:13:00Z,56.5973296,-163.9796032,77.75,40,0,0,0,0
1046,202001,2020,11,56.589906,2020-08-12T18:04:01Z,56.589906,-167.6307599,2020-08-12T18:29:00Z,56.5816157,-167.6300038,108.5,40,20.921429980981433,1.5148253815412471,151.4825381541244,9.284081955219499
1046,202001,2020,7,56.5939125,2020-07-23T00:34:01Z,56.5939125,-165.1862606,2020-07-23T00:59:00Z,56.5856128,-165.1860188,77.35000000000001,40,0,0,0,0
1046,202001,2020,3,56.594359,2020-07-09T23:26:01Z,56.594359,-162.7681401,2020-07-09T23:39:00Z,56.5860617,-162.7685732,75.98,40,0,0,0,0
1046,202001,2020,9,56.5946088,2020-08-05T02:07:01Z,56.5946088,-166.4033956,2020-08-05T02:50:00Z,56.6029051,-166.4038725,88.86,40,2.732440919148503,0.24730449004028038,19.784359203222444,1.2125464394274628
1046,202001,2020,1,56.596968,2020-07-07T05:04:01Z,56.596968,-161.5525528,2020-07-07T05:24:00Z,56.605261999999996,-161.5519594,79.71000000000001,40,1.6687296158874543,0.22278264041028073,12.082510513735473,0.7405145121095742
1046,202001,2020,5,56.5973297,2020-07-16T08:13:01Z,56.5973297,-163.9796031,2020-07-16T15:27:00Z,56.6056301,-163.9795444,77.56,40,2.4898065423373894,0.562238941002053,18.02755427754558,1.1048751453755863
1046,202001,2020,11,56.5981962,2020-08-12T17:40:00Z,56.5981962,-167.6315165,2020-08-12T18:04:00Z,56.5899059,-167.6307601,108.35000000000001,40,13.19035696835288,0.9550536242223464,95.50536242223458,5.85334536043239
1046,202001,2020,7,56.602211999999994,2020-07-22T23:53:01Z,56.602211999999994,-165.1865027,2020-07-23T00:34:00Z,56.5939124,-165.1862608,77.18,40,0,0,0,0
1046,202001,2020,3,56.6026562,2020-07-09T23:16:00Z,56.6026562,-162.7677069,2020-07-09T23:26:00Z,56.5943589,-162.7681402,75.60000000000001,40,0,0,0,0
1046,202001,2020,9,56.6029052,2020-08-05T02:50:01Z,56.6029052,-166.4038724,2020-08-05T03:13:00Z,56.6112014,-166.4043495,88.18,40,6.167200249227292,0.5581735736437187,44.65388589149747,2.736753300330113
1046,202001,2020,1,56.6052621,2020-07-07T05:24:01Z,56.6052621,-161.5519593,2020-07-07T05:29:00Z,56.6135561,-161.5513656,83.3,40,2.0622364720210755,1.3467511366662677,14.931714291983834,0.9151368923965036
1046,202001,2020,5,56.6056302,2020-07-16T15:27:01Z,56.6056302,-163.9795443,2020-07-16T15:52:00Z,56.6139304,-163.9794855,77.3,40,0,0,0,0
1046,202001,2020,11,56.6064863,2020-08-12T17:25:01Z,56.6064863,-167.6322734,2020-08-12T17:39:00Z,56.5981961,-167.6315166,108.22,40,23.584481486120715,1.9510186088897852,170.76448023936308,10.465836187466483
1046,202001,2020,7,56.6105114,2020-07-22T23:26:01Z,56.6105114,-165.1867449,2020-07-22T23:53:00Z,56.6022119,-165.1865028,76.83,40,0,0,0,0
1046,202001,2020,3,56.6109532,2020-07-09T23:14:01Z,56.6109532,-162.7672735,2020-07-09T23:14:02Z,56.6026561,-162.767707,75.2,40,0,0,0,0
1046,202001,2020,9,56.6112015,2020-08-05T03:13:01Z,56.6112015,-166.4043494,2020-08-05T03:34:00Z,56.6194977,-166.4048267,87.59,40,20.689907173219645,1.8725773379386836,149.80618703509447,9.181341524774881
1046,202001,2020,1,56.6135562,2020-07-07T05:29:01Z,56.6135562,-161.5513655,2020-07-07T05:49:00Z,56.621849999999995,-161.5507715,86.26,40,0,0,0,0
1046,202001,2020,5,56.6139305,2020-07-16T15:52:01Z,56.6139305,-163.9794854,2020-07-16T16:22:00Z,56.6222308,-163.9794267,76.95,40,0,0,0,0
1046,202001,2020,11,56.6147763,2020-08-12T17:15:00Z,56.6147763,-167.6330307,2020-08-12T17:25:00Z,56.6064862,-167.6322735,108.07000000000001,40,44.914157416618224,3.252029412285923,325.20294122859264,19.931081134729986
1046,202001,2020,7,56.6188107,2020-07-22T23:00:01Z,56.6188107,-165.1869872,2020-07-22T23:26:00Z,56.6105113,-165.186745,76.64,40,0,0,0,0
1046,202001,2020,3,56.6192502,2020-07-09T22:55:01Z,56.6192502,-162.7668399,2020-07-09T23:14:00Z,56.6109531,-162.7672736,74.85000000000001,40,0,0,0,0
1046,202001,2020,9,56.6194978,2020-08-05T03:35:00Z,56.6194978,-166.4048266,2020-08-05T03:59:00Z,56.6277939,-166.4053041,87.06,40,0.5288112631776287,0.047861016445491233,3.8288813156393093,0.23466498755808016
1046,202001,2020,1,56.6218501,2020-07-07T05:49:01Z,56.6218501,-161.5507714,2020-07-07T05:49:02Z,56.6301439,-161.5501772,86.22,40,0,0,0,0
1046,202001,2020,5,56.6222309,2020-07-16T16:22:01Z,56.6222309,-163.9794265,2020-07-16T17:02:00Z,56.630531,-163.9793678,76.59,40,0,0,0,0
1046,202001,2020,11,56.6230662,2020-08-12T17:02:01Z,56.6230662,-167.6337883,2020-08-12T17:14:00Z,56.6147762,-167.6330308,107.82000000000001,40,60.686665122997404,4.394044801573248,439.40448015732534,26.93028024867536
1046,202001,2020,7,56.627109999999995,2020-07-22T22:40:01Z,56.627109999999995,-165.1872296,2020-07-22T23:00:00Z,56.6188106,-165.1869873,76.43,40,0,0,0,0
1046,202001,2020,3,56.6275471,2020-07-09T22:49:01Z,56.6275471,-162.7664061,2020-07-09T22:55:00Z,56.6192501,-162.76684,74.27,40,0,0,0,0
1046,202001,2020,9,56.627793999999994,2020-08-05T04:00:00Z,56.627793999999994,-166.405304,2020-08-05T04:28:00Z,56.636089999999996,-166.4057818,86.7,40,16.135606664506383,1.4603821622243234,116.8305729779457,7.160327702582586
1046,202001,2020,1,56.630143999999994,2020-07-07T05:50:00Z,56.630143999999994,-161.550177,2020-07-07T05:59:00Z,56.6384377,-161.5495826,85.68,40,0,0,0,0
1046,202001,2020,5,56.6305311,2020-07-16T17:02:01Z,56.6305311,-163.9793676,2020-07-16T17:44:00Z,56.6388311,-163.9793088,76.18,40,0,0,0,0
1046,202001,2020,11,56.6313561,2020-08-12T16:50:00Z,56.6313561,-167.6345462,2020-08-12T17:02:00Z,56.6230661,-167.6337884,107.43,40,279.9067932319241,20.266775035883327,2026.677503588333,124.21128051716268
1046,202001,2020,7,56.6354092,2020-07-22T22:29:01Z,56.6354092,-165.1874721,2020-07-22T22:40:00Z,56.6271099,-165.1872297,76.25,40,0,0,0,0
1046,202001,2020,3,56.6358439,2020-07-09T22:35:01Z,56.6358439,-162.7659721,2020-07-09T22:49:00Z,56.627547,-162.7664062,73.79,40,0,0,0,0
1046,202001,2020,9,56.6360901,2020-08-05T04:28:01Z,56.6360901,-166.4057817,2020-08-05T04:54:00Z,56.644386,-166.4062596,86.41,40,21.26316726868032,1.9244612760596622,153.95690208477316,9.43573110104916
1046,202001,2020,1,56.6384378,2020-07-07T06:00:00Z,56.6384378,-161.5495824,2020-07-07T06:12:00Z,56.6467314,-161.5489877,87.15,40,0,0,0,0
1046,202001,2020,5,56.6388312,2020-07-16T17:44:01Z,56.6388312,-163.9793087,2020-07-16T18:13:00Z,56.6471312,-163.9792499,75.79,40,0,0,0,0
1046,202001,2020,11,56.6396458,2020-08-12T16:40:01Z,56.6396458,-167.6353045,2020-08-12T16:49:00Z,56.631356,-167.6345463,106.92,40,210.907617010166,15.270859195466539,1527.0859195466523,93.59224503690322
1046,202001,2020,7,56.6437083,2020-07-22T22:04:01Z,56.6437083,-165.1877147,2020-07-22T22:29:00Z,56.6354091,-165.1874722,76.12,40,0,0,0,0
1046,202001,2020,3,56.6441407,2020-07-09T22:25:00Z,56.6441407,-162.7655379,2020-07-09T22:35:00Z,56.6358438,-162.7659722,73.27,40,0,0,0,0
1046,202001,2020,9,56.6443861,2020-08-05T04:54:01Z,56.6443861,-166.4062595,2020-08-05T05:14:00Z,56.6526819,-166.4067377,85.91,40,22.72859910828767,2.057092825837442,164.56742606699552,10.086030306747361
1046,202001,2020,1,56.6467315,2020-07-07T06:12:01Z,56.6467315,-161.5489875,2020-07-07T06:22:00Z,56.6550251,-161.5483925,90.33,40,0,0,0,0
1046,202001,2020,5,56.6471313,2020-07-16T18:13:01Z,56.6471313,-163.9792497,2020-07-16T18:59:00Z,56.6554312,-163.9791909,75.42,40,0,0,0,0
1046,202001,2020,11,56.6479355,2020-08-12T16:30:01Z,56.6479355,-167.6360631,2020-08-12T16:40:00Z,56.6396457,-167.6353046,106.3,40,126.42302748275026,9.153715162694278,915.3715162694277,56.10141129185669
1046,202001,2020,7,56.6520073,2020-07-22T21:37:01Z,56.6520073,-165.1879574,2020-07-22T22:04:00Z,56.6437082,-165.1877148,76.04,40,0,0,0,0
1046,202001,2020,3,56.6524373,2020-07-09T22:24:01Z,56.6524373,-162.7651035,2020-07-09T22:24:02Z,56.6441406,-162.765538,72.81,40,0,0,0,0
1046,202001,2020,9,56.652682,2020-08-05T05:14:01Z,56.652682,-166.4067376,2020-08-05T05:39:00Z,56.6609778,-166.407216,85.29,40,25.25433569189148,2.2856891674479654,182.8551333958367,11.206849746947684
1046,202001,2020,1,56.6550252,2020-07-07T06:22:01Z,56.6550252,-161.5483924,2020-07-07T06:39:00Z,56.6633186,-161.5477971,91.02,40,0,0,0,0
1046,202001,2020,5,56.655431300000004,2020-07-16T18:59:01Z,56.655431300000004,-163.9791907,2020-07-16T19:39:00Z,56.6637311,-163.9791318,75.04,40,0,0,0,0
1046,202001,2020,11,56.6562251,2020-08-12T16:17:01Z,56.6562251,-167.6368221,2020-08-12T16:30:00Z,56.6479354,-167.6360632,105.01,40,212.2080041142509,15.36501429829111,1536.5014298291112,94.16930408395734
1046,202001,2020,7,56.6603062,2020-07-22T21:20:01Z,56.6603062,-165.1882003,2020-07-22T21:37:00Z,56.6520072,-165.1879576,75.95,40,0,0,0,0
1046,202001,2020,3,56.6607339,2020-07-09T22:02:01Z,56.6607339,-162.7646689,2020-07-09T22:24:00Z,56.6524372,-162.7651037,72.60000000000001,40,0,0,0,0
1046,202001,2020,9,56.6609779,2020-08-05T05:39:01Z,56.6609779,-166.4072159,2020-08-05T06:04:00Z,56.6692735,-166.4076945,84.9,40,66.60698294958023,6.028385036994982,482.270802959597,29.55747714453322
1046,202001,2020,1,56.6633187,2020-07-07T06:39:01Z,56.6633187,-161.547797,2020-07-07T06:42:00Z,56.6716121,-161.5472014,90.96000000000001,40,0,0,0,0
1046,202001,2020,5,56.6637312,2020-07-16T19:39:01Z,56.6637312,-163.9791317,2020-07-16T20:42:00Z,56.672031,-163.9790728,74.71000000000001,40,0,0,0,0
1046,202001,2020,11,56.6645146,2020-08-12T16:07:01Z,56.6645146,-167.6375814,2020-08-12T16:17:00Z,56.656225,-167.6368222,103.08,40,248.98803693623566,18.028088825381776,1802.8088825381774,110.49079068145
1046,202001,2020,7,56.6686051,2020-07-22T20:25:00Z,56.6686051,-165.1884432,2020-07-22T21:20:00Z,56.6603061,-165.1882004,75.99,40,0,0,0,0
1046,202001,2020,3,56.6690304,2020-07-09T21:59:01Z,56.6690304,-162.7642342,2020-07-09T22:02:00Z,56.6607338,-162.7646691,72.3,40,0,0,0,0
1046,202001,2020,9,56.6692737,2020-08-05T06:04:01Z,56.6692737,-166.4076944,2020-08-05T06:29:00Z,56.6775692,-166.4081733,84.54,40,124.17817021733549,11.906983143907702,899.117528054096,55.10523469929936
1046,202001,2020,1,56.6716122,2020-07-07T06:42:01Z,56.6716122,-161.5472013,2020-07-07T07:04:00Z,56.6799055,-161.5466054,90.57000000000001,40,0,0,0,0
1046,202001,2020,5,56.6720311,2020-07-16T20:42:01Z,56.6720311,-163.9790727,2020-07-16T21:54:00Z,56.6803307,-163.9790137,74.54,40,0,0,0,0
1046,202001,2020,11,56.672804,2020-08-12T07:20:01Z,56.672804,-167.6383411,2020-08-12T16:07:00Z,56.6645145,-167.6375815,102.08,40,242.90227194832588,21.005700429424166,1758.744632254324,107.79017504670027
1046,202001,2020,7,56.6769039,2020-07-22T20:04:01Z,56.6769039,-165.1886863,2020-07-22T20:24:00Z,56.668605,-165.1884434,76.08,40,0,0,0,0
1046,202001,2020,3,56.6773268,2020-07-09T21:42:01Z,56.6773268,-162.7637992,2020-07-09T21:59:00Z,56.6690303,-162.7642343,72.08,40,0,0,0,0
1046,202001,2020,9,56.6775693,2020-08-05T06:29:01Z,56.6775693,-166.4081731,2020-08-05T06:39:00Z,56.6858649,-166.4086522,83.9,40,202.24866609251836,24.79907619301656,1464.3904028468078,89.74975386690467
1046,202001,2020,1,56.6799056,2020-07-07T07:04:01Z,56.6799056,-161.5466053,2020-07-07T07:04:02Z,56.6881988,-161.5460092,90.41,40,0,0,0,0
1046,202001,2020,5,56.6803308,2020-07-16T21:54:01Z,56.6803308,-163.9790136,2020-07-16T22:19:00Z,56.6886304,-163.9789546,74.37,40,0,0,0,0
1046,202001,2020,11,56.6810934,2020-08-12T06:45:01Z,56.6810934,-167.6391011,2020-08-12T07:20:00Z,56.6728039,-167.6383412,101.57000000000001,40,157.73836892309907,11.421116295819182,1142.1116295819184,69.9978895274348
1046,202001,2020,7,56.6852026,2020-07-22T19:34:01Z,56.6852026,-165.1889295,2020-07-22T20:04:00Z,56.6769038,-165.1886864,76.13,40,0,0,0,0
1046,202001,2020,3,56.6856232,2020-07-09T21:35:00Z,56.6856232,-162.763364,2020-07-09T21:42:00Z,56.6773267,-162.7637993,71.68,40,0,0,0,0
1046,202001,2020,9,56.685865,2020-08-05T06:39:01Z,56.685865,-166.4086521,2020-08-05T06:54:00Z,56.6941604,-166.4091314,83.32000000000001,40,206.53487440695585,21.801823229154436,1495.4248835261178,91.65179924834156
1046,202001,2020,1,56.6881989,2020-07-07T07:05:00Z,56.6881989,-161.546009,2020-07-07T07:15:00Z,56.696492,-161.54541269999999,89.01,40,0,0,0,0
1046,202001,2020,5,56.6886305,2020-07-16T22:19:01Z,56.6886305,-163.9789545,2020-07-16T22:48:00Z,56.696929999999995,-163.9788955,74.26,40,0,0,0,0
1046,202001,2020,11,56.6893827,2020-08-12T06:12:01Z,56.6893827,-167.6398615,2020-08-12T06:45:00Z,56.6810933,-167.6391012,100.54,40,108.00954511411425,9.775598545147167,782.0478836117734,47.9302547529963
1046,202001,2020,7,56.6935012,2020-07-22T18:44:01Z,56.6935012,-165.1891728,2020-07-22T19:34:00Z,56.6852025,-165.1889296,76.26,40,0,0,0,0
1046,202001,2020,3,56.6939194,2020-07-09T21:20:01Z,56.6939194,-162.7629286,2020-07-09T21:34:00Z,56.6856231,-162.7633641,71.25,40,0,0,0,0
1046,202001,2020,9,56.6941605,2020-08-05T06:55:00Z,56.6941605,-166.4091312,2020-08-05T07:22:00Z,56.7024559,-166.4096108,82.78,40,142.70290386095718,13.642501184324306,1033.2466804837275,63.325760041130124
1046,202001,2020,1,56.6964921,2020-07-07T07:15:01Z,56.6964921,-161.5454125,2020-07-07T07:29:00Z,56.7047852,-161.5448159,88.67,40,0,0,0,0
1046,202001,2020,5,56.6969301,2020-07-16T22:48:01Z,56.6969301,-163.9788954,2020-07-16T23:15:00Z,56.7052295,-163.9788364,74.19,40,0,0,0,0
1046,202001,2020,11,56.6976718,2020-08-12T05:39:01Z,56.6976718,-167.6406222,2020-08-12T06:12:00Z,56.6893826,-167.6398616,99.08,40,206.2219886105827,18.664492751164577,1493.1594200931656,91.5129532240118
1046,202001,2020,7,56.7017998,2020-07-22T17:04:01Z,56.7017998,-165.1894162,2020-07-22T18:44:00Z,56.6935011,-165.1891729,76.43,40,0,0,0,0
1046,202001,2020,3,56.7022156,2020-07-09T21:10:00Z,56.7022156,-162.7624931,2020-07-09T21:20:00Z,56.6939193,-162.7629288,70.81,40,0,0,0,0
1046,202001,2020,9,56.702456,2020-08-05T07:22:01Z,56.702456,-166.4096106,2020-08-05T07:44:00Z,56.7107512,-166.4100904,82.48,40,57.004436853075106,5.7284210077680005,412.7431436761306,25.29625671075938
1046,202001,2020,1,56.7047853,2020-07-07T07:29:01Z,56.7047853,-161.5448157,2020-07-07T07:35:00Z,56.7130782,-161.5442188,88.85000000000001,40,0,0,0,0
1046,202001,2020,5,56.7052296,2020-07-16T23:15:01Z,56.7052296,-163.9788362,2020-07-16T23:59:00Z,56.713528999999994,-163.9787772,74.09,40,0,0,0,0
1046,202001,2020,11,56.7059609,2020-08-12T05:10:00Z,56.7059609,-167.6413832,2020-08-12T05:39:00Z,56.6976717,-167.6406223,97.51,40,236.27975125278476,22.33608991249477,1710.7939785537533,104.8513690022075
1046,202001,2020,7,56.7100983,2020-07-22T16:07:01Z,56.7100983,-165.1896597,2020-07-22T17:04:00Z,56.7017997,-165.1894163,76.5,40,0,0,0,0
1046,202001,2020,3,56.7105117,2020-07-09T21:00:00Z,56.7105117,-162.7620573,2020-07-09T21:09:00Z,56.7022155,-162.7624932,70.47,40,0,0,0,0
1046,202001,2020,9,56.7107513,2020-08-05T07:45:00Z,56.7107513,-166.4100902,2020-08-05T22:37:00Z,56.7190465,-166.4105702,81.73,40,2.213727515813038,0.20035739859908258,16.02859188792661,0.9823624724512542
1046,202001,2020,1,56.7130783,2020-07-07T07:35:01Z,56.7130783,-161.5442187,2020-07-07T07:54:00Z,56.7213712,-161.5436215,86.78,40,0,0,0,0
1046,202001,2020,5,56.7135291,2020-07-16T23:59:01Z,56.7135291,-163.97877699999998,2020-07-17T00:24:00Z,56.7218284,-163.97871800000001,74.06,40,0,0,0,0
1046,202001,2020,11,56.71425,2020-08-12T04:44:01Z,56.71425,-167.6421446,2020-08-12T05:09:00Z,56.7059608,-167.6413833,96.31,40,216.51145744661446,24.265222378351936,1567.6607738226558,96.0790021048118
1046,202001,2020,7,56.7183967,2020-07-22T08:03:01Z,56.7183967,-165.1899033,2020-07-22T16:07:00Z,56.7100982,-165.1896598,76.48,40,12.169048049037917,1.5304117794052756,88.1105300671845,5.400129891072203
1046,202001,2020,3,56.7188078,2020-07-09T20:47:01Z,56.7188078,-162.7616213,2020-07-09T20:59:00Z,56.7105116,-162.7620574,70.09,40,0,0,0,0
1046,202001,2020,9,56.7190466,2020-08-05T22:38:00Z,56.7190466,-166.4105701,2020-08-05T22:50:00Z,56.7273418,-166.4110502,80.96000000000001,40,1.7615049902665527,0.21257091185075225,12.754254711045148,0.781684459859069
1046,202001,2020,1,56.7213713,2020-07-07T07:54:01Z,56.7213713,-161.5436214,2020-07-07T07:54:02Z,56.7296641,-161.5430239,84.56,40,0,0,0,0
1046,202001,2020,5,56.7218285,2020-07-17T00:24:01Z,56.7218285,-163.9787178,2020-07-17T00:51:00Z,56.7301277,-163.9786587,74.02,40,0,0,0,0
1046,202001,2020,11,56.722538900000004,2020-08-12T04:19:01Z,56.722538900000004,-167.6429064,2020-08-12T04:44:00Z,56.7142499,-167.6421447,95.66,40,361.86035686795213,41.83230551832982,2620.065902070008,160.57894764177328
1046,202001,2020,7,56.726695,2020-07-22T07:38:01Z,56.726695,-165.190147,2020-07-22T08:03:00Z,56.7183966,-165.1899034,76.45,40,81.5202459184236,12.258457216659725,590.2509424019743,36.1753782989163
1046,202001,2020,3,56.7271037,2020-07-09T20:44:01Z,56.7271037,-162.7611851,2020-07-09T20:47:00Z,56.7188077,-162.7616215,69.74,40,0,0,0,0
1046,202001,2020,9,56.7273419,2020-08-05T22:50:01Z,56.7273419,-166.4110501,2020-08-05T23:09:00Z,56.7356369,-166.4115305,80.64,40,0,0,0,0
1046,202001,2020,1,56.7296642,2020-07-07T07:55:00Z,56.7296642,-161.5430238,2020-07-07T08:06:00Z,56.737956999999994,-161.542426,80.47,40,0,0,0,0
1046,202001,2020,5,56.7301278,2020-07-17T00:51:01Z,56.7301278,-163.9786586,2020-07-17T01:25:00Z,56.7384269,-163.9785995,73.96000000000001,40,0,0,0,0
1046,202001,2020,11,56.7308278,2020-08-12T03:54:01Z,56.7308278,-167.6436685,2020-08-12T04:19:00Z,56.7225388,-167.6429065,95.52,40,322.0360280846558,37.35689987186148,2331.7160899461683,142.9065259874297
1046,202001,2020,7,56.7349932,2020-07-22T07:29:01Z,56.7349932,-165.1903909,2020-07-22T07:38:00Z,56.7266949,-165.1901472,76.44,40,118.54259242811526,19.042075508656758,858.3128780730891,52.60439388164503
1046,202001,2020,3,56.7353996,2020-07-09T20:24:01Z,56.7353996,-162.7607488,2020-07-09T20:44:00Z,56.7271036,-162.7611853,69.33,40,0,0,0,0
1046,202001,2020,9,56.735637,2020-08-05T23:10:00Z,56.735637,-166.4115304,2020-08-05T23:34:00Z,56.743932,-166.412011,80.19,40,0,0,0,0
1046,202001,2020,1,56.7379571,2020-07-07T08:06:01Z,56.7379571,-161.5424259,2020-07-07T08:19:00Z,56.7462497,-161.5418279,77.57000000000001,40,0,0,0,0
1046,202001,2020,5,56.738426999999994,2020-07-17T01:25:01Z,56.738426999999994,-163.9785993,2020-07-17T02:04:00Z,56.746725999999995,-163.9785402,73.85000000000001,40,0,0,0,0
1046,202001,2020,11,56.7391165,2020-08-12T03:29:01Z,56.7391165,-167.6444309,2020-08-12T03:54:00Z,56.7308276,-167.6436686,95.58,40,392.7954999295497,38.95546495621663,2844.05317222275,174.30670925947314
1046,202001,2020,7,56.7432914,2020-07-22T07:04:01Z,56.7432914,-165.1906348,2020-07-22T07:29:00Z,56.7349931,-165.19039099999998,76.41,40,66.97608845227977,10.76827733908108,484.94332766017476,29.721271193998295
1046,202001,2020,3,56.7436954,2020-07-09T20:19:01Z,56.7436954,-162.7603122,2020-07-09T20:24:00Z,56.7353995,-162.7607489,68.95,40,0,0,0,0
1046,202001,2020,9,56.7439321,2020-08-05T23:34:01Z,56.7439321,-166.4120108,2020-08-05T23:40:00Z,56.7522269,-166.4124917,79.95,40,0,0,0,0
1046,202001,2020,1,56.7462498,2020-07-07T08:19:01Z,56.7462498,-161.5418277,2020-07-07T15:07:00Z,56.7545424,-161.5412295,75.16,40,3.2712875826365044,0.56099340916088,23.685902278205635,1.4516647305608543
1046,202001,2020,5,56.746726100000004,2020-07-17T02:04:01Z,56.746726100000004,-163.97854,2020-07-17T02:38:00Z,56.7550251,-163.9784809,73.82000000000001,40,0,0,0,0
1046,202001,2020,11,56.7474052,2020-08-12T03:04:01Z,56.7474052,-167.6451937,2020-08-12T03:29:00Z,56.7391164,-167.644431,95.53,40,278.55172586161007,28.679050418966856,2016.8660784222905,123.60995658604156
1046,202001,2020,7,56.7515895,2020-07-22T06:40:00Z,56.7515895,-165.1908789,2020-07-22T07:04:00Z,56.7432913,-165.190635,76.36,40,50.097134821679944,8.053795861059038,362.7305181307426,22.23107626146781
1046,202001,2020,3,56.7519911,2020-07-09T20:01:01Z,56.7519911,-162.7598754,2020-07-09T20:19:00Z,56.7436953,-162.7603123,68.48,40,0,0,0,0
1046,202001,2020,9,56.7522271,2020-08-05T23:40:01Z,56.7522271,-166.4124915,2020-08-05T23:59:00Z,56.7605219,-166.4129726,79.66,40,0,0,0,0
1046,202001,2020,1,56.7545425,2020-07-07T15:07:01Z,56.7545425,-161.5412293,2020-07-07T15:22:00Z,56.762834999999995,-161.5406308,73.98,40,10.967671385989881,1.985853568212595,79.41190925765646,4.867007661427035
1046,202001,2020,5,56.7550252,2020-07-17T02:38:01Z,56.7550252,-163.9784807,2020-07-17T03:25:00Z,56.7633241,-163.9784215,73.72,40,76.63873387587043,12.331247528373032,554.9061387767877,34.00916127122493
1046,202001,2020,11,56.7556938,2020-08-12T02:40:00Z,56.7556938,-167.6459568,2020-08-12T03:04:00Z,56.7474051,-167.6451938,95.3,40,186.42587934832216,18.18961750183297,1349.8248163232697,82.72824295552732
1046,202001,2020,7,56.7598875,2020-07-22T06:25:01Z,56.7598875,-165.1911231,2020-07-22T06:39:00Z,56.7515894,-165.190879,76.28,40,23.895967091423362,3.844884567266764,173.0198055270041,10.604060863797391
1046,202001,2020,3,56.7602867,2020-07-09T19:54:01Z,56.7602867,-162.7594385,2020-07-09T20:01:00Z,56.751991,-162.7598756,68.04,40,0,0,0,0
1046,202001,2020,9,56.760521999999995,2020-08-06T00:00:00Z,56.760521999999995,-166.4129725,2020-08-06T00:24:00Z,56.7688167,-166.4134537,79.21000000000001,40,0,0,0,0
1046,202001,2020,1,56.7628351,2020-07-07T15:22:01Z,56.7628351,-161.5406306,2020-07-07T15:49:00Z,56.7711275,-161.5400318,72.23,40,11.27758419301053,2.745350321477172,81.65584662984534,5.004534393680394
1046,202001,2020,5,56.7633242,2020-07-17T03:25:01Z,56.7633242,-163.9784214,2020-07-17T16:24:00Z,56.771623,-163.9783622,73.49,40,41.55734966381125,6.103673346678782,300.8978263797084,18.44146602174266
1046,202001,2020,11,56.7639824,2020-08-12T02:20:01Z,56.7639824,-167.6467203,2020-08-12T02:39:00Z,56.7556937,-167.6459569,94.89,40,238.5963964655879,23.16037237292957,1727.5677505739752,105.87940217376331
1046,202001,2020,7,56.7681854,2020-07-22T06:10:00Z,56.7681854,-165.1913673,2020-07-22T06:25:00Z,56.7598874,-165.1911232,76.18,40,8.680021328989806,1.396623954313928,62.848077944126786,3.851841363838473
1046,202001,2020,3,56.7685823,2020-07-09T19:39:01Z,56.7685823,-162.7590013,2020-07-09T19:54:00Z,56.7602866,-162.7594386,67.55,40,0,0,0,0
1046,202001,2020,9,56.7688168,2020-08-06T00:24:01Z,56.7688168,-166.4134536,2020-08-06T00:28:00Z,56.7771114,-166.4139351,78.96000000000001,40,0,0,0,0
1046,202001,2020,1,56.7711276,2020-07-07T15:49:01Z,56.7711276,-161.5400316,2020-07-07T15:54:00Z,56.7794199,-161.5394326,71.06,40,0,0,0,0
1046,202001,2020,5,56.7716231,2020-07-17T16:24:01Z,56.7716231,-163.978362,2020-07-17T23:28:00Z,56.7799218,-163.9783028,73.06,40,2.645897297600514,0.41946867268451155,19.157736287625525,1.1741418907955845
1046,202001,2020,11,56.7722708,2020-08-12T02:14:01Z,56.7722708,-167.6474841,2020-08-12T02:20:00Z,56.7639823,-167.6467204,94.29,40,167.62191045909364,16.360747863369625,1213.6738487603009,74.38380433877434
1046,202001,2020,7,56.7764833,2020-07-22T05:54:01Z,56.7764833,-165.1916117,2020-07-22T06:09:00Z,56.7681853,-165.1913675,76.06,40,13.361693782635255,2.149909648805863,96.74593419626389,5.929377688394188
1046,202001,2020,3,56.7768778,2020-07-09T19:29:01Z,56.7768778,-162.7585639,2020-07-09T19:39:00Z,56.7685822,-162.7590014,67.16,40,0,0,0,0
1046,202001,2020,9,56.7771115,2020-08-06T00:28:01Z,56.7771115,-166.41393499999998,2020-08-06T00:49:00Z,56.7854061,-166.4144167,78.60000000000001,40,0,0,0,0
1046,202001,2020,1,56.779419999999995,2020-07-07T15:54:01Z,56.779419999999995,-161.5394324,2020-07-07T16:05:00Z,56.7877123,-161.538833,72.22,40,0.80904393650895,0.19893642183918503,5.8579183684857705,0.35902088044414543
1046,202001,2020,5,56.7799219,2020-07-17T23:28:01Z,56.7799219,-163.9783026,2020-07-18T01:49:00Z,56.7882206,-163.9782433,72.91,40,1.4814621985201784,0.2383687223156462,10.72659250420408,0.6574128287179244
1046,202001,2020,11,56.7805592,2020-08-12T01:49:01Z,56.7805592,-167.6482483,2020-08-12T02:14:00Z,56.7722707,-167.6474843,93.60000000000001,40,132.7472339171563,12.501782681194682,961.1622123817559,58.907837568269265
1046,202001,2020,7,56.784780999999995,2020-07-22T05:49:01Z,56.784780999999995,-165.1918563,2020-07-22T05:54:00Z,56.7764832,-165.1916119,75.91,40,0,0,0,0
1046,202001,2020,3,56.7851732,2020-07-09T19:14:01Z,56.7851732,-162.7581264,2020-07-09T19:29:00Z,56.7768777,-162.7585641,66.69,40,0,0,0,0
1046,202001,2020,9,56.7854062,2020-08-06T00:50:00Z,56.7854062,-166.4144165,2020-08-06T01:05:00Z,56.7937007,-166.4148985,78.23,40,0,0,0,0
1046,202001,2020,1,56.7877124,2020-07-07T16:05:01Z,56.7877124,-161.5388329,2020-07-07T16:20:00Z,56.7960046,-161.5382332,74.2,40,2.8867262599577113,0.47279596207271024,20.90146903017972,1.2810120151488056
1046,202001,2020,5,56.7882207,2020-07-18T01:50:00Z,56.7882207,-163.9782432,2020-07-18T02:39:00Z,56.7965193,-163.9781839,73.14,40,1.3913378371690286,0.22386762408563673,10.074043083853647,0.6174192930128359
1046,202001,2020,11,56.7888475,2020-08-12T01:22:01Z,56.7888475,-167.6490129,2020-08-12T01:49:00Z,56.7805591,-167.6482485,92.61,40,166.72076617164143,15.72535721940551,1207.149073731517,73.98391305859944
1046,202001,2020,7,56.7930787,2020-07-22T05:29:01Z,56.7930787,-165.1921009,2020-07-22T05:49:00Z,56.7847809,-165.1918564,75.71000000000001,40,0.2857050744441376,0.04597022699760638,2.0686602148922892,0.12678432251393515
1046,202001,2020,3,56.7934685,2020-07-09T19:06:00Z,56.7934685,-162.7576886,2020-07-09T19:14:00Z,56.7851731,-162.7581265,66.48,40,0,0,0,0
1046,202001,2020,9,56.7937008,2020-08-06T01:05:01Z,56.7937008,-166.4148983,2020-08-06T01:17:00Z,56.8019952,-166.4153805,78,40,0,0,0,0
1046,202001,2020,1,56.7960047,2020-07-07T16:20:01Z,56.7960047,-161.5382331,2020-07-07T16:39:00Z,56.8042968,-161.5376332,76.81,40,5.711922186108554,0.9112772097592924,41.35742495982052,2.534719364110153
1046,202001,2020,5,56.7965194,2020-07-18T02:39:01Z,56.7965194,-163.9781837,2020-07-18T03:10:00Z,56.8048179,-163.9781244,73.07000000000001,40,0,0,0,0
1046,202001,2020,11,56.7971357,2020-08-12T01:02:01Z,56.7971357,-167.6497777,2020-08-12T01:22:00Z,56.7888474,-167.649013,91.63,40,76.17932364053465,7.615795327226942,551.5797586696003,33.80529364459514
1046,202001,2020,7,56.8013764,2020-07-22T05:24:01Z,56.8013764,-165.1923456,2020-07-22T05:29:00Z,56.7930786,-165.19210099999998,75.5,40,0,0,0,0
1046,202001,2020,3,56.8017638,2020-07-09T18:53:01Z,56.8017638,-162.7572506,2020-07-09T19:04:00Z,56.7934684,-162.7576887,66.31,40,0,0,0,0
1046,202001,2020,9,56.8019953,2020-08-06T01:17:01Z,56.8019953,-166.4153804,2020-08-06T01:39:00Z,56.8102897,-166.4158627,77.69,40,0,0,0,0
1046,202001,2020,1,56.8042969,2020-07-07T16:39:01Z,56.8042969,-161.537633,2020-07-07T16:50:00Z,56.8125889,-161.5370328,77.99,40,22.97422596350474,2.7979618330933143,166.34589816478814,10.195029541326981
1046,202001,2020,5,56.804818,2020-07-18T03:10:01Z,56.804818,-163.9781243,2020-07-18T03:54:00Z,56.8131164,-163.9780649,73.04,40,0.9841329948146293,0.1583479651367146,7.125658431152155,0.4367183020950472
1046,202001,2020,11,56.8054238,2020-08-12T00:46:01Z,56.8054238,-167.650543,2020-08-12T01:02:00Z,56.7971356,-167.6497779,90.73,40,80.54101097633423,7.501212047740857,583.1607485379913,35.74083355393297
1046,202001,2020,7,56.8096739,2020-07-22T04:59:01Z,56.8096739,-165.1925905,2020-07-22T05:24:00Z,56.8013763,-165.1923457,75.28,40,0,0,0,0
1046,202001,2020,3,56.8100589,2020-07-09T18:41:00Z,56.8100589,-162.7568125,2020-07-09T18:53:00Z,56.8017637,-162.7572508,66.25,40,0,0,0,0
1046,202001,2020,9,56.8102898,2020-08-06T01:40:00Z,56.8102898,-166.4158626,2020-08-06T01:50:00Z,56.818583999999994,-166.4163452,77.32000000000001,40,0,0,0,0
1046,202001,2020,1,56.812588999999996,2020-07-07T16:50:01Z,56.812588999999996,-161.5370327,2020-07-07T17:08:00Z,56.8208809,-161.5364322,78.22,40,23.53139747000246,2.8396687179205733,170.38012307523434,10.442279654447368
1046,202001,2020,5,56.8131165,2020-07-18T03:54:01Z,56.8131165,-163.9780648,2020-07-18T15:59:00Z,56.8214149,-163.9780054,72.69,40,6.547777030546823,0.9671248824196866,47.40946889176164,2.905637837918419
1046,202001,2020,11,56.8137118,2020-08-12T00:34:01Z,56.8137118,-167.6513085,2020-08-12T00:46:00Z,56.8054237,-167.6505431,90.17,40,56.8661102190278,5.146769794632392,411.7415835705905,25.234872961739725
1046,202001,2020,7,56.8179714,2020-07-22T04:34:01Z,56.8179714,-165.1928354,2020-07-22T04:59:00Z,56.8096738,-165.1925906,75.04,40,0,0,0,0
1046,202001,2020,3,56.818354,2020-07-09T18:39:01Z,56.818354,-162.7563741,2020-07-09T18:39:02Z,56.8100588,-162.7568126,66.25,40,0,0,0,0
1046,202001,2020,9,56.8185841,2020-08-06T01:50:01Z,56.8185841,-166.4163451,2020-08-06T02:04:00Z,56.8268783,-166.4168279,77.02,40,0,0,0,0
1046,202001,2020,1,56.820881,2020-07-07T17:08:01Z,56.820881,-161.5364321,2020-07-07T17:29:00Z,56.8291729,-161.5358313,78.56,40,31.005375441746924,3.741596513405125,224.4957908043078,13.758927899058698
1046,202001,2020,5,56.821414999999995,2020-07-18T15:59:01Z,56.821414999999995,-163.9780052,2020-07-18T16:49:00Z,56.8297133,-163.9779458,72.69,40,16.814547300028096,2.2722759701893502,121.74647264724638,7.461614015642565
1046,202001,2020,11,56.8219998,2020-08-12T00:13:01Z,56.8219998,-167.6520745,2020-08-12T00:34:00Z,56.8137117,-167.6513087,89.52,40,71.62102664385971,6.482190098309847,518.5752078647873,31.782506343161568
1046,202001,2020,7,56.8262688,2020-07-22T04:10:00Z,56.8262688,-165.1930805,2020-07-22T04:34:00Z,56.8179713,-165.1928355,74.76,40,0,0,0,0
1046,202001,2020,3,56.826648999999996,2020-07-09T18:18:01Z,56.826648999999996,-162.7559355,2020-07-09T18:39:00Z,56.8183539,-162.7563742,66.25,40,0,0,0,0
1046,202001,2020,9,56.8268784,2020-08-06T02:04:01Z,56.8268784,-166.4168277,2020-08-06T02:13:00Z,56.8351725,-166.4173108,76.8,40,0,0,0,0
1046,202001,2020,1,56.829173,2020-07-07T17:29:01Z,56.829173,-161.5358312,2020-07-07T17:38:00Z,56.8374648,-161.5352302,80.64,40,36.36929363427441,4.45661618793885,263.33347747265617,16.13921720747536
1046,202001,2020,5,56.8297134,2020-07-18T16:50:00Z,56.8297134,-163.9779457,2020-07-18T17:42:00Z,56.8380116,-163.9778862,72.61,40,9.922323462855362,1.5965115874073241,71.8430214333295,4.403124657305339
1046,202001,2020,11,56.8302877,2020-08-11T23:58:01Z,56.8302877,-167.6528408,2020-08-12T00:13:00Z,56.8219997,-167.6520746,88.86,40,56.56278397260173,5.119316706017521,409.54533648140233,25.100269077896762
1046,202001,2020,7,56.8345661,2020-07-22T03:53:01Z,56.8345661,-165.1933257,2020-07-22T04:09:00Z,56.8262687,-165.1930806,74.45,40,0,0,0,0
1046,202001,2020,3,56.834944,2020-07-09T18:14:01Z,56.834944,-162.7554968,2020-07-09T18:18:00Z,56.8266489,-162.7559357,66.26,40,0,0,0,0
1046,202001,2020,9,56.8351726,2020-08-06T02:13:01Z,56.8351726,-166.4173106,2020-08-06T02:29:00Z,56.8434666,-166.4177939,76.52,40,0,0,0,0
1046,202001,2020,1,56.8374649,2020-07-07T17:38:01Z,56.8374649,-161.53523,2020-07-07T17:54:00Z,56.8457566,-161.5346288,82.19,40,31.588088619529373,8.224924440615696,228.7149513142052,14.017512369806466
1046,202001,2020,5,56.8380117,2020-07-18T17:42:01Z,56.8380117,-163.9778861,2020-07-18T18:00:00Z,56.8463098,-163.9778266,72.41,40,0,0,0,0
1046,202001,2020,11,56.8385755,2020-08-11T23:44:01Z,56.8385755,-167.6536074,2020-08-11T23:58:00Z,56.8302876,-167.6528409,88.36,40,110.97682223300177,10.044157308687952,803.5325846950334,49.24701197182131
1046,202001,2020,7,56.8428634,2020-07-22T03:44:01Z,56.8428634,-165.193571,2020-07-22T03:53:00Z,56.834565999999995,-165.1933258,74.19,40,0,0,0,0
1046,202001,2020,3,56.8432388,2020-07-09T17:55:01Z,56.8432388,-162.7550578,2020-07-09T18:14:00Z,56.8349439,-162.7554969,66.29,40,0,0,0,0
1046,202001,2020,9,56.8434668,2020-08-06T02:29:01Z,56.8434668,-166.4177938,2020-08-06T02:40:00Z,56.8517607,-166.4182772,76.22,40,0,0,0,0
1046,202001,2020,1,56.8457567,2020-07-07T17:54:01Z,56.8457567,-161.5346286,2020-07-07T18:06:00Z,56.8540483,-161.53402699999998,82.99,40,150.0274829468179,17.94731822471756,1086.2806189786306,66.57611112049872
1046,202001,2020,5,56.8463099,2020-07-18T18:00:01Z,56.8463099,-163.9778265,2020-07-18T18:29:00Z,56.854608,-163.977767,72.2,40,0,0,0,0
1046,202001,2020,11,56.8468632,2020-08-11T23:20:00Z,56.8468632,-167.6543744,2020-08-11T23:44:00Z,56.8385754,-167.6536075,87.74,40,127.88755418487897,11.574693582046823,925.975486563744,56.75130883425844
1046,202001,2020,7,56.8511605,2020-07-22T03:20:00Z,56.8511605,-165.1938164,2020-07-22T03:44:00Z,56.8428633,-165.1935711,73.96000000000001,40,0,0,0,0
1046,202001,2020,3,56.8515336,2020-07-09T17:49:01Z,56.8515336,-162.7546186,2020-07-09T17:55:00Z,56.8432387,-162.7550579,66.34,40,0,0,0,0
1046,202001,2020,9,56.8517608,2020-08-06T02:40:01Z,56.8517608,-166.4182771,2020-08-06T02:54:00Z,56.8600547,-166.4187608,76,40,0,0,0,0
1046,202001,2020,1,56.8540484,2020-07-07T18:06:01Z,56.8540484,-161.5340269,2020-07-07T18:19:00Z,56.862339999999996,-161.5334251,83,40,99.81328028333235,12.642224403166376,722.7024659668566,44.2930848996528
1046,202001,2020,5,56.8546081,2020-07-18T18:29:01Z,56.8546081,-163.9777668,2020-07-18T18:54:00Z,56.862905999999995,-163.9777073,71.91,40,0,0,0,0
1046,202001,2020,11,56.8551509,2020-08-11T22:58:01Z,56.8551509,-167.6551417,2020-08-11T23:19:00Z,56.8468631,-167.6543745,87.14,40,64.89543991637166,5.873478750076392,469.878300006112,28.797963774527528
1046,202001,2020,7,56.8594576,2020-07-22T03:00:01Z,56.8594576,-165.1940619,2020-07-22T03:19:00Z,56.8511604,-165.1938165,73.67,40,0,0,0,0
1046,202001,2020,3,56.8598283,2020-07-09T17:33:01Z,56.8598283,-162.7541793,2020-07-09T17:49:00Z,56.8515335,-162.7546188,66.39,40,0,0,0,0
1046,202001,2020,9,56.8600548,2020-08-06T02:55:00Z,56.8600548,-166.4187607,2020-08-06T03:19:00Z,56.8683486,-166.4192446,75.73,40,0,0,0,0
1046,202001,2020,1,56.8623401,2020-07-07T18:20:00Z,56.8623401,-161.5334249,2020-07-07T18:44:00Z,56.8706315,-161.5328228,82.8,40,15.361437372463874,2.460402332526017,111.22516601359443,6.816782774675142
1046,202001,2020,5,56.862906100000004,2020-07-18T18:55:00Z,56.862906100000004,-163.9777072,2020-07-18T19:19:00Z,56.871204,-163.9776476,71.55,40,0,0,0,0
1046,202001,2020,11,56.8634384,2020-08-11T22:38:01Z,56.8634384,-167.6559094,2020-08-11T22:58:00Z,56.8551508,-167.6551418,86.56,40,54.32418757614363,4.916708504554707,393.3366803643771,24.1068708050125
1046,202001,2020,7,56.8677547,2020-07-22T02:54:01Z,56.8677547,-165.1943075,2020-07-22T03:00:00Z,56.8594575,-165.194062,73.42,40,0,0,0,0
1046,202001,2020,3,56.868123,2020-07-09T17:24:01Z,56.868123,-162.7537397,2020-07-09T17:33:00Z,56.8598282,-162.7541794,66.36,40,0,0,0,0
1046,202001,2020,9,56.8683487,2020-08-06T03:19:01Z,56.8683487,-166.4192445,2020-08-06T03:23:00Z,56.8766424,-166.4197286,75.55,40,0,0,0,0
1046,202001,2020,1,56.8706316,2020-07-07T18:44:01Z,56.8706316,-161.5328226,2020-07-07T18:48:00Z,56.878923,-161.5322202,82.56,40,30.341598217251285,9.063614469874121,219.68968248251025,13.464370492713732
1046,202001,2020,5,56.8712041,2020-07-18T19:20:00Z,56.8712041,-163.9776475,2020-07-18T20:09:00Z,56.879501999999995,-163.9775879,71.22,40,0,0,0,0
1046,202001,2020,11,56.8717259,2020-08-11T22:29:01Z,56.8717259,-167.6566774,2020-08-11T22:38:00Z,56.8634383,-167.6559095,85.92,40,97.00175123389377,8.779318320773715,702.3454656618981,43.04544235618439
1046,202001,2020,7,56.8760516,2020-07-22T02:30:00Z,56.8760516,-165.1945533,2020-07-22T02:54:00Z,56.8677546,-165.1943077,73.25,40,0,0,0,0
1046,202001,2020,3,56.8764175,2020-07-09T17:10:01Z,56.8764175,-162.7532999,2020-07-09T17:24:00Z,56.8681229,-162.7537398,66.27,40,0,0,0,0
1046,202001,2020,9,56.8766425,2020-08-06T03:23:01Z,56.8766425,-166.4197285,2020-08-06T03:44:00Z,56.8849361,-166.4202128,75.32000000000001,40,1.0689842159815184,0.18652969918987392,7.740027447013965,0.47437183208941036
1046,202001,2020,1,56.8789231,2020-07-07T18:48:01Z,56.8789231,-161.5322201,2020-07-07T19:09:00Z,56.8872144,-161.5316174,81.57000000000001,40,122.5425414004793,13.19116167929693,887.2746853382474,54.37940897907776
1046,202001,2020,5,56.8795021,2020-07-18T20:09:01Z,56.8795021,-163.9775877,2020-07-18T20:34:00Z,56.8877998,-163.9775281,70.89,40,0,0,0,0
1046,202001,2020,11,56.8800133,2020-08-11T22:04:01Z,56.8800133,-167.6574458,2020-08-11T22:29:00Z,56.8717258,-167.6566775,85.19,40,27.65818366782377,2.5032537609424614,200.2603008753971,12.273579967431253
1046,202001,2020,7,56.8843485,2020-07-22T02:15:01Z,56.8843485,-165.1947991,2020-07-22T02:29:00Z,56.8760515,-165.1945534,73.05,40,0,0,0,0
1046,202001,2020,3,56.884712,2020-07-09T17:00:00Z,56.884712,-162.7528599,2020-07-09T17:10:00Z,56.8764174,-162.7533,66.13,40,0,0,0,0
1046,202001,2020,9,56.8849363,2020-08-06T03:44:01Z,56.8849363,-166.4202127,2020-08-06T03:56:00Z,56.8932298,-166.4206973,75.19,40,0,0,0,0
1046,202001,2020,1,56.8872145,2020-07-07T19:09:01Z,56.8872145,-161.5316173,2020-07-07T19:19:00Z,56.8955058,-161.5310143,78.46000000000001,40,0,0,0,0
1046,202001,2020,5,56.8877999,2020-07-18T20:34:01Z,56.8877999,-163.977528,2020-07-18T20:59:00Z,56.8960976,-163.9774684,70.54,40,0,0,0,0
1046,202001,2020,11,56.8883007,2020-08-11T21:22:01Z,56.8883007,-167.6582145,2020-08-11T22:04:00Z,56.8800132,-167.6574459,84.38,40,11.372485128535821,1.0292872630818506,82.34298104654823,5.04664757924394
1046,202001,2020,7,56.8926453,2020-07-22T02:04:01Z,56.8926453,-165.1950451,2020-07-22T02:15:00Z,56.8843484,-165.1947993,72.88,40,0,0,0,0
1046,202001,2020,3,56.8930064,2020-07-09T16:59:01Z,56.8930064,-162.7524198,2020-07-09T16:59:02Z,56.8847119,-162.7528601,65.88,40,0,0,0,0
1046,202001,2020,9,56.8932299,2020-08-06T03:56:01Z,56.8932299,-166.4206971,2020-08-06T04:09:00Z,56.9015234,-166.421182,75.09,40,0,0,0,0
1046,202001,2020,1,56.8955059,2020-07-07T19:19:01Z,56.8955059,-161.5310142,2020-07-07T19:34:00Z,56.903797,-161.530411,77.03,40,0,0,0,0
1046,202001,2020,5,56.8960977,2020-07-18T21:00:00Z,56.8960977,-163.9774682,2020-07-18T21:31:00Z,56.9043953,-163.9774085,70.25,40,0,0,0,0
1046,202001,2020,11,56.8965879,2020-08-11T20:50:00Z,56.8965879,-167.6589836,2020-08-11T21:22:00Z,56.8883006,-167.6582147,83.72,40,9.00279177209714,0.8148138949811682,65.1851115984935,3.9950737934216844
1046,202001,2020,7,56.900942,2020-07-22T01:45:01Z,56.900942,-165.1952912,2020-07-22T02:04:00Z,56.8926452,-165.1950452,72.65,40,0,0,0,0
1046,202001,2020,3,56.9013008,2020-07-09T16:40:01Z,56.9013008,-162.7519794,2020-07-09T16:59:00Z,56.8930063,-162.7524199,65.74,40,0,0,0,0
1046,202001,2020,9,56.9015235,2020-08-06T04:10:00Z,56.9015235,-166.4211818,2020-08-06T04:34:00Z,56.9098169,-166.4216668,74.97,40,0,0,0,0
1046,202001,2020,1,56.9037971,2020-07-07T19:35:00Z,56.9037971,-161.5304108,2020-07-07T19:59:00Z,56.9120882,-161.5298073,77.25,40,21.20233012205678,2.558606800611043,153.5164080366624,9.408734043214775
1046,202001,2020,5,56.9043954,2020-07-18T21:31:01Z,56.9043954,-163.9774084,2020-07-18T22:14:00Z,56.912693,-163.9773487,69.94,40,2.4887272421315716,0.6006579852239456,18.019739556718363,1.1043961957256723
1046,202001,2020,11,56.9048751,2020-08-11T20:24:01Z,56.9048751,-167.6597531,2020-08-11T20:49:00Z,56.8965878,-167.6589838,82.99,40,3.42197935200036,0.3097124086542151,24.776992692337156,1.5185356250466928
1046,202001,2020,7,56.9092386,2020-07-22T01:39:01Z,56.9092386,-165.1955374,2020-07-22T01:45:00Z,56.9009419,-165.1952913,72.47,40,0,0,0,0
1046,202001,2020,3,56.909594999999996,2020-07-09T16:30:01Z,56.909594999999996,-162.7515388,2020-07-09T16:40:00Z,56.9013007,-162.7519795,65.43,40,0,0,0,0
1046,202001,2020,9,56.909817,2020-08-06T04:34:01Z,56.909817,-166.4216667,2020-08-06T04:39:00Z,56.9181104,-166.42215199999998,74.91,40,0,0,0,0
1046,202001,2020,1,56.9120883,2020-07-07T19:59:01Z,56.9120883,-161.5298072,2020-07-07T20:24:00Z,56.9203793,-161.5292034,76.98,40,0,0,0,0
1046,202001,2020,5,56.9126931,2020-07-18T22:14:01Z,56.9126931,-163.9773486,2020-07-18T22:39:00Z,56.9209905,-163.9772889,69.65,40,0,0,0,0
1046,202001,2020,11,56.9131622,2020-08-11T19:44:01Z,56.9131622,-167.6605229,2020-08-11T20:24:00Z,56.904875,-167.6597532,82.09,40,3.306760033453875,0.29928427657046347,23.942742125637064,1.4674059653062965
1046,202001,2020,7,56.9175352,2020-07-22T01:12:01Z,56.9175352,-165.1957837,2020-07-22T01:39:00Z,56.9092385,-165.1955375,72.29,40,0,0,0,0
1046,202001,2020,3,56.9178892,2020-07-09T16:20:01Z,56.9178892,-162.751098,2020-07-09T16:30:00Z,56.9095949,-162.7515389,65.16,40,0,0,0,0
1046,202001,2020,9,56.9181105,2020-08-06T04:39:01Z,56.9181105,-166.4221518,2020-08-06T04:59:00Z,56.9264037,-166.4226373,74.92,40,0,0,0,0
1046,202001,2020,1,56.9203794,2020-07-07T20:24:01Z,56.9203794,-161.5292033,2020-07-07T20:32:00Z,56.9286704,-161.5285992,76.64,40,0,0,0,0
1046,202001,2020,5,56.9209906,2020-07-18T22:39:01Z,56.9209906,-163.9772887,2020-07-18T23:02:00Z,56.929288,-163.977229,69.43,40,0,0,0,0
1046,202001,2020,11,56.9214492,2020-08-11T19:16:01Z,56.9214492,-167.661293,2020-08-11T19:44:00Z,56.9131621,-167.660523,81.37,40,5.260603742071997,0.4761204228132134,38.08963382505696,2.3344425462183302
1046,202001,2020,7,56.9258317,2020-07-22T00:54:01Z,56.9258317,-165.1960301,2020-07-22T01:12:00Z,56.9175351,-165.1957838,72.03,40,0,0,0,0
1046,202001,2020,3,56.9261833,2020-07-09T16:10:00Z,56.9261833,-162.750657,2020-07-09T16:20:00Z,56.9178891,-162.7510982,64.87,40,0,0,0,0
1046,202001,2020,9,56.9264039,2020-08-06T04:59:01Z,56.9264039,-166.4226372,2020-08-06T05:04:00Z,56.934697,-166.4231229,74.96000000000001,40,0,0,0,0
1046,202001,2020,1,56.9286705,2020-07-07T20:32:01Z,56.9286705,-161.5285991,2020-07-07T20:49:00Z,56.9369613,-161.5279947,76.71000000000001,40,0,0,0,0
1046,202001,2020,5,56.9292881,2020-07-18T23:02:01Z,56.9292881,-163.9772288,2020-07-18T23:27:00Z,56.9375854,-163.9771691,69.29,40,2.042275145873731,0.4929061142685886,14.787183428057666,0.9062788655763828
1046,202001,2020,11,56.9297361,2020-08-11T18:23:01Z,56.9297361,-167.6620635,2020-08-11T19:16:00Z,56.9214491,-167.6612931,80.68,40,19.842412701666877,2.394497764479228,143.66986586875424,8.805257856610522
1046,202001,2020,7,56.9341281,2020-07-22T00:49:01Z,56.9341281,-165.1962766,2020-07-22T00:54:00Z,56.9258316,-165.1960302,71.78,40,0,0,0,0
1046,202001,2020,3,56.9344773,2020-07-09T16:00:00Z,56.9344773,-162.7502158,2020-07-09T16:09:00Z,56.9261832,-162.7506572,64.54,40,0,0,0,0
1046,202001,2020,9,56.9346971,2020-08-06T05:04:01Z,56.9346971,-166.4231227,2020-08-06T05:24:00Z,56.9429903,-166.4236087,74.98,40,0,0,0,0
1046,202001,2020,1,56.9369614,2020-07-07T20:50:00Z,56.9369614,-161.5279946,2020-07-07T21:04:00Z,56.9452522,-161.52739,75.73,40,0,0,0,0
1046,202001,2020,5,56.9375855,2020-07-18T23:27:01Z,56.9375855,-163.9771689,2020-07-18T23:54:00Z,56.9458828,-163.9771091,69.16,40,0,0,0,0
1046,202001,2020,11,56.938022999999994,2020-08-11T17:54:01Z,56.938022999999994,-167.6628344,2020-08-11T18:23:00Z,56.929736,-167.6620636,80.08,40,22.85149446220135,2.7579683157618904,165.457255306924,10.140566279608084
1046,202001,2020,7,56.9424245,2020-07-22T00:24:01Z,56.9424245,-165.1965233,2020-07-22T00:49:00Z,56.934127999999994,-165.1962768,71.60000000000001,40,0,0,0,0
1046,202001,2020,3,56.9427713,2020-07-09T15:49:01Z,56.9427713,-162.7497744,2020-07-09T15:59:00Z,56.9344772,-162.750216,64.1,40,0,0,0,0
1046,202001,2020,9,56.9429904,2020-08-06T05:24:01Z,56.9429904,-166.4236085,2020-08-06T05:29:00Z,56.9512834,-166.4240947,75.02,40,1.6434545549338069,0.3054643518695524,11.899505318166183,0.729298465332172
1046,202001,2020,1,56.9452523,2020-07-07T21:05:00Z,56.9452523,-161.5273898,2020-07-07T21:22:00Z,56.953542999999996,-161.526785,72.84,40,0,0,0,0
1046,202001,2020,5,56.9458829,2020-07-18T23:54:01Z,56.9458829,-163.97710899999998,2020-07-19T00:19:00Z,56.95418,-163.9770491,69.05,40,0,0,0,0
1046,202001,2020,11,56.9463098,2020-08-11T17:12:01Z,56.9463098,-167.6636056,2020-08-11T17:54:00Z,56.9380229,-167.6628345,79.51,40,31.662849427008723,3.820937670732259,229.2562602439351,14.050688183520329
1046,202001,2020,7,56.9507207,2020-07-22T00:06:01Z,56.9507207,-165.19677000000001,2020-07-22T00:24:00Z,56.9424244,-165.1965234,71.35000000000001,40,0,0,0,0
1046,202001,2020,3,56.9510652,2020-07-09T15:44:01Z,56.9510652,-162.7493329,2020-07-09T15:49:00Z,56.9427712,-162.7497746,63.660000000000004,40,0,0,0,0
1046,202001,2020,9,56.9512835,2020-08-06T05:29:01Z,56.9512835,-166.4240945,2020-08-06T05:49:00Z,56.9595765,-166.4245809,75.02,40,0,0,0,0
1046,202001,2020,1,56.9535431,2020-07-07T21:22:01Z,56.9535431,-161.5267848,2020-07-07T21:39:00Z,56.9618337,-161.5261796,71.46000000000001,40,0,0,0,0
1046,202001,2020,5,56.9541801,2020-07-19T00:19:01Z,56.9541801,-163.977049,2020-07-19T00:30:00Z,56.9624772,-163.9769891,69,40,0,0,0,0
1046,202001,2020,11,56.9545965,2020-08-11T17:04:01Z,56.9545965,-167.6643771,2020-08-11T17:12:00Z,56.9463097,-167.6636057,78.96000000000001,40,57.73976229152304,6.967788333371374,418.0673000022826,25.622564312128613
1046,202001,2020,7,56.959016999999996,2020-07-21T23:59:01Z,56.959016999999996,-165.1970169,2020-07-22T00:06:00Z,56.9507206,-165.1967702,71.14,40,0,0,0,0
1046,202001,2020,3,56.959359,2020-07-09T15:29:01Z,56.959359,-162.7488911,2020-07-09T15:44:00Z,56.9510651,-162.749333,63.08,40,0,0,0,0
1046,202001,2020,9,56.9595766,2020-08-06T05:49:01Z,56.9595766,-166.4245808,2020-08-06T05:54:00Z,56.9678695,-166.4250674,75.05,40,0,0,0,0
1046,202001,2020,1,56.9618338,2020-07-07T21:39:01Z,56.9618338,-161.5261795,2020-07-07T21:50:00Z,56.9701244,-161.5255741,71.11,40,0,0,0,0
1046,202001,2020,5,56.9624773,2020-07-19T00:30:01Z,56.9624773,-163.976989,2020-07-19T00:50:00Z,56.9707743,-163.9769291,68.93,40,7.72991601301325,1.8656266141685063,55.96879842505524,3.430223165291116
1046,202001,2020,11,56.9628831,2020-08-11T16:37:01Z,56.9628831,-167.6651491,2020-08-11T17:04:00Z,56.9545964,-167.6643773,78.56,40,108.46797536646449,13.089452801814245,785.3671681088549,48.13368750292976
1046,202001,2020,7,56.9673131,2020-07-21T23:35:00Z,56.9673131,-165.1972639,2020-07-21T23:59:00Z,56.9590168,-165.1970171,70.93,40,0,0,0,0
1046,202001,2020,3,56.9676527,2020-07-09T15:19:01Z,56.9676527,-162.7484491,2020-07-09T15:29:00Z,56.9593589,-162.7488912,62.68,40,0,0,0,0
1046,202001,2020,9,56.9678696,2020-08-06T05:54:01Z,56.9678696,-166.4250672,2020-08-06T06:05:00Z,56.9761624,-166.42555399999998,75.04,40,3.0932182266006847,0.5669367325401483,22.396583238144917,1.37264477367203
1046,202001,2020,1,56.9701245,2020-07-07T21:50:01Z,56.9701245,-161.5255739,2020-07-07T22:04:00Z,56.978415,-161.5249682,70.60000000000001,40,0,0,0,0
1046,202001,2020,5,56.9707744,2020-07-19T00:50:01Z,56.9707744,-163.97692899999998,2020-07-19T01:07:00Z,56.9790714,-163.9768691,68.87,40,0,0,0,0
1046,202001,2020,11,56.9711696,2020-08-11T16:25:01Z,56.9711696,-167.6659213,2020-08-11T16:37:00Z,56.962883,-167.6651492,78.09,40,61.22911169837359,7.404402720536974,443.3320885533907,27.17099603467559
1046,202001,2020,7,56.9756091,2020-07-21T23:18:01Z,56.9756091,-165.197511,2020-07-21T23:34:00Z,56.967313,-165.19726400000002,70.72,40,0,0,0,0
1046,202001,2020,3,56.9759463,2020-07-09T15:12:00Z,56.9759463,-162.7480069,2020-07-09T15:19:00Z,56.9676526,-162.7484492,62.08,40,0,0,0,0
1046,202001,2020,9,56.9761625,2020-08-06T06:05:01Z,56.9761625,-166.4255539,2020-08-06T06:17:00Z,56.9844552,-166.4260409,75.02,40,2.6464548777611814,0.47352877844205593,19.16177347141454,1.1743893222528485
1046,202001,2020,1,56.9784151,2020-07-07T22:05:00Z,56.9784151,-161.5249681,2020-07-07T22:15:00Z,56.9867055,-161.5243621,69.98,40,0,0,0,0
1046,202001,2020,5,56.9790715,2020-07-19T01:07:01Z,56.9790715,-163.9768689,2020-07-19T01:34:00Z,56.9873684,-163.976809,68.79,40,0,0,0,0
1046,202001,2020,11,56.9794561,2020-08-11T16:12:01Z,56.9794561,-167.6666939,2020-08-11T16:25:00Z,56.9711695,-167.6659215,77.84,40,61.56108750764332,7.441204963445813,445.73577406817935,27.31831343234928
1046,202001,2020,7,56.9839051,2020-07-21T23:09:01Z,56.9839051,-165.1977582,2020-07-21T23:18:00Z,56.975609,-165.1975111,70.62,40,0,0,0,0
1046,202001,2020,9,56.9844553,2020-08-06T06:17:01Z,56.9844553,-166.4260408,2020-08-06T06:39:00Z,56.992748,-166.4265281,74.93,40,2.2250003665442475,0.3980082854799079,16.110213461717148,0.9873649063265986
1046,202001,2020,1,56.9867056,2020-07-07T22:15:01Z,56.9867056,-161.5243619,2020-07-07T22:29:00Z,56.9949959,-161.5237556,69.36,40,0,0,0,0
1046,202001,2020,5,56.9873685,2020-07-19T01:34:01Z,56.9873685,-163.9768088,2020-07-19T01:59:00Z,56.9956653,-163.9767489,68.64,40,0,0,0,0
1046,202001,2020,11,56.9877425,2020-08-11T15:59:01Z,56.9877425,-167.6674669,2020-08-11T16:12:00Z,56.979456,-167.6666941,77.74,40,122.7636910737001,15.283641173022634,888.8759293183145,54.47754623319558
1046,202001,2020,7,56.992200999999994,2020-07-21T22:50:01Z,56.992200999999994,-165.1980056,2020-07-21T23:09:00Z,56.983905,-165.1977584,70.56,40,0,0,0,0
1046,202001,2020,3,56.9925334,2020-07-09T08:16:01Z,56.9925334,-162.7471218,2020-07-09T08:25:00Z,56.9842398,-162.7475646,61.78,40,0,0,0,0
1046,202001,2020,9,56.9927481,2020-08-06T06:39:01Z,56.9927481,-166.4265279,2020-08-06T06:39:02Z,57.0010407,-166.4270154,74.92,40,2.7151711527643725,0.4983297385707268,19.659316696683693,1.2048828176480952
1046,202001,2020,1,56.994996,2020-07-07T22:30:00Z,56.994996,-161.5237555,2020-07-07T22:40:00Z,57.0032862,-161.5231489,68.76,40,0,0,0,0
1046,202001,2020,5,56.9956654,2020-07-19T01:59:01Z,56.9956654,-163.9767487,2020-07-19T02:07:00Z,57.0039621,-163.9766887,68.46000000000001,40,0,0,0,0
1046,202001,2020,11,56.9960288,2020-08-11T07:29:01Z,56.9960288,-167.6682403,2020-08-11T15:59:00Z,56.9877424,-167.6674671,77.72,40,39.90488796799396,5.339578077066844,288.93310446001055,17.708170552657847
1046,202001,2020,7,57.0004969,2020-07-21T22:44:01Z,57.0004969,-165.198253,2020-07-21T22:50:00Z,56.9922009,-165.1980057,70.54,40,0,0,0,0
1046,202001,2020,3,57.0008269,2020-07-09T08:14:01Z,57.0008269,-162.746679,2020-07-09T08:16:00Z,56.9925333,-162.747122,61.54,40,0,0,0,0
1046,202001,2020,9,57.0010408,2020-08-06T06:40:00Z,57.0010408,-166.4270153,2020-08-06T07:04:00Z,57.0093333,-166.427503,74.82000000000001,40,14.986636356263851,2.523824504997337,108.51140269587015,6.650461287355022
1046,202001,2020,1,57.0032863,2020-07-07T22:40:01Z,57.0032863,-161.5231488,2020-07-07T22:54:00Z,57.0115765,-161.522542,68.87,40,0,0,0,0
1046,202001,2020,5,57.0039622,2020-07-19T02:07:01Z,57.0039622,-163.9766886,2020-07-19T02:28:00Z,57.0122589,-163.9766286,68.22,40,0,0,0,0
1046,202001,2020,11,57.0043151,2020-08-11T07:10:01Z,57.0043151,-167.6690139,2020-08-11T07:29:00Z,56.9960287,-167.6682404,77.49,40,28.16823413549109,3.583584144357073,203.95334382223103,12.499919674966833
1046,202001,2020,7,57.0087926,2020-07-21T22:22:01Z,57.0087926,-165.1985006,2020-07-21T22:44:00Z,57.0004967,-165.1982531,70.51,40,0,0,0,0
1046,202001,2020,3,57.0091202,2020-07-09T07:55:01Z,57.0091202,-162.746236,2020-07-09T08:14:00Z,57.0008268,-162.7466792,61.38,40,0,0,0,0
1046,202001,2020,9,57.0093334,2020-08-06T07:04:01Z,57.0093334,-166.4275029,2020-08-06T07:15:00Z,57.0176258,-166.4279908,74.69,40,7.0896104805367886,1.2162943957379162,51.33263792637825,3.146081543743454
1046,202001,2020,1,57.0115766,2020-07-07T22:55:00Z,57.0115766,-161.5225418,2020-07-07T23:03:00Z,57.0198667,-161.5219347,68.94,40,0,0,0,0
1046,202001,2020,5,57.012259,2020-07-19T02:28:01Z,57.012259,-163.9766284,2020-07-19T02:49:00Z,57.0205555,-163.9765684,67.99,40,0,0,0,0
1046,202001,2020,11,57.0126012,2020-08-11T07:04:01Z,57.0126012,-167.66978799999998,2020-08-11T07:10:00Z,57.0043149,-167.6690141,77.18,40,35.52256294792759,5.169727957115088,257.20268652684615,15.763472476202727
1046,202001,2020,7,57.0170883,2020-07-21T22:19:01Z,57.0170883,-165.1987482,2020-07-21T22:22:00Z,57.0087925,-165.1985007,70.51,40,0,0,0,0
1046,202001,2020,3,57.0174135,2020-07-09T07:49:01Z,57.0174135,-162.7457928,2020-07-09T07:55:00Z,57.0091201,-162.7462362,61.15,40,0,0,0,0
1046,202001,2020,9,57.0176259,2020-08-06T07:15:01Z,57.0176259,-166.4279907,2020-08-06T07:33:00Z,57.0259183,-166.4284788,74.60000000000001,40,0,0,0,0
1046,202001,2020,1,57.0198668,2020-07-07T23:03:01Z,57.0198668,-161.5219346,2020-07-07T23:19:00Z,57.0281568,-161.5213272,68.38,40,0,0,0,0
1046,202001,2020,5,57.0205556,2020-07-19T02:50:00Z,57.0205556,-163.9765682,2020-07-19T03:14:00Z,57.0288521,-163.9765082,67.86,40,5.7134233241063805,1.3789431338606317,41.36829401581895,2.5353855082604615
1046,202001,2020,11,57.0208873,2020-08-11T06:47:01Z,57.0208873,-167.6705624,2020-08-11T07:04:00Z,57.0126011,-167.6697881,77,40,52.38272664081653,8.03300471984204,379.27944668208204,23.245329196584237
1046,202001,2020,7,57.0253839,2020-07-21T21:57:01Z,57.0253839,-165.198996,2020-07-21T22:19:00Z,57.0170882,-165.1987484,70.49,40,0,0,0,0
1046,202001,2020,3,57.0257067,2020-07-09T07:35:01Z,57.0257067,-162.7453494,2020-07-09T07:49:00Z,57.0174134,-162.7457929,60.94,40,0,0,0,0
1046,202001,2020,9,57.0259184,2020-08-06T07:33:01Z,57.0259184,-166.4284787,2020-08-06T07:38:00Z,57.0342107,-166.4289671,74.55,40,0,0,0,0
1046,202001,2020,1,57.0281569,2020-07-07T23:19:01Z,57.0281569,-161.52132699999999,2020-07-07T23:28:00Z,57.0364469,-161.5207194,67.93,40,0,0,0,0
1046,202001,2020,5,57.0288523,2020-07-19T03:14:01Z,57.0288523,-163.976508,2020-07-19T04:04:00Z,57.0371487,-163.9764479,67.93,40,30.837285341261623,9.002616083215136,223.2787270049766,13.684336330978253
1046,202001,2020,11,57.0291733,2020-08-11T06:39:01Z,57.0291733,-167.6713371,2020-08-11T06:47:00Z,57.0208872,-167.6705625,76.69,40,82.7581109455275,11.920062678112743,599.2137588236235,36.724692584392
1046,202001,2020,7,57.0336795,2020-07-21T21:54:01Z,57.0336795,-165.1992439,2020-07-21T21:57:00Z,57.0253838,-165.1989961,70.48,40,0,0,0,0
1046,202001,2020,3,57.0339998,2020-07-09T07:25:00Z,57.0339998,-162.7449058,2020-07-09T07:35:00Z,57.0257066,-162.7453495,60.68,40,0,0,0,0
1046,202001,2020,9,57.0342108,2020-08-06T21:52:00Z,57.0342108,-166.4289669,2020-08-06T21:57:00Z,57.042502999999996,-166.4294555,73.72,40,0,0,0,0
1046,202001,2020,1,57.036446999999995,2020-07-07T23:28:01Z,57.036446999999995,-161.5207192,2020-07-07T23:44:00Z,57.0447369,-161.5201113,67.58,40,0,0,0,0
1046,202001,2020,5,57.0371488,2020-07-19T04:05:00Z,57.0371488,-163.9764478,2020-07-19T04:29:00Z,57.0454452,-163.9763876,68.03,40,6.415874053870885,1.5484806520412322,46.45441956123696,2.847104647466809
1046,202001,2020,11,57.0374592,2020-08-11T06:22:01Z,57.0374592,-167.6721123,2020-08-11T06:39:00Z,57.0291732,-167.6713373,76.31,40,75.15839504069419,10.650044286965008,544.1876800345093,33.352246945590224
1046,202001,2020,7,57.0419749,2020-07-21T21:32:01Z,57.0419749,-165.1994919,2020-07-21T21:54:00Z,57.0336794,-165.199244,70.47,40,0,0,0,0
1046,202001,2020,3,57.0422929,2020-07-09T07:24:01Z,57.0422929,-162.7444619,2020-07-09T07:24:02Z,57.0339997,-162.7449059,60.44,40,0,0,0,0
1046,202001,2020,9,57.0425031,2020-08-06T21:57:01Z,57.0425031,-166.4294554,2020-08-06T22:07:00Z,57.0507953,-166.4299442,73.58,40,0,0,0,0
1046,202001,2020,1,57.044737,2020-07-07T23:46:00Z,57.044737,-161.5201111,2020-07-07T23:53:00Z,57.0530268,-161.5195029,66.78,40,0,0,0,0
1046,202001,2020,5,57.0454453,2020-07-19T04:29:01Z,57.0454453,-163.9763875,2020-07-19T04:54:00Z,57.0537416,-163.9763273,68.06,40,0,0,0,0
1046,202001,2020,11,57.0457451,2020-08-11T06:10:01Z,57.0457451,-167.6728877,2020-08-11T06:22:00Z,57.0374591,-167.6721124,75.89,40,67.2752987090136,9.960639939944471,487.10977274413835,29.854048568579493
1046,202001,2020,7,57.0502703,2020-07-21T21:17:01Z,57.0502703,-165.19974,2020-07-21T21:32:00Z,57.0419748,-165.1994921,70.42,40,0,0,0,0
1046,202001,2020,3,57.0505859,2020-07-09T07:02:01Z,57.0505859,-162.7440179,2020-07-09T07:24:00Z,57.0422928,-162.7444621,60.32,40,12.053498848089115,2.312648737920611,87.27389097237516,5.348853842903221
1046,202001,2020,9,57.0507954,2020-08-06T22:08:00Z,57.0507954,-166.4299441,2020-08-06T22:18:00Z,57.0590874,-166.4304332,73.5,40,0,0,0,0
1046,202001,2020,1,57.0530269,2020-07-07T23:53:01Z,57.0530269,-161.5195027,2020-07-08T00:09:00Z,57.0613166,-161.5188942,66.23,40,0,0,0,0
1046,202001,2020,5,57.0537417,2020-07-19T04:54:01Z,57.0537417,-163.97632720000001,2020-07-19T05:19:00Z,57.0620379,-163.976267,68.07000000000001,40,0,0,0,0
1046,202001,2020,11,57.0540308,2020-08-11T05:57:01Z,57.0540308,-167.6736636,2020-08-11T06:10:00Z,57.045745,-167.6728879,75.58,40,36.587843421761946,5.667673334067616,264.9158968652001,16.236200737768204
1046,202001,2020,7,57.0585657,2020-07-21T21:05:00Z,57.0585657,-165.1999883,2020-07-21T21:17:00Z,57.0502702,-165.1997402,70.38,40,0,0,0,0
1046,202001,2020,3,57.0588788,2020-07-09T06:59:01Z,57.0588788,-162.7435736,2020-07-09T07:02:00Z,57.0505858,-162.74401799999998,60.11,40,6.61961461801722,1.3421968093485022,47.929612117859335,2.937516445171685
1046,202001,2020,9,57.0590875,2020-08-06T22:18:01Z,57.0590875,-166.430433,2020-08-06T22:29:00Z,57.0673795,-166.4309223,73.44,40,0,0,0,0
1046,202001,2020,1,57.0613167,2020-07-08T00:09:01Z,57.0613167,-161.5188941,2020-07-08T00:19:00Z,57.0696063,-161.5182853,65.49,40,0,0,0,0
1046,202001,2020,5,57.062037999999994,2020-07-19T05:19:01Z,57.062037999999994,-163.9762669,2020-07-19T05:44:00Z,57.0703341,-163.9762067,68.07000000000001,40,0,0,0,0
1046,202001,2020,11,57.0623165,2020-08-11T05:49:01Z,57.0623165,-167.6744397,2020-08-11T05:57:00Z,57.0540307,-167.6736637,75.27,40,33.23725152681685,4.998809247031803,240.65578820980173,14.749343970355923
1046,202001,2020,7,57.0668609,2020-07-21T20:52:01Z,57.0668609,-165.2002366,2020-07-21T21:04:00Z,57.0585656,-165.1999884,70.34,40,0,0,0,0
1046,202001,2020,3,57.0671716,2020-07-09T06:45:01Z,57.0671716,-162.7431292,2020-07-09T06:59:00Z,57.0588787,-162.7435738,59.88,40,45.18893621085237,9.450778455265844,327.19248922886584,20.05301681730738
1046,202001,2020,9,57.0673796,2020-08-06T22:30:00Z,57.0673796,-166.4309222,2020-08-06T22:35:00Z,57.0756716,-166.4314117,73.21000000000001,40,0,0,0,0
1046,202001,2020,1,57.0696064,2020-07-08T00:19:01Z,57.0696064,-161.51828510000001,2020-07-08T00:34:00Z,57.077895999999996,-161.5176761,64.93,40,0,0,0,0
1046,202001,2020,5,57.0703342,2020-07-19T05:44:01Z,57.0703342,-163.9762065,2020-07-19T06:09:00Z,57.0786303,-163.9761463,68.14,40,22.784210563872172,6.117649634294679,164.97008326825008,10.110708414876914
1046,202001,2020,11,57.0706022,2020-08-11T05:32:01Z,57.0706022,-167.6752163,2020-08-11T05:49:00Z,57.0623164,-167.6744399,74.99,40,41.960548737728345,6.448281686940997,303.81720708905175,18.62038941512054
1046,202001,2020,7,57.0751561,2020-07-21T20:42:00Z,57.0751561,-165.2004851,2020-07-21T20:52:00Z,57.0668608,-165.2002368,70.3,40,0,0,0,0
1046,202001,2020,3,57.0754644,2020-07-09T06:35:00Z,57.0754644,-162.7426846,2020-07-09T06:45:00Z,57.0671715,-162.7431293,59.53,40,13.596585635509921,3.15337377337172,98.446679035289,6.033613164395788
1046,202001,2020,9,57.0756717,2020-08-06T22:35:01Z,57.0756717,-166.4314115,2020-08-06T22:54:00Z,57.0839635,-166.4319013,72.97,40,0,0,0,0
1046,202001,2020,1,57.0778961,2020-07-08T00:34:01Z,57.0778961,-161.5176759,2020-07-08T00:44:00Z,57.0861856,-161.5170666,64.27,40,0,0,0,0
1046,202001,2020,5,57.0786304,2020-07-19T06:10:00Z,57.0786304,-163.9761461,2020-07-19T06:39:00Z,57.0869264,-163.9760859,68.08,40,20.51582829190805,6.383137907261145,148.54576120358666,9.104092378696487
1046,202001,2020,11,57.0788877,2020-08-11T05:24:01Z,57.0788877,-167.6759932,2020-08-11T05:32:00Z,57.0706021,-167.6752164,74.78,40,50.52198665544022,7.907419203611776,365.80667660441986,22.41960827132762
1046,202001,2020,7,57.0834512,2020-07-21T20:39:01Z,57.0834512,-165.2007337,2020-07-21T20:39:02Z,57.075156,-165.2004852,70.18,40,0,0,0,0
1046,202001,2020,3,57.0837571,2020-07-09T06:34:01Z,57.0837571,-162.7422397,2020-07-09T06:34:02Z,57.0754643,-162.7426847,59.13,40,22.28761040972829,5.5956388342625765,161.3744279107612,9.890337410875869
1046,202001,2020,9,57.0839636,2020-08-06T22:54:01Z,57.0839636,-166.4319011,2020-08-06T22:54:02Z,57.0922554,-166.4323911,72.82000000000001,40,0,0,0,0
1046,202001,2020,1,57.0861857,2020-07-08T00:44:01Z,57.0861857,-161.5170664,2020-07-08T00:59:00Z,57.0944751,-161.5164568,63.9,40,0,0,0,0
1046,202001,2020,5,57.0869265,2020-07-19T06:40:00Z,57.0869265,-163.9760857,2020-07-19T07:10:00Z,57.0952225,-163.9760254,67.95,40,3.7058018106847452,1.5599114680890744,26.832021744640873,1.6444845190540864
1046,202001,2020,11,57.0871732,2020-08-11T05:07:01Z,57.0871732,-167.6767704,2020-08-11T05:24:00Z,57.0788876,-167.6759933,74.63,40,92.97088730840682,13.432762342330548,673.1598173127302,41.25670845660974
1046,202001,2020,7,57.0917462,2020-07-21T20:15:00Z,57.0917462,-165.2009824,2020-07-21T20:39:00Z,57.0834511,-165.2007338,70.15,40,0,0,0,0
1046,202001,2020,3,57.0920497,2020-07-09T06:15:01Z,57.0920497,-162.7417946,2020-07-09T06:34:00Z,57.083757,-162.7422398,58.89,40,12.072102676503953,3.3716430620972697,87.40859281399044,5.357109467296066
1046,202001,2020,9,57.0922555,2020-08-06T22:55:00Z,57.0922555,-166.432391,2020-08-06T23:03:00Z,57.1005472,-166.4328812,72.56,40,0,0,0,0
1046,202001,2020,1,57.0944752,2020-07-08T00:59:01Z,57.0944752,-161.5164567,2020-07-08T01:10:00Z,57.1027646,-161.5158467,63.5,40,0,0,0,0
1046,202001,2020,5,57.0952226,2020-07-19T07:10:01Z,57.0952226,-163.9760253,2020-07-19T07:49:00Z,57.1035184,-163.9759649,67.81,40,18.9709798217412,4.0334375001169676,137.36021759891318,8.418551293863255
1046,202001,2020,11,57.0954586,2020-08-11T04:59:01Z,57.0954586,-167.677548,2020-08-11T05:07:00Z,57.0871731,-167.6767706,74.55,40,179.51335083806777,26.393003427283517,1299.7743482267786,79.66074320692827
1046,202001,2020,7,57.1000412,2020-07-21T20:14:01Z,57.1000412,-165.2012312,2020-07-21T20:14:02Z,57.0917461,-165.2009825,70.07000000000001,40,0,0,0,0
1046,202001,2020,3,57.1003423,2020-07-09T06:07:01Z,57.1003423,-162.7413494,2020-07-09T06:15:00Z,57.0920496,-162.7417948,58.52,40,8.447444986573808,2.623491904680037,61.16409866088444,3.748633417450574
1046,202001,2020,9,57.1005473,2020-08-06T23:03:01Z,57.1005473,-166.432881,2020-08-06T23:19:00Z,57.1088389,-166.4333714,72.52,40,0,0,0,0
1046,202001,2020,1,57.1027647,2020-07-08T01:10:01Z,57.1027647,-161.5158466,2020-07-08T01:22:00Z,57.111053999999996,-161.5152364,63.14,40,0,0,0,0
1046,202001,2020,5,57.1035185,2020-07-19T07:50:00Z,57.1035185,-163.9759648,2020-07-19T15:36:00Z,57.1118143,-163.9759044,67.77,40,393.35555355068726,124.08971881725333,2848.1082652115874,174.55523833815874
1046,202001,2020,11,57.1037439,2020-08-11T04:39:01Z,57.1037439,-167.678326,2020-08-11T04:59:00Z,57.0954585,-167.6775482,74.55,40,73.50963520341404,11.68304259329404,532.2497615851098,32.62059421115963
1046,202001,2020,7,57.1083361,2020-07-21T19:50:00Z,57.1083361,-165.2014801,2020-07-21T20:14:00Z,57.1000411,-165.2012313,70.03,40,0,0,0,0
1046,202001,2020,3,57.1086348,2020-07-09T05:57:01Z,57.1086348,-162.7409039,2020-07-09T06:07:00Z,57.1003422,-162.7413495,58.24,40,18.202441012213647,6.249398392008328,131.7955783919845,8.077504945697434
1046,202001,2020,9,57.108838999999996,2020-08-06T23:19:01Z,57.108838999999996,-166.4333713,2020-08-06T23:19:02Z,57.1171306,-166.4338619,72.4,40,0,0,0,0
1046,202001,2020,1,57.1110541,2020-07-08T01:22:01Z,57.1110541,-161.5152363,2020-07-08T01:35:00Z,57.1193433,-161.5146258,62.76,40,0,0,0,0
1046,202001,2020,5,57.1118144,2020-07-19T15:36:01Z,57.1118144,-163.9759043,2020-07-19T16:34:00Z,57.1201101,-163.9758439,67.98,40,122.26984489320068,58.58811151940815,885.3002142286779,54.258397330983996
1046,202001,2020,11,57.1120291,2020-08-11T04:34:01Z,57.1120291,-167.6791043,2020-08-11T04:39:00Z,57.1037438,-167.6783261,74.69,40,66.50846443626415,10.662826490312542,481.5574753110635,29.513758624691867
1046,202001,2020,7,57.1166309,2020-07-21T19:49:01Z,57.1166309,-165.2017292,2020-07-21T19:49:02Z,57.108335999999994,-165.2014803,69.99,40,0,0,0,0
1046,202001,2020,3,57.1169272,2020-07-09T05:47:01Z,57.1169272,-162.7404582,2020-07-09T05:57:00Z,57.1086347,-162.740904,57.86,40,0,0,0,0
1046,202001,2020,9,57.1171307,2020-08-06T23:21:00Z,57.1171307,-166.4338618,2020-08-06T23:28:00Z,57.1254222,-166.4343527,72.31,40,0,0,0,0
1046,202001,2020,1,57.1193434,2020-07-08T01:35:01Z,57.1193434,-161.5146256,2020-07-08T01:49:00Z,57.1276325,-161.5140149,62.31,40,0,0,0,0
1046,202001,2020,5,57.1201102,2020-07-19T16:34:01Z,57.1201102,-163.9758438,2020-07-19T16:57:00Z,57.1284059,-163.9757834,67.83,40,0,0,0,0
1046,202001,2020,11,57.1203143,2020-08-11T04:10:00Z,57.1203143,-167.67988300000002,2020-08-11T04:34:00Z,57.112029,-167.6791045,74.85000000000001,40,12.088463639677062,1.9578837617469818,87.5270550907259,5.364369799075659
1046,202001,2020,7,57.1249257,2020-07-21T19:25:00Z,57.1249257,-165.2019783,2020-07-21T19:49:00Z,57.1166308,-165.2017293,69.96000000000001,40,0,0,0,0
1046,202001,2020,3,57.1252195,2020-07-09T05:44:01Z,57.1252195,-162.7400123,2020-07-09T05:47:00Z,57.1169271,-162.7404584,57.53,40,13.190733648136241,3.2651734577122635,95.50808978884895,5.8535125156403645
1046,202001,2020,9,57.1254223,2020-08-06T23:28:01Z,57.1254223,-166.4343525,2020-08-06T23:44:00Z,57.1337137,-166.4348436,72.17,40,0,0,0,0
1046,202001,2020,1,57.1276326,2020-07-08T01:50:00Z,57.1276326,-161.5140147,2020-07-08T02:14:00Z,57.1359217,-161.5134037,61.97,40,0,0,0,0
1046,202001,2020,5,57.128406,2020-07-19T16:57:01Z,57.128406,-163.9757832,2020-07-19T17:24:00Z,57.1367016,-163.9757228,67.67,40,0,0,0,0
1046,202001,2020,11,57.1285994,2020-08-11T03:58:01Z,57.1285994,-167.6806621,2020-08-11T04:09:00Z,57.1203142,-167.6798832,75,40,42.62302903870261,6.851920874938823,308.61392497879046,18.914371299415954
1046,202001,2020,7,57.1332204,2020-07-21T19:24:01Z,57.1332204,-165.2022276,2020-07-21T19:24:02Z,57.1249256,-165.2019785,69.9,40,0,0,0,0
1046,202001,2020,3,57.1335118,2020-07-09T05:27:01Z,57.1335118,-162.7395663,2020-07-09T05:44:00Z,57.1252194,-162.7400125,57.120000000000005,40,2.7062393772591786,1.2951022150226248,19.59464578150344,1.2009192579931756
1046,202001,2020,9,57.1337138,2020-08-06T23:44:01Z,57.1337138,-166.4348435,2020-08-06T23:44:02Z,57.1420052,-166.4353348,72.14,40,0,0,0,0
1046,202001,2020,1,57.1359218,2020-07-08T02:14:01Z,57.1359218,-161.5134035,2020-07-08T02:18:00Z,57.1442107,-161.5127922,61.99,40,0,0,0,0
1046,202001,2020,5,57.1367017,2020-07-19T17:24:01Z,57.1367017,-163.9757226,2020-07-19T17:49:00Z,57.1449972,-163.9756622,67.48,40,0,0,0,0
1046,202001,2020,11,57.1368844,2020-08-11T03:46:00Z,57.1368844,-167.6814415,2020-08-11T03:58:00Z,57.1285993,-167.6806622,75.06,40,25.009101940385527,4.027327604081369,181.07950758283303,11.098024955848945
1046,202001,2020,7,57.141515,2020-07-21T19:00:00Z,57.141515,-165.202477,2020-07-21T19:24:00Z,57.1332203,-165.2022277,69.83,40,0,0,0,0
1046,202001,2020,3,57.141804,2020-07-09T05:19:03Z,57.141804,-162.73912,2020-07-09T05:27:00Z,57.1335117,-162.7395664,56.85,40,0,0,0,0
1046,202001,2020,9,57.1420053,2020-08-06T23:46:00Z,57.1420053,-166.4353347,2020-08-06T23:53:00Z,57.1502965,-166.4358262,72.05,40,0,0,0,0
1046,202001,2020,1,57.1442108,2020-07-08T02:18:01Z,57.1442108,-161.5127921,2020-07-08T02:39:00Z,57.1524997,-161.5121805,62.02,40,0,0,0,0
1046,202001,2020,5,57.1449973,2020-07-19T17:49:01Z,57.1449973,-163.975662,2020-07-19T18:00:00Z,57.1532927,-163.9756015,67.28,40,0,0,0,0
1046,202001,2020,11,57.1451693,2020-08-11T03:28:01Z,57.1451693,-167.6822213,2020-08-11T03:44:00Z,57.1368843,-167.6814416,75.03,40,35.016783754038066,5.644978154917876,253.54056992651908,15.539028186707037
1046,202001,2020,7,57.1498095,2020-07-21T18:59:01Z,57.1498095,-165.2027265,2020-07-21T18:59:02Z,57.1415149,-165.2024771,69.75,40,0,0,0,0
1046,202001,2020,3,57.1500961,2020-07-09T05:19:01Z,57.1500961,-162.7386735,2020-07-09T05:19:02Z,57.1418039,-162.7391201,56.52,40,0,0,0,0
1046,202001,2020,9,57.1502966,2020-08-06T23:53:01Z,57.1502966,-166.4358261,2020-08-07T00:09:00Z,57.1585878,-166.4363178,71.91,40,0,0,0,0
1046,202001,2020,1,57.1524998,2020-07-08T02:39:01Z,57.1524998,-161.5121803,2020-07-08T02:50:00Z,57.1607887,-161.5115684,61.67,40,0,0,0,0
1046,202001,2020,5,57.1532928,2020-07-19T18:00:01Z,57.1532928,-163.9756014,2020-07-19T18:14:00Z,57.1615882,-163.9755409,67.05,40,0,0,0,0
1046,202001,2020,11,57.1534542,2020-08-11T03:19:01Z,57.1534542,-167.6830014,2020-08-11T03:28:00Z,57.1451692,-167.6822214,75.02,40,14.286435307279683,2.3263865301758937,103.44156606354036,6.33974046522149
1046,202001,2020,7,57.158103999999994,2020-07-21T18:35:00Z,57.158103999999994,-165.2029761,2020-07-21T18:59:00Z,57.1498094,-165.2027266,69.69,40,0,0,0,0
1046,202001,2020,3,57.1583881,2020-07-09T04:59:01Z,57.1583881,-162.7382268,2020-07-09T05:19:00Z,57.150096,-162.7386736,56.15,40,0,0,0,0
1046,202001,2020,9,57.1585879,2020-08-07T00:09:01Z,57.1585879,-166.4363177,2020-08-07T00:09:02Z,57.1668791,-166.4368097,71.75,40,0,0,0,0
1046,202001,2020,11,57.161739,2020-08-11T02:58:01Z,57.161739,-167.6837819,2020-08-11T03:19:00Z,57.1534541,-167.6830015,74.97,40,8.35043891404449,1.4176520879450878,60.46172190669209,3.7055860574787722
1046,202001,2020,7,57.1663984,2020-07-21T18:23:01Z,57.1663984,-165.2032259,2020-07-21T18:34:00Z,57.1581039,-165.2029763,69.61,40,0,0,0,0
1046,202001,2020,3,57.1666801,2020-07-09T04:51:00Z,57.1666801,-162.7377799,2020-07-09T04:59:00Z,57.158387999999995,-162.7382269,55.82,40,0,0,0,0
1046,202001,2020,9,57.1668792,2020-08-07T00:11:00Z,57.1668792,-166.4368096,2020-08-07T00:19:00Z,57.1751702,-166.4373018,71.79,40,0,0,0,0
1046,202001,2020,11,57.1700237,2020-08-11T02:38:01Z,57.1700237,-167.6845627,2020-08-11T02:58:00Z,57.1617389,-167.683782,74.9,40,0,0,0,0
1046,202001,2020,7,57.1746927,2020-07-21T18:10:00Z,57.1746927,-165.2034757,2020-07-21T18:23:00Z,57.1663983,-165.203226,69.52,40,0,0,0,0
1046,202001,2020,9,57.1751703,2020-08-07T00:19:01Z,57.1751703,-166.4373017,2020-08-07T18:08:00Z,57.1834613,-166.4377941,71.93,40,0,0,0,0
1046,202001,2020,11,57.1783084,2020-08-11T02:29:01Z,57.1783084,-167.6853439,2020-08-11T02:38:00Z,57.1700236,-167.6845628,74.82000000000001,40,0,0,0,0
1046,202001,2020,7,57.182987,2020-07-21T17:53:01Z,57.182987,-165.2037257,2020-07-21T18:09:00Z,57.1746926,-165.2034758,69.45,40,0,0,0,0
1046,202001,2020,9,57.1834614,2020-08-07T18:08:01Z,57.1834614,-166.437794,2020-08-07T18:16:00Z,57.1917523,-166.4382866,72.15,40,0,0,0,0
1046,202001,2020,11,57.1865929,2020-08-11T02:10:01Z,57.1865929,-167.6861255,2020-08-11T02:29:00Z,57.1783083,-167.685344,74.72,40,139.70436086989164,22.573391497642465,1011.5355974715345,61.99512829652145
1046,202001,2020,7,57.1912812,2020-07-21T17:44:01Z,57.1912812,-165.2039757,2020-07-21T17:53:00Z,57.1829869,-165.2037258,69.43,40,0,0,0,0
1046,202001,2020,9,57.1917524,2020-08-07T18:16:01Z,57.1917524,-166.4382865,2020-08-07T18:29:00Z,57.2000433,-166.4387794,72.14,40,0,0,0,0
1046,202001,2020,11,57.1948774,2020-08-11T02:04:01Z,57.1948774,-167.6869074,2020-08-11T02:10:00Z,57.1865928,-167.6861256,74.62,40,36.39321202534367,6.10968997687817,263.5066596399855,16.149831219190904
1046,202001,2020,7,57.1995753,2020-07-21T17:28:01Z,57.1995753,-165.2042259,2020-07-21T17:44:00Z,57.1912811,-165.2039759,69.35000000000001,40,0,0,0,0
1046,202001,2020,9,57.2000434,2020-08-07T18:29:01Z,57.2000434,-166.4387793,2020-08-07T18:33:00Z,57.2083341,-166.4392724,72,40,0,0,0,0
1046,202001,2020,11,57.2031618,2020-08-11T01:45:01Z,57.2031618,-167.6876897,2020-08-11T02:04:00Z,57.1948773,-167.6869075,74.56,40,1.8516523296054952,0.37824841425538763,13.406970504531438,0.821688192263046
1046,202001,2020,7,57.2078693,2020-07-21T17:19:01Z,57.2078693,-165.2044763,2020-07-21T17:28:00Z,57.1995752,-165.2042261,69.28,40,0,0,0,0
1046,202001,2020,9,57.2083342,2020-08-07T18:33:01Z,57.2083342,-166.4392723,2020-08-07T18:54:00Z,57.2166249,-166.4397656,71.9,40,0,0,0,0
1046,202001,2020,11,57.2114462,2020-08-11T01:39:01Z,57.2114462,-167.6884723,2020-08-11T01:45:00Z,57.2031617,-167.6876898,74.48,40,23.26138968523086,3.9057707564635624,168.4251197797734,10.322461152335155
1046,202001,2020,7,57.2161633,2020-07-21T17:00:01Z,57.2161633,-165.2047267,2020-07-21T17:19:00Z,57.2078692,-165.2044764,69.2,40,0,0,0,0
1046,202001,2020,9,57.216625,2020-08-07T18:54:01Z,57.216625,-166.4397655,2020-08-07T18:54:02Z,57.2249157,-166.4402591,71.83,40,0,0,0,0
1046,202001,2020,11,57.2197305,2020-08-11T01:17:01Z,57.2197305,-167.6892554,2020-08-11T01:39:00Z,57.2114461,-167.6884725,74.43,40,0,0,0,0
1046,202001,2020,7,57.2244572,2020-07-21T16:54:01Z,57.2244572,-165.2049772,2020-07-21T17:00:00Z,57.2161632,-165.2047268,69.06,40,0,0,0,0
1046,202001,2020,9,57.2249158,2020-08-07T18:54:03Z,57.2249158,-166.440259,2020-08-07T18:58:00Z,57.2332063,-166.4407528,71.79,40,0,0,0,0
1046,202001,2020,11,57.2280147,2020-08-11T01:07:01Z,57.2280147,-167.6900387,2020-08-11T01:17:00Z,57.2197304,-167.6892555,74.46000000000001,40,22.69564359157553,4.453286359442057,164.32881019215932,10.071405985259286
1046,202001,2020,7,57.232751,2020-07-21T16:30:00Z,57.232751,-165.2052279,2020-07-21T16:54:00Z,57.2244571,-165.2049774,68.96000000000001,40,0,0,0,0
1046,202001,2020,9,57.2332064,2020-08-07T18:58:01Z,57.2332064,-166.4407527,2020-08-07T19:19:00Z,57.2414969,-166.4412467,71.67,40,0,0,0,0
1046,202001,2020,11,57.2362988,2020-08-11T00:36:01Z,57.2362988,-167.6908225,2020-08-11T01:07:00Z,57.2280145,-167.6900389,74.49,40,37.91314790428881,7.373478557498394,274.51182252719883,16.82431710661031
1046,202001,2020,7,57.2410448,2020-07-21T16:14:01Z,57.2410448,-165.2054787,2020-07-21T16:29:00Z,57.2327509,-165.20522799999998,68.84,40,0,0,0,0
1046,202001,2020,9,57.241496999999995,2020-08-07T19:19:01Z,57.241496999999995,-166.4412466,2020-08-07T19:19:02Z,57.2497874,-166.4417408,71.53,40,0,0,0,0
1046,202001,2020,11,57.2445828,2020-08-11T00:24:01Z,57.2445828,-167.6916066,2020-08-11T00:36:00Z,57.2362987,-167.6908226,74.53,40,0,0,0,0
1046,202001,2020,7,57.2493385,2020-07-21T16:04:01Z,57.2493385,-165.2057295,2020-07-21T16:14:00Z,57.2410447,-165.2054788,68.71000000000001,40,0,0,0,0
1046,202001,2020,9,57.2497875,2020-08-07T19:21:00Z,57.2497875,-166.4417407,2020-08-07T19:26:00Z,57.2580779,-166.4422352,71.41,40,0,0,0,0
1046,202001,2020,11,57.2528668,2020-08-10T23:59:01Z,57.2528668,-167.692391,2020-08-11T00:24:00Z,57.2445827,-167.6916067,74.55,40,0,0,0,0
1046,202001,2020,7,57.2576322,2020-07-21T15:47:01Z,57.2576322,-165.2059806,2020-07-21T16:04:00Z,57.2493384,-165.2057297,68.61,40,0,0,0,0
1046,202001,2020,9,57.258078,2020-08-07T19:26:01Z,57.258078,-166.4422351,2020-08-07T19:44:00Z,57.2663683,-166.4427298,71.39,40,0,0,0,0
1046,202001,2020,11,57.2611507,2020-08-10T23:35:00Z,57.2611507,-167.6931758,2020-08-10T23:59:00Z,57.2528667,-167.6923912,74.51,40,7.965141100905358,1.6081720050888502,57.671956066947544,3.5346065174758974
1046,202001,2020,7,57.2659257,2020-07-21T15:32:01Z,57.2659257,-165.2062317,2020-07-21T15:47:00Z,57.2576321,-165.2059807,68.49,40,0,0,0,0
1046,202001,2020,9,57.2663684,2020-08-07T19:44:01Z,57.2663684,-166.4427297,2020-08-07T19:49:00Z,57.2746586,-166.4432246,71.22,40,0,0,0,0
1046,202001,2020,11,57.2694345,2020-08-10T23:10:00Z,57.2694345,-167.693961,2020-08-10T23:34:00Z,57.2611506,-167.693176,74.45,40,18.144128412940834,3.865862700403142,131.37336344050937,8.051628179569937
1046,202001,2020,7,57.2742192,2020-07-21T07:53:01Z,57.2742192,-165.2064829,2020-07-21T15:32:00Z,57.2659256,-165.2062318,68.17,40,0,0,0,0
1046,202001,2020,9,57.2746587,2020-08-07T19:49:01Z,57.2746587,-166.4432245,2020-08-07T20:09:00Z,57.2829488,-166.4437197,71.06,40,0,0,0,0
1046,202001,2020,11,57.2777183,2020-08-10T22:44:01Z,57.2777183,-167.6947466,2020-08-10T23:09:00Z,57.2694344,-167.6939612,74.39,40,37.63535659135534,8.331846723024594,272.5004622521802,16.701044590435895
1046,202001,2020,7,57.2825126,2020-07-21T07:20:00Z,57.2825126,-165.2067343,2020-07-21T07:53:00Z,57.2742191,-165.2064831,68.08,40,1.8393875777736612,0.8747209545382422,13.318167026996415,0.8162455929153588
1046,202001,2020,9,57.2829489,2020-08-07T20:09:01Z,57.2829489,-166.4437196,2020-08-07T20:09:02Z,57.291239,-166.44421499999999,70.98,40,0,0,0,0
1046,202001,2020,11,57.286001999999996,2020-08-10T18:10:00Z,57.286001999999996,-167.6955325,2020-08-10T22:44:00Z,57.2777182,-167.6947467,74.09,40,63.386747229009735,14.237074990260083,458.9545439443176,28.128467159456694
1046,202001,2020,7,57.290805999999996,2020-07-21T06:55:00Z,57.290805999999996,-165.2069857,2020-07-21T07:19:00Z,57.2825125,-165.2067344,67.99,40,0,0,0,0
1046,202001,2020,9,57.2912391,2020-08-07T20:12:00Z,57.2912391,-166.4442148,2020-08-07T20:22:00Z,57.2995291,-166.4447105,70.79,40,0,0,0,0
1046,202001,2020,11,57.2942856,2020-08-10T17:07:01Z,57.2942856,-167.6963188,2020-08-10T18:09:00Z,57.2860019,-167.6955326,73.77,40,0,0,0,0
1046,202001,2020,7,57.2990993,2020-07-21T06:20:00Z,57.2990993,-165.2072373,2020-07-21T06:54:00Z,57.2908059,-165.2069859,67.88,40,0,0,0,0
1046,202001,2020,9,57.2995292,2020-08-07T20:22:01Z,57.2995292,-166.4447104,2020-08-07T20:34:00Z,57.3078191,-166.4452062,70.72,40,0,0,0,0
1046,202001,2020,11,57.3025691,2020-08-10T16:37:01Z,57.3025691,-167.6971054,2020-08-10T17:07:00Z,57.2942855,-167.6963189,73.7,40,0,0,0,0
1046,202001,2020,7,57.3073925,2020-07-21T06:04:01Z,57.3073925,-165.207489,2020-07-21T06:19:00Z,57.2990992,-165.2072375,67.73,40,0,0,0,0
1046,202001,2020,9,57.3078192,2020-08-07T20:34:01Z,57.3078192,-166.4452061,2020-08-07T20:44:00Z,57.316109,-166.4457022,70.57000000000001,40,0,0,0,0
1046,202001,2020,11,57.3108526,2020-08-10T16:09:01Z,57.3108526,-167.6978924,2020-08-10T16:37:00Z,57.302569,-167.6971056,73.79,40,0.6052906884800304,0.15916796185934318,4.382633973651126,0.2686034541466951
1046,202001,2020,7,57.3156857,2020-07-21T05:37:00Z,57.3156857,-165.2077409,2020-07-21T06:04:00Z,57.3073924,-165.2074892,67.57000000000001,40,0,0,0,0
1046,202001,2020,9,57.3161092,2020-08-07T20:44:01Z,57.3161092,-166.4457021,2020-08-07T20:54:00Z,57.3243989,-166.4461984,70.49,40,0,0,0,0
1046,202001,2020,11,57.319136,2020-08-10T07:19:01Z,57.319136,-167.6986798,2020-08-10T16:09:00Z,57.3108525,-167.6978926,73.79,40,3.3196333658668586,0.7956016263466693,24.03595205775897,1.4731186280290438
1046,202001,2020,9,57.324399,2020-08-07T20:54:01Z,57.324399,-166.4461983,2020-08-07T21:05:00Z,57.3326888,-166.4466949,70.41,40,0,0,0,0
1046,202001,2020,11,57.3274193,2020-08-10T06:55:00Z,57.3274193,-167.6994675,2020-08-10T07:19:00Z,57.3191359,-167.6986799,73.78,40,11.936805546484354,3.0883834369065073,86.42896796621623,5.2970700892731575
1046,202001,2020,9,57.3326889,2020-08-07T21:05:01Z,57.3326889,-166.4466947,2020-08-07T21:24:00Z,57.3409785,-166.4471915,70.27,40,0,0,0,0
1046,202001,2020,11,57.3357026,2020-08-10T06:54:01Z,57.3357026,-167.7002556,2020-08-10T06:54:02Z,57.3274192,-167.6994677,73.60000000000001,40,16.208731065445548,4.284108771696924,117.36003343381961,7.192777345454162
1046,202001,2020,9,57.3409786,2020-08-07T21:24:01Z,57.3409786,-166.4471914,2020-08-07T21:24:02Z,57.3492682,-166.4476884,70.19,40,0,0,0,0
1046,202001,2020,11,57.3439857,2020-08-10T06:30:00Z,57.3439857,-167.7010441,2020-08-10T06:54:00Z,57.3357025,-167.7002558,73.46000000000001,40,76.47920597200056,20.879162889250495,553.7510699403562,33.93836925867998
1046,202001,2020,9,57.3492683,2020-08-07T21:25:00Z,57.3492683,-166.4476883,2020-08-07T21:35:00Z,57.3575578,-166.4481856,70.08,40,0,0,0,0
1046,202001,2020,11,57.3522688,2020-08-10T06:17:01Z,57.3522688,-167.7018329,2020-08-10T06:29:00Z,57.3439856,-167.7010442,73.19,40,43.51259723256291,12.964582733209475,315.0548827904523,19.309125578834873
1046,202001,2020,9,57.3575579,2020-08-07T21:35:01Z,57.3575579,-166.4481854,2020-08-07T21:49:00Z,57.3658473,-166.4486829,69.97,40,0,0,0,0
1046,202001,2020,11,57.3605519,2020-08-10T06:05:00Z,57.3605519,-167.7026221,2020-08-10T06:17:00Z,57.3522687,-167.7018331,72.96000000000001,40,4.9613623287764606,1.6560855066822338,35.92296315063163,2.2016513456188984
1046,202001,2020,9,57.3658475,2020-08-07T21:49:01Z,57.3658475,-166.4486828,2020-08-07T21:55:00Z,57.3741368,-166.4491805,69.87,40,0,0,0,0
1046,202001,2020,11,57.3688348,2020-08-10T05:52:01Z,57.3688348,-167.7034117,2020-08-10T06:04:00Z,57.3605518,-167.7026223,72.87,40,0,0,0,0
1046,202001,2020,9,57.3741369,2020-08-07T21:55:01Z,57.3741369,-166.4491804,2020-08-07T22:14:00Z,57.3824262,-166.4496783,69.73,40,0,0,0,0
1046,202001,2020,11,57.3771177,2020-08-10T05:40:00Z,57.3771177,-167.7042016,2020-08-10T05:52:00Z,57.3688347,-167.7034118,72.78,40,1.2849950549562974,0.45257554641033937,9.304063470672343,0.5702286800238312
1046,202001,2020,9,57.3824263,2020-08-07T22:14:01Z,57.3824263,-166.4496782,2020-08-07T22:20:00Z,57.3907156,-166.4501764,69.58,40,0,0,0,0
1046,202001,2020,11,57.3854006,2020-08-10T05:39:01Z,57.3854006,-167.7049919,2020-08-10T05:39:02Z,57.3771176,-167.7042018,72.73,40,2.9283112361462402,1.0524885823595251,21.202566887632276,1.299465740701558
1046,202001,2020,9,57.3907157,2020-08-07T22:20:01Z,57.3907157,-166.4501762,2020-08-07T22:39:00Z,57.3990048,-166.4506747,69.44,40,0,0,0,0
1046,202001,2020,11,57.3936833,2020-08-10T05:15:00Z,57.3936833,-167.7057826,2020-08-10T05:39:00Z,57.3854005,-167.7049921,72.59,40,0,0,0,0
1046,202001,2020,9,57.3990049,2020-08-07T22:39:01Z,57.3990049,-166.4506745,2020-08-07T22:48:00Z,57.407294,-166.4511732,69.25,40,0,0,0,0
1046,202001,2020,11,57.401965999999994,2020-08-10T05:14:01Z,57.401965999999994,-167.7065736,2020-08-10T05:14:02Z,57.3936832,-167.7057827,72.41,40,0,0,0,0
1046,202001,2020,9,57.4072942,2020-08-07T22:48:01Z,57.4072942,-166.45117299999998,2020-08-07T23:04:00Z,57.4155832,-166.4516719,69.14,40,0,0,0,0
1046,202001,2020,11,57.4102486,2020-08-10T04:56:01Z,57.4102486,-167.70736499999998,2020-08-10T05:14:00Z,57.4019659,-167.7065738,72.3,40,0,0,0,0
1046,202001,2020,9,57.4155833,2020-08-07T23:05:00Z,57.4155833,-166.4516718,2020-08-07T23:29:00Z,57.4238723,-166.4521709,68.99,40,0,0,0,0
1046,202001,2020,11,57.4185311,2020-08-10T04:49:01Z,57.4185311,-167.7081568,2020-08-10T04:56:00Z,57.4102485,-167.7073652,72.18,40,0,0,0,0
1046,202001,2020,9,57.4238724,2020-08-07T23:29:01Z,57.4238724,-166.4521708,2020-08-07T23:38:00Z,57.4321613,-166.4526701,68.82000000000001,40,0,0,0,0
1046,202001,2020,11,57.4268136,2020-08-10T04:36:01Z,57.4268136,-167.7089489,2020-08-10T04:49:00Z,57.418530999999994,-167.7081569,72.05,40,0,0,0,0
1046,202001,2020,9,57.4321614,2020-08-07T23:38:01Z,57.4321614,-166.45267,2020-08-07T23:54:00Z,57.4404502,-166.4531696,68.64,40,0,0,0,0
1046,202001,2020,11,57.435095999999994,2020-08-10T04:26:00Z,57.435095999999994,-167.7097414,2020-08-10T04:36:00Z,57.4268135,-167.7089491,71.95,40,0,0,0,0
1046,202001,2020,9,57.4404503,2020-08-07T23:54:01Z,57.4404503,-166.4531694,2020-08-08T00:04:00Z,57.4487391,-166.4536692,68.49,40,0,0,0,0
1046,202001,2020,11,57.4433783,2020-08-10T04:24:01Z,57.4433783,-167.7105343,2020-08-10T04:24:02Z,57.4350959,-167.7097416,71.84,40,0,0,0,0
1046,202001,2020,9,57.4487392,2020-08-08T00:04:01Z,57.4487392,-166.4536691,2020-08-08T00:19:00Z,57.4570279,-166.4541691,68.38,40,0,0,0,0
1046,202001,2020,11,57.4516606,2020-08-10T04:06:01Z,57.4516606,-167.7113276,2020-08-10T04:24:00Z,57.4433782,-167.7105344,71.77,40,0,0,0,0
1046,202001,2020,9,57.457027999999994,2020-08-08T00:21:00Z,57.457027999999994,-166.45416899999998,2020-08-08T00:31:00Z,57.4653166,-166.4546693,68.23,40,0,0,0,0
1046,202001,2020,11,57.4599428,2020-08-10T03:59:01Z,57.4599428,-167.7121212,2020-08-10T04:06:00Z,57.4516605,-167.7113277,71.71000000000001,40,0,0,0,0
1046,202001,2020,9,57.4653167,2020-08-08T00:31:01Z,57.4653167,-166.4546691,2020-08-08T00:44:00Z,57.4736052,-166.4551697,68.17,40,0,0,0,0
1046,202001,2020,11,57.4682249,2020-08-10T03:46:01Z,57.4682249,-167.7129151,2020-08-10T03:59:00Z,57.4599427,-167.7121213,71.60000000000001,40,0,0,0,0
1046,202001,2020,9,57.4736054,2020-08-08T00:45:00Z,57.4736054,-166.4551695,2020-08-08T00:56:00Z,57.4818938,-166.4556703,68.1,40,0,0,0,0
1046,202001,2020,11,57.4765069,2020-08-10T03:36:00Z,57.4765069,-167.7137095,2020-08-10T03:46:00Z,57.4682248,-167.7129153,71.58,40,0,0,0,0
1046,202001,2020,9,57.481894,2020-08-08T00:56:01Z,57.481894,-166.4556701,2020-08-08T01:09:00Z,57.4901824,-166.4561711,68.01,40,0,0,0,0
1046,202001,2020,11,57.4847889,2020-08-10T03:34:01Z,57.4847889,-167.7145042,2020-08-10T03:34:02Z,57.4765068,-167.7137096,71.39,40,24.59480930103655,5.935993447427677,178.07980342283034,10.914178688138916
1046,202001,2020,9,57.4901825,2020-08-08T01:10:00Z,57.4901825,-166.45617099999998,2020-08-08T01:22:00Z,57.4984708,-166.4566722,67.96000000000001,40,0,0,0,0
1046,202001,2020,11,57.4930708,2020-08-10T03:13:01Z,57.4930708,-167.7152993,2020-08-10T03:34:00Z,57.4847888,-167.7145043,71.25,40,0,0,0,0
1046,202001,2020,9,57.4984709,2020-08-08T01:22:01Z,57.4984709,-166.456672,2020-08-08T01:34:00Z,57.5067592,-166.4571735,67.9,40,0,0,0,0
1046,202001,2020,11,57.5013526,2020-08-10T03:09:01Z,57.5013526,-167.7160948,2020-08-10T03:13:00Z,57.4930707,-167.7152994,71.16,40,0,0,0,0
1046,202001,2020,9,57.5067593,2020-08-08T01:35:00Z,57.5067593,-166.4571733,2020-08-08T01:42:00Z,57.5150476,-166.457675,67.89,40,0,0,0,0
1046,202001,2020,11,57.5096344,2020-08-10T02:55:01Z,57.5096344,-167.7168906,2020-08-10T03:09:00Z,57.5013525,-167.7160949,70.98,40,0,0,0,0
1046,202001,2020,9,57.5150477,2020-08-08T01:42:01Z,57.5150477,-166.4576749,2020-08-08T01:59:00Z,57.5233358,-166.4581768,67.88,40,0,0,0,0
1046,202001,2020,11,57.5179161,2020-08-10T02:48:01Z,57.5179161,-167.7176868,2020-08-10T02:55:00Z,57.5096343,-167.7168907,70.88,40,0,0,0,0
1046,202001,2020,9,57.5233359,2020-08-08T01:59:01Z,57.5233359,-166.4581767,2020-08-08T02:02:00Z,57.531624,-166.4586788,67.84,40,0,0,0,0
1046,202001,2020,11,57.5261977,2020-08-10T02:44:01Z,57.5261977,-167.7184834,2020-08-10T02:48:00Z,57.517916,-167.7176869,70.74,40,0,0,0,0
1046,202001,2020,9,57.5316241,2020-08-08T02:02:01Z,57.5316241,-166.4586787,2020-08-08T02:24:00Z,57.5399122,-166.459181,67.77,40,0,0,0,0
1046,202001,2020,11,57.5344793,2020-08-10T02:30:01Z,57.5344793,-167.7192803,2020-08-10T02:44:00Z,57.5261976,-167.7184835,70.59,40,0,0,0,0
1046,202001,2020,9,57.5399123,2020-08-08T02:24:01Z,57.5399123,-166.4591809,2020-08-08T02:24:02Z,57.5482002,-166.4596835,67.74,40,0,0,0,0
1046,202001,2020,11,57.5427608,2020-08-10T02:23:01Z,57.5427608,-167.7200776,2020-08-10T02:30:00Z,57.5344792,-167.7192804,70.47,40,0,0,0,0
1046,202001,2020,9,57.5482004,2020-08-08T02:25:00Z,57.5482004,-166.4596834,2020-08-08T02:33:00Z,57.5564883,-166.4601862,67.68,40,0,0,0,0
1046,202001,2020,11,57.5510422,2020-08-10T02:19:01Z,57.5510422,-167.7208753,2020-08-10T02:23:00Z,57.5427607,-167.7200777,70.31,40,0,0,0,0
1046,202001,2020,9,57.5564884,2020-08-08T02:33:01Z,57.5564884,-166.4601861,2020-08-08T02:49:00Z,57.5647762,-166.4606892,67.65,40,0,0,0,0
1046,202001,2020,11,57.5593236,2020-08-10T02:05:01Z,57.5593236,-167.7216734,2020-08-10T02:19:00Z,57.5510421,-167.7208754,70.24,40,48.07252094682045,10.896332454828967,348.0712119157959,21.332634751544386
1046,202001,2020,9,57.5647763,2020-08-08T02:49:01Z,57.5647763,-166.4606891,2020-08-08T02:53:00Z,57.5730641,-166.4611924,67.57000000000001,40,0,0,0,0
1046,202001,2020,11,57.5676049,2020-08-10T01:55:00Z,57.5676049,-167.7224718,2020-08-10T02:05:00Z,57.5593235,-167.7216735,70.10000000000001,40,0,0,0,0
1046,202001,2020,9,57.5730642,2020-08-08T02:53:01Z,57.5730642,-166.4611922,2020-08-08T03:14:00Z,57.5813519,-166.4616958,67.53,40,0,0,0,0
1046,202001,2020,11,57.5758861,2020-08-10T01:54:01Z,57.5758861,-167.7232706,2020-08-10T01:54:02Z,57.5676047,-167.7224719,69.96000000000001,40,0,0,0,0
1046,202001,2020,9,57.581351999999995,2020-08-08T03:14:01Z,57.581351999999995,-166.4616957,2020-08-08T03:14:02Z,57.5896396,-166.4621994,67.46000000000001,40,0,0,0,0
1046,202001,2020,11,57.5841672,2020-08-10T01:37:01Z,57.5841672,-167.7240698,2020-08-10T01:54:00Z,57.575886,-167.7232707,69.96000000000001,40,0,0,0,0
1046,202001,2020,9,57.5896397,2020-08-08T03:16:00Z,57.5896397,-166.4621993,2020-08-08T03:26:00Z,57.5979273,-166.4627033,67.34,40,0,0,0,0
1046,202001,2020,11,57.5924483,2020-08-10T01:27:01Z,57.5924483,-167.7248693,2020-08-10T01:37:00Z,57.5841671,-167.7240699,69.92,40,0,0,0,0
1046,202001,2020,9,57.5979274,2020-08-08T03:26:01Z,57.5979274,-166.4627032,2020-08-08T03:39:00Z,57.6062149,-166.4632075,67.3,40,0,0,0,0
1046,202001,2020,11,57.6007293,2020-08-10T01:17:01Z,57.6007293,-167.7256692,2020-08-10T01:27:00Z,57.5924482,-167.7248695,69.88,40,0,0,0,0
1046,202001,2020,9,57.606215,2020-08-08T03:39:01Z,57.606215,-166.4632073,2020-08-08T03:48:00Z,57.6145025,-166.4637118,67.16,40,0,0,0,0
1046,202001,2020,11,57.6090103,2020-08-10T01:07:01Z,57.6090103,-167.7264695,2020-08-10T01:17:00Z,57.6007292,-167.7256694,69.85000000000001,40,29.489629080771675,7.270545278311167,213.52096230706195,13.086301149768024
1046,202001,2020,9,57.6145026,2020-08-08T03:48:01Z,57.6145026,-166.4637117,2020-08-08T04:04:00Z,57.6227899,-166.4642164,67.06,40,0,0,0,0
1046,202001,2020,11,57.6172912,2020-08-10T00:59:01Z,57.6172912,-167.7272702,2020-08-10T01:07:00Z,57.6090102,-167.7264697,69.79,40,0,0,0,0
1046,202001,2020,9,57.622789999999995,2020-08-08T04:04:01Z,57.622789999999995,-166.4642163,2020-08-08T04:09:00Z,57.6310774,-166.4647212,66.99,40,0,0,0,0
1046,202001,2020,11,57.625572,2020-08-10T00:49:01Z,57.625572,-167.7280713,2020-08-10T00:59:00Z,57.617290999999994,-167.7272703,69.77,40,0,0,0,0
1046,202001,2020,9,57.6310775,2020-08-08T04:09:01Z,57.6310775,-166.4647211,2020-08-08T04:29:00Z,57.6393647,-166.4652263,66.95,40,0,0,0,0
1046,202001,2020,11,57.6338527,2020-08-10T00:40:00Z,57.6338527,-167.7288727,2020-08-10T00:49:00Z,57.6255719,-167.7280714,69.71000000000001,40,0,0,0,0
1046,202001,2020,9,57.6393648,2020-08-08T04:29:01Z,57.6393648,-166.4652262,2020-08-08T04:29:02Z,57.647652,-166.4657316,66.92,40,0,0,0,0
1046,202001,2020,11,57.6421334,2020-08-10T00:39:01Z,57.6421334,-167.7296745,2020-08-10T00:39:02Z,57.6338526,-167.7288728,69.64,40,0,0,0,0
1046,202001,2020,9,57.6476521,2020-08-08T04:31:00Z,57.6476521,-166.4657315,2020-08-08T04:41:00Z,57.6559392,-166.4662371,66.85,40,0,0,0,0
1046,202001,2020,11,57.650414,2020-08-10T00:19:01Z,57.650414,-167.7304766,2020-08-10T00:39:00Z,57.6421333,-167.7296746,69.56,40,0,0,0,0
1046,202001,2020,9,57.6559393,2020-08-08T04:41:01Z,57.6559393,-166.46623699999998,2020-08-08T04:54:00Z,57.6642264,-166.4667429,66.8,40,0,0,0,0
1046,202001,2020,11,57.6586945,2020-08-10T00:14:01Z,57.6586945,-167.7312792,2020-08-10T00:19:00Z,57.6504139,-167.7304768,69.44,40,0,0,0,0
1046,202001,2020,9,57.6642265,2020-08-08T04:54:01Z,57.6642265,-166.4667428,2020-08-08T04:59:00Z,57.6725135,-166.4672489,66.72,40,0,0,0,0
1046,202001,2020,11,57.666975,2020-08-09T23:56:01Z,57.666975,-167.7320821,2020-08-10T00:14:00Z,57.6586944,-167.7312793,69.26,40,0,0,0,0
1046,202001,2020,9,57.6725136,2020-08-08T04:59:01Z,57.6725136,-166.4672488,2020-08-08T05:19:00Z,57.6808005,-166.4677552,66.71000000000001,40,3.1792105989773525,1.5346143206507261,23.0192148097609,1.4108047002829012
1046,202001,2020,11,57.6752554,2020-08-09T23:49:01Z,57.6752554,-167.7328854,2020-08-09T23:56:00Z,57.6669749,-167.7320822,69.07000000000001,40,0,0,0,0
1046,202001,2020,9,57.6808007,2020-08-08T05:19:01Z,57.6808007,-166.4677551,2020-08-08T05:19:02Z,57.6890875,-166.4682617,66.66,40,0,0,0,0
1046,202001,2020,11,57.6835358,2020-08-09T23:33:01Z,57.6835358,-167.7336891,2020-08-09T23:49:00Z,57.6752553,-167.7328855,68.94,40,16.084963173166194,1.9410647756883834,116.46388654130288,7.13785417546096
1046,202001,2020,9,57.6890876,2020-08-08T05:20:00Z,57.6890876,-166.4682615,2020-08-08T05:44:00Z,57.6973744,-166.4687684,66.59,40,0,0,0,0
1046,202001,2020,11,57.6918161,2020-08-09T23:24:01Z,57.6918161,-167.7344931,2020-08-09T23:33:00Z,57.6835357,-167.7336892,68.86,40,69.64921241477172,18.59670349365269,504.29819981790934,30.907495174232753
1046,202001,2020,9,57.6973745,2020-08-08T05:44:01Z,57.6973745,-166.4687683,2020-08-08T05:44:02Z,57.7056613,-166.4692754,66.52,40,0,0,0,0
1046,202001,2020,11,57.7000963,2020-08-09T23:06:01Z,57.7000963,-167.7352976,2020-08-09T23:24:00Z,57.691815999999996,-167.7344933,68.75,40,11.028444639772587,2.661731356227674,79.85194068683018,4.893976366210452
1046,202001,2020,11,57.7083764,2020-08-09T22:59:01Z,57.7083764,-167.7361024,2020-08-09T23:06:00Z,57.7000962,-167.7352977,68.72,40,0,0,0,0
1046,202001,2020,11,57.7166565,2020-08-09T22:38:01Z,57.7166565,-167.7369075,2020-08-09T22:59:00Z,57.7083763,-167.7361025,68.64,40,42.08573899319184,12.057386579857337,304.72365266504784,18.675943772197204
1046,202001,2020,11,57.7249365,2020-08-09T22:18:01Z,57.7249365,-167.7377131,2020-08-09T22:38:00Z,57.7166564,-167.7369077,68.61,40,44.686796451815994,17.62227115648192,323.5567241173951,19.830187561367143
1046,202001,2020,11,57.7332165,2020-08-09T21:55:01Z,57.7332165,-167.738519,2020-08-09T22:18:00Z,57.7249364,-167.7377132,68.57000000000001,40,46.04385457256391,15.606935039807484,333.38256339991227,20.43239490677675
1046,202001,2020,11,57.7414963,2020-08-09T21:44:01Z,57.7414963,-167.7393253,2020-08-09T21:55:00Z,57.7332164,-167.7385192,68.58,40,268.30150277974013,76.19374041613561,1942.648885309814,119.06132337894856
1046,202001,2020,11,57.7497762,2020-08-09T21:10:01Z,57.7497762,-167.74013200000002,2020-08-09T21:44:00Z,57.7414962,-167.7393255,68.58,40,136.30333906987678,44.14867669662607,986.9103488603213,60.48589278291031
1046,202001,2020,11,57.7580559,2020-08-09T20:54:01Z,57.7580559,-167.7409391,2020-08-09T21:10:00Z,57.7497761,-167.7401322,68.59,40,45.2761148143091,18.20981032087474,327.82370975902865,20.091703145152547
1046,202001,2020,11,57.7663356,2020-08-09T20:30:00Z,57.7663356,-167.7417465,2020-08-09T20:54:00Z,57.7580558,-167.7409392,68.60000000000001,40,54.664438265723646,21.93320861712766,395.80028051566336,24.25786025890032
1046,202001,2020,11,57.7746152,2020-08-09T20:12:01Z,57.7746152,-167.7425544,2020-08-09T20:29:00Z,57.7663355,-167.7417467,68.56,40,27.029824621886466,10.872262158047958,195.7106394403415,11.994739712004707
1046,202001,2020,11,57.7828948,2020-08-09T20:04:01Z,57.7828948,-167.7433626,2020-08-09T20:12:00Z,57.7746151,-167.7425545,68.51,40,17.802344700310474,7.1920270079459945,128.89866336809308,7.899958432238897
1046,202001,2020,11,57.7911743,2020-08-09T19:39:01Z,57.7911743,-167.7441712,2020-08-09T20:04:00Z,57.7828947,-167.7433627,68.46000000000001,40,8.280859899986112,3.535623534459503,59.95793198117524,3.6747097134875357
1046,202001,2020,11,57.7994537,2020-08-09T19:19:01Z,57.7994537,-167.7449801,2020-08-09T19:39:00Z,57.7911742,-167.7441713,68.41,40,8.006955917783053,3.387570461259033,57.974718096065125,3.553162237003096
1046,202001,2020,11,57.8077331,2020-08-09T19:14:01Z,57.8077331,-167.7457895,2020-08-09T19:19:00Z,57.7994536,-167.7449803,68.31,40,77.53214816635703,27.667731373894412,561.3749444210054,34.40562229231107
1046,202001,2020,11,57.8160124,2020-08-09T18:50:00Z,57.8160124,-167.7465992,2020-08-09T19:14:00Z,57.807733,-167.7457896,68.29,40,194.12052602175476,78.3876710351577,1405.5382455367771,86.14281501860073
1046,202001,2020,11,57.8242916,2020-08-09T18:33:01Z,57.8242916,-167.7474093,2020-08-09T18:49:00Z,57.8160123,-167.7465993,68.23,40,252.93232315339318,112.79986989109399,1831.3676611649012,112.24110490606186
1046,202001,2020,11,57.8325708,2020-08-09T18:24:01Z,57.8325708,-167.7482198,2020-08-09T18:33:00Z,57.8242915,-167.7474094,68.19,40,223.84657947918163,101.73120351226368,1620.771048989009,99.33403171625787
1046,202001,2020,11,57.8408499,2020-08-09T18:00:00Z,57.8408499,-167.7490307,2020-08-09T18:24:00Z,57.8325707,-167.7482199,68.17,40,203.8050017903403,93.72836863531415,1475.659120230861,90.44039251739594
1046,202001,2020,11,57.849129,2020-08-09T17:45:01Z,57.849129,-167.7498419,2020-08-09T17:59:00Z,57.8408498,-167.7490308,68.02,40,216.76208075023544,103.34736678427616,1569.4754229258763,96.19021856051396
1046,202001,2020,11,57.8574079,2020-08-09T17:35:00Z,57.8574079,-167.7506535,2020-08-09T17:45:00Z,57.8491288,-167.749842,67.93,40,108.08148143740199,54.026818410406264,782.5687417389191,47.962177175200125
1046,202001,2020,11,57.8656869,2020-08-09T17:18:01Z,57.8656869,-167.7514656,2020-08-09T17:34:00Z,57.8574078,-167.7506537,67.73,40,79.03231467824274,43.37467746443554,572.23696633255,35.071335336566825
1046,202001,2020,11,57.8739657,2020-08-09T17:09:01Z,57.8739657,-167.7522779,2020-08-09T17:18:00Z,57.8656868,-167.7514657,67.45,40,36.960122429897496,23.537252530565848,267.61139947210313,16.401403060213667
1046,202001,2020,11,57.8822445,2020-08-09T16:52:01Z,57.8822445,-167.7530907,2020-08-09T17:09:00Z,57.8739656,-167.7522781,67.26,40,2.732340139003799,1.834673595073076,19.783629500131916,1.2125017172873533
1046,202001,2020,11,57.8905232,2020-08-09T16:44:01Z,57.8905232,-167.7539039,2020-08-09T16:52:00Z,57.8822444,-167.7530909,67.14,40,0.8342797982938005,0.6170238533499689,6.04063974074144,0.3702195322205358
1046,202001,2020,11,57.8988019,2020-08-09T16:27:01Z,57.8988019,-167.7547174,2020-08-09T16:44:00Z,57.8905231,-167.75390399999998,67.04,40,1.435792320149662,0.1732652955336428,10.395917732018578,0.6371463892794051
1046,202001,2020,11,57.9070805,2020-08-09T16:17:01Z,57.9070805,-167.7555314,2020-08-09T16:27:00Z,57.8988018,-167.7547176,67.04,40,0,0,0,0
1046,202001,2020,11,57.9153591,2020-08-09T16:07:01Z,57.9153591,-167.7563457,2020-08-09T16:17:00Z,57.9070804,-167.7555315,67.08,40,31.702078095403444,3.82567161917828,229.54029715069723,14.068096275256973
1046,202001,2020,11,57.9236375,2020-08-09T07:34:01Z,57.9236375,-167.7571604,2020-08-09T16:07:00Z,57.9153589,-167.7563458,67.41,40,39.28328112676847,18.10098347772375,284.4323326615053,17.432326651781636
1046,202001,2020,11,57.9319159,2020-08-09T07:10:00Z,57.9319159,-167.7579754,2020-08-09T07:34:00Z,57.9236374,-167.7571605,67.63,40,115.15735222790228,61.2525293722339,833.8018968325239,51.102161601851
1046,202001,2020,11,57.9401943,2020-08-09T06:52:01Z,57.9401943,-167.7587909,2020-08-09T07:09:00Z,57.9319158,-167.7579756,67.7,40,77.92424356574246,39.54332644598004,564.2139284843056,34.57961832534839
1046,202001,2020,11,57.9484726,2020-08-09T06:20:00Z,57.9484726,-167.7596067,2020-08-09T06:52:00Z,57.9401942,-167.758791,67.63,40,44.398259563595936,26.260552175441944,321.4675600297395,19.70214659477097
1046,202001,2020,11,57.9567508,2020-08-09T06:00:01Z,57.9567508,-167.760423,2020-08-09T06:19:00Z,57.9484725,-167.7596069,67.49,40,50.309673140080605,31.546103852455342,364.2694112157568,22.325392145632993
1046,202001,2020,11,57.965028999999994,2020-08-09T05:54:01Z,57.965028999999994,-167.7612396,2020-08-09T06:00:00Z,57.9567507,-167.7604231,67.44,40,83.0461373014523,40.94516141226945,601.2992263796382,36.8525069974651
1046,202001,2020,11,57.9733071,2020-08-09T05:29:01Z,57.9733071,-167.7620566,2020-08-09T05:54:00Z,57.9650289,-167.7612397,67.33,40,20.049198500799452,13.246668606414966,145.16710758384286,8.897021006073421
1046,202001,2020,11,57.9815852,2020-08-09T05:12:01Z,57.9815852,-167.762874,2020-08-09T05:29:00Z,57.973307,-167.7620567,67.27,40,23.203834163305828,15.149392699024247,168.00838648028505,10.29692034642403
1046,202001,2020,11,57.9898631,2020-08-09T04:54:01Z,57.9898631,-167.7636918,2020-08-09T05:12:00Z,57.981584999999995,-167.7628741,67.18,40,0,0,0,0
1046,202001,2020,11,57.9981411,2020-08-09T04:39:01Z,57.9981411,-167.7645099,2020-08-09T04:54:00Z,57.989863,-167.7636919,67.09,40,1.9187812334749885,1.3930155341295987,13.893020298971829,0.8514772767403008
1046,202001,2020,11,58.0064189,2020-08-09T04:19:01Z,58.0064189,-167.7653285,2020-08-09T04:39:00Z,57.998141,-167.7645101,67,40,0,0,0,0
1046,202001,2020,11,58.0146967,2020-08-09T04:14:01Z,58.0146967,-167.7661474,2020-08-09T04:19:00Z,58.0064188,-167.7653286,66.91,40,0,0,0,0
1046,202001,2020,11,58.0229745,2020-08-09T03:50:00Z,58.0229745,-167.7669667,2020-08-09T04:14:00Z,58.0146966,-167.7661475,66.78,40,0,0,0,0
1046,202001,2020,11,58.0312522,2020-08-09T03:49:01Z,58.0312522,-167.7677864,2020-08-09T03:49:02Z,58.0229744,-167.7669669,66.62,40,0,0,0,0
1046,202001,2020,11,58.0395298,2020-08-09T03:24:01Z,58.0395298,-167.7686065,2020-08-09T03:49:00Z,58.031251999999995,-167.7677866,66.53,40,0,0,0,0
1046,202001,2020,11,58.0478073,2020-08-09T03:06:01Z,58.0478073,-167.769427,2020-08-09T03:24:00Z,58.0395297,-167.7686067,66.35,40,0,0,0,0
1046,202001,2020,11,58.0560848,2020-08-09T02:59:01Z,58.0560848,-167.7702479,2020-08-09T03:06:00Z,58.0478072,-167.7694271,66.17,40,0,0,0,0
1046,202001,2020,11,58.0643623,2020-08-09T02:40:01Z,58.0643623,-167.7710692,2020-08-09T02:59:00Z,58.0560847,-167.77024799999998,66.03,40,0,0,0,0
1046,202001,2020,11,58.0726397,2020-08-09T02:34:01Z,58.0726397,-167.7718908,2020-08-09T02:40:00Z,58.0643622,-167.7710693,65.87,40,0,0,0,0
1046,202001,2020,11,58.080917,2020-08-09T02:18:01Z,58.080917,-167.7727128,2020-08-09T02:34:00Z,58.0726396,-167.7718909,65.71000000000001,40,0,0,0,0
1046,202001,2020,11,58.0891942,2020-08-09T02:09:01Z,58.0891942,-167.7735353,2020-08-09T02:18:00Z,58.0809169,-167.772713,65.54,40,0,0,0,0
1046,202001,2020,11,58.0974714,2020-08-09T01:52:01Z,58.0974714,-167.7743581,2020-08-09T02:09:00Z,58.0891941,-167.7735354,65.36,40,0,0,0,0
1046,202001,2020,11,58.1057486,2020-08-09T01:44:01Z,58.1057486,-167.7751813,2020-08-09T01:52:00Z,58.0974713,-167.7743582,65.18,40,0,0,0,0
1046,202001,2020,11,58.1140257,2020-08-09T01:27:01Z,58.1140257,-167.7760049,2020-08-09T01:44:00Z,58.1057485,-167.7751814,65.04,40,0,0,0,0
1046,202001,2020,11,58.1223027,2020-08-09T01:17:01Z,58.1223027,-167.7768289,2020-08-09T01:27:00Z,58.1140256,-167.776005,64.83,40,0,0,0,0
1046,202001,2020,11,58.1305797,2020-08-09T01:05:00Z,58.1305797,-167.7776533,2020-08-09T01:17:00Z,58.1223026,-167.776829,64.69,40,0,0,0,0
1046,202001,2020,11,58.1388566,2020-08-09T00:55:00Z,58.1388566,-167.778478,2020-08-09T01:04:00Z,58.1305795,-167.7776534,64.48,40,0,0,0,0
1046,202001,2020,11,58.1471334,2020-08-09T00:54:01Z,58.1471334,-167.7793032,2020-08-09T00:54:02Z,58.1388565,-167.7784782,64.3,40,0,0,0,0
1046,202001,2020,11,58.1554102,2020-08-09T00:30:00Z,58.1554102,-167.7801287,2020-08-09T00:54:00Z,58.1471333,-167.7793033,64.06,40,0,0,0,0
1046,202001,2020,11,58.1636869,2020-08-09T00:29:01Z,58.1636869,-167.7809547,2020-08-09T00:29:02Z,58.1554101,-167.7801289,63.84,40,0,0,0,0
1046,202001,2020,11,58.1719636,2020-08-09T00:09:01Z,58.1719636,-167.781781,2020-08-09T00:29:00Z,58.1636868,-167.7809548,63.68,40,0,0,0,0
1046,202001,2020,11,58.1802402,2020-08-08T23:46:00Z,58.1802402,-167.7826077,2020-08-09T00:09:00Z,58.1719635,-167.7817812,63.46,40,0,0,0,0
1049,202001,2020,21,56.950502900000004,2020-07-08T01:00:00Z,56.950502900000004,-173.8461104,2020-07-08T01:02:00Z,56.9587382,-173.8479695,300.73,40,0,0,0,0
1049,202001,2020,21,56.9587384,2020-07-08T01:02:01Z,56.9587384,-173.8479694,2020-07-08T01:10:00Z,56.9669736,-173.8498294,300.68,40,0,0,0,0
1049,202001,2020,21,56.9669737,2020-07-08T01:10:01Z,56.9669737,-173.8498293,2020-07-08T01:20:00Z,56.9752088,-173.8516901,300.69,40,0,0,0,0
1049,202001,2020,21,56.9752089,2020-07-08T01:20:01Z,56.9752089,-173.85169,2020-07-08T01:27:00Z,56.9834439,-173.8535517,300.56,40,0.9636078472831737,0.03876136218657149,6.977045193582871,0.4276100742158711
1049,202001,2020,21,56.983444,2020-07-08T01:27:01Z,56.983444,-173.8535515,2020-07-08T01:49:00Z,56.9916789,-173.8554141,300.64,40,7.76551953176319,0.3123699293091304,56.226587275643446,3.4460225626683085
1049,202001,2020,21,56.9916791,2020-07-08T01:49:01Z,56.9916791,-173.855414,2020-07-08T01:49:02Z,56.9999139,-173.8572773,300.67,40,0,0,0,0
1049,202001,2020,21,56.999914,2020-07-08T01:50:00Z,56.999914,-173.8572772,2020-07-08T01:55:00Z,57.0081487,-173.8591414,300.75,40,85.62497718943766,3.4442857251673904,619.9714305301306,37.99689153003336
1049,202001,2020,21,57.0081488,2020-07-08T01:55:01Z,57.0081488,-173.8591413,2020-07-08T02:14:00Z,57.0163834,-173.8610064,300.59000000000003,40,0,0,0,0
1049,202001,2020,21,57.0163835,2020-07-08T02:14:01Z,57.0163835,-173.8610063,2020-07-08T02:14:02Z,57.024618,-173.8628722,300.75,40,55.07281831224396,2.215317634922511,398.7571742860526,24.43908275775521
1049,202001,2020,21,57.0246182,2020-07-08T02:15:00Z,57.0246182,-173.8628721,2020-07-08T02:23:00Z,57.0328526,-173.8647389,300.74,40,182.33443573488785,7.33444743370507,1320.2005380669113,80.91262624783506
1049,202001,2020,21,57.0328527,2020-07-08T02:23:01Z,57.0328527,-173.8647388,2020-07-08T02:39:00Z,57.041087,-173.8666064,300.56,40,165.5710657719561,6.660136762167173,1198.8246171900923,73.47372265840546
1049,202001,2020,21,57.0410871,2020-07-08T02:39:01Z,57.0410871,-173.8666063,2020-07-08T02:39:02Z,57.0493213,-173.8684748,300.77,40,222.1982763399919,8.937980207123951,1608.8364372823114,98.60258164591401
1049,202001,2020,21,57.0493214,2020-07-08T02:40:00Z,57.0493214,-173.8684747,2020-07-08T02:48:00Z,57.0575556,-173.870344,300.74,40,0,0,0,0
1049,202001,2020,21,57.0575557,2020-07-08T02:48:01Z,57.0575557,-173.8703439,2020-07-08T03:04:00Z,57.0657897,-173.8722141,300.58,40,5.917294316979731,0.23802461637445615,42.844430947402046,2.6258551849435925
1049,202001,2020,21,57.0657898,2020-07-08T03:04:01Z,57.0657898,-173.87221399999999,2020-07-08T03:04:02Z,57.0740237,-173.87408499999998,300.87,40,9.29767896285786,0.37400141851262036,67.32025533227177,4.125932766687647
1049,202001,2020,21,57.0740238,2020-07-08T03:06:00Z,57.0740238,-173.8740849,2020-07-08T03:16:00Z,57.0822576,-173.8759568,300.71,40,0.739004841812675,0.029726651159902053,5.350797208782368,0.32794037132881704
1049,202001,2020,21,57.0822578,2020-07-08T03:16:01Z,57.0822578,-173.8759567,2020-07-08T03:29:00Z,57.0904915,-173.8778295,300.73,40,0.4572252605799715,0.018391998338491804,3.3105597009285272,0.2028980234658853
1049,202001,2020,21,57.0904916,2020-07-08T03:29:01Z,57.0904916,-173.8778294,2020-07-08T03:33:00Z,57.0987252,-173.879703,300.59000000000003,40,0,0,0,0
1049,202001,2020,21,57.0987253,2020-07-08T03:33:01Z,57.0987253,-173.8797029,2020-07-08T03:54:00Z,57.1069588,-173.8815774,300.66,40,11.238672492279191,0.45207835967474774,81.37410474145457,4.987266959335077
1049,202001,2020,21,57.106958999999996,2020-07-08T03:54:01Z,57.106958999999996,-173.8815773,2020-07-08T03:54:02Z,57.1151924,-173.8834526,300.76,40,25.23898571756785,1.0152443957140822,182.74399122853467,11.200038051009088
1049,202001,2020,21,57.1151925,2020-07-08T03:56:00Z,57.1151925,-173.8834525,2020-07-08T04:01:00Z,57.1234258,-173.8853287,300.75,40,0,0,0,0
1049,202001,2020,21,57.1234259,2020-07-08T04:01:01Z,57.1234259,-173.8853286,2020-07-08T04:19:00Z,57.1316592,-173.8872056,300.61,40,0,0,0,0
1049,202001,2020,21,57.1316593,2020-07-08T04:19:01Z,57.1316593,-173.8872055,2020-07-08T04:19:02Z,57.1398924,-173.8890834,300.88,40,0,0,0,0
1049,202001,2020,21,57.1398925,2020-07-08T04:21:00Z,57.1398925,-173.8890833,2020-07-08T04:31:00Z,57.1481255,-173.8909621,300.72,40,2.0051693245864772,0.08065842827539688,14.518517089571427,0.8898128072734967
1049,202001,2020,21,57.1481257,2020-07-08T04:31:01Z,57.1481257,-173.890962,2020-07-08T04:44:00Z,57.1563586,-173.8928416,300.78000000000003,40,0.8363093415168077,0.03364074854510801,6.055334738119444,0.37112016117520985
1049,202001,2020,21,57.1563587,2020-07-08T04:44:01Z,57.1563587,-173.8928415,2020-07-08T04:49:00Z,57.1645915,-173.894722,300.6,40,6.9580187982694905,0.2798880140931857,50.379842536773324,3.0876864931228516
1049,202001,2020,21,57.1645917,2020-07-08T04:49:01Z,57.1645917,-173.8947219,2020-07-08T05:09:00Z,57.1728244,-173.8966032,300.69,40,0,0,0,0
1049,202001,2020,21,57.1728245,2020-07-08T05:09:01Z,57.1728245,-173.8966031,2020-07-08T05:09:02Z,57.1810571,-173.8984854,300.85,40,12.237829774299506,0.4922697065996745,88.60854718794138,5.43065243063716
1049,202001,2020,21,57.1810573,2020-07-08T05:09:03Z,57.1810573,-173.8984852,2020-07-08T05:17:00Z,57.1892898,-173.9003683,300.64,40,5.276254522542898,0.21223863329199433,38.20295399255889,2.3413877277229918
1049,202001,2020,21,57.1892899,2020-07-08T05:17:01Z,57.1892899,-173.9003682,2020-07-08T05:25:00Z,57.1975224,-173.9022522,300.68,40,10.66971041870572,0.42919172060639293,77.25450970915077,4.734784670826616
1049,202001,2020,21,57.1975225,2020-07-08T05:25:01Z,57.1975225,-173.9022521,2020-07-08T05:34:00Z,57.2057548,-173.9041369,300.84000000000003,40,13.489246544775181,0.5426082533679673,97.66948560623395,5.985980430099617
1049,202001,2020,21,57.2057549,2020-07-08T05:35:00Z,57.2057549,-173.9041368,2020-07-08T05:42:00Z,57.2139872,-173.9060224,300.69,40,40.82410597836915,1.6421596837676316,295.5887430781738,18.11608221791185
1049,202001,2020,21,57.2139873,2020-07-08T05:42:01Z,57.2139873,-173.9060223,2020-07-08T05:59:00Z,57.2222195,-173.9079089,300.61,40,60.6579261766408,2.439979969702502,439.1963945464501,26.917527070067393
1049,202001,2020,21,57.2222196,2020-07-08T05:59:01Z,57.2222196,-173.9079088,2020-07-08T05:59:02Z,57.2304516,-173.9097962,301.21,40,29.560974570802937,1.1890974582217144,214.03754247990912,13.117961384139559
1049,202001,2020,21,57.2304517,2020-07-08T06:00:00Z,57.2304517,-173.9097961,2020-07-08T06:10:00Z,57.2386837,-173.9116844,300.72,40,55.33465128279056,2.2258499304329353,400.6529874779275,24.55527360892279
1049,202001,2020,21,57.2386838,2020-07-08T06:10:01Z,57.2386838,-173.9116842,2020-07-08T06:24:00Z,57.2469157,-173.9135734,300.57,40,14.15353824269295,0.5693295499754178,102.47931899557553,6.28076613887989
1049,202001,2020,21,57.2469158,2020-07-08T06:24:01Z,57.2469158,-173.9135733,2020-07-08T06:28:00Z,57.2551476,-173.9154633,301.02,40,3.0373967754830993,0.12218003086085968,21.992405554954757,1.3478734780432866
1049,202001,2020,21,57.2551477,2020-07-08T06:28:01Z,57.2551477,-173.9154632,2020-07-08T06:49:00Z,57.2633793,-173.9173541,300.7,40,30.313154626221078,1.219354085582923,219.48373540492568,13.451748380818644
1049,202001,2020,21,57.2633795,2020-07-08T06:49:01Z,57.2633795,-173.917354,2020-07-08T06:49:02Z,57.271611,-173.9192457,300.91,40,170.93499315248448,6.8759020576920475,1237.662370384567,75.85401604408422
1049,202001,2020,21,57.2716111,2020-07-08T06:50:00Z,57.2716111,-173.9192456,2020-07-08T06:58:00Z,57.2798426,-173.9211382,300.69,40,77.34890728630862,3.1113787818490932,560.0481807328367,34.32430742284648
1049,202001,2020,21,57.2798427,2020-07-08T06:58:01Z,57.2798427,-173.9211381,2020-07-08T07:14:00Z,57.2880741,-173.9230316,300.66,40,16.850282661637838,0.6778067561771464,122.0052161118862,7.4774719195327775
1049,202001,2020,21,57.2880742,2020-07-08T07:14:01Z,57.2880742,-173.9230315,2020-07-08T07:14:02Z,57.2963055,-173.9249259,301.04,40,11.107408836288043,0.44679824689219666,80.42368444059538,4.929017473469562
1049,202001,2020,21,57.2963056,2020-07-08T07:16:00Z,57.2963056,-173.9249258,2020-07-08T07:26:00Z,57.3045368,-173.926821,300.73,40,14.050538876377885,0.5651863751829119,101.73354753292426,6.235059198241798
1049,202001,2020,21,57.3045369,2020-07-08T07:26:01Z,57.3045369,-173.9268209,2020-07-08T07:39:00Z,57.312768,-173.928717,300.79,40,2.971004979906961,0.11950940458711269,21.51169282568025,1.3184114923260881
1049,202001,2020,21,57.3127681,2020-07-08T07:39:01Z,57.3127681,-173.9287169,2020-07-08T07:46:00Z,57.3209991,-173.9306139,300.78000000000003,40,1.6282671296867923,0.06549744497019633,11.789540094635324,0.7225589020800315
1049,202001,2020,21,57.3209993,2020-07-08T07:46:01Z,57.3209993,-173.9306138,2020-07-08T08:04:00Z,57.3292302,-173.9325116,300.69,40,0,0,0,0
1049,202001,2020,21,57.3292303,2020-07-08T08:04:01Z,57.3292303,-173.9325115,2020-07-08T08:04:02Z,57.3374611,-173.9344102,301.09000000000003,40,0,0,0,0
1049,202001,2020,21,57.3374612,2020-07-08T08:05:00Z,57.3374612,-173.9344101,2020-07-08T08:29:00Z,57.3456919,-173.9363097,300.7,40,0.9409592072461263,0.037850315081689095,6.813056714704041,0.4175595265014289
1049,202001,2020,21,57.345692,2020-07-08T08:29:01Z,57.345692,-173.9363096,2020-07-08T08:29:02Z,57.3539226,-173.9382101,300.90000000000003,40,53.83924175340263,2.16569671504632,389.825408708337,23.891671520534256
1049,202001,2020,21,57.3539228,2020-07-08T08:29:03Z,57.3539228,-173.93821,2020-07-08T08:36:00Z,57.3621533,-173.9401114,300.77,40,78.93075694732804,3.175009072748388,571.5016330947111,35.02626813523998
1049,202001,2020,21,57.3621534,2020-07-08T08:36:01Z,57.3621534,-173.9401113,2020-07-08T08:54:00Z,57.3703838,-173.9420135,300.67,40,115.31419749039114,4.638541899363931,834.9375418855084,51.171763166971466
1049,202001,2020,21,57.3703839,2020-07-08T08:54:01Z,57.3703839,-173.9420134,2020-07-08T14:33:00Z,57.3786143,-173.9439165,300.88,40,53.38179063986005,2.147295631716966,386.5132137090538,23.688673272685207
1049,202001,2020,21,57.378614400000004,2020-07-08T14:33:01Z,57.378614400000004,-173.9439164,2020-07-08T14:44:00Z,57.3868446,-173.9458204,301.06,40,61.71012955545923,2.482305108891959,446.81491960055286,27.384452247332504
1049,202001,2020,21,57.3868447,2020-07-08T14:45:00Z,57.3868447,-173.9458203,2020-07-08T14:55:00Z,57.3950749,-173.9477251,300.67,40,36.37366771538236,1.4631397122232181,263.3651482001794,16.14115824723803
1049,202001,2020,21,57.395075,2020-07-08T14:55:01Z,57.395075,-173.947725,2020-07-08T15:09:00Z,57.403304999999996,-173.9496308,301.29,40,13.391680239296102,0.5386836247812006,96.96305246061594,5.9426844614703604
1049,202001,2020,21,57.4033052,2020-07-08T15:09:01Z,57.4033052,-173.9496307,2020-07-08T15:16:00Z,57.4115351,-173.9515373,300.63,40,0.8525570800757225,0.03429431781685112,6.172977207033206,0.37833024846394064
1049,202001,2020,21,57.4115352,2020-07-08T15:16:01Z,57.4115352,-173.9515372,2020-07-08T15:34:00Z,57.4197651,-173.9534447,301.29,40,0.053371381702678904,0.0021468769296638553,0.38643784733949305,0.02368405420859904
1049,202001,2020,21,57.4197652,2020-07-08T15:34:01Z,57.4197652,-173.9534446,2020-07-08T15:34:02Z,57.427994999999996,-173.955353,300.63,40,0,0,0,0
1049,202001,2020,21,57.4279951,2020-07-08T15:35:00Z,57.4279951,-173.95535280000001,2020-07-08T15:59:00Z,57.4362248,-173.9572621,301.21,40,0,0,0,0
1049,202001,2020,21,57.4362249,2020-07-08T15:59:01Z,57.4362249,-173.95726200000001,2020-07-08T15:59:02Z,57.4444545,-173.9591722,300.76,40,0,0,0,0
1049,202001,2020,21,57.4444546,2020-07-08T16:01:00Z,57.4444546,-173.9591721,2020-07-08T16:09:00Z,57.4526841,-173.9610831,300.66,40,0,0,0,0
1049,202001,2020,21,57.4526842,2020-07-08T16:09:01Z,57.4526842,-173.961083,2020-07-08T16:24:00Z,57.4609136,-173.9629949,301.36,40,0,0,0,0
1049,202001,2020,21,57.4609137,2020-07-08T16:24:01Z,57.4609137,-173.9629948,2020-07-08T16:31:00Z,57.469142999999995,-173.9649076,300.61,40,0,0,0,0
1049,202001,2020,21,57.4691431,2020-07-08T16:31:01Z,57.4691431,-173.9649075,2020-07-08T16:49:00Z,57.4773723,-173.9668212,301.35,40,0,0,0,0
1049,202001,2020,21,57.4773724,2020-07-08T16:49:01Z,57.4773724,-173.9668211,2020-07-08T16:49:02Z,57.4856015,-173.9687356,300.63,40,0,0,0,0
1049,202001,2020,21,57.4856016,2020-07-08T16:50:00Z,57.4856016,-173.9687355,2020-07-08T17:14:00Z,57.4938306,-173.970651,301.17,40,0,0,0,0
1049,202001,2020,21,57.4938308,2020-07-08T17:14:01Z,57.4938308,-173.9706509,2020-07-08T17:14:02Z,57.5020597,-173.9725672,300.77,40,51.53117123494757,2.072854011896665,373.1137221414001,22.8674434505007
1049,202001,2020,21,57.5020598,2020-07-08T17:15:00Z,57.5020598,-173.9725671,2020-07-08T17:27:00Z,57.5102886,-173.9744843,301.24,40,43.98827577003688,1.7694391903225375,318.4990542580576,19.52021241803572
1049,202001,2020,21,57.5102887,2020-07-08T17:27:01Z,57.5102887,-173.9744842,2020-07-08T17:39:00Z,57.5185175,-173.9764023,300.27,40,9.565881477630521,0.3847899305030143,69.26218749054271,4.244950163204468
1049,202001,2020,21,57.5185176,2020-07-08T17:40:00Z,57.5185176,-173.9764022,2020-07-08T17:52:00Z,57.5267462,-173.9783212,238.14000000000001,40,0.5741741420106943,0.02309629580060923,4.157333244109661,0.25479519305520537
1049,202001,2020,21,57.5267464,2020-07-08T17:52:01Z,57.5267464,-173.9783211,2020-07-08T18:04:00Z,57.5349749,-173.98024099999998,156.19,40,0,0,0,0
1049,202001,2020,21,57.534974999999996,2020-07-08T18:05:00Z,57.534974999999996,-173.9802409,2020-07-08T18:15:00Z,57.5432035,-173.9821617,144.74,40,0,0,0,0
1049,202001,2020,21,57.5432036,2020-07-08T18:15:01Z,57.5432036,-173.9821616,2020-07-08T18:29:00Z,57.551432,-173.9840833,142.26,40,0,0,0,0
1049,202001,2020,21,57.5514321,2020-07-08T18:30:00Z,57.5514321,-173.9840832,2020-07-08T18:40:00Z,57.5596604,-173.9860057,140.84,40,1.1550340502116871,0.06969229228099239,8.363075073719076,0.512557257939946
1049,202001,2020,21,57.5596605,2020-07-08T18:40:01Z,57.5596605,-173.9860056,2020-07-08T18:54:00Z,57.5678887,-173.9879291,139.41,40,11.85560075105231,0.7153416754749887,85.84100105699852,5.261034695103961
1049,202001,2020,21,57.5678888,2020-07-08T18:55:00Z,57.5678888,-173.987929,2020-07-08T19:06:00Z,57.5761169,-173.9898533,137.73,40,15.799705030498934,1.1530755014658258,114.39846235568798,7.0112681831399755
1049,202001,2020,21,57.576116999999996,2020-07-08T19:06:01Z,57.576116999999996,-173.9898532,2020-07-08T19:19:00Z,57.584345,-173.9917785,136.75,40,6.605434693978218,0.4703696711537559,47.826941751339774,2.9312239700867337
1049,202001,2020,21,57.5843451,2020-07-08T19:21:00Z,57.5843451,-173.9917783,2020-07-08T19:31:00Z,57.592572999999994,-173.9937045,135.67000000000002,40,113.0806995168374,7.35589418120898,818.765801124787,50.18062736735645
1049,202001,2020,21,57.5925731,2020-07-08T19:31:01Z,57.5925731,-173.9937044,2020-07-08T19:44:00Z,57.6008009,-173.9956314,134.94,40,132.73308316277289,8.780371707421015,961.0597532194164,58.9015580374942
1049,202001,2020,21,57.6008011,2020-07-08T19:45:00Z,57.6008011,-173.9956313,2020-07-08T20:09:00Z,57.6090288,-173.9975592,133.9,40,152.49668789124692,9.653091935426229,1104.1590064762752,67.67184411241905
1049,202001,2020,21,57.6090289,2020-07-08T20:09:01Z,57.6090289,-173.9975591,2020-07-08T20:09:02Z,57.6172565,-173.9994879,133.32,40,93.11162294729915,6.5739377598669435,674.1788199242885,41.319161224259204
1049,202001,2020,21,57.6172567,2020-07-08T20:10:00Z,57.6172567,-173.9994878,2020-07-08T20:34:00Z,57.6254842,-174.0014175,132.6,40,89.78795040782447,7.084892578943148,650.1136220515582,39.84425017483065
1049,202001,2020,21,57.6254843,2020-07-08T20:34:01Z,57.6254843,-174.0014174,2020-07-08T20:41:00Z,57.6337118,-174.00334800000002,132.01,40,78.66273501934273,6.395861943744583,569.5610084830529,34.90733087581395
1049,202001,2020,21,57.6337119,2020-07-08T20:41:01Z,57.6337119,-174.0033479,2020-07-08T20:59:00Z,57.6419392,-174.0052794,131.64000000000001,40,42.91474085051934,2.8572450014969006,310.7260772410262,19.043821168314686
1049,202001,2020,21,57.6419394,2020-07-08T20:59:01Z,57.6419394,-174.0052793,2020-07-08T21:09:00Z,57.6501666,-174.0072117,131.54,40,70.16712823689417,4.233734935093266,508.04819221119254,31.137325207020226
1049,202001,2020,21,57.6501667,2020-07-08T21:09:01Z,57.6501667,-174.0072116,2020-07-08T21:24:00Z,57.6583939,-174.0091449,131.73,40,26.554804435997564,1.7042043979641097,192.271234796476,11.783945022531514
1049,202001,2020,21,57.658393999999994,2020-07-08T21:25:00Z,57.658393999999994,-174.0091448,2020-07-08T21:42:00Z,57.6666211,-174.011079,130.56,40,1.3050983379612413,0.13070601044393437,9.449622179498075,0.5791497015389253
1049,202001,2020,21,57.6666212,2020-07-08T21:42:01Z,57.6666212,-174.0110789,2020-07-08T22:00:00Z,57.6748482,-174.013014,130.84,40,0.06176396677214873,0.003726706086222474,0.4472047303466965,0.027408343020211823
1049,202001,2020,21,57.6748483,2020-07-08T22:00:01Z,57.6748483,-174.0130139,2020-07-08T22:17:00Z,57.6830753,-174.0149499,129.34,40,0,0,0,0
1049,202001,2020,21,57.6830754,2020-07-08T22:17:01Z,57.6830754,-174.0149498,2020-07-08T22:39:00Z,57.6913022,-174.0168867,125.63000000000001,40,0,0,0,0
1049,202001,2020,21,57.6913023,2020-07-08T22:40:00Z,57.6913023,-174.0168866,2020-07-08T23:04:00Z,57.699529,-174.0188244,124.99000000000001,40,0,0,0,0
1049,202001,2020,21,57.6995291,2020-07-08T23:04:01Z,57.6995291,-174.0188243,2020-07-08T23:13:00Z,57.7077558,-174.020763,117.76,40,0,0,0,0
1049,202001,2020,21,57.7077559,2020-07-08T23:13:01Z,57.7077559,-174.0207629,2020-07-08T23:29:00Z,57.7159824,-174.0227025,111.14,40,3.0206481347407714,0.2187113628165045,21.871136281650507,1.3404411106844754
1049,202001,2020,21,57.7159826,2020-07-08T23:30:00Z,57.7159826,-174.02270239999999,2020-07-08T23:54:00Z,57.724208999999995,-174.0246429,118.03,40,1.3384408197758728,0.09691039892256194,9.691039892256214,0.5939457424423844
1049,202001,2020,21,57.7242091,2020-07-08T23:54:01Z,57.7242091,-174.0246428,2020-07-09T00:01:00Z,57.7324355,-174.0265842,124.52,40,0,0,0,0
1049,202001,2020,21,57.7324356,2020-07-09T00:01:01Z,57.7324356,-174.0265841,2020-07-09T00:19:00Z,57.7406619,-174.0285264,233.16,40,0.23589281347083618,0.009488846324707697,1.7079923384473845,0.10467966171057173
1049,202001,2020,21,57.740662,2020-07-09T00:20:00Z,57.740662,-174.0285263,2020-07-09T00:44:00Z,57.7488882,-174.0304695,300.51,40,0.28689840460390786,0.011540558747996206,2.077300574639314,0.12731387403182914
1049,202001,2020,21,57.7488883,2020-07-09T00:44:01Z,57.7488883,-174.0304694,2020-07-09T00:54:00Z,57.7571144,-174.0324135,301.06,40,0,0,0,0
1049,202001,2020,21,57.7571145,2020-07-09T00:54:01Z,57.7571145,-174.0324134,2020-07-09T01:17:00Z,57.7653405,-174.0343585,301.01,40,0,0,0,0
1049,202001,2020,21,57.7653406,2020-07-09T01:17:01Z,57.7653406,-174.0343584,2020-07-09T01:45:00Z,57.7735666,-174.0363043,300.89,40,22.109104718315464,0.8893441642506922,160.08194956512457,9.811123826046519
1049,202001,2020,21,57.7735667,2020-07-09T01:45:01Z,57.7735667,-174.0363042,2020-07-09T02:24:00Z,57.7817925,-174.038251,301.04,40,48.56298848476085,1.9534581321928026,351.6224637947046,21.550284349241714
1049,202001,2020,21,57.7817926,2020-07-09T02:25:00Z,57.7817926,-174.0382509,2020-07-09T02:53:00Z,57.7900184,-174.0401987,300.90000000000003,40,0,0,0,0
1049,202001,2020,21,57.7900185,2020-07-09T02:53:01Z,57.7900185,-174.0401986,2020-07-09T03:14:00Z,57.7982441,-174.0421472,300.97,40,46.80603729800266,1.8827843394397954,338.9011810991635,20.77062068265624
1049,202001,2020,21,57.7982442,2020-07-09T03:15:00Z,57.7982442,-174.0421471,2020-07-09T03:43:00Z,57.8064698,-174.0440967,300.89,40,34.650888887552505,1.3938405109961387,250.891291979305,15.376658887355413
1049,202001,2020,21,57.8064699,2020-07-09T03:43:01Z,57.8064699,-174.0440966,2020-07-09T04:11:00Z,57.8146954,-174.0460471,300.90000000000003,40,2.4762054485779563,0.0996059719846659,17.929074957239845,1.098839531688664
1049,202001,2020,21,57.8146955,2020-07-09T04:11:01Z,57.8146955,-174.046047,2020-07-09T04:37:00Z,57.8229209,-174.0479984,300.92,40,1.0679841167012767,0.04295992324437625,7.732786183987735,0.47392802859750943
1049,202001,2020,21,57.822921,2020-07-09T04:37:01Z,57.822921,-174.0479983,2020-07-09T05:02:00Z,57.8311463,-174.0499506,300.88,40,2.817018236775369,0.11331525004667084,20.396745008400764,1.2500784221415628
1049,202001,2020,21,57.8311464,2020-07-09T05:02:01Z,57.8311464,-174.0499505,2020-07-09T05:22:00Z,57.8393716,-174.0519037,301,40,4.499034283671226,0.18097475840494612,32.57545651289031,1.9964889133733341
1049,202001,2020,21,57.8393718,2020-07-09T05:22:01Z,57.8393718,-174.0519036,2020-07-09T05:44:00Z,57.8475969,-174.0538577,300.96,40,2.1962675192737544,0.08834540006413609,15.902172011544488,0.974614434245648
1049,202001,2020,21,57.847597,2020-07-09T05:45:00Z,57.847597,-174.0538576,2020-07-09T06:09:00Z,57.855821999999996,-174.0558127,300.91,40,1.5995608805831993,0.0643427290536962,11.581691229665303,0.7098202331866063
1049,202001,2020,21,57.8558221,2020-07-09T06:10:00Z,57.8558221,-174.0558126,2020-07-09T06:34:00Z,57.8640471,-174.0577685,300.95,40,16.949865931777996,0.6818125176624936,122.7262531792488,7.521662935261169
1049,202001,2020,21,57.8640472,2020-07-09T06:34:01Z,57.8640472,-174.0577684,2020-07-09T06:59:00Z,57.872272100000004,-174.0597253,300.63,40,3.5278953570377145,0.1419104567029097,25.54388220652374,1.5655368516373291
1049,202001,2020,21,57.8722722,2020-07-09T06:59:01Z,57.8722722,-174.0597252,2020-07-09T07:06:00Z,57.880497,-174.06168300000002,301.11,40,9.64926324447195,0.3881439825413105,69.86591685743575,4.2819516089770815
1049,202001,2020,21,57.8804971,2020-07-09T07:06:01Z,57.8804971,-174.0616829,2020-07-09T07:24:00Z,57.8887217,-174.0636416,301,40,29.758067101721267,1.197025553656737,215.4645996582124,13.205423054372941
1049,202001,2020,21,57.8887219,2020-07-09T07:25:00Z,57.8887219,-174.0636415,2020-07-09T07:49:00Z,57.8969465,-174.0656011,300.64,40,2.9024626256033144,0.11675227156066972,21.015408880920532,1.2879951758822683
1049,202001,2020,21,57.8969466,2020-07-09T07:49:01Z,57.8969466,-174.06560100000002,2020-07-09T07:58:00Z,57.9051711,-174.0675615,301.04,40,1.3745658183986826,0.05529224744947014,9.9526045409046109,0.6099765514335115
1049,202001,2020,21,57.9051712,2020-07-09T07:58:01Z,57.9051712,-174.0675614,2020-07-09T08:14:00Z,57.9133956,-174.0695229,301.05,40,4.724387711022764,0.19003965533598124,34.207137960476565,2.096491623050598
1049,202001,2020,21,57.9133957,2020-07-09T08:15:00Z,57.9133957,-174.0695227,2020-07-09T08:39:00Z,57.9216201,-174.0714851,300.67,40,26.550925813903593,1.068017508121303,192.24315146183446,11.782223847381129
1049,202001,2020,21,57.9216202,2020-07-09T08:39:01Z,57.9216202,-174.071485,2020-07-09T08:54:00Z,57.9298444,-174.0734483,301.04,40,12.866588372540967,0.517561675550605,93.16110159910873,5.709669991168595
1049,202001,2020,21,57.9298445,2020-07-09T08:54:01Z,57.9298445,-174.0734482,2020-07-09T14:43:00Z,57.9380687,-174.0754124,300.56,40,44.191076922334965,1.7775969164538141,319.96744496168645,19.61020734286925
1049,202001,2020,21,57.9380688,2020-07-09T14:43:01Z,57.9380688,-174.0754123,2020-07-09T14:54:00Z,57.9462929,-174.0773774,301.1,40,80.13097542679776,3.223288155693714,580.1918680248681,35.5588764099944
1049,202001,2020,21,57.946293,2020-07-09T14:55:00Z,57.946293,-174.0773773,2020-07-09T15:19:00Z,57.954516999999996,-174.0793434,301.03000000000003,40,128.366877681362,5.163589163989441,929.4460495181005,56.96401315841104
1049,202001,2020,21,57.9545171,2020-07-09T15:19:01Z,57.9545171,-174.0793433,2020-07-09T15:23:00Z,57.962740999999994,-174.0813103,300.52,40,299.9375597964896,12.065061966241586,2171.711153923491,133.1001221776204
1049,202001,2020,21,57.9627411,2020-07-09T15:23:01Z,57.9627411,-174.0813102,2020-07-09T15:44:00Z,57.9709649,-174.0832781,301.01,40,285.7622038060212,11.49485479200648,2069.0738625611684,126.80967420730691
1049,202001,2020,21,57.9709651,2020-07-09T15:44:01Z,57.9709651,-174.0832779,2020-07-09T15:51:00Z,57.9791888,-174.0852468,300.59000000000003,40,285.9770558933298,11.503497269956611,2070.6295085921906,126.90501684825624
1049,202001,2020,21,57.9791889,2020-07-09T15:51:01Z,57.9791889,-174.0852467,2020-07-09T16:09:00Z,57.9874125,-174.0872164,300.96,40,158.3920894932181,6.49549248090455,1146.8449222533666,70.287984198512
1049,202001,2020,21,57.9874127,2020-07-09T16:09:01Z,57.9874127,-174.0872163,2020-07-09T16:21:00Z,57.9956362,-174.08918699999998,300.58,40,0,0,0,0
1049,202001,2020,21,57.9956363,2020-07-09T16:21:01Z,57.9956363,-174.0891869,2020-07-09T16:34:00Z,58.0038598,-174.0911585,301.03000000000003,40,22.677380450303932,3.823543237185716,164.19657511085734,10.063301544000758
1049,202001,2020,21,58.0038599,2020-07-09T16:35:00Z,58.0038599,-174.0911583,2020-07-09T16:59:00Z,58.0120833,-174.0931309,300.94,40,29.7472951885668,3.1110733266912853,215.3866051450793,13.200642916273802
1049,202001,2020,21,58.0120834,2020-07-09T16:59:01Z,58.0120834,-174.0931308,2020-07-09T17:09:00Z,58.0203067,-174.0951042,301.05,40,3.7467386057785808,0.7095678254287419,27.128426418238554,1.6626506081302486
1049,202001,2020,21,58.0203068,2020-07-09T17:09:01Z,58.0203068,-174.0951041,2020-07-09T17:24:00Z,58.028529999999996,-174.0970785,300.54,40,5.503343483962093,0.43331836409783814,39.84720165124355,2.4421605970181615
1049,202001,2020,21,58.0285302,2020-07-09T17:25:00Z,58.0285302,-174.0970784,2020-07-09T17:49:00Z,58.0367533,-174.0990537,300.98,40,0.7152318275521863,0.051786676486601936,5.178667648660203,0.31739087194385074
1049,202001,2020,21,58.0367534,2020-07-09T17:49:01Z,58.0367534,-174.0990536,2020-07-09T17:55:00Z,58.0449764,-174.1010298,301.12,40,446.87660775717893,17.97572123848859,3235.629822927955,198.3057111325382
1049,202001,2020,21,58.0449766,2020-07-09T17:55:01Z,58.0449766,-174.1010297,2020-07-09T18:14:00Z,58.0531995,-174.1030068,300.55,40,431.1761797173225,17.344167666718835,3121.950180009394,191.33849805070963
1049,202001,2020,21,58.0531996,2020-07-09T18:14:01Z,58.0531996,-174.1030067,2020-07-09T18:25:00Z,58.0614225,-174.1049848,301.18,40,753.02485320115,30.290609559390745,5452.3097206903285,334.1618836662642
1049,202001,2020,21,58.0614226,2020-07-09T18:25:01Z,58.0614226,-174.1049847,2020-07-09T18:43:00Z,58.0696454,-174.1069637,301.09000000000003,40,2093.9785709977505,84.2308020116313,15161.54436209363,929.2227483154362
1049,202001,2020,21,58.0696455,2020-07-09T18:43:01Z,58.0696455,-174.1069636,2020-07-09T19:04:00Z,58.0778682,-174.1089436,299.51,40,2313.8922640105557,93.07688429363942,16753.83917285512,1026.8115245540519
1049,202001,2020,21,58.0778683,2020-07-09T19:04:01Z,58.0778683,-174.1089435,2020-07-09T19:13:00Z,58.086090999999996,-174.1109243,280.97,40,661.3346555407413,26.60234885199419,4788.422793358964,293.4734933247176
1049,202001,2020,21,58.0860911,2020-07-09T19:13:01Z,58.0860911,-174.1109242,2020-07-09T19:29:00Z,58.0943136,-174.112906,249.19,40,79.91404014934903,3.2145618809088607,578.6211385635944,35.46260933376475
1049,202001,2020,21,58.0943137,2020-07-09T19:30:00Z,58.0943137,-174.1129059,2020-07-09T19:54:00Z,58.1025362,-174.1148887,221.71,40,33.97138096292532,1.3665071379342866,245.97128482817152,15.075120834402306
1049,202001,2020,21,58.1025363,2020-07-09T19:54:01Z,58.1025363,-174.1148886,2020-07-09T20:01:00Z,58.1107587,-174.1168722,189.25,40,6.502762172686053,0.2615752045806547,47.08353682451789,2.8856620700114517
1049,202001,2020,21,58.1107588,2020-07-09T20:01:01Z,58.1107588,-174.1168721,2020-07-09T20:19:00Z,58.118981,-174.1188567,160.9,40,0.49040910177946967,0.022192679808147067,3.5508287693035356,0.21762366609954806
1049,202001,2020,21,58.1189812,2020-07-09T20:19:01Z,58.1189812,-174.1188566,2020-07-09T20:29:00Z,58.1272034,-174.1208422,146.64000000000001,40,9.170584020224235,0.474285848461893,66.40001878466504,4.06953318670783
1049,202001,2020,21,58.1272035,2020-07-09T20:29:01Z,58.1272035,-174.1208421,2020-07-09T20:44:00Z,58.1354256,-174.1228286,143.23,40,40.1747027053622,2.0777622141944145,290.88670998721807,17.827903388163353
1049,202001,2020,21,58.1354257,2020-07-09T20:44:01Z,58.1354257,-174.1228284,2020-07-09T20:57:00Z,58.1436477,-174.1248159,140.69,40,184.93021914541367,11.158295187841468,1338.9954225409779,82.06452962839884
1049,202001,2020,21,58.1436478,2020-07-09T20:57:01Z,58.1436478,-174.1248158,2020-07-09T21:12:00Z,58.1518698,-174.1268041,138.92000000000002,40,16.977336898386977,1.0243763160561494,122.9251579267378,7.533853435892281
1049,202001,2020,21,58.1518699,2020-07-09T21:12:01Z,58.1518699,-174.126804,2020-07-09T21:27:00Z,58.160091800000004,-174.1287933,137.85,40,0.33819696789791154,0.0204060840725578,2.448730088706934,0.15007809551379706
1049,202001,2020,21,58.1600919,2020-07-09T21:27:01Z,58.1600919,-174.1287932,2020-07-09T21:42:00Z,58.1683137,-174.1307834,137.46,40,29.18123188645173,1.9645109218909391,211.2879987955972,12.949446984950947
1049,202001,2020,21,58.1683138,2020-07-09T21:42:01Z,58.1683138,-174.1307833,2020-07-09T21:59:00Z,58.1765355,-174.1327745,136.69,40,35.662918442201224,2.494782683344986,258.21893668449667,15.825756551090835
1049,202001,2020,21,58.1765356,2020-07-09T22:00:00Z,58.1765356,-174.1327744,2020-07-09T22:24:00Z,58.1847572,-174.1347665,135.82,40,100.75294630702035,6.079217994407255,729.506159328871,44.710070563748666
1049,202001,2020,21,58.1847573,2020-07-09T22:24:01Z,58.1847573,-174.1347664,2020-07-09T22:33:00Z,58.1929788,-174.1367594,136.39000000000001,40,28.59755013899085,1.7422013169459942,207.06182531414856,12.690432702269574
1049,202001,2020,21,58.1929789,2020-07-09T22:33:01Z,58.1929789,-174.1367593,2020-07-09T22:49:00Z,58.2012004,-174.1387533,136.41,40,18.924897117468575,1.233726282831851,137.0265537425435,8.398101659035515
1049,202001,2020,21,58.2012005,2020-07-09T22:50:00Z,58.2012005,-174.1387532,2020-07-09T23:14:00Z,58.2094219,-174.1407481,136.14000000000001,40,3.2869186721280004,0.26443422080334605,23.799079872301185,1.4586011740076137
1049,202001,2020,21,58.209421999999996,2020-07-09T23:14:01Z,58.209421999999996,-174.140748,2020-07-09T23:18:00Z,58.2176433,-174.1427439,135.79,40,0,0,0,0
1049,202001,2020,21,58.2176434,2020-07-09T23:18:01Z,58.2176434,-174.1427438,2020-07-09T23:39:00Z,58.2258646,-174.1447406,135.18,40,0,0,0,0
1049,202001,2020,21,58.2258647,2020-07-09T23:39:01Z,58.2258647,-174.1447405,2020-07-09T23:48:00Z,58.2340858,-174.1467382,135.17000000000002,40,0,0,0,0
1049,202001,2020,21,58.2340859,2020-07-09T23:48:01Z,58.2340859,-174.1467381,2020-07-10T00:04:00Z,58.242307,-174.1487368,134.85,40,5.809791676667288,0.43795182634770435,42.06605333040348,2.5781498739791657
1049,202001,2020,23,58.2394167,2020-08-01T21:57:01Z,58.2394167,-175.418206,2020-08-01T22:07:00Z,58.2312112,-175.4159851,300.78000000000003,40,0,0,0,0
1049,202001,2020,21,58.2423071,2020-07-10T00:05:00Z,58.2423071,-174.1487367,2020-07-10T00:29:00Z,58.250527999999996,-174.1507364,133.93,40,0,0,0,0
1049,202001,2020,23,58.2476221,2020-08-01T21:44:01Z,58.2476221,-175.42042800000002,2020-08-01T21:57:00Z,58.2394166,-175.4182061,300.55,40,0,0,0,0
1049,202001,2020,21,58.2505281,2020-07-10T00:29:01Z,58.2505281,-174.1507362,2020-07-10T00:39:00Z,58.258748999999995,-174.1527368,133.64000000000001,40,1.0526687542432307,0.08468771806030817,7.621894625427723,0.4671316920008405
1049,202001,2020,23,58.2558274,2020-08-01T21:39:01Z,58.2558274,-175.4226512,2020-08-01T21:44:00Z,58.247622,-175.4204281,300.82,40,21.467549496863313,0.863537447990022,155.43674063820376,9.526427643224633
1049,202001,2020,21,58.2587491,2020-07-10T00:39:01Z,58.2587491,-174.1527367,2020-07-10T00:54:00Z,58.2669699,-174.1547383,133.4,40,0,0,0,0
1049,202001,2020,23,58.2640326,2020-08-01T21:24:01Z,58.2640326,-175.4248753,2020-08-01T21:39:00Z,58.2558273,-175.4226513,300.78000000000003,40,4.53522963888173,0.182430725452892,32.8375305815205,2.01255094376409
1049,202001,2020,21,58.26697,2020-07-10T00:55:00Z,58.26697,-174.1547381,2020-07-10T01:10:00Z,58.2751907,-174.1567406,133.48,40,3.7312853021783963,0.22513780075620196,27.0165360907442,1.6557930588502319
1049,202001,2020,23,58.2722377,2020-08-01T21:17:00Z,58.2722377,-175.4271005,2020-08-01T21:24:00Z,58.2640325,-175.4248754,300.54,40,5.495769756480872,0.22106868745991062,39.792363742783856,2.438799683987548
1049,202001,2020,21,58.2751908,2020-07-10T01:10:01Z,58.2751908,-174.1567405,2020-07-10T01:25:00Z,58.2834115,-174.158744,133.9,40,0.18111871256829673,0.010928317006371709,1.3113980407646042,0.08037313762187827
1049,202001,2020,23,58.2804427,2020-08-01T21:01:01Z,58.2804427,-175.4293268,2020-08-01T21:14:00Z,58.2722376,-175.4271006,300.78000000000003,40,5.143604097708775,0.20690273739233456,37.24249273062019,2.2825228500987476
1049,202001,2020,21,58.2834116,2020-07-10T01:25:01Z,58.2834116,-174.1587438,2020-07-10T01:44:00Z,58.2916321,-174.1607482,133.77,40,27.397077607372324,2.2431009807416302,198.36975090818333,12.157711689477052
1049,202001,2020,23,58.2886476,2020-08-01T20:49:01Z,58.2886476,-175.4315541,2020-08-01T21:01:00Z,58.2804426,-175.4293269,300.56,40,23.656677912622367,0.9515956758628937,171.28722165532125,10.497874032925644
1049,202001,2020,21,58.2916322,2020-07-10T01:44:01Z,58.2916322,-174.1607481,2020-07-10T02:09:00Z,58.2998527,-174.1627534,134.73,40,36.87150156870656,2.7780625306160815,266.96973621109225,16.362076716890734
1049,202001,2020,23,58.2968524,2020-08-01T20:34:01Z,58.2968524,-175.4337825,2020-08-01T20:49:00Z,58.2886475,-175.4315542,300.78000000000003,40,3.3928571025469774,0.13647850976919018,24.566131758454237,1.5056123520729368
1049,202001,2020,21,58.2998528,2020-07-10T02:09:01Z,58.2998528,-174.1627533,2020-07-10T02:18:00Z,58.3080732,-174.1647596,135.08,40,55.155412769535246,3.7587089260554585,399.3552031033618,24.4757348274864
1049,202001,2020,23,58.3050572,2020-08-01T20:24:01Z,58.3050572,-175.4360119,2020-08-01T20:34:00Z,58.2968523,-175.4337826,300.58,40,5.7449515275095315,0.23109208536432232,41.596575365578026,2.549376446000461
1049,202001,2020,21,58.3080733,2020-07-10T02:18:01Z,58.3080733,-174.1647595,2020-07-10T02:34:00Z,58.3162936,-174.1667667,135.06,40,54.74289075428342,4.291075697094016,396.36831922536663,24.29267429092596
1049,202001,2020,23,58.3132618,2020-08-01T20:06:01Z,58.3132618,-175.4382424,2020-08-01T20:24:00Z,58.3050571,-175.436012,300.78000000000003,40,7.199949909771322,0.2896197524383654,52.13155543890578,3.1950457065581745
1049,202001,2020,21,58.3162937,2020-07-10T02:35:00Z,58.3162937,-174.1667666,2020-07-10T02:59:00Z,58.3245139,-174.1687748,135.41,40,86.11786957488826,6.775916526420065,623.5402396245746,38.215617176692646
1049,202001,2020,23,58.3214664,2020-08-01T19:59:01Z,58.3214664,-175.4404739,2020-08-01T20:06:00Z,58.3132617,-175.4382425,300.58,40,3.4239630440767126,0.13772975390256656,24.79135570246196,1.5194159071224171
1049,202001,2020,21,58.324514,2020-07-10T02:59:01Z,58.324514,-174.1687747,2020-07-10T03:11:00Z,58.3327342,-174.1707838,136.01,40,100.11959466334478,7.752768253620526,724.9203487693023,44.429014795968826
1049,202001,2020,23,58.329670899999996,2020-08-01T19:35:00Z,58.329670899999996,-175.4427065,2020-08-01T19:59:00Z,58.3214663,-175.440474,300.82,40,0,0,0,0
1049,202001,2020,21,58.3327343,2020-07-10T03:11:01Z,58.3327343,-174.1707837,2020-07-10T03:31:00Z,58.3409543,-174.1727938,136.83,40,22.014651225566226,1.592373152991927,159.39805487761114,9.769209197436629
1049,202001,2020,23,58.3378753,2020-08-01T19:20:01Z,58.3378753,-175.4449402,2020-08-01T19:34:00Z,58.3296708,-175.4427066,300.88,40,0.2796169391601486,0.011247660013194145,2.024578802374947,0.12408265503793568
1049,202001,2020,21,58.3409545,2020-07-10T03:31:01Z,58.3409545,-174.1727937,2020-07-10T03:54:00Z,58.3491744,-174.1748047,137.51,40,0.2510100247551931,0.03483166048899579,1.8174491746793375,0.11138806685428912
1049,202001,2020,23,58.3460796,2020-08-01T19:09:01Z,58.3460796,-175.4471748,2020-08-01T19:20:00Z,58.3378752,-175.4449403,300.56,40,4.779369747129596,0.19225132123440697,34.605237822193274,2.1208904203481387
1049,202001,2020,21,58.3491745,2020-07-10T03:54:01Z,58.3491745,-174.1748046,2020-07-10T04:39:00Z,58.3573944,-174.1768166,138.43,40,3.317004732164071,0.2904122224543794,24.01691931929235,1.4719521470213346
1049,202001,2020,23,58.3542838,2020-08-01T18:47:01Z,58.3542838,-175.4494106,2020-08-01T19:09:00Z,58.3460795,-175.44717500000002,300.85,40,2.354773874139796,0.09472135709599126,17.0498442772784,1.044953124781485
1049,202001,2020,21,58.3573945,2020-07-10T04:39:01Z,58.3573945,-174.1768165,2020-07-10T05:04:00Z,58.3656144,-174.1788294,140.29,40,2.4129369058172565,0.14952557858474472,17.470976277970983,1.0707635188773212
1049,202001,2020,23,58.3624879,2020-08-01T18:44:01Z,58.3624879,-175.4516474,2020-08-01T18:47:00Z,58.3542837,-175.4494107,288.92,40,0.439261297655817,0.017669393520388158,3.1804908336698725,0.19492634542189
1049,202001,2020,21,58.3656145,2020-07-10T05:04:01Z,58.3656145,-174.1788293,2020-07-10T05:09:00Z,58.3738342,-174.1808432,140.78,40,4.777984156116945,0.2882933782437189,34.59520538924626,2.12027555126273
1049,202001,2020,23,58.370692,2020-08-01T18:20:00Z,58.370692,-175.4538853,2020-08-01T18:44:00Z,58.3624878,-175.4516475,267.54,40,3.919342709504219,0.15765652254152648,28.378174057474773,1.7392453077398233
1049,202001,2020,21,58.3738343,2020-07-10T05:09:01Z,58.3738343,-174.1808431,2020-07-10T05:29:00Z,58.382054,-174.1828579,140.48,40,10.247869178443022,0.6183345797559221,74.20014957071058,4.547588640237382
1049,202001,2020,23,58.3788959,2020-08-01T18:07:01Z,58.3788959,-175.4561242,2020-08-01T18:19:00Z,58.3706919,-175.4538854,243.24,40,14.171883774000449,0.5700675034754037,102.61215062557271,6.288907141494228
1049,202001,2020,21,58.3820541,2020-07-10T05:30:00Z,58.3820541,-174.1828578,2020-07-10T05:54:00Z,58.3902737,-174.1848736,139.97,40,1.9826769905751704,0.11963050292815064,14.355660351378082,0.8798316218327801
1049,202001,2020,23,58.3870998,2020-08-01T17:54:01Z,58.3870998,-175.4583642,2020-08-01T18:07:00Z,58.3788958,-175.4561243,230.66,40,0,0,0,0
1049,202001,2020,21,58.3902738,2020-07-10T05:54:01Z,58.3902738,-174.1848735,2020-07-10T06:30:00Z,58.3984933,-174.1868903,140.77,40,4.489098785618756,0.27086265083548977,32.50351810025879,1.9920799423675808
1049,202001,2020,23,58.3953036,2020-08-01T17:39:01Z,58.3953036,-175.4606053,2020-08-01T17:54:00Z,58.3870997,-175.4583643,223.44,40,0,0,0,0
1049,202001,2020,21,58.3984934,2020-07-10T06:30:01Z,58.3984934,-174.1868902,2020-07-10T07:16:00Z,58.4067128,-174.1889079,143.1,40,7.512021254984531,0.5815038977161322,54.39112180224913,3.3335303105010605
1049,202001,2020,23,58.4035073,2020-08-01T17:29:01Z,58.4035073,-175.4628474,2020-08-01T17:39:00Z,58.3953035,-175.4606054,219.05,40,4.350790146746418,0.1750116016087674,31.502088289578072,1.9307041788766086
1049,202001,2020,21,58.4067129,2020-07-10T07:16:01Z,58.4067129,-174.1889078,2020-07-10T07:59:00Z,58.4149322,-174.1909265,143.38,40,183.0871481934077,9.468932756286511,1325.650585880109,81.24664950341395
1049,202001,2020,23,58.4117109,2020-08-01T17:12:01Z,58.4117109,-175.4650906,2020-08-01T17:29:00Z,58.4035072,-175.4628475,210.41,40,381.32548560529546,15.338911259585803,2761.0040267254453,169.21678217940638
1049,202001,2020,21,58.4149323,2020-07-10T07:59:01Z,58.4149323,-174.1909263,2020-07-10T16:54:00Z,58.4231516,-174.192946,144.75,40,61.65705643082219,3.5088624663573253,446.43064129667505,27.360900547510944
1049,202001,2020,23,58.4199144,2020-08-01T17:04:01Z,58.4199144,-175.4673348,2020-08-01T17:12:00Z,58.4117108,-175.4650907,202.99,40,652.2499381392714,26.236913864562545,4722.644495621255,289.44206426026415
1049,202001,2020,21,58.4231517,2020-07-10T16:54:01Z,58.4231517,-174.1929459,2020-07-10T17:42:00Z,58.4313709,-174.1949665,146.25,40,129.50982503907284,8.968670118549282,937.7216103607378,57.471206832511484
1049,202001,2020,23,58.4281178,2020-08-01T16:40:00Z,58.4281178,-175.4695801,2020-08-01T17:04:00Z,58.4199143,-175.4673349,193.65,40,461.35133310089435,18.557970618442088,3340.434711319574,204.7290070780117
1049,202001,2020,21,58.431371,2020-07-10T17:42:01Z,58.431371,-174.1949664,2020-07-10T18:49:00Z,58.4395901,-174.1969879,142.15,40,215.0162257392078,21.26697047600006,1556.8344825809775,95.41547892660527
1049,202001,2020,23,58.4363212,2020-08-01T16:26:01Z,58.4363212,-175.4718265,2020-08-01T16:39:00Z,58.4281177,-175.4695802,184.44,40,305.82496943944284,12.771510623186108,2214.3392035682023,135.71271575649217
1049,202001,2020,21,58.4395902,2020-07-10T18:49:01Z,58.4395902,-174.1969878,2020-07-10T19:14:00Z,58.4478092,-174.1990103,137.66,40,133.14883734989564,8.701359372816942,964.0700397806509,59.086052880819054
1049,202001,2020,23,58.4445244,2020-08-01T16:14:01Z,58.4445244,-175.4740739,2020-08-01T16:26:00Z,58.436321,-175.47182659999999,178.73,40,238.38097328337136,11.398018846383724,1726.0079695050392,105.78380610406008
1049,202001,2020,21,58.4478093,2020-07-10T19:15:00Z,58.4478093,-174.1990102,2020-07-10T19:39:00Z,58.4560283,-174.2010337,135.92000000000002,40,15.215656677861563,1.0222919771642467,110.16963445326112,6.752091215952483
1049,202001,2020,23,58.4527276,2020-08-01T15:53:01Z,58.4527276,-175.4763224,2020-08-01T16:14:00Z,58.4445243,-175.474074,170.74,40,99.8207360552239,4.74044097965622,722.7564498126577,44.29639346877755
1049,202001,2020,21,58.4560284,2020-07-10T19:40:00Z,58.4560284,-174.2010336,2020-07-10T20:11:00Z,58.4642472,-174.203058,135.09,40,14.097640620210818,1.1390451263083217,102.07458979025486,6.255961041489425
1049,202001,2020,23,58.4609307,2020-08-01T15:49:01Z,58.4609307,-175.47857199999999,2020-08-01T15:53:00Z,58.4527275,-175.4763225,163.95000000000002,40,16.597997392830525,0.7511158342268937,120.17853347630307,7.36551795109798
1049,202001,2020,21,58.4642473,2020-07-10T20:11:01Z,58.4642473,-174.2030579,2020-07-10T20:42:00Z,58.4724661,-174.2050833,135.14000000000001,40,13.002363059058982,1.0397861644075785,94.1441842158097,5.76992128939359
1049,202001,2020,23,58.4691337,2020-08-01T08:01:01Z,58.4691337,-175.4808226,2020-08-01T15:49:00Z,58.4609305,-175.4785721,160.29,40,17.59066081183183,0.7960372301292561,127.36595682068074,7.80602170941346
1049,202001,2020,21,58.4724662,2020-07-10T20:42:01Z,58.4724662,-174.2050832,2020-07-10T21:10:00Z,58.4806849,-174.2071096,135.77,40,90.61510181818343,7.194995481845602,656.102648384502,40.21130641764621
1049,202001,2020,23,58.4773366,2020-08-01T07:54:01Z,58.4773366,-175.4830743,2020-08-01T08:01:00Z,58.4691335,-175.4808227,156.1,40,15.554032827426092,0.8044261565338706,112.61966191474203,6.902248825021483
1049,202001,2020,21,58.480684999999994,2020-07-10T21:10:01Z,58.480684999999994,-174.2071095,2020-07-10T21:44:00Z,58.4889037,-174.2091368,136.12,40,80.37775028772639,6.406005484529458,581.9786523087379,35.66838508294037
1049,202001,2020,23,58.4855394,2020-08-01T07:30:00Z,58.4855394,-175.4853271,2020-08-01T07:54:00Z,58.4773365,-175.4830744,153.23,40,3.214909296605386,0.19948906445104675,23.277692807221257,1.4266463341852946
1049,202001,2020,21,58.4889038,2020-07-10T21:44:01Z,58.4889038,-174.2091367,2020-07-10T22:09:00Z,58.4971223,-174.211165,136.73,40,1.2781627248875918,0.1028288186992814,9.254593682935313,0.5671967690903702
1049,202001,2020,23,58.4937421,2020-08-01T07:08:01Z,58.4937421,-175.4875809,2020-08-01T07:29:00Z,58.4855393,-175.4853272,150.73,40,40.01494593211024,2.1346693275874222,289.72998401191336,17.75700981267062
1049,202001,2020,21,58.4971224,2020-07-10T22:10:00Z,58.4971224,-174.2111649,2020-07-10T22:40:00Z,58.5053409,-174.2131941,137.29,40,15.767918990646677,1.0243677749145725,114.1683141297271,6.997162828042907
1049,202001,2020,23,58.5019448,2020-08-01T06:40:00Z,58.5019448,-175.4898358,2020-08-01T07:08:00Z,58.493742,-175.48758099999998,149.35,40,41.234937510591436,2.33053890574874,298.56338693910266,18.298392586677625
1049,202001,2020,21,58.505340999999994,2020-07-10T22:40:01Z,58.505340999999994,-174.213194,2020-07-10T23:24:00Z,58.5135594,-174.2152242,137.70000000000002,40,24.761614864552786,1.501637147178723,179.28756647548207,10.988200230819276
1049,202001,2020,23,58.5101473,2020-08-01T06:18:01Z,58.5101473,-175.4920918,2020-08-01T06:39:00Z,58.5019447,-175.4898359,147.87,40,41.198617556595714,2.3010214409029195,298.300410707463,18.282275264400297
1049,202001,2020,21,58.5135595,2020-07-10T23:24:01Z,58.5135595,-174.2152241,2020-07-10T23:49:00Z,58.5217778,-174.2172553,138.02,40,28.312743577054466,1.7083305901563983,204.99967081876784,12.564047103158739
1049,202001,2020,23,58.5183498,2020-08-01T05:49:01Z,58.5183498,-175.4943489,2020-08-01T06:18:00Z,58.5101472,-175.4920919,146.86,40,21.60812237011382,1.4266898591315589,156.4545647379408,9.588808182084776
1049,202001,2020,21,58.521777900000004,2020-07-10T23:49:01Z,58.521777900000004,-174.2172552,2020-07-11T00:14:00Z,58.5299961,-174.2192874,138.42000000000002,40,73.25482120501964,4.4200397464268635,530.4047695712238,32.507518095111095
1049,202001,2020,23,58.5265522,2020-08-01T04:59:01Z,58.5265522,-175.49660699999998,2020-08-01T05:49:00Z,58.5183497,-175.494349,145.91,40,8.26111298680775,0.4879810916268907,59.81495358382446,3.665946834445464
1049,202001,2020,21,58.5299963,2020-07-11T00:15:00Z,58.5299963,-174.2192873,2020-07-11T00:52:00Z,58.5382144,-174.2213204,138.75,40,58.013361444731494,3.500402556329913,420.0483067595889,25.74397651787052
1049,202001,2020,23,58.5347545,2020-08-01T03:19:01Z,58.5347545,-175.4988662,2020-08-01T04:59:00Z,58.5265521,-175.4966071,144.88,40,14.10145610991163,0.7293015429429583,102.10221601201437,6.257654201044669
1049,202001,2020,25,58.5366351,2020-08-02T19:33:00Z,58.5366351,-176.7807949,2020-08-02T19:43:00Z,58.5448136,-176.7833533,300.47,40,5.952649847069439,0.2394468012507715,43.10042422513889,2.641544535012945
1049,202001,2020,21,58.5382145,2020-07-11T00:52:01Z,58.5382145,-174.2213203,2020-07-11T01:29:00Z,58.5464326,-174.2233544,139.09,40,35.429829781734995,2.137760399498136,256.5312479397757,15.722321258734242
1049,202001,2020,23,58.5429567,2020-08-01T01:20:01Z,58.5429567,-175.5011265,2020-08-01T03:19:00Z,58.5347544,-175.4988663,143.49,40,45.19003305285807,3.062065277810443,327.2004309618702,20.053503551296505
1049,202001,2020,25,58.5448137,2020-08-02T19:46:00Z,58.5448137,-176.7833532,2020-08-02T19:56:00Z,58.552991999999996,-176.7859129,300.58,40,51.59291658765288,2.0753377338654166,373.5607920957734,22.894843533353125
1049,202001,2020,21,58.5464327,2020-07-11T01:29:01Z,58.5464327,-174.2233543,2020-07-11T02:19:00Z,58.5546507,-174.2253893,139.54,40,13.546149528784968,0.8173457848009665,98.08149417611574,6.011231666153924
1049,202001,2020,23,58.5511589,2020-08-01T00:00:00Z,58.5511589,-175.5033878,2020-08-01T01:20:00Z,58.5429566,-175.5011266,141.99,40,18.589840899820764,0.9614326028199327,134.60056439479095,8.249417301079298
1049,202001,2020,25,58.5529922,2020-08-02T19:56:01Z,58.5529922,-176.7859128,2020-08-02T20:09:00Z,58.5611704,-176.7884737,300.53000000000003,40,115.2484540137856,4.635897351879936,834.4615233383853,51.14258887891459
1049,202001,2020,21,58.5546508,2020-07-11T02:19:01Z,58.5546508,-174.2253892,2020-07-11T03:09:00Z,58.5628687,-174.2274253,139.96,40,7.962201971555339,0.4804222930919048,57.65067517102844,3.533302251095092
1049,202001,2020,23,58.5593609,2020-07-31T23:20:01Z,58.5593609,-175.5056503,2020-07-31T23:59:00Z,58.5511588,-175.5033879,140.97,40,87.6017726036116,5.2857042088975525,634.2845050677084,38.87411314684332
1049,202001,2020,25,58.5611705,2020-08-02T20:09:01Z,58.5611705,-176.7884735,2020-08-02T20:16:00Z,58.5693487,-176.7910356,300.49,40,159.6138814672841,6.420507561246305,1155.6913610243348,70.83016591504715
1049,202001,2020,21,58.5628688,2020-07-11T03:09:01Z,58.5628688,-174.2274252,2020-07-11T03:34:00Z,58.5710867,-174.2294622,140.31,40,12.915567005117722,0.7792977796026342,93.51573355231602,5.731404721505409
1049,202001,2020,23,58.5675629,2020-07-31T22:48:01Z,58.5675629,-175.5079138,2020-07-31T23:20:00Z,58.5593608,-175.5056504,140.16,40,62.90634301018223,3.8475433077756045,455.47615597207613,27.915283254566727
1049,202001,2020,25,58.5693488,2020-08-02T20:16:01Z,58.5693488,-176.7910355,2020-08-02T20:34:00Z,58.5775269,-176.7935988,300.6,40,432.75539568000727,17.407692016456142,3133.384562962111,192.03929003461724
1049,202001,2020,21,58.5710868,2020-07-11T03:34:01Z,58.5710868,-174.2294621,2020-07-11T03:59:00Z,58.5793045,-174.2315,140.86,40,21.821139282617217,1.3166410258725165,157.99692310470178,9.683336446898757
1049,202001,2020,23,58.5757648,2020-07-31T22:17:01Z,58.5757648,-175.5101783,2020-07-31T22:48:00Z,58.5675628,-175.5079139,139.4,40,144.86021539874497,8.981962054104887,1048.8667899901207,64.28308739102778
1049,202001,2020,25,58.577526999999996,2020-08-02T20:34:01Z,58.577526999999996,-176.7935987,2020-08-02T20:39:00Z,58.585705,-176.7961632,300.49,40,599.8367536643452,24.1285806535865,4343.144517645576,266.1832191124132
1049,202001,2020,21,58.5793047,2020-07-11T03:59:01Z,58.5793047,-174.2314999,2020-07-11T04:24:00Z,58.5875223,-174.2335389,141.45000000000002,40,53.52080472108267,3.2293312608853495,387.5197513062405,23.750362082875224
1049,202001,2020,23,58.5839666,2020-07-31T21:44:01Z,58.5839666,-175.51244400000002,2020-07-31T22:17:00Z,58.5757647,-175.5101785,138.78,40,105.1420609204463,6.647691346170233,761.2857376127419,46.65778158631934
1049,202001,2020,25,58.5857051,2020-08-02T20:39:01Z,58.5857051,-176.7961631,2020-08-02T20:52:00Z,58.593883,-176.7987289,300.13,40,866.2919641314338,34.84680689939131,6272.425241890437,384.42523285719574
1049,202001,2020,21,58.5875225,2020-07-11T04:25:00Z,58.5875225,-174.2335388,2020-07-11T04:52:00Z,58.5957401,-174.2355787,142.20000000000002,40,71.10008739059403,6.101839645411048,514.8033241847264,31.551334634277133
1049,202001,2020,23,58.5921683,2020-07-31T21:12:01Z,58.5921683,-175.5147107,2020-07-31T21:44:00Z,58.5839665,-175.5124441,138.4,40,147.11319665595164,9.267456188855686,1065.1796003269658,65.2828690815955
1049,202001,2020,25,58.5938831,2020-08-02T20:52:01Z,58.5938831,-176.7987288,2020-08-02T21:02:00Z,58.6020609,-176.8012957,285.73,40,610.6285840656603,24.562684680469278,4421.283242484469,270.9721956777684
1049,202001,2020,21,58.5957402,2020-07-11T04:52:01Z,58.5957402,-174.2355786,2020-07-11T05:17:00Z,58.6039577,-174.2376195,143.23,40,13.735463969845794,0.9858573728484078,99.45223375114445,6.095241735623985
1049,202001,2020,23,58.6003699,2020-07-31T20:40:00Z,58.6003699,-175.5169786,2020-07-31T21:12:00Z,58.5921682,-175.5147109,137.32,40,40.5149617567161,2.7222383991342056,293.35037068229764,17.97889655266724
1049,202001,2020,25,58.602061,2020-08-02T21:02:01Z,58.602061,-176.8012956,2020-08-02T21:10:00Z,58.6102387,-176.8038638,222.15,40,416.65381899740913,16.760002142065197,3016.8003855717275,184.89406345759147
1049,202001,2020,21,58.6039578,2020-07-11T05:17:01Z,58.6039578,-174.2376194,2020-07-11T05:42:00Z,58.6121753,-174.2396612,144.66,40,26.116754530713767,1.562695018590434,189.09951510279902,11.589556243904628
1049,202001,2020,23,58.6085715,2020-07-31T20:14:01Z,58.6085715,-175.5192475,2020-07-31T20:39:00Z,58.6003698,-175.5169787,136.97,40,8.812980371854911,0.6750037843610529,63.810773768554576,3.9108431936258876
1049,202001,2020,25,58.6102388,2020-08-02T21:10:01Z,58.6102388,-176.8038637,2020-08-02T21:22:00Z,58.6184164,-176.8064331,172.70000000000002,40,0.222474194930332,0.008949079100148076,1.6108342380266498,0.09872502312376781
1049,202001,2020,21,58.6121754,2020-07-11T05:42:01Z,58.6121754,-174.2396611,2020-07-11T06:10:00Z,58.6203928,-174.241704,146.26,40,88.99236419591254,8.069881511595016,644.3531449326233,39.49120128665487
1049,202001,2020,23,58.6167729,2020-07-31T19:49:01Z,58.6167729,-175.5215175,2020-07-31T20:14:00Z,58.6085714,-175.5192476,136.43,40,9.385519005081541,0.7550696115450122,67.95626503905112,4.164912614226555
1049,202001,2020,25,58.6184165,2020-08-02T21:22:01Z,58.6184165,-176.806433,2020-08-02T21:32:00Z,58.626594,-176.8090036,151.1,40,4.471028774362303,0.23123343846688976,32.37268138536456,1.9840612043755235
1049,202001,2020,21,58.6203929,2020-07-11T06:10:01Z,58.6203929,-174.2417039,2020-07-11T06:38:00Z,58.6286102,-174.2437477,147.98,40,56.090294090721784,5.49596516883831,406.1242526155106,24.890597234701858
1049,202001,2020,23,58.6249743,2020-07-31T19:28:01Z,58.6249743,-175.5237885,2020-07-31T19:49:00Z,58.6167728,-175.5215176,136.16,40,8.556114213834872,0.6883435889136429,61.95092300222811,3.796856412380616
1049,202001,2020,25,58.6265941,2020-08-02T21:32:01Z,58.6265941,-176.8090035,2020-08-02T21:49:00Z,58.6347715,-176.8115753,145.70000000000002,40,0,0,0,0
1049,202001,2020,21,58.6286103,2020-07-11T06:38:01Z,58.6286103,-174.2437476,2020-07-11T07:19:00Z,58.6368275,-174.2457924,150.15,40,82.32147755695316,6.900590852328214,596.0522954817674,36.53093239842027
1049,202001,2020,23,58.6331756,2020-07-31T19:00:00Z,58.6331756,-175.5260607,2020-07-31T19:28:00Z,58.6249742,-175.5237886,135.99,40,8.602828027628352,0.6921017381663112,62.289156434968035,3.8175861080129785
1049,202001,2020,25,58.6347716,2020-08-02T21:49:01Z,58.6347716,-176.8115752,2020-08-02T21:55:00Z,58.6429489,-176.8141483,143.32,40,0.06469062718663579,0.0033456810313369162,0.4683953443871668,0.028707076193226027
1049,202001,2020,21,58.6368276,2020-07-11T07:19:01Z,58.6368276,-174.2457923,2020-07-11T07:44:00Z,58.6450448,-174.2478381,152.63,40,78.20138316819276,6.079926480600438,566.2205700207761,34.70260163884677
1049,202001,2020,23,58.6413768,2020-07-31T18:40:01Z,58.6413768,-175.5283339,2020-07-31T18:59:00Z,58.6331755,-175.5260608,135.85,40,15.009508682956737,1.2075223420873755,108.67701078786378,6.660611098133557
1049,202001,2020,25,58.642948999999994,2020-08-02T21:55:01Z,58.642948999999994,-176.8141482,2020-08-02T22:14:00Z,58.6511263,-176.8167225,140.56,40,1.8497287025134685,0.09566458855413947,13.393042397579517,0.820834564590851
1049,202001,2020,21,58.6450449,2020-07-11T07:45:00Z,58.6450449,-174.2478379,2020-07-11T08:34:00Z,58.653262,-174.2498847,155.86,40,81.18171709903804,5.481833690068515,587.7998095279087,36.02515294117372
1049,202001,2020,23,58.6495779,2020-07-31T18:34:01Z,58.6495779,-175.5306082,2020-07-31T18:40:00Z,58.6413767,-175.528334,135.41,40,20.308342193527974,1.6356712904756765,147.043448940855,9.012018464834934
1049,202001,2020,25,58.6511264,2020-08-02T22:14:01Z,58.6511264,-176.8167224,2020-08-02T22:14:02Z,58.6593035,-176.8192979,139.29,40,1.001029133705749,0.06039996392766408,7.247995671319682,0.44421612314908243
1049,202001,2020,21,58.6532621,2020-07-11T08:34:01Z,58.6532621,-174.2498846,2020-07-11T14:49:00Z,58.6614791,-174.2519323,157.81,40,36.015032202670305,1.9451263585674134,260.7684319247043,15.982010354617994
1049,202001,2020,23,58.657779,2020-07-31T18:10:00Z,58.657779,-175.5328836,2020-07-31T18:34:00Z,58.6495778,-175.5306083,135.15,40,11.500837921396124,0.9252480568255259,83.27232511429715,5.103605342130111
1049,202001,2020,25,58.6593036,2020-08-02T22:15:00Z,58.6593036,-176.8192978,2020-08-02T22:28:00Z,58.6674806,-176.8218745,136.98,40,10.894009663496291,0.8231038413946764,78.87855830132712,4.834319577045862
1049,202001,2020,21,58.6614792,2020-07-11T14:50:00Z,58.6614792,-174.2519322,2020-07-11T15:21:00Z,58.6696961,-174.2539809,158.08,40,112.0581200221134,5.795441207945371,811.3617691123496,49.72684806817017
1049,202001,2020,23,58.6659799,2020-07-31T17:52:01Z,58.6659799,-175.5351601,2020-07-31T18:09:00Z,58.6577789,-175.5328837,134.84,40,3.7299229411118806,0.30007413172498437,27.00667185524855,1.6551884982726024
1049,202001,2020,25,58.6674807,2020-08-02T22:28:01Z,58.6674807,-176.8218744,2020-08-02T22:39:00Z,58.6756577,-176.8244524,135.19,40,9.089880459867237,0.731285345446159,65.81568109015438,4.033720220332516
1049,202001,2020,21,58.6696962,2020-07-11T15:21:01Z,58.6696962,-174.2539808,2020-07-11T15:46:00Z,58.677913,-174.2560305,157.27,40,347.719905901837,20.229455581242057,2517.681342078733,154.3039891053579
1049,202001,2020,23,58.6741808,2020-07-31T17:40:00Z,58.6741808,-175.5374377,2020-07-31T17:52:00Z,58.6659798,-175.5351602,134.54,40,10.77076104101289,0.8665130133856757,77.98617120471101,4.77962683792411
1049,202001,2020,25,58.6756578,2020-08-02T22:40:00Z,58.6756578,-176.8244523,2020-08-02T22:48:00Z,58.6838346,-176.8270315,133.64000000000001,40,37.96399851848827,3.0873323083255144,274.88000864605556,16.846882546455014
1049,202001,2020,21,58.6779132,2020-07-11T15:46:01Z,58.6779132,-174.2560304,2020-07-11T16:11:00Z,58.6861299,-174.2580811,155.49,40,190.7344972232849,13.024732247730544,1381.0215544156897,84.6402327908895
1049,202001,2020,23,58.6823816,2020-07-31T17:24:01Z,58.6823816,-175.5397163,2020-07-31T17:39:00Z,58.6741807,-175.5374378,134.49,40,5.600794894542143,0.4505866988363198,40.55280289526871,2.4854055799518995
1049,202001,2020,25,58.6838347,2020-08-02T22:48:01Z,58.6838347,-176.8270314,2020-08-02T23:04:00Z,58.6920115,-176.8296118,132.74,40,31.93238750162812,2.9918736050855896,231.20786258228574,14.170298247320623
1049,202001,2020,21,58.68613,2020-07-11T16:11:01Z,58.68613,-174.258081,2020-07-11T16:39:00Z,58.6943467,-174.2601326,152.93,40,31.902416582487696,2.3220855269681775,230.99085681803678,14.15699836916574
1049,202001,2020,23,58.6905823,2020-07-31T17:19:01Z,58.6905823,-175.5419961,2020-07-31T17:24:00Z,58.6823815,-175.5397164,133.97,40,0,0,0,0
1049,202001,2020,25,58.6920116,2020-08-02T23:04:01Z,58.6920116,-176.8296117,2020-08-02T23:11:00Z,58.7001882,-176.8321933,132,40,37.132844247110846,3.7449992578039244,268.8619994210481,16.478049996294082
1049,202001,2020,21,58.6943468,2020-07-11T16:39:01Z,58.6943468,-174.2601325,2020-07-11T16:59:00Z,58.7025635,-174.2621852,150.8,40,0,0,0,0
1049,202001,2020,23,58.6987829,2020-07-31T16:54:01Z,58.6987829,-175.5442769,2020-07-31T17:19:00Z,58.6905822,-175.5419962,133.77,40,0,0,0,0
1049,202001,2020,25,58.7001883,2020-08-02T23:11:01Z,58.7001883,-176.8321932,2020-08-02T23:29:00Z,58.7083649,-176.8347761,131.3,40,0,0,0,0
1049,202001,2020,21,58.7025636,2020-07-11T16:59:01Z,58.7025636,-174.2621851,2020-07-11T17:22:00Z,58.7107801,-174.2642387,149.19,40,0,0,0,0
1049,202001,2020,23,58.7069835,2020-07-31T16:36:01Z,58.7069835,-175.5465588,2020-07-31T16:54:00Z,58.698782800000004,-175.544277,133.73,40,3.8664735989554058,0.31105969918463117,27.99537292661682,1.7157841410948602
1049,202001,2020,25,58.708365,2020-08-02T23:29:01Z,58.708365,-176.83477599999998,2020-08-02T23:29:02Z,58.7165415,-176.8373601,130.6,40,0.40198103810705194,0.02425467889369921,2.9105614672439097,0.17838287849457088
1049,202001,2020,21,58.7107802,2020-07-11T17:22:01Z,58.7107802,-174.2642386,2020-07-11T17:44:00Z,58.7189967,-174.2662932,147.93,40,0,0,0,0
1049,202001,2020,23,58.7151839,2020-07-31T16:29:01Z,58.7151839,-175.5488419,2020-07-31T16:36:00Z,58.7069834,-175.546559,133.53,40,13.788055911157345,1.1011486621029523,99.83302802589377,6.118579905804723
1049,202001,2020,25,58.7165416,2020-08-02T23:31:00Z,58.7165416,-176.83736,2020-08-02T23:41:00Z,58.724717999999996,-176.8399453,129.68,40,1.4328051951304697,0.08645241101113503,10.374289321336217,0.6358208243675479
1049,202001,2020,21,58.7189968,2020-07-11T17:45:00Z,58.7189968,-174.2662931,2020-07-11T18:02:00Z,58.7272132,-174.2683487,146.66,40,2.467503782009007,0.12761478682842423,17.866070155979433,1.094978085045363
1049,202001,2020,23,58.7233843,2020-07-31T16:09:01Z,58.7233843,-175.551126,2020-07-31T16:29:00Z,58.7151838,-175.54884199999998,133.5,40,0,0,0,0
1049,202001,2020,25,58.7247181,2020-08-02T23:41:01Z,58.7247181,-176.8399452,2020-08-02T23:54:00Z,58.7328943,-176.8425318,129.24,40,1.4451131985129477,0.08719504969695563,10.463405963634674,0.6412826169989274
1049,202001,2020,21,58.7272133,2020-07-11T18:02:01Z,58.7272133,-174.2683485,2020-07-11T18:22:00Z,58.7354296,-174.2704051,145.14000000000001,40,5.275435619496581,0.27283589063478686,38.197024688870236,2.3410243317695465
1049,202001,2020,23,58.7315846,2020-07-31T16:04:01Z,58.7315846,-175.5534112,2020-07-31T16:09:00Z,58.7233842,-175.5511261,133.61,40,13.07117752064984,1.0374556933624306,94.64243836540506,5.800458356013539
1049,202001,2020,25,58.7328945,2020-08-02T23:54:01Z,58.7328945,-176.8425317,2020-08-03T00:01:00Z,58.7410706,-176.8451195,128.53,40,0,0,0,0
1049,202001,2020,21,58.7354297,2020-07-11T18:22:01Z,58.7354297,-174.27040499999998,2020-07-11T18:40:00Z,58.743646,-174.2724626,143.55,40,0,0,0,0
1049,202001,2020,23,58.7397848,2020-07-31T15:36:01Z,58.7397848,-175.5556975,2020-07-31T16:04:00Z,58.7315845,-175.5534113,133.57,40,2.5155909198582322,0.15178539335185776,18.21424720222291,1.116317206185265
1049,202001,2020,25,58.7410707,2020-08-03T00:01:01Z,58.7410707,-176.8451194,2020-08-03T00:19:00Z,58.7492468,-176.8477084,128.19,40,0,0,0,0
1049,202001,2020,21,58.7436461,2020-07-11T18:40:01Z,58.7436461,-174.2724625,2020-07-11T18:59:00Z,58.7518622,-174.274521,142.27,40,0,0,0,0
1049,202001,2020,23,58.7479849,2020-07-31T08:09:01Z,58.7479849,-175.5579849,2020-07-31T15:36:00Z,58.7397847,-175.5556976,133.44,40,2.760952534990965,0.16658999014554762,19.990798817465713,1.2251987379748264
1049,202001,2020,25,58.7492469,2020-08-03T00:19:01Z,58.7492469,-176.8477083,2020-08-03T00:34:00Z,58.7574229,-176.8502986,127.86,40,0,0,0,0
1049,202001,2020,21,58.7518624,2020-07-11T18:59:01Z,58.7518624,-174.2745209,2020-07-11T19:24:00Z,58.7600784,-174.2765804,140.88,40,1.0033805152014572,0.06054184127442518,7.2650209529310406,0.4452595708739266
1049,202001,2020,23,58.756184999999995,2020-07-31T07:56:01Z,58.756184999999995,-175.5602734,2020-07-31T08:09:00Z,58.7479848,-175.557985,133.38,40,0,0,0,0
1049,202001,2020,25,58.757422999999996,2020-08-03T00:34:01Z,58.757422999999996,-176.8502985,2020-08-03T00:44:00Z,58.7655989,-176.85289,127.78,40,0,0,0,0
1049,202001,2020,21,58.7600786,2020-07-11T19:24:01Z,58.7600786,-174.2765803,2020-07-11T19:49:00Z,58.7682946,-174.2786408,140.27,40,2.729811297524242,0.16471099426389008,19.765319311666744,1.2113795200202782
1049,202001,2020,23,58.7643849,2020-07-31T07:46:00Z,58.7643849,-175.5625629,2020-07-31T07:56:00Z,58.7561849,-175.5602735,132.96,40,0,0,0,0
1049,202001,2020,25,58.7655991,2020-08-03T00:45:00Z,58.7655991,-176.8528899,2020-08-03T00:52:00Z,58.7737749,-176.8554827,127.25,40,0,0,0,0
1049,202001,2020,21,58.7682947,2020-07-11T19:49:01Z,58.7682947,-174.2786407,2020-07-11T20:01:00Z,58.7765106,-174.2807022,139.26,40,4.8408530208491864,0.2920867515174248,35.05041018209099,2.1481742031778386
1049,202001,2020,23,58.7725848,2020-07-31T07:44:01Z,58.7725848,-175.5648536,2020-07-31T07:44:02Z,58.7643848,-175.562563,133.04,40,0,0,0,0
1049,202001,2020,25,58.773775,2020-08-03T00:52:01Z,58.773775,-176.8554826,2020-08-03T01:02:00Z,58.7819507,-176.8580765,126.92,40,0,0,0,0
1049,202001,2020,21,58.7765107,2020-07-11T20:01:01Z,58.7765107,-174.2807021,2020-07-11T20:19:00Z,58.7847266,-174.2827646,138.55,40,5.75120543815153,0.3470154756824966,41.64185708189954,2.5521516778557274
1049,202001,2020,23,58.7807846,2020-07-31T07:26:01Z,58.7807846,-175.5671454,2020-07-31T07:44:00Z,58.7725847,-175.5648537,132.82,40,0,0,0,0
1049,202001,2020,25,58.7819508,2020-08-03T01:02:01Z,58.7819508,-176.8580764,2020-08-03T01:12:00Z,58.7901264,-176.8606717,126.61,40,0,0,0,0
1049,202001,2020,21,58.7847267,2020-07-11T20:19:01Z,58.7847267,-174.2827645,2020-07-11T20:39:00Z,58.7929425,-174.284828,137.82,40,5.41897205094239,0.3269692213555007,39.23630656266005,2.404719977541085
1049,202001,2020,23,58.7889843,2020-07-31T07:19:01Z,58.7889843,-175.5694382,2020-07-31T07:26:00Z,58.7807845,-175.5671455,132.5,40,0,0,0,0
1049,202001,2020,25,58.7901265,2020-08-03T01:12:01Z,58.7901265,-176.8606716,2020-08-03T01:20:00Z,58.798302,-176.863268,126.41,40,0,0,0,0
1049,202001,2020,21,58.7929426,2020-07-11T20:39:01Z,58.7929426,-174.2848279,2020-07-11T20:51:00Z,58.8011583,-174.2868924,137.02,40,4.213578317026268,0.2841165136066424,30.50859997402438,1.8698151347957062
1049,202001,2020,23,58.797183999999994,2020-07-31T07:03:01Z,58.797183999999994,-175.5717322,2020-07-31T07:19:00Z,58.7889842,-175.5694384,132.28,40,0,0,0,0
1049,202001,2020,25,58.7983022,2020-08-03T01:20:01Z,58.7983022,-176.8632679,2020-08-03T01:34:00Z,58.8064776,-176.8658656,126.41,40,0,0,0,0
1049,202001,2020,21,58.8011585,2020-07-11T20:51:01Z,58.8011585,-174.2868923,2020-07-11T21:04:00Z,58.8093741,-174.2889577,136.75,40,6.510117429087737,0.48389124829960045,47.13679288347345,2.8889260344391694
1049,202001,2020,27,58.8050076,2020-08-13T21:34:01Z,58.8050076,-178.1626244,2020-08-13T21:44:00Z,58.7968681,-178.1596297,300.45,40,0.4849737507961872,0.019508188168653285,3.511473870357593,0.21521167781624
1049,202001,2020,23,58.8053835,2020-07-31T06:56:00Z,58.8053835,-175.5740273,2020-07-31T07:03:00Z,58.7971839,-175.5717323,132.19,40,5.563581247253044,0.3356946319821006,40.28335583785201,2.4688916728433172
1049,202001,2020,25,58.8064777,2020-08-03T01:34:01Z,58.8064777,-176.8658655,2020-08-03T01:40:00Z,58.814653,-176.8684645,126.35000000000001,40,0,0,0,0
1049,202001,2020,21,58.8093742,2020-07-11T21:05:00Z,58.8093742,-174.2889576,2020-07-11T21:29:00Z,58.8175898,-174.2910241,136.35,40,9.746297144638634,0.6560841084478779,70.56849509886597,4.3250113177255285
1049,202001,2020,27,58.8131469,2020-08-13T21:19:01Z,58.8131469,-178.1656206,2020-08-13T21:34:00Z,58.8050075,-178.1626245,300.52,40,0.9514274903365282,0.03827140433857159,6.888852780942893,0.422204925894782
1049,202001,2020,23,58.813582999999994,2020-07-31T06:54:01Z,58.813582999999994,-175.5763235,2020-07-31T06:54:02Z,58.8053834,-175.5740274,131.96,40,3.4412296378960017,0.2076364603158736,24.916375237904802,1.527078121046202
1049,202001,2020,25,58.8146532,2020-08-03T01:40:01Z,58.8146532,-176.8684644,2020-08-03T01:59:00Z,58.8228284,-176.8710646,126.13000000000001,40,0,0,0,0
1049,202001,2020,21,58.8175899,2020-07-11T21:29:01Z,58.8175899,-174.291024,2020-07-11T21:32:00Z,58.8258054,-174.2930914,135.99,40,2.985170928277203,0.18011885000627234,21.61426200075266,1.3246977655761618
1049,202001,2020,27,58.821286,2020-08-13T21:12:00Z,58.821286,-178.1686182,2020-08-13T21:19:00Z,58.8131468,-178.1656207,300.45,40,4.445944893422265,0.1788392246507266,32.191060437130766,1.9729299955330126
1049,202001,2020,23,58.821782400000004,2020-07-31T06:35:01Z,58.821782400000004,-175.5786207,2020-07-31T06:54:00Z,58.8135829,-175.5763236,131.59,40,7.157762053635697,0.4318841033546592,51.82609240255907,3.1763244473405106
1049,202001,2020,25,58.8228285,2020-08-03T01:59:01Z,58.8228285,-176.8710645,2020-08-03T01:59:02Z,58.8310037,-176.8736659,125.97,40,0,0,0,0
1049,202001,2020,21,58.8258055,2020-07-11T21:32:01Z,58.8258055,-174.2930913,2020-07-11T22:00:00Z,58.8340209,-174.2951598,135.76,40,2.605210989923477,0.15719287732697113,18.863145279236523,1.1560869578740651
1049,202001,2020,27,58.8294251,2020-08-13T20:56:01Z,58.8294251,-178.1716173,2020-08-13T21:09:00Z,58.8212859,-178.1686183,300.51,40,3.9850997198447176,0.16030161442335453,28.85429059620376,1.7684256015192819
1049,202001,2020,23,58.8299817,2020-07-31T06:29:03Z,58.8299817,-175.5809191,2020-07-31T06:35:00Z,58.8217823,-175.5786208,131.06,40,1.4706458518974208,0.0887356355715052,10.648276268580629,0.652612972847985
1049,202001,2020,25,58.8310038,2020-08-03T02:00:00Z,58.8310038,-176.8736658,2020-08-03T02:08:00Z,58.8391789,-176.8762685,125.48,40,0,0,0,0
1049,202001,2020,21,58.8340211,2020-07-11T22:00:01Z,58.8340211,-174.2951597,2020-07-11T22:19:00Z,58.8422364,-174.2972291,135.05,40,4.77801316503554,0.28829512858002554,34.59541542960306,2.1202884242440656
1049,202001,2020,27,58.837564,2020-08-13T20:46:00Z,58.837564,-178.1746178,2020-08-13T20:56:00Z,58.829425,-178.1716174,300.5,40,0,0,0,0
1049,202001,2020,23,58.8381809,2020-07-31T06:29:01Z,58.8381809,-175.5832186,2020-07-31T06:29:02Z,58.829981599999996,-175.5809192,131.04,40,0.6660494529970551,0.0401880041054708,4.822560492656491,0.29556572918175356
1049,202001,2020,25,58.839178999999994,2020-08-03T02:08:01Z,58.839178999999994,-176.8762684,2020-08-03T02:24:00Z,58.8473539,-176.8788723,125.85000000000001,40,0.2618515298907529,0.015799563096886012,1.8959475716263197,0.11619908705166418
1049,202001,2020,21,58.8422365,2020-07-11T22:20:00Z,58.8422365,-174.29722900000002,2020-07-11T22:44:00Z,58.8504518,-174.2992994,134.7,40,8.039922962906022,0.5671076593247325,58.21341744286926,3.5677916743322506
1049,202001,2020,27,58.8457029,2020-08-13T20:44:01Z,58.8457029,-178.1776197,2020-08-13T20:44:02Z,58.8375639,-178.1746179,300.5,40,0,0,0,0
1049,202001,2020,23,58.8463801,2020-07-31T06:08:01Z,58.8463801,-175.5855191,2020-07-31T06:29:00Z,58.8381808,-175.5832187,131.16,40,0,0,0,0
1049,202001,2020,25,58.847353999999996,2020-08-03T02:24:01Z,58.847353999999996,-176.8788722,2020-08-03T02:24:02Z,58.8555289,-176.8814773,126.02,40,0,0,0,0
1049,202001,2020,21,58.8504519,2020-07-11T22:45:00Z,58.8504519,-174.2992993,2020-07-11T23:13:00Z,58.8586671,-174.3013708,133.96,40,6.171640834085119,0.3723836511863342,44.686038142360054,2.7387238517592767
1049,202001,2020,27,58.8538416,2020-08-13T20:20:00Z,58.8538416,-178.1806231,2020-08-13T20:44:00Z,58.8457027,-178.1776198,300.5,40,0,0,0,0
1049,202001,2020,23,58.8545791,2020-07-31T06:04:01Z,58.8545791,-175.5878208,2020-07-31T06:08:00Z,58.846379999999996,-175.5855192,131.27,40,35.79174033609002,3.6124559861478396,259.15167729896876,15.882922481984536
1049,202001,2020,25,58.855529,2020-08-03T02:25:00Z,58.855529,-176.8814772,2020-08-03T02:33:00Z,58.8637038,-176.8840836,126.58,40,0,0,0,0
1049,202001,2020,21,58.8586672,2020-07-11T23:13:01Z,58.8586672,-174.3013706,2020-07-11T23:59:00Z,58.8668824,-174.3034431,133.65,40,4.18177171504255,0.2691865027326477,30.278302867042136,1.8557006550587893
1049,202001,2020,27,58.8619802,2020-08-13T20:19:01Z,58.8619802,-178.1836279,2020-08-13T20:19:02Z,58.8538415,-178.1806232,300.5,40,0,0,0,0
1049,202001,2020,23,58.8627781,2020-07-31T05:50:01Z,58.8627781,-175.5901236,2020-07-31T06:04:00Z,58.854578999999994,-175.5878209,131.34,40,8.896948551252656,0.6834073993286113,64.41874908147123,3.948104865503379
1049,202001,2020,25,58.8637039,2020-08-03T02:33:01Z,58.8637039,-176.8840835,2020-08-03T02:49:00Z,58.8718786,-176.8866912,126.99000000000001,40,0,0,0,0
1049,202001,2020,21,58.8668825,2020-07-12T00:00:00Z,58.8668825,-174.30344300000002,2020-07-12T00:31:00Z,58.8750975,-174.3055164,132.99,40,1.9295482480195043,0.1207744995391018,13.97097934350312,0.8562552410350548
1049,202001,2020,27,58.8701187,2020-08-13T19:58:01Z,58.8701187,-178.1866341,2020-08-13T20:19:00Z,58.8619801,-178.183628,300.52,40,0,0,0,0
1049,202001,2020,23,58.870976999999996,2020-07-31T05:40:00Z,58.870976999999996,-175.5924275,2020-07-31T05:50:00Z,58.862778,-175.5901237,131.31,40,1.5158355827314476,0.09146228759428093,10.975474511313699,0.6726663422868235
1049,202001,2020,25,58.8718787,2020-08-03T02:49:01Z,58.8718787,-176.8866911,2020-08-03T02:53:00Z,58.8800533,-176.88930000000002,127.39,40,0,0,0,0
1049,202001,2020,21,58.8750976,2020-07-12T00:31:01Z,58.8750976,-174.3055163,2020-07-12T01:05:00Z,58.883312599999996,-174.3075907,132.41,40,33.37778977458373,2.0139446800182887,241.67336160219477,14.811709143831004
1049,202001,2020,27,58.8782571,2020-08-13T19:54:01Z,58.8782571,-178.1896418,2020-08-13T19:58:00Z,58.8701186,-178.1866342,300.47,40,0,0,0,0
1049,202001,2020,23,58.8791759,2020-07-31T05:39:01Z,58.8791759,-175.5947325,2020-07-31T05:39:02Z,58.8709769,-175.5924276,130.74,40,51.15033867215369,5.864124477873929,370.3562871440697,22.69844540746977
1049,202001,2020,25,58.8800535,2020-08-03T02:53:01Z,58.8800535,-176.8892999,2020-08-03T03:14:00Z,58.888228,-176.8919101,127.92,40,0,0,0,0
1049,202001,2020,21,58.8833127,2020-07-12T01:05:01Z,58.8833127,-174.3075906,2020-07-12T01:39:00Z,58.8915276,-174.309666,131.96,40,18.016116662276534,1.1000365371969187,130.44648870384898,7.994821757376097
1049,202001,2020,27,58.8863954,2020-08-13T19:33:01Z,58.8863954,-178.1926508,2020-08-13T19:54:00Z,58.878257,-178.1896419,300.52,40,0,0,0,0
1049,202001,2020,23,58.8873746,2020-07-31T05:22:01Z,58.8873746,-175.5970386,2020-07-31T05:39:00Z,58.8791757,-175.5947326,130.5,40,1.3550659305344417,0.12536416866644554,9.811414741255103,0.601323292205353
1049,202001,2020,25,58.8882281,2020-08-03T03:14:01Z,58.8882281,-176.89191,2020-08-03T03:14:02Z,58.8964025,-176.8945214,128.49,40,0,0,0,0
1049,202001,2020,21,58.8915278,2020-07-12T01:40:00Z,58.8915278,-174.3096659,2020-07-12T02:13:00Z,58.8997426,-174.3117423,131.69,40,10.660666885515958,0.6737810334535985,77.18902960751758,4.730771517644696
1049,202001,2020,27,58.8945336,2020-08-13T19:29:01Z,58.8945336,-178.1956614,2020-08-13T19:33:00Z,58.8863953,-178.1926509,300.47,40,0,0,0,0
1049,202001,2020,23,58.8955733,2020-07-31T05:15:00Z,58.8955733,-175.5993458,2020-07-31T05:22:00Z,58.8873745,-175.5970387,130.33,40,0,0,0,0
1049,202001,2020,25,58.8964026,2020-08-03T03:16:00Z,58.8964026,-176.8945213,2020-08-03T03:23:00Z,58.9045769,-176.8971339,129.34,40,0,0,0,0
1049,202001,2020,21,58.8997427,2020-07-12T02:13:01Z,58.8997427,-174.3117422,2020-07-12T02:38:00Z,58.9079575,-174.3138196,131.51,40,12.027754934477752,0.7257290919035196,87.08749102842225,5.337429738335166
1049,202001,2020,27,58.9026716,2020-08-13T19:08:01Z,58.9026716,-178.1986733,2020-08-13T19:29:00Z,58.8945334,-178.1956615,300.52,40,0.1399653271047608,0.005630139639030229,1.0134251350254417,0.062110934525554204
1049,202001,2020,23,58.9037719,2020-07-31T05:05:01Z,58.9037719,-175.6016541,2020-07-31T05:14:00Z,58.8955732,-175.5993459,130.43,40,0,0,0,0
1049,202001,2020,25,58.9045771,2020-08-03T03:23:01Z,58.9045771,-176.8971338,2020-08-03T03:39:00Z,58.9127513,-176.8997477,129.66,40,0.5994947176759922,0.08437858405008003,4.340667990959644,0.26603143741534996
1049,202001,2020,21,58.9079576,2020-07-12T02:38:01Z,58.9079576,-174.3138195,2020-07-12T03:03:00Z,58.9161723,-174.315898,131.32,40,21.669699280139767,1.4097785355862342,156.90041507565192,9.616133516908915
1049,202001,2020,27,58.9108096,2020-08-13T19:04:01Z,58.9108096,-178.2016867,2020-08-13T19:08:00Z,58.9026715,-178.1986734,300.47,40,15.789125673926751,0.6351214558722043,114.32186205699671,7.006573493841065
1049,202001,2020,23,58.9119704,2020-07-31T04:57:01Z,58.9119704,-175.6039636,2020-07-31T05:05:00Z,58.9037717,-175.6016542,130.63,40,0,0,0,0
1049,202001,2020,25,58.9127514,2020-08-03T03:39:01Z,58.9127514,-176.8997476,2020-08-03T03:44:00Z,58.9209255,-176.9023628,130.16,40,0,0,0,0
1049,202001,2020,21,58.9161724,2020-07-12T03:03:01Z,58.9161724,-174.3158978,2020-07-12T03:44:00Z,58.924386999999996,-174.3179773,130.99,40,20.2496040205424,1.371927218470987,146.6181526041094,8.98595284635696
1049,202001,2020,27,58.9189474,2020-08-13T18:40:00Z,58.9189474,-178.2047016,2020-08-13T19:04:00Z,58.9108095,-178.2016868,300.5,40,17.75246710668456,0.7140973469316131,128.53752244769032,7.8778247794545
1049,202001,2020,23,58.9201688,2020-07-31T04:49:03Z,58.9201688,-175.6062741,2020-07-31T04:57:00Z,58.9119702,-175.6039637,130.79,40,0,0,0,0
1049,202001,2020,25,58.9209257,2020-08-03T03:44:01Z,58.9209257,-176.9023627,2020-08-03T04:04:00Z,58.9290997,-176.9049791,130.82,40,0,0,0,0
1049,202001,2020,21,58.9243871,2020-07-12T03:44:01Z,58.9243871,-174.3179772,2020-07-12T04:09:00Z,58.9326017,-174.3200576,130.6,40,32.793599481802225,2.1292925925610353,237.44350597588289,14.552469189365292
1049,202001,2020,27,58.9270852,2020-08-13T18:25:01Z,58.9270852,-178.2077178,2020-08-13T18:39:00Z,58.9189473,-178.2047017,300.5,40,29.203846647808355,1.1747318998577418,211.4517419743936,12.959482498681297
1049,202001,2020,23,58.9283671,2020-07-31T04:49:01Z,58.9283671,-175.6085857,2020-07-31T04:49:02Z,58.9201687,-175.6062742,130.9,40,0,0,0,0
1049,202001,2020,25,58.9290998,2020-08-03T04:04:01Z,58.9290998,-176.904979,2020-08-03T04:04:02Z,58.9372738,-176.9075967,131.37,40,0,0,0,0
1049,202001,2020,21,58.9326018,2020-07-12T04:09:01Z,58.9326018,-174.3200575,2020-07-12T04:19:00Z,58.9408163,-174.3221389,130.22,40,36.15274626709955,2.1875346398044955,261.76555669285955,16.04312227008982
1049,202001,2020,27,58.9352228,2020-08-13T18:10:01Z,58.9352228,-178.2107355,2020-08-13T18:25:00Z,58.9270851,-178.2077179,300.5,40,22.785339230205484,0.9165458634816903,164.9782554267046,10.111209271211694
1049,202001,2020,23,58.9365654,2020-07-31T04:29:01Z,58.9365654,-175.6108985,2020-07-31T04:49:00Z,58.928366999999994,-175.6085859,131.25,40,0,0,0,0
1049,202001,2020,25,58.9372739,2020-08-03T04:04:03Z,58.9372739,-176.9075966,2020-08-03T04:12:00Z,58.9454478,-176.9102155,132.1,40,0,0,0,0
1049,202001,2020,21,58.9408164,2020-07-12T04:19:01Z,58.9408164,-174.3221388,2020-07-12T04:39:00Z,58.9490308,-174.3242212,129.84,40,26.41186133211641,1.5936354078094437,191.2362489371332,11.720512671465046
1049,202001,2020,27,58.9433604,2020-08-13T17:54:01Z,58.9433604,-178.2137547,2020-08-13T18:10:00Z,58.9352227,-178.2107356,300.5,40,11.511482961864186,0.4630522277785486,83.34940100013866,5.108329179277568
1049,202001,2020,23,58.9447636,2020-07-31T04:24:03Z,58.9447636,-175.6132124,2020-07-31T04:29:00Z,58.9365653,-175.6108986,131.58,40,1.427602967527652,0.08613851968772257,10.336622362526679,0.6335122867839235
1049,202001,2020,25,58.9454479,2020-08-03T04:12:01Z,58.9454479,-176.9102154,2020-08-03T04:29:00Z,58.9536217,-176.9128356,132.53,40,0,0,0,0
1049,202001,2020,21,58.9490309,2020-07-12T04:39:01Z,58.9490309,-174.3242211,2020-07-12T04:59:00Z,58.9572453,-174.3263045,129.21,40,33.86305329539298,2.097064168978653,245.1869335651349,15.027049409824622
1049,202001,2020,27,58.9514978,2020-08-13T17:49:01Z,58.9514978,-178.2167753,2020-08-13T17:54:00Z,58.9433602,-178.2137548,300.49,40,2.1838214112607073,0.08784475231425819,15.812055416566487,0.9690913563813872
1049,202001,2020,23,58.9529617,2020-07-31T04:24:01Z,58.9529617,-175.6155274,2020-07-31T04:24:02Z,58.9447635,-175.6132125,132.01,40,0,0,0,0
1049,202001,2020,25,58.9536218,2020-08-03T04:29:01Z,58.9536218,-176.9128355,2020-08-03T04:29:02Z,58.9617955,-176.9154569,133.28,40,0,0,0,0
1049,202001,2020,21,58.9572454,2020-07-12T05:00:00Z,58.9572454,-174.3263044,2020-07-12T05:22:00Z,58.9654596,-174.3283889,128.46,40,29.05632880152462,1.7531969374213152,210.3836324905579,12.894020062509359
1049,202001,2020,27,58.9596351,2020-08-13T17:25:00Z,58.9596351,-178.2197973,2020-08-13T17:49:00Z,58.9514977,-178.2167754,300.48,40,6.994759851424623,0.2813659319749016,50.6458677554823,3.103990682125392
1049,202001,2020,23,58.9611597,2020-07-31T04:04:01Z,58.9611597,-175.6178435,2020-07-31T04:24:00Z,58.9529616,-175.6155275,132.43,40,0,0,0,0
1049,202001,2020,25,58.9617956,2020-08-03T04:32:00Z,58.9617956,-176.9154568,2020-08-03T04:37:00Z,58.9699692,-176.9180795,134.19,40,0,0,0,0
1049,202001,2020,21,58.9654597,2020-07-12T05:22:01Z,58.9654597,-174.3283888,2020-07-12T05:52:00Z,58.9736739,-174.3304742,128.03,40,14.895104341347013,0.8987388424806892,107.84866109768262,6.609843092098446
1049,202001,2020,27,58.9677723,2020-08-13T17:09:01Z,58.9677723,-178.2228208,2020-08-13T17:24:00Z,58.959635,-178.2197974,300.62,40,12.512539252509253,0.503319962791541,90.59759330247736,5.55255735357471
1049,202001,2020,23,58.9693577,2020-07-31T03:59:01Z,58.9693577,-175.6201607,2020-07-31T04:04:00Z,58.9611596,-175.6178436,132.76,40,0,0,0,0
1049,202001,2020,25,58.9699693,2020-08-03T04:37:01Z,58.9699693,-176.9180794,2020-08-03T04:54:00Z,58.9781428,-176.9207034,134.75,40,0,0,0,0
1049,202001,2020,21,58.9736741,2020-07-12T05:52:01Z,58.9736741,-174.3304741,2020-07-12T06:45:00Z,58.9818882,-174.3325606,127.95,40,55.67908961160008,3.359557570133981,403.14690841607853,24.708121367230582
1049,202001,2020,27,58.9759094,2020-08-13T16:59:01Z,58.9759094,-178.2258458,2020-08-13T17:09:00Z,58.9677722,-178.2228209,298.07,40,26.877745172920566,1.0811638970596615,194.60950147073922,11.927253021602212
1049,202001,2020,23,58.9775555,2020-07-31T03:46:01Z,58.9775555,-175.622479,2020-07-31T03:59:00Z,58.9693575,-175.6201608,133.12,40,0,0,0,0
1049,202001,2020,25,58.9781429,2020-08-03T04:54:01Z,58.9781429,-176.9207033,2020-08-03T04:57:00Z,58.9863163,-176.9233285,135.66,40,0,0,0,0
1049,202001,2020,21,58.9818883,2020-07-12T06:45:01Z,58.9818883,-174.3325604,2020-07-12T16:39:00Z,58.9901023,-174.3346479,127.55,40,18.64705647350769,1.353088804731411,135.01483628404128,8.27480725175223
1049,202001,2020,27,58.9840464,2020-08-13T16:35:00Z,58.9840464,-178.2288721,2020-08-13T16:59:00Z,58.9759093,-178.2258459,285.93,40,55.40787864111934,2.2287955188962734,401.1831934013299,24.58776894010745
1049,202001,2020,23,58.9857533,2020-07-31T03:36:00Z,58.9857533,-175.6247985,2020-07-31T03:46:00Z,58.9775554,-175.6224791,133.33,40,0,0,0,0
1049,202001,2020,25,58.9863165,2020-08-03T04:57:01Z,58.9863165,-176.9233284,2020-08-03T05:15:00Z,58.9944898,-176.9259549,136.61,40,0,0,0,0
1049,202001,2020,21,58.9901025,2020-07-12T16:39:01Z,58.9901025,-174.3346478,2020-07-12T17:29:00Z,58.9983164,-174.3367363,127.38000000000001,40,12.872224495096718,0.8867480009221835,93.20191019349588,5.712171073731538
1049,202001,2020,27,58.9921833,2020-08-13T16:21:01Z,58.9921833,-178.2319,2020-08-13T16:34:00Z,58.9840463,-178.2288722,272.64,40,163.39117426212562,6.572450091102606,1183.0410163984673,72.50637523286375
1049,202001,2020,23,58.993950999999996,2020-07-31T03:34:01Z,58.993950999999996,-175.627119,2020-07-31T03:34:02Z,58.9857532,-175.6247986,133.4,40,0,0,0,0
1049,202001,2020,25,58.9944899,2020-08-03T05:15:01Z,58.9944899,-176.9259548,2020-08-03T05:25:00Z,59.0026631,-176.9285825,137.5,40,1.5709072784772107,0.17197386786435387,11.374223557607548,0.6971049268951112
1049,202001,2020,21,58.9983165,2020-07-12T17:29:01Z,58.9983165,-174.3367361,2020-07-12T18:19:00Z,59.0065305,-174.3388256,127.27,40,10.423769290696757,0.6648739326660347,75.47376210532285,4.6256459747303165
1049,202001,2020,27,59.000319999999995,2020-08-13T16:04:01Z,59.000319999999995,-178.2349292,2020-08-13T16:21:00Z,58.9921831,-178.2319001,260.09000000000003,40,86.58642212342644,3.482960083635781,626.932815054441,38.423541791066995
1049,202001,2020,23,59.0021487,2020-07-31T03:18:01Z,59.0021487,-175.6294407,2020-07-31T03:34:00Z,58.9939509,-175.6271192,133.59,40,0,0,0,0
1049,202001,2020,25,59.0026632,2020-08-03T05:25:01Z,59.0026632,-176.9285824,2020-08-03T05:44:00Z,59.0108364,-176.9312114,138.37,40,1.8949184515431228,0.17144438968804265,13.720240772058832,0.8408879421041711
1049,202001,2020,21,59.0065306,2020-07-12T18:19:01Z,59.0065306,-174.3388255,2020-07-12T19:09:00Z,59.0147444,-174.340916,126.77,40,17.573466611503786,1.068364140047771,127.24146145350984,7.798391620784473
1049,202001,2020,27,59.008456700000004,2020-08-13T15:56:00Z,59.008456700000004,-178.2379599,2020-08-13T16:04:00Z,59.0003199,-178.2349293,245.81,40,204.50559068794044,8.226287583879063,1480.731765098231,90.7512854510123
1049,202001,2020,23,59.0103462,2020-07-31T03:11:00Z,59.0103462,-175.6317635,2020-07-31T03:18:00Z,59.0021485,-175.6294408,133.74,40,0,0,0,0
1049,202001,2020,25,59.0108365,2020-08-03T05:44:01Z,59.0108365,-176.9312113,2020-08-03T05:44:02Z,59.0190096,-176.9338416,138.86,40,0,0,0,0
1049,202001,2020,21,59.0147445,2020-07-12T19:09:01Z,59.0147445,-174.3409159,2020-07-12T19:34:00Z,59.0229583,-174.3430074,126.91,40,13.809110412338798,0.8332122839329533,99.98547407195441,6.127923039360725
1049,202001,2020,23,59.0185437,2020-07-31T03:09:01Z,59.0185437,-175.6340875,2020-07-31T03:09:02Z,59.0103461,-175.6317636,134.1,40,0.21856002095063654,0.01318744573654774,1.5824934883857267,0.09698807148864944
1049,202001,2020,25,59.0190097,2020-08-03T05:45:00Z,59.0190097,-176.9338415,2020-08-03T05:55:00Z,59.0271826,-176.93647299999998,139.56,40,0,0,0,0
1049,202001,2020,21,59.0229584,2020-07-12T19:35:00Z,59.0229584,-174.3430073,2020-07-12T20:24:00Z,59.0311721,-174.3450998,126.52,40,8.595051912255826,0.5363597424275248,62.23285312803919,3.814135383445996
1049,202001,2020,27,59.0247297,2020-08-13T07:33:01Z,59.0247297,-178.2440257,2020-08-13T07:39:00Z,59.0165931,-178.2409922,180.51,40,240.9663243286112,9.692929544318433,1744.727317977317,106.93108002409514
1049,202001,2020,23,59.0267411,2020-07-31T02:50:01Z,59.0267411,-175.6364125,2020-07-31T03:09:00Z,59.0185436,-175.6340876,134.36,40,0,0,0,0
1049,202001,2020,25,59.0271828,2020-08-03T05:55:01Z,59.0271828,-176.9364729,2020-08-03T06:09:00Z,59.0353556,-176.9391057,140.3,40,0,0,0,0
1049,202001,2020,21,59.0311722,2020-07-12T20:24:01Z,59.0311722,-174.3450997,2020-07-12T20:56:00Z,59.0393858,-174.3471932,125.84,40,10.870499057668335,0.6559027393421226,78.70832872105477,4.82388652387875
1049,202001,2020,27,59.0328661,2020-08-13T07:25:00Z,59.0328661,-178.2470608,2020-08-13T07:33:00Z,59.0247296,-178.2440258,170.76,40,94.10363556121145,4.258509569285407,681.3615310856644,41.759376181675854
1049,202001,2020,23,59.0349384,2020-07-31T02:44:01Z,59.0349384,-175.6387387,2020-07-31T02:50:00Z,59.026740999999994,-175.6364126,134.65,40,0,0,0,0
1049,202001,2020,25,59.0353558,2020-08-03T06:09:01Z,59.0353558,-176.9391056,2020-08-03T06:15:00Z,59.0435285,-176.9417397,140.88,40,0,0,0,0
1049,202001,2020,21,59.0393859,2020-07-12T20:56:01Z,59.0393859,-174.3471931,2020-07-12T21:47:00Z,59.0475995,-174.3492876,125.5,40,16.012878245681083,1.5382837665928908,115.94195243890037,7.105865808742424
1049,202001,2020,27,59.0410023,2020-08-13T07:11:01Z,59.0410023,-178.2500973,2020-08-13T07:24:00Z,59.0328659,-178.2470609,161.46,40,56.7633798258518,6.307739858480273,410.9977596198367,25.189285380469947
1049,202001,2020,23,59.0431356,2020-07-31T02:30:01Z,59.0431356,-175.641066,2020-07-31T02:44:00Z,59.0349383,-175.6387388,134.97,40,0,0,0,0
1049,202001,2020,25,59.0435287,2020-08-03T06:15:01Z,59.0435287,-176.9417396,2020-08-03T06:34:00Z,59.0517014,-176.9443749,141.6,40,0,0,0,0
1049,202001,2020,21,59.0475996,2020-07-12T21:47:01Z,59.0475996,-174.3492875,2020-07-13T05:22:00Z,59.0558131,-174.351383,125.13000000000001,40,38.99476252825626,4.958368931714316,282.3433010012875,17.304293801415888
1049,202001,2020,27,59.0491384,2020-08-13T07:01:00Z,59.0491384,-178.2531353,2020-08-13T07:11:00Z,59.0410022,-178.2500974,155.5,40,111.57930155990897,7.040979687864612,807.8948628810012,49.51436785774386
1049,202001,2020,23,59.0513328,2020-07-31T02:20:00Z,59.0513328,-175.6433944,2020-07-31T02:30:00Z,59.0431355,-175.6410661,135.19,40,0.3250999629194148,0.02615445161657616,2.353900645491848,0.1442661759796727
1049,202001,2020,25,59.0517015,2020-08-03T06:34:01Z,59.0517015,-176.9443748,2020-08-03T06:43:00Z,59.0598741,-176.9470114,142.20000000000002,40,0,0,0,0
1049,202001,2020,21,59.0558132,2020-07-13T05:22:01Z,59.0558132,-174.3513829,2020-07-13T06:49:00Z,59.0640266,-174.3534795,124.76,40,44.159279306713835,5.684875620103489,319.7372129208596,19.59609685091552
1049,202001,2020,27,59.0572745,2020-08-13T06:59:01Z,59.0572745,-178.2561748,2020-08-13T06:59:02Z,59.0491383,-178.2531354,151.68,40,113.17080471024467,9.994442929675092,819.4182117587927,50.22061239710557
1049,202001,2020,23,59.0595299,2020-07-31T02:19:01Z,59.0595299,-175.6457239,2020-07-31T02:19:02Z,59.0513327,-175.6433945,135.52,40,2.4661609871840753,0.19840386211911684,17.85634759072047,1.094382207172051
1049,202001,2020,25,59.0598742,2020-08-03T06:43:01Z,59.0598742,-176.9470113,2020-08-03T06:59:00Z,59.0680467,-176.9496492,142.94,40,0,0,0,0
1049,202001,2020,21,59.0640267,2020-07-13T06:49:01Z,59.0640267,-174.3534794,2020-07-13T07:28:00Z,59.0722401,-174.35557699999998,124.54,40,62.370224469061114,9.40585144418083,451.5943659876276,27.67737559347444
1049,202001,2020,27,59.0654104,2020-08-13T06:35:00Z,59.0654104,-178.2592156,2020-08-13T06:59:00Z,59.0572743,-178.2561749,150.49,40,119.13960975922892,11.900057503564318,862.6356084371852,52.86932595539832
1049,202001,2020,23,59.0677269,2020-07-31T01:55:00Z,59.0677269,-175.6480546,2020-07-31T02:19:00Z,59.0595298,-175.645724,135.77,40,1.209362667516949,0.09729382030814297,8.756443827732854,0.5366660944790508
1049,202001,2020,25,59.0680468,2020-08-03T06:59:01Z,59.0680468,-176.9496491,2020-08-03T07:06:00Z,59.0762193,-176.9522882,143.76,40,0,0,0,0
1049,202001,2020,21,59.0722402,2020-07-13T07:28:01Z,59.0722402,-174.3555768,2020-07-13T08:11:00Z,59.0804535,-174.3576754,124.98,40,2.5227984062072037,0.15222027771319036,18.26643332558283,1.1195155962578274
1049,202001,2020,27,59.0735462,2020-08-13T06:34:01Z,59.0735462,-178.262258,2020-08-13T06:34:02Z,59.0654103,-178.2592157,150.51,40,174.63770821625124,17.58859039427692,1264.4720424017655,77.49713079006888
1049,202001,2020,23,59.0759238,2020-07-31T01:54:01Z,59.0759238,-175.6503864,2020-07-31T01:54:02Z,59.0677268,-175.6480547,136.07,40,0,0,0,0
1049,202001,2020,25,59.0762194,2020-08-03T07:06:01Z,59.0762194,-176.9522881,2020-08-03T07:24:00Z,59.0843917,-176.9549285,144.32,40,0,0,0,0
1049,202001,2020,21,59.0804536,2020-07-13T08:11:01Z,59.0804536,-174.3576753,2020-07-13T16:24:00Z,59.0886668,-174.3597749,123.9,40,0.347059115599134,0.06555043835875347,2.512896860696147,0.1540107571737411
1049,202001,2020,27,59.0816819,2020-08-13T06:10:00Z,59.0816819,-178.2653018,2020-08-13T06:34:00Z,59.0735461,-178.2622581,149.62,40,858.277282913457,93.6996259429018,6214.394588416991,380.8686424453407
1049,202001,2020,23,59.0841207,2020-07-31T01:32:01Z,59.0841207,-175.6527193,2020-07-31T01:54:00Z,59.0759237,-175.6503865,136.19,40,0,0,0,0
1049,202001,2020,25,59.0843918,2020-08-03T07:24:01Z,59.0843918,-176.9549284,2020-08-03T07:24:02Z,59.0925641,-176.9575701,144.85,40,0,0,0,0
1049,202001,2020,21,59.0886669,2020-07-13T16:24:01Z,59.0886669,-174.3597748,2020-07-13T17:14:00Z,59.0968801,-174.3618754,123.55,40,0.7447041277157332,0.05360423777032672,5.392063140176451,0.3304694832230958
1049,202001,2020,27,59.0898175,2020-08-13T05:57:01Z,59.0898175,-178.2683471,2020-08-13T06:09:00Z,59.0816818,-178.2653019,148.81,40,277.07411510354973,29.445293078669916,2006.167372442905,122.9542528703674
1049,202001,2020,23,59.0923175,2020-07-31T01:20:01Z,59.0923175,-175.6550533,2020-07-31T01:32:00Z,59.0841206,-175.6527194,136.64000000000001,40,0,0,0,0
1049,202001,2020,25,59.0925642,2020-08-03T07:25:00Z,59.0925642,-176.95756999999998,2020-08-03T07:49:00Z,59.1007364,-176.960213,145.61,40,0,0,0,0
1049,202001,2020,21,59.0968802,2020-07-13T17:14:01Z,59.0968802,-174.3618753,2020-07-13T17:39:00Z,59.1050932,-174.3639769,122.94,40,0.11075532376291601,0.006682740126965447,0.8019288152358546,0.049148719935803636
1049,202001,2020,27,59.097953,2020-08-13T05:45:00Z,59.097953,-178.2713938,2020-08-13T05:57:00Z,59.0898174,-178.2683472,147.79,40,122.2695134204981,11.702752058161476,885.2978141859294,54.25825023684467
1049,202001,2020,23,59.1005142,2020-07-31T01:10:01Z,59.1005142,-175.6573885,2020-07-31T01:20:00Z,59.0923173,-175.6550534,136.98,40,0.46806684077318117,0.03765620712593055,3.38905864133374,0.20770907697080074
1049,202001,2020,25,59.1007365,2020-08-03T07:49:01Z,59.1007365,-176.9602129,2020-08-03T07:56:00Z,59.1089085,-176.9628571,146.11,40,0,0,0,0
1049,202001,2020,21,59.1050934,2020-07-13T17:39:01Z,59.1050934,-174.3639768,2020-07-13T18:04:00Z,59.1133064,-174.3660795,122.79,40,0.21965763911464023,0.013253673676654481,1.590440841198536,0.09747514990534518
1049,202001,2020,27,59.1060884,2020-08-13T05:30:01Z,59.1060884,-178.274442,2020-08-13T05:44:00Z,59.0979529,-178.2713939,147.01,40,283.5400249465787,37.13545983485993,2052.9840783462846,125.82356137137862
1049,202001,2020,23,59.1087108,2020-07-31T00:59:01Z,59.1087108,-175.6597248,2020-07-31T01:10:00Z,59.100514,-175.6573886,137.13,40,1.0410392618450306,0.06281408976574804,7.537690771889754,0.46197099502072775
1049,202001,2020,25,59.1089087,2020-08-03T07:56:01Z,59.1089087,-176.96285699999999,2020-08-03T08:14:00Z,59.1170807,-176.9655025,146.67000000000002,40,0,0,0,0
1049,202001,2020,21,59.1133065,2020-07-13T18:05:00Z,59.1133065,-174.3660794,2020-07-13T18:54:00Z,59.1215194,-174.3681831,122.46000000000001,40,0,0,0,0
1049,202001,2020,27,59.1142237,2020-08-13T05:17:01Z,59.1142237,-178.2774916,2020-08-13T05:30:00Z,59.1060883,-178.2744421,146.49,40,158.4620780262983,18.34907294120973,1147.3516773194547,70.31904227043313
1049,202001,2020,23,59.1169073,2020-07-31T00:46:01Z,59.1169073,-175.6620622,2020-07-31T00:59:00Z,59.1087107,-175.6597249,137.4,40,0.0835477339838329,0.005041092161004901,0.604931059320588,0.037075095258015216
1049,202001,2020,25,59.1170808,2020-08-03T08:14:01Z,59.1170808,-176.9655024,2020-08-03T15:34:00Z,59.1252527,-176.9681492,147.26,40,0,0,0,0
1049,202001,2020,21,59.1215195,2020-07-13T18:54:01Z,59.1215195,-174.3681829,2020-07-13T19:44:00Z,59.1297324,-174.3702876,122.06,40,2.9598434223281225,1.5291464091229585,21.430877074876744,1.313458445837199
1049,202001,2020,27,59.1223588,2020-08-13T05:04:01Z,59.1223588,-178.2805428,2020-08-13T05:17:00Z,59.1142235,-178.2774917,145.75,40,517.7668203802782,46.581207069035194,3748.913539585685,229.76391185849616
1049,202001,2020,23,59.1251038,2020-07-31T00:39:01Z,59.1251038,-175.6644008,2020-07-31T00:46:00Z,59.1169072,-175.6620623,137.58,40,2.0785238188705275,0.12541369622062706,15.049643546475252,0.9223645562378786
1049,202001,2020,25,59.1252528,2020-08-03T15:34:01Z,59.1252528,-176.9681491,2020-08-03T15:54:00Z,59.1334246,-176.9707971,147.56,40,0,0,0,0
1049,202001,2020,21,59.1297325,2020-07-13T19:44:01Z,59.1297325,-174.3702875,2020-07-13T19:56:00Z,59.1379453,-174.3723932,121.67,40,0,0,0,0
1049,202001,2020,27,59.1304939,2020-08-13T04:54:01Z,59.1304939,-178.2835953,2020-08-13T05:04:00Z,59.1223587,-178.2805429,145.37,40,1100.7295313599807,90.30616107443417,7969.880805623014,488.45911531698397
1049,202001,2020,23,59.1333002,2020-07-31T00:26:01Z,59.1333002,-175.6667405,2020-07-31T00:39:00Z,59.1251037,-175.6644009,137.75,40,0,0,0,0
1049,202001,2020,25,59.1334247,2020-08-03T15:54:01Z,59.1334247,-176.970797,2020-08-03T16:09:00Z,59.1415964,-176.9734464,147.71,40,0.23433315264159818,0.05966301430493493,1.6966995453023983,0.10398754750164078
1049,202001,2020,21,59.1379454,2020-07-13T19:56:01Z,59.1379454,-174.3723931,2020-07-13T20:16:00Z,59.1461581,-174.3744999,121.74000000000001,40,0,0,0,0
1049,202001,2020,27,59.1386289,2020-08-13T04:39:01Z,59.1386289,-178.2866494,2020-08-13T04:54:00Z,59.130493799999996,-178.2835954,145.06,40,967.3834295444768,59.37904255689985,7004.382463763342,429.2855244682906
1049,202001,2020,23,59.1414965,2020-07-31T00:16:00Z,59.1414965,-175.6690813,2020-07-31T00:26:00Z,59.1333001,-175.6667406,137.70000000000002,40,0,0,0,0
1049,202001,2020,25,59.1415965,2020-08-03T16:10:00Z,59.1415965,-176.9734463,2020-08-03T16:24:00Z,59.1497682,-176.9760969,147.9,40,0.03569345981709949,0.0018460005204204637,0.25844007285886483,0.015839309574370714
1049,202001,2020,21,59.1461582,2020-07-13T20:16:01Z,59.1461582,-174.3744997,2020-07-13T20:34:00Z,59.1543709,-174.3766075,121.85000000000001,40,0,0,0,0
1049,202001,2020,27,59.1467637,2020-08-13T04:32:00Z,59.1467637,-178.2897049,2020-08-13T04:39:00Z,59.1386288,-178.2866495,144.98,40,258.8477854999215,18.883775153877917,1874.1988276493075,114.86614713683237
1049,202001,2020,23,59.1496927,2020-07-31T00:14:01Z,59.1496927,-175.6714232,2020-07-31T00:14:02Z,59.1414964,-175.6690814,137.65,40,0.4136330789915226,0.02495773820077485,2.9949285840929862,0.1835535815782192
1049,202001,2020,25,59.1497683,2020-08-03T16:24:01Z,59.1497683,-176.9760968,2020-08-03T16:45:00Z,59.1579398,-176.9787487,147.72,40,0,0,0,0
1049,202001,2020,21,59.154371,2020-07-13T20:35:00Z,59.154371,-174.3766074,2020-07-13T20:59:00Z,59.1625836,-174.3787162,121.69,40,1.815649166310236,0.13146288009955232,13.146288009955251,0.8057114488480792
1049,202001,2020,27,59.1548985,2020-08-13T04:29:01Z,59.1548985,-178.2927619,2020-08-13T04:29:02Z,59.1467636,-178.289705,144.8,40,303.4416659017179,21.213864444825454,2197.0827890012024,134.6551023243072
1049,202001,2020,23,59.1578889,2020-07-30T23:58:01Z,59.1578889,-175.6737663,2020-07-31T00:14:00Z,59.1496926,-175.6714233,137.62,40,1.82145574590561,0.10990275671724269,13.18833080606913,0.8082881733306773
1049,202001,2020,25,59.1579399,2020-08-03T16:45:01Z,59.1579399,-176.9787486,2020-08-03T17:05:00Z,59.1661114,-176.9814018,147.26,40,5.49565751830247,0.8328121950611127,39.79155107729409,2.4387498772368743
1049,202001,2020,21,59.1625837,2020-07-13T21:00:00Z,59.1625837,-174.3787161,2020-07-13T21:24:00Z,59.1707962,-174.3808259,121.4,40,1.3773771349691328,0.0997296000274607,9.972960002746067,0.6112240996874241
1049,202001,2020,27,59.1630331,2020-08-13T04:09:01Z,59.1630331,-178.2958203,2020-08-13T04:29:00Z,59.1548984,-178.29276199999998,145.09,40,592.4827366500856,39.68253039155461,4289.897432529437,262.9198046745602
1049,202001,2020,23,59.166084999999995,2020-07-30T23:51:00Z,59.166084999999995,-175.6761105,2020-07-30T23:58:00Z,59.1578888,-175.6737664,137.6,40,0.1562310324171994,0.009426647441765993,1.131197693011922,0.0693289947306839
1049,202001,2020,25,59.1661115,2020-08-03T17:05:01Z,59.1661115,-176.9814016,2020-08-03T17:24:00Z,59.1742829,-176.9840561,146.97,40,1.7446781913690597,0.37657924094311246,12.63241953016514,0.7742174090814531
1049,202001,2020,21,59.1707963,2020-07-13T21:24:01Z,59.1707963,-174.3808257,2020-07-13T21:37:00Z,59.1790088,-174.3829366,121.37,40,0.16465506883574504,0.011921923009017324,1.192192300901732,0.07306724037520376
1049,202001,2020,27,59.1711677,2020-08-13T04:04:01Z,59.1711677,-178.2988803,2020-08-13T04:09:00Z,59.163033,-178.2958204,145.21,40,790.5129039627182,54.7614570560745,5723.743608573484,350.797559904849
1049,202001,2020,23,59.174281,2020-07-30T23:49:01Z,59.174281,-175.6784559,2020-07-30T23:49:02Z,59.1660849,-175.6761107,137.57,40,0,0,0,0
1049,202001,2020,25,59.174282999999996,2020-08-03T17:24:01Z,59.174282999999996,-176.984056,2020-08-03T17:49:00Z,59.1824543,-176.9867117,146.99,40,12.906256719253191,1.6600044170723791,93.44832201615519,5.727273194307154
1049,202001,2020,21,59.1790089,2020-07-13T21:37:01Z,59.1790089,-174.3829365,2020-07-13T21:52:00Z,59.1872213,-174.3850483,121.36,40,0,0,0,0
1049,202001,2020,27,59.1793021,2020-08-13T03:43:01Z,59.1793021,-178.3019417,2020-08-13T04:04:00Z,59.1711676,-178.2988804,145.18,40,1303.144451477493,77.70492099400893,9435.474978083434,578.2826459761457
1049,202001,2020,25,59.1824544,2020-08-03T17:49:01Z,59.1824544,-176.9867116,2020-08-03T17:58:00Z,59.1906256,-176.9893687,146.63,40,9.035603262485564,1.552396273851979,65.42268464436926,4.0096342018696705
1049,202001,2020,23,59.1824769,2020-07-30T23:28:01Z,59.1824769,-175.6808024,2020-07-30T23:49:00Z,59.1742809,-175.67845599999998,137.57,40,0,0,0,0
1049,202001,2020,21,59.1872214,2020-07-13T21:52:01Z,59.1872214,-174.3850482,2020-07-13T22:12:00Z,59.1954337,-174.3871611,121.2,40,0.17514673417983298,0.012681576673815054,1.268157667381502,0.07772301586424991
1049,202001,2020,27,59.1874364,2020-08-13T03:39:01Z,59.1874364,-178.3050045,2020-08-13T03:43:00Z,59.179302,-178.3019418,145.35,40,769.6890871859445,54.77428545588973,5572.967843137295,341.5567947300121
1049,202001,2020,25,59.1906257,2020-08-03T17:58:01Z,59.1906257,-176.9893685,2020-08-03T18:14:00Z,59.1987968,-176.9920269,146.84,40,8.445076470318227,1.514059812354758,61.14694931428715,3.7475823660143637
1049,202001,2020,23,59.1906728,2020-07-30T23:24:01Z,59.1906728,-175.68315,2020-07-30T23:28:00Z,59.1824768,-175.6808025,137.53,40,0,0,0,0
1049,202001,2020,21,59.195433800000004,2020-07-13T22:12:01Z,59.195433800000004,-174.387161,2020-07-13T22:39:00Z,59.2036461,-174.3892749,121.05,40,0,0,0,0
1049,202001,2020,27,59.1955707,2020-08-13T03:18:01Z,59.1955707,-178.3080689,2020-08-13T03:39:00Z,59.1874363,-178.3050046,145.46,40,228.97312160427924,15.500403269040238,1657.8900037530846,101.60898315502462
1049,202001,2020,25,59.1987969,2020-08-03T18:15:00Z,59.1987969,-176.9920267,2020-08-03T18:39:00Z,59.2069679,-176.9946863,146.74,40,9.007778182858749,1.6555591073330191,65.22121592592877,3.9972865602457133
1049,202001,2020,23,59.1988685,2020-07-30T23:05:01Z,59.1988685,-175.6854988,2020-07-30T23:24:00Z,59.1906726,-175.6831501,137.48,40,0.2566323447089237,0.01548464858930585,1.8581578307167075,0.1138830243823525
1049,202001,2020,21,59.2036462,2020-07-13T22:39:01Z,59.2036462,-174.3892748,2020-07-13T22:47:00Z,59.2118584,-174.3913897,121.07000000000001,40,0,0,0,0
1049,202001,2020,27,59.2037048,2020-08-13T03:14:01Z,59.2037048,-178.3111347,2020-08-13T03:18:00Z,59.1955706,-178.308069,144.93,40,231.10032245857312,16.81225086568155,1673.2920955252525,102.55294860501682
1049,202001,2020,25,59.2069681,2020-08-03T18:40:00Z,59.2069681,-176.9946862,2020-08-03T19:04:00Z,59.215139,-176.9973471,146.65,40,0.7574130752363838,0.20700390914519445,5.484082836222362,0.3361091985988403
1049,202001,2020,23,59.2070642,2020-07-30T22:59:01Z,59.2070642,-175.6878487,2020-07-30T23:05:00Z,59.1988684,-175.6854989,137.42000000000002,40,0.12931860250318464,0.007802808792840028,0.9363370551408057,0.05738635002795822
1049,202001,2020,27,59.2118388,2020-08-13T02:53:01Z,59.2118388,-178.314202,2020-08-13T03:14:00Z,59.2037047,-178.3111348,145.45000000000002,40,116.05458498577794,9.718038015048483,840.2983502585843,51.50031710386963
1049,202001,2020,21,59.2118585,2020-07-13T22:47:01Z,59.2118585,-174.3913896,2020-07-13T23:04:00Z,59.2200706,-174.3935055,121.10000000000001,40,0.18576946808470132,0.013450720415666414,1.345072041566638,0.08243695426382101
1049,202001,2020,25,59.2151391,2020-08-03T19:04:01Z,59.2151391,-176.997347,2020-08-03T19:29:00Z,59.22331,-177.0000092,146.84,40,0,0,0,0
1049,202001,2020,23,59.2152599,2020-07-30T22:45:01Z,59.2152599,-175.6901997,2020-07-30T22:59:00Z,59.2070641,-175.6878488,137.36,40,0,0,0,0
1049,202001,2020,27,59.2199727,2020-08-13T02:49:01Z,59.2199727,-178.3172707,2020-08-13T02:53:00Z,59.2118387,-178.3142021,146.14000000000001,40,144.9776980293449,9.586499277649896,1049.7174281677444,64.33522141684706
1049,202001,2020,21,59.2200707,2020-07-13T23:04:01Z,59.2200707,-174.3935054,2020-07-13T23:13:00Z,59.2282827,-174.3956224,121.15,40,0,0,0,0
1049,202001,2020,25,59.2233101,2020-08-03T19:29:01Z,59.2233101,-177.0000091,2020-08-03T19:54:00Z,59.2314808,-177.0026725,146.49,40,0.13091281803856417,0.07855402873736961,0.947880043162349,0.05809379821377545
1049,202001,2020,23,59.2234554,2020-07-30T22:35:00Z,59.2234554,-175.6925519,2020-07-30T22:45:00Z,59.2152598,-175.6901999,137.4,40,0,0,0,0
1049,202001,2020,27,59.2281065,2020-08-13T02:28:01Z,59.2281065,-178.32034099999998,2020-08-13T02:49:00Z,59.2199726,-178.3172708,146.61,40,172.29804141981137,22.27013731462205,1247.5315815880535,76.45888157355742
1049,202001,2020,21,59.2282829,2020-07-13T23:13:01Z,59.2282829,-174.3956223,2020-07-13T23:29:00Z,59.2364948,-174.3977403,121.23,40,0.653286576339908,0.04730150320315015,4.730150320315013,0.2899020822428481
1049,202001,2020,25,59.2314809,2020-08-03T19:54:01Z,59.2314809,-177.0026724,2020-08-03T20:22:00Z,59.2396516,-177.0053371,146.81,40,20.530683530549386,3.850000404401848,148.65332121532202,9.110684531008058
1049,202001,2020,23,59.2316509,2020-07-30T22:34:01Z,59.2316509,-175.6949053,2020-07-30T22:34:02Z,59.2234553,-175.69255199999998,137.35,40,0,0,0,0
1049,202001,2020,27,59.2362402,2020-08-13T02:24:01Z,59.2362402,-178.3234127,2020-08-13T02:28:00Z,59.2281064,-178.3203411,148.47,40,135.81423872946777,10.82497625556481,983.3689962355456,60.26884989201753
1049,202001,2020,21,59.2364949,2020-07-13T23:29:01Z,59.2364949,-174.3977402,2020-07-13T23:35:00Z,59.2447069,-174.3998592,121.26,40,1.9988082973423045,0.1447245979075914,14.47245979075912,0.8869900414153326
1049,202001,2020,25,59.2396517,2020-08-03T20:22:01Z,59.2396517,-177.005337,2020-08-03T20:47:00Z,59.2478223,-177.0080031,146.6,40,12.686224692270406,2.21209488068175,91.85517040305567,5.629631906252835
1049,202001,2020,23,59.2398463,2020-07-30T22:12:01Z,59.2398463,-175.6972597,2020-07-30T22:34:00Z,59.2316508,-175.6949054,137.27,40,0,0,0,0
1049,202001,2020,27,59.2443738,2020-08-13T02:03:01Z,59.2443738,-178.3264859,2020-08-13T02:24:00Z,59.2362401,-178.3234128,151.59,40,261.0462553531703,23.613884458611,1890.1169457573048,115.84173887755925
1049,202001,2020,21,59.244707,2020-07-13T23:35:01Z,59.244707,-174.3998591,2020-07-13T23:54:00Z,59.2529188,-174.4019792,121.29,40,1.5804714066369254,0.11443473050122258,11.443473050122254,0.7013490990069472
1049,202001,2020,25,59.2478224,2020-08-03T20:47:01Z,59.2478224,-177.008003,2020-08-03T21:13:00Z,59.2559929,-177.0106703,147,40,43.146052620667255,7.639903745090573,312.40090033288857,19.146467948826935
1049,202001,2020,23,59.2480416,2020-07-30T22:02:01Z,59.2480416,-175.6996153,2020-07-30T22:12:00Z,59.2398462,-175.6972598,137.17000000000002,40,0,0,0,0
1049,202001,2020,27,59.2525073,2020-08-13T01:59:01Z,59.2525073,-178.3295606,2020-08-13T02:03:00Z,59.2443737,-178.326486,158.82,40,116.96853145295677,6.652885612105243,846.9158200353203,51.905889472091346
1049,202001,2020,21,59.2529189,2020-07-13T23:54:01Z,59.2529189,-174.4019791,2020-07-14T00:01:00Z,59.2611307,-174.4041002,121.32000000000001,40,0.3612128381006632,0.026153775138259755,2.6153775138259676,0.16029160507921814
1049,202001,2020,25,59.255993,2020-08-03T21:13:01Z,59.255993,-177.0106702,2020-08-03T21:34:00Z,59.2641635,-177.0133388,147.06,40,13.459928562823148,2.3507152463828525,97.45720746254644,5.972970298982777
1049,202001,2020,23,59.2562369,2020-07-30T21:52:01Z,59.2562369,-175.7019721,2020-07-30T22:02:00Z,59.2480415,-175.6996154,137.13,40,0,0,0,0
1049,202001,2020,27,59.2606407,2020-08-13T01:37:01Z,59.2606407,-178.3326367,2020-08-13T01:59:00Z,59.2525072,-178.3295607,168.59,40,355.13506679447704,22.247178200370925,2571.371142147821,157.5945367161565
1049,202001,2020,21,59.2611308,2020-07-14T00:01:01Z,59.2611308,-174.4041001,2020-07-14T00:19:00Z,59.2693425,-174.4062222,121.29,40,0,0,0,0
1049,202001,2020,25,59.2641636,2020-08-03T21:35:00Z,59.2641636,-177.0133387,2020-08-03T22:24:00Z,59.2723339,-177.0160086,147.3,40,0.40707708945746124,0.032262048179101555,2.947459652206673,0.18064429936437837
1049,202001,2020,23,59.2644321,2020-07-30T21:44:01Z,59.2644321,-175.70433,2020-07-30T21:52:00Z,59.2562368,-175.7019722,137.13,40,0,0,0,0
1049,202001,2020,27,59.268774,2020-08-13T01:34:01Z,59.268774,-178.3357144,2020-08-13T01:37:00Z,59.2606406,-178.3326368,191.94,40,10.254767190756313,0.4125005274091193,74.25009493364158,4.5506496982866125
1049,202001,2020,21,59.2693426,2020-07-14T00:19:01Z,59.2693426,-174.4062221,2020-07-14T00:26:00Z,59.2775543,-174.4083453,121.25,40,0.6085513570872423,0.044062429887685856,4.4062429887685886,0.2700504066067174
1049,202001,2020,25,59.272334,2020-08-03T22:24:01Z,59.272334,-177.0160085,2020-08-03T23:14:00Z,59.2805042,-177.0186797,147.71,40,0,0,0,0
1049,202001,2020,23,59.2726272,2020-07-30T21:29:01Z,59.2726272,-175.70668899999998,2020-07-30T21:44:00Z,59.264432,-175.7043301,137.01,40,0,0,0,0
1049,202001,2020,27,59.2769072,2020-08-13T01:15:01Z,59.2769072,-178.3387935,2020-08-13T01:34:00Z,59.2687739,-178.3357145,233.65,40,11.443041295653565,0.4602991449553623,82.85384609196522,5.077957544125058
1049,202001,2020,21,59.2775544,2020-07-14T00:26:01Z,59.2775544,-174.4083452,2020-07-14T00:44:00Z,59.285765999999995,-174.4104694,121.12,40,0,0,0,0
1049,202001,2020,25,59.2805044,2020-08-03T23:14:01Z,59.2805044,-177.0186796,2020-08-04T00:04:00Z,59.2886745,-177.02135199999998,147.4,40,1.7500411967921126,0.2964982725859117,12.671250607885781,0.7765972933398032
1049,202001,2020,23,59.2808222,2020-07-30T21:19:01Z,59.2808222,-175.7090492,2020-07-30T21:29:00Z,59.2726271,-175.7066891,136.94,40,0,0,0,0
1049,202001,2020,27,59.2850403,2020-08-13T01:02:01Z,59.2850403,-178.3418741,2020-08-13T01:15:00Z,59.2769071,-178.3387936,300.40000000000003,40,5.296000917036191,0.21303293685748653,38.34592863434753,2.350150376593671
1049,202001,2020,21,59.285766100000004,2020-07-14T00:44:01Z,59.285766100000004,-174.4104693,2020-07-14T00:49:00Z,59.2939776,-174.4125945,120.98,40,0,0,0,0
1049,202001,2020,25,59.2886746,2020-08-04T00:04:01Z,59.2886746,-177.0213519,2020-08-04T00:37:00Z,59.2968447,-177.0240257,148.12,40,0.24826523380945306,0.012839824246877964,1.7975753945629147,0.11017003997403474
1049,202001,2020,23,59.2890172,2020-07-30T21:07:01Z,59.2890172,-175.7114106,2020-07-30T21:19:00Z,59.2808221,-175.7090493,136.84,40,0,0,0,0
1049,202001,2020,27,59.2931732,2020-08-13T00:51:01Z,59.2931732,-178.3449562,2020-08-13T01:02:00Z,59.2850401,-178.3418742,300.64,40,1.5194623441891588,0.0611207457660576,11.001734237890375,0.6742757519034717
1049,202001,2020,21,59.2939777,2020-07-14T00:49:01Z,59.2939777,-174.4125944,2020-07-14T00:59:00Z,59.3021891,-174.4147207,120.92,40,0,0,0,0
1049,202001,2020,25,59.2968448,2020-08-04T00:37:01Z,59.2968448,-177.0240256,2020-08-04T01:19:00Z,59.3050148,-177.0267007,148.29,40,0.1918981398607555,0.0198492422906545,1.3894469603458122,0.08515661019065066
1049,202001,2020,23,59.297211999999995,2020-07-30T20:56:00Z,59.297211999999995,-175.713773,2020-07-30T21:07:00Z,59.289016999999994,-175.7114107,136.79,40,0,0,0,0
1049,202001,2020,27,59.3013061,2020-08-13T00:44:01Z,59.3013061,-178.3480398,2020-08-13T00:51:00Z,59.2931731,-178.3449563,301.27,40,0,0,0,0
1049,202001,2020,21,59.3021893,2020-07-14T00:59:01Z,59.3021893,-174.4147205,2020-07-14T01:12:00Z,59.3104006,-174.4168479,120.87,40,0,0,0,0
1049,202001,2020,25,59.3050149,2020-08-04T01:19:01Z,59.3050149,-177.0267006,2020-08-04T01:44:00Z,59.3131848,-177.029377,148.45000000000002,40,10.150545421555522,1.1198807436397022,73.49547260888649,4.504400304834172
1049,202001,2020,23,59.3054068,2020-07-30T20:41:01Z,59.3054068,-175.7161367,2020-07-30T20:54:00Z,59.2972119,-175.7137732,136.63,40,0,0,0,0
1049,202001,2020,27,59.3094389,2020-08-13T00:28:01Z,59.3094389,-178.3511249,2020-08-13T00:44:00Z,59.301306,-178.3480399,300.99,40,0,0,0,0
1049,202001,2020,21,59.3104007,2020-07-14T01:12:01Z,59.3104007,-174.4168477,2020-07-14T01:34:00Z,59.3186121,-174.4189761,120.82000000000001,40,0.19115840184960933,0.01384090854592073,1.384090854592077,0.0848283444685124
1049,202001,2020,25,59.3131849,2020-08-04T01:44:01Z,59.3131849,-177.0293769,2020-08-04T01:55:00Z,59.3213547,-177.0320545,148.67000000000002,40,22.782089380828484,2.5664285637528885,164.9547247487015,10.109767119887158
1049,202001,2020,23,59.3136016,2020-07-30T20:31:00Z,59.3136016,-175.7185015,2020-07-30T20:41:00Z,59.3054067,-175.7161368,136.58,40,0,0,0,0
1049,202001,2020,27,59.3175715,2020-08-13T00:21:00Z,59.3175715,-178.3542114,2020-08-13T00:28:00Z,59.3094388,-178.351125,300.82,40,0,0,0,0
1049,202001,2020,21,59.3186122,2020-07-14T01:34:01Z,59.3186122,-174.418976,2020-07-14T01:37:00Z,59.3268234,-174.4211054,120.82000000000001,40,0,0,0,0
1049,202001,2020,25,59.3213548,2020-08-04T01:55:01Z,59.3213548,-177.0320544,2020-08-04T02:15:00Z,59.3295246,-177.0347334,149.04,40,10.281637005581176,1.0093538359857828,74.44464701507682,4.5625734321414395
1049,202001,2020,23,59.3217962,2020-07-30T20:16:01Z,59.3217962,-175.7208674,2020-07-30T20:29:00Z,59.3136015,-175.7185016,136.41,40,0,0,0,0
1049,202001,2020,27,59.3257041,2020-08-13T00:19:01Z,59.3257041,-178.3572995,2020-08-13T00:19:02Z,59.3175714,-178.3542115,300.62,40,0,0,0,0
1049,202001,2020,21,59.3268235,2020-07-14T01:37:01Z,59.3268235,-174.4211052,2020-07-14T01:59:00Z,59.3350347,-174.4232357,120.89,40,0.9165964600303981,0.06636657167063131,6.636657167063144,0.4067483275532342
1049,202001,2020,25,59.3295247,2020-08-04T02:15:01Z,59.3295247,-177.0347333,2020-08-04T02:38:00Z,59.3376943,-177.0374136,148.83,40,12.681078999519372,1.0357805821859036,91.81791278733836,5.627348456543117
1049,202001,2020,23,59.3299908,2020-07-30T20:06:00Z,59.3299908,-175.7232345,2020-07-30T20:16:00Z,59.3217961,-175.7208675,136.35,40,0,0,0,0
1049,202001,2020,27,59.3338366,2020-08-12T23:55:00Z,59.3338366,-178.360389,2020-08-13T00:19:00Z,59.325703999999995,-178.3572996,301.15000000000003,40,0,0,0,0
1049,202001,2020,21,59.3350348,2020-07-14T01:59:01Z,59.3350348,-174.4232356,2020-07-14T02:03:00Z,59.3432459,-174.425367,121.01,40,1.8878114083103998,0.13668781911519973,13.668781911520012,0.8377341246121607
1049,202001,2020,25,59.3376944,2020-08-04T02:38:01Z,59.3376944,-177.0374135,2020-08-04T03:03:00Z,59.345864,-177.040095,148.68,40,8.195067522333629,0.8376586485921568,59.33674848019613,3.636638536422543
1049,202001,2020,23,59.3381853,2020-07-30T19:51:01Z,59.3381853,-175.7256027,2020-07-30T20:04:00Z,59.3299907,-175.7232346,136.21,40,0,0,0,0
1049,202001,2020,27,59.3419689,2020-08-12T23:54:01Z,59.3419689,-178.36347999999998,2020-08-12T23:54:02Z,59.3338364,-178.3603891,300.63,40,0,0,0,0
1049,202001,2020,21,59.3432461,2020-07-14T02:03:01Z,59.3432461,-174.4253669,2020-07-14T02:24:00Z,59.3514571,-174.4274994,120.93,40,3.3203004749366563,0.2404078229045389,24.040782290453887,1.4734146639731787
1049,202001,2020,25,59.3458641,2020-08-04T03:03:01Z,59.3458641,-177.0400949,2020-08-04T03:24:00Z,59.3540336,-177.0427778,149.24,40,27.012769205410674,2.7978891218834687,195.58714894378477,11.987171210019634
1049,202001,2020,23,59.3463798,2020-07-30T19:41:00Z,59.3463798,-175.7279721,2020-07-30T19:51:00Z,59.3381852,-175.7256028,136.06,40,0,0,0,0
1049,202001,2020,27,59.3501012,2020-08-12T23:35:01Z,59.3501012,-178.3665726,2020-08-12T23:54:00Z,59.3419688,-178.3634801,301.04,40,0,0,0,0
1049,202001,2020,21,59.3514572,2020-07-14T02:24:01Z,59.3514572,-174.4274993,2020-07-14T02:28:00Z,59.3596682,-174.4296328,120.84,40,5.123818057783082,0.3709923103432664,37.09923103432661,2.2737426081933725
1049,202001,2020,25,59.3540337,2020-08-04T03:25:00Z,59.3540337,-177.0427777,2020-08-04T03:54:00Z,59.3622031,-177.0454619,149.85,40,27.77145163567124,2.813438436360098,201.080422601144,12.323843696887273
1049,202001,2020,23,59.3545741,2020-07-30T19:25:01Z,59.3545741,-175.7303426,2020-07-30T19:39:00Z,59.3463796,-175.7279722,135.94,40,0,0,0,0
1049,202001,2020,27,59.3582333,2020-08-12T23:29:01Z,59.3582333,-178.3696666,2020-08-12T23:35:00Z,59.350100999999995,-178.3665727,300.74,40,0,0,0,0
1049,202001,2020,21,59.3596683,2020-07-14T02:28:01Z,59.3596683,-174.4296327,2020-07-14T02:49:00Z,59.3678792,-174.4317673,120.74000000000001,40,8.37487929148077,0.6063868353937487,60.63868353937485,3.7164317055698057
1049,202001,2020,25,59.3622032,2020-08-04T03:54:01Z,59.3622032,-177.0454618,2020-08-04T04:26:00Z,59.3703725,-177.0481472,149.76,40,6.4157956234617135,0.6301054974738457,46.45385168239404,2.84706984323272
1049,202001,2020,23,59.3627684,2020-07-30T19:15:00Z,59.3627684,-175.7327143,2020-07-30T19:25:00Z,59.354574,-175.7303428,135.86,40,0,0,0,0
1049,202001,2020,27,59.3663653,2020-08-12T23:13:01Z,59.3663653,-178.3727621,2020-08-12T23:29:00Z,59.3582332,-178.3696667,301.03000000000003,40,0,0,0,0
1049,202001,2020,21,59.3678793,2020-07-14T02:49:01Z,59.3678793,-174.4317672,2020-07-14T02:55:00Z,59.3760902,-174.4339028,120.7,40,3.6258159771965395,0.26252880783235244,26.252880783235227,1.6089900507488084
1049,202001,2020,25,59.3703726,2020-08-04T04:26:01Z,59.3703726,-177.0481471,2020-08-04T05:04:00Z,59.3785418,-177.0508339,149.76,40,6.8105057665641136,0.6663790506840187,49.31176791310497,3.022226193465487
1049,202001,2020,23,59.3709626,2020-07-30T19:03:01Z,59.3709626,-175.7350872,2020-07-30T19:14:00Z,59.3627683,-175.7327145,135.87,40,0,0,0,0
1049,202001,2020,27,59.3744973,2020-08-12T23:05:00Z,59.3744973,-178.3758591,2020-08-12T23:13:00Z,59.3663652,-178.3727622,300.8,40,0,0,0,0
1049,202001,2020,21,59.3760903,2020-07-14T02:55:01Z,59.3760903,-174.4339027,2020-07-14T03:14:00Z,59.3843011,-174.4360394,120.7,40,6.38875974451018,0.46258097206312426,46.25809720631239,2.8350724168548096
1049,202001,2020,25,59.3785419,2020-08-04T05:04:01Z,59.3785419,-177.0508338,2020-08-04T05:27:00Z,59.386711,-177.0535219,150.19,40,11.567136627677518,0.6787181678548575,83.75236382642007,5.133026018594435
1049,202001,2020,23,59.3791568,2020-07-30T18:50:00Z,59.3791568,-175.7374612,2020-07-30T19:03:00Z,59.3709625,-175.7350873,135.82,40,0,0,0,0
1049,202001,2020,27,59.3826291,2020-08-12T22:52:01Z,59.3826291,-178.3789576,2020-08-12T23:04:00Z,59.3744972,-178.3758592,301,40,0,0,0,0
1049,202001,2020,21,59.3843012,2020-07-14T03:14:01Z,59.3843012,-174.4360393,2020-07-14T03:21:00Z,59.3925119,-174.438177,120.72,40,12.66504731176363,0.9170183464381076,91.70183464381078,5.620234243836809
1049,202001,2020,25,59.3867111,2020-08-04T05:27:01Z,59.3867111,-177.0535218,2020-08-04T06:02:00Z,59.3948802,-177.0562112,149.82,40,10.21925091303424,0.528520983968359,73.99293775557024,4.534889014938687
1049,202001,2020,23,59.3873508,2020-07-30T18:49:01Z,59.3873508,-175.7398364,2020-07-30T18:49:02Z,59.3791567,-175.7374613,135.82,40,0,0,0,0
1049,202001,2020,27,59.3907609,2020-08-12T22:40:00Z,59.3907609,-178.3820576,2020-08-12T22:52:00Z,59.382628999999994,-178.3789577,300.74,40,0,0,0,0
1049,202001,2020,21,59.392511999999996,2020-07-14T03:21:01Z,59.392511999999996,-174.4381769,2020-07-14T03:39:00Z,59.4007227,-174.4403156,120.73,40,10.671665946806504,0.7726866879676593,77.2686687967661,4.735652454872445
1049,202001,2020,25,59.3948803,2020-08-04T06:02:01Z,59.3948803,-177.0562111,2020-08-04T07:09:00Z,59.4030493,-177.0589018,149.94,40,6.349574738260973,0.3402450644851665,45.974376437243976,2.8176837006072044
1049,202001,2020,23,59.3955448,2020-07-30T18:27:01Z,59.3955448,-175.7422127,2020-07-30T18:49:00Z,59.3873507,-175.7398365,135.8,40,0,0,0,0
1049,202001,2020,27,59.3988925,2020-08-12T22:39:01Z,59.3988925,-178.3851591,2020-08-12T22:39:02Z,59.3907607,-178.3820577,300.63,40,0,0,0,0
1049,202001,2020,21,59.4007228,2020-07-14T03:39:01Z,59.4007228,-174.4403155,2020-07-14T03:43:00Z,59.4089334,-174.4424553,120.68,40,13.204480115162673,0.9560762169071746,95.60762169071745,5.859612640086166
1049,202001,2020,25,59.4030494,2020-08-04T07:09:01Z,59.4030494,-177.0589017,2020-08-04T16:19:00Z,59.4112182,-177.0615937,150.1,40,4.940752474742845,0.44429613721427064,35.773736591890845,2.1925055284301527
1049,202001,2020,23,59.4037388,2020-07-30T18:24:01Z,59.4037388,-175.7445902,2020-07-30T18:27:00Z,59.3955447,-175.7422128,135.76,40,0,0,0,0
1049,202001,2020,27,59.407024,2020-08-12T22:17:01Z,59.407024,-178.3882622,2020-08-12T22:39:00Z,59.3988924,-178.3851592,300.93,40,0,0,0,0
1049,202001,2020,21,59.4089335,2020-07-14T03:43:01Z,59.4089335,-174.4424552,2020-07-14T04:04:00Z,59.4171441,-174.444596,120.73,40,21.111131954687824,1.528560836763958,152.8560836763958,9.368263995957541
1049,202001,2020,25,59.4112184,2020-08-04T16:19:01Z,59.4112184,-177.0615936,2020-08-04T17:47:00Z,59.4193871,-177.0642869,149.91,40,21.422066564015413,2.2127707521491464,155.10741945333464,9.506244162625675
1049,202001,2020,23,59.4119326,2020-07-30T18:07:01Z,59.4119326,-175.7469688,2020-07-30T18:24:00Z,59.4037387,-175.7445903,135.74,40,0,0,0,0
1049,202001,2020,27,59.4151554,2020-08-12T22:05:01Z,59.4151554,-178.3913667,2020-08-12T22:17:00Z,59.4070239,-178.3882623,301.1,40,0,0,0,0
1049,202001,2020,21,59.4171442,2020-07-14T04:04:01Z,59.4171442,-174.4445959,2020-07-14T04:09:00Z,59.4253546,-174.4467378,120.75,40,6.290628458420331,0.45547573293619337,45.54757329361942,2.7915257327487306
1049,202001,2020,25,59.4193873,2020-08-04T17:47:01Z,59.4193873,-177.0642868,2020-08-04T19:00:00Z,59.427555999999996,-177.0669814,149.25,40,8.037841872690178,0.7332614681225533,58.19834921721212,3.5668681709131413
1049,202001,2020,23,59.4201264,2020-07-30T17:57:01Z,59.4201264,-175.7493486,2020-07-30T18:07:00Z,59.4119325,-175.7469689,135.77,40,0,0,0,0
1049,202001,2020,27,59.4232868,2020-08-12T21:50:00Z,59.4232868,-178.3944727,2020-08-12T22:05:00Z,59.4151553,-178.3913668,300.7,40,0,0,0,0
1049,202001,2020,21,59.4253547,2020-07-14T04:09:01Z,59.4253547,-174.4467377,2020-07-14T04:29:00Z,59.4335652,-174.4488806,120.76,40,1.1216526814148267,0.08121375798047953,8.121375798047954,0.49774396057121034
1049,202001,2020,25,59.4275561,2020-08-04T19:00:01Z,59.4275561,-177.0669813,2020-08-04T19:43:00Z,59.4357247,-177.0696773,149.07,40,11.33346060983137,1.023655302589314,82.06042229463849,5.0293300808585775
1049,202001,2020,23,59.4283201,2020-07-30T17:47:01Z,59.4283201,-175.7517296,2020-07-30T17:57:00Z,59.4201263,-175.7493487,135.82,40,0,0,0,0
1049,202001,2020,27,59.431418,2020-08-12T21:37:01Z,59.431418,-178.3975802,2020-08-12T21:49:00Z,59.4232867,-178.3944728,300.99,40,0,0,0,0
1049,202001,2020,21,59.4335653,2020-07-14T04:29:01Z,59.4335653,-174.4488805,2020-07-14T04:37:00Z,59.4417756,-174.4510245,120.74000000000001,40,5.220142451801139,0.3779667206513936,37.79667206513939,2.3164874668939217
1049,202001,2020,25,59.4357248,2020-08-04T19:43:01Z,59.4357248,-177.0696771,2020-08-04T20:13:00Z,59.4438934,-177.0723744,148.94,40,7.020356943923221,0.7227467769642956,50.8312046346812,3.115349633439348
1049,202001,2020,23,59.4365137,2020-07-30T17:37:01Z,59.4365137,-175.7541117,2020-07-30T17:47:00Z,59.42832,-175.7517297,135.91,40,0,0,0,0
1049,202001,2020,27,59.4395491,2020-08-12T21:27:00Z,59.4395491,-178.4006892,2020-08-12T21:37:00Z,59.4314179,-178.3975803,300.64,40,0,0,0,0
1049,202001,2020,21,59.4417757,2020-07-14T04:37:01Z,59.4417757,-174.4510244,2020-07-14T04:54:00Z,59.449985999999996,-174.4531694,120.8,40,4.133301140104937,0.29927349527618696,29.927349527618684,1.8341913800930492
1049,202001,2020,25,59.4438935,2020-08-04T20:13:01Z,59.4438935,-177.0723743,2020-08-04T20:34:00Z,59.4520619,-177.0750729,148.85,40,31.044080432791308,2.847859467345548,224.77603600207703,13.776103604030045
1049,202001,2020,23,59.4447073,2020-07-30T17:14:01Z,59.4447073,-175.756495,2020-07-30T17:37:00Z,59.4365136,-175.7541118,135.91,40,0,0,0,0
1049,202001,2020,27,59.4476801,2020-08-12T21:09:01Z,59.4476801,-178.4037997,2020-08-12T21:24:00Z,59.439549,-178.4006893,300.94,40,0,0,0,0
1049,202001,2020,21,59.4499861,2020-07-14T04:54:01Z,59.4499861,-174.4531693,2020-07-14T05:07:00Z,59.4581963,-174.4553154,120.72,40,1.1500435107383762,0.08326940852164308,8.3269408521643,0.5103426589611432
1049,202001,2020,25,59.452062,2020-08-04T20:34:01Z,59.452062,-177.0750728,2020-08-04T20:54:00Z,59.4602304,-177.0777726,148.68,40,71.6419889571314,5.962552592338067,518.7269864202142,31.791808567462787
1049,202001,2020,23,59.4529008,2020-07-30T17:09:01Z,59.4529008,-175.7588794,2020-07-30T17:14:00Z,59.4447072,-175.7564951,136.01,40,0,0,0,0
1049,202001,2020,27,59.4558111,2020-08-12T20:59:01Z,59.4558111,-178.4069118,2020-08-12T21:09:00Z,59.44768,-178.4037999,301.04,40,0,0,0,0
1049,202001,2020,21,59.4581964,2020-07-14T05:07:01Z,59.4581964,-174.4553153,2020-07-14T05:25:00Z,59.4664066,-174.4574624,120.66,40,0.26491733588851263,0.01918145675410381,1.9181456754103803,0.11755956739014388
1049,202001,2020,25,59.4602305,2020-08-04T20:54:01Z,59.4602305,-177.0777725,2020-08-04T21:19:00Z,59.4683988,-177.0804737,148.45000000000002,40,47.110460979960926,2.5503713956821037,341.1053742188109,20.905711563871318
1049,202001,2020,23,59.4610942,2020-07-30T16:54:01Z,59.4610942,-175.76126499999998,2020-07-30T17:09:00Z,59.4529007,-175.7588795,136.13,40,0,0,0,0
1049,202001,2020,27,59.4639419,2020-08-12T20:41:01Z,59.4639419,-178.4100253,2020-08-12T20:59:00Z,59.4558109,-178.4069119,300.69,40,0,0,0,0
1049,202001,2020,21,59.4664067,2020-07-14T05:25:01Z,59.4664067,-174.4574623,2020-07-14T05:44:00Z,59.4746168,-174.4596105,120.54,40,5.217084491104867,0.3795475366517298,37.77453076560738,2.3151304679820006
1049,202001,2020,25,59.4683989,2020-08-04T21:19:01Z,59.4683989,-177.0804736,2020-08-04T21:29:00Z,59.4765671,-177.0831761,148.33,40,34.995522916428285,1.8099044992316644,253.3866298924325,15.529593489414106
1049,202001,2020,23,59.4692876,2020-07-30T16:46:00Z,59.4692876,-175.7636518,2020-07-30T16:54:00Z,59.4610941,-175.7612652,136.16,40,0,0,0,0
1049,202001,2020,27,59.4720726,2020-08-12T20:34:01Z,59.4720726,-178.4131404,2020-08-12T20:41:00Z,59.4639418,-178.4100254,300.94,40,0,0,0,0
1049,202001,2020,21,59.4746169,2020-07-14T05:45:00Z,59.4746169,-174.4596104,2020-07-14T06:09:00Z,59.4828269,-174.4617596,120.47,40,6.50992707786628,0.47484089531068135,47.13541463704414,2.888841564288615
1049,202001,2020,25,59.4765672,2020-08-04T21:29:01Z,59.4765672,-177.08317599999998,2020-08-04T21:44:00Z,59.4847353,-177.0858798,148.27,40,14.38502548805327,0.7439672330247621,104.15541262346639,6.3834907881733125
1049,202001,2020,23,59.4774808,2020-07-30T16:44:01Z,59.4774808,-175.7660398,2020-07-30T16:44:02Z,59.4692875,-175.7636519,136.41,40,0,0,0,0
1049,202001,2020,27,59.4802032,2020-08-12T20:10:00Z,59.4802032,-178.4162569,2020-08-12T20:34:00Z,59.4720725,-178.4131405,300.69,40,0,0,0,0
1049,202001,2020,21,59.482827,2020-07-14T06:09:01Z,59.482827,-174.4617595,2020-07-14T06:18:00Z,59.491037,-174.4639098,120.47,40,0,0,0,0
1049,202001,2020,25,59.4847355,2020-08-04T21:45:00Z,59.4847355,-177.0858797,2020-08-04T22:00:00Z,59.4929035,-177.0885849,148.23,40,15.40065377076855,0.8387121121067447,111.50911407822747,6.834185421443555
1049,202001,2020,23,59.4856741,2020-07-30T16:24:01Z,59.4856741,-175.7684289,2020-07-30T16:44:00Z,59.4774807,-175.7660399,136.44,40,0,0,0,0
1049,202001,2020,27,59.4883337,2020-08-12T20:09:01Z,59.4883337,-178.419375,2020-08-12T20:09:02Z,59.4802031,-178.4162571,301.02,40,0,0,0,0
1049,202001,2020,21,59.4910371,2020-07-14T06:18:01Z,59.4910371,-174.4639097,2020-07-14T06:34:00Z,59.499247,-174.4660611,120.46000000000001,40,0,0,0,0
1049,202001,2020,25,59.4929036,2020-08-04T22:00:01Z,59.4929036,-177.0885848,2020-08-04T22:15:00Z,59.5010716,-177.0912912,148.34,40,6.65092852602854,0.34397387037403926,48.156341852365614,2.951412287309607
1049,202001,2020,23,59.4938672,2020-07-30T16:19:01Z,59.4938672,-175.7708192,2020-07-30T16:24:00Z,59.4856739,-175.768429,136.55,40,0,0,0,0
1049,202001,2020,27,59.4964641,2020-08-12T19:45:00Z,59.4964641,-178.4224946,2020-08-12T20:09:00Z,59.4883336,-178.4193751,300.69,40,0,0,0,0
1049,202001,2020,21,59.4992471,2020-07-14T06:35:00Z,59.4992471,-174.4660609,2020-07-14T06:59:00Z,59.5074569,-174.4682133,120.35000000000001,40,0.24743383474358702,0.0187708514781982,1.7915556128925967,0.10980109879400976
1049,202001,2020,25,59.5010717,2020-08-04T22:15:01Z,59.5010717,-177.0912911,2020-08-04T22:34:00Z,59.5092395,-177.0939989,148.57,40,4.182144919666803,0.23153783607528966,30.281005071613432,1.8558662681321203
1049,202001,2020,23,59.5020602,2020-07-30T16:04:01Z,59.5020602,-175.7732106,2020-07-30T16:19:00Z,59.4938671,-175.7708193,136.71,40,0,0,0,0
1049,202001,2020,27,59.5045944,2020-08-12T19:30:01Z,59.5045944,-178.4256157,2020-08-12T19:44:00Z,59.496463999999996,-178.4224947,300.94,40,0,0,0,0
1049,202001,2020,21,59.507456999999995,2020-07-14T06:59:01Z,59.507456999999995,-174.4682132,2020-07-14T07:06:00Z,59.5156668,-174.4703667,120.3,40,0,0,0,0
1049,202001,2020,25,59.5092397,2020-08-04T22:34:01Z,59.5092397,-177.0939988,2020-08-04T22:47:00Z,59.5174074,-177.0967079,148.77,40,7.207177287439908,0.5598294144199732,52.18388558624423,3.1982529235914976
1049,202001,2020,23,59.5102532,2020-07-30T15:56:00Z,59.5102532,-175.7756032,2020-07-30T16:04:00Z,59.5020601,-175.7732107,136.84,40,0,0,0,0
1049,202001,2020,27,59.5127246,2020-08-12T19:20:00Z,59.5127246,-178.4287383,2020-08-12T19:30:00Z,59.5045943,-178.4256158,300.63,40,0,0,0,0
1049,202001,2020,21,59.5156669,2020-07-14T07:06:01Z,59.5156669,-174.4703666,2020-07-14T07:24:00Z,59.5238766,-174.4725211,120.27,40,0,0,0,0
1049,202001,2020,25,59.5174076,2020-08-04T22:47:01Z,59.5174076,-177.0967078,2020-08-04T23:05:00Z,59.5255753,-177.0994182,149.42000000000002,40,17.27752492209183,0.9465154597085903,125.09868257565608,7.667064703792453
1049,202001,2020,23,59.5184462,2020-07-30T15:54:01Z,59.5184462,-175.777997,2020-07-30T15:54:02Z,59.5102531,-175.7756033,136.87,40,0,0,0,0
1049,202001,2020,27,59.5208547,2020-08-12T19:05:01Z,59.5208547,-178.4318625,2020-08-12T19:19:00Z,59.5127245,-178.4287384,300.93,40,0,0,0,0
1049,202001,2020,21,59.5238767,2020-07-14T07:24:01Z,59.5238767,-174.472521,2020-07-14T07:49:00Z,59.5320864,-174.4746765,120.2,40,0,0,0,0
1049,202001,2020,25,59.5255754,2020-08-04T23:05:01Z,59.5255754,-177.0994181,2020-08-04T23:30:00Z,59.533742999999994,-177.1021299,150.32,40,28.60659026429155,1.493470231057019,207.12728074081042,12.694444343168566
1049,202001,2020,23,59.526638999999996,2020-07-30T15:33:01Z,59.526638999999996,-175.780392,2020-07-30T15:54:00Z,59.518446,-175.7779971,136.89000000000001,40,0,0,0,0
1049,202001,2020,27,59.5289847,2020-08-12T18:54:01Z,59.5289847,-178.4349881,2020-08-12T19:05:00Z,59.5208546,-178.4318626,300.92,40,0,0,0,0
1049,202001,2020,21,59.5320865,2020-07-14T07:49:01Z,59.5320865,-174.4746764,2020-07-14T07:53:00Z,59.5402961,-174.476833,120.2,40,0,0,0,0
1049,202001,2020,25,59.5337431,2020-08-04T23:30:01Z,59.5337431,-177.1021298,2020-08-04T23:49:00Z,59.5419106,-177.1048428,151.33,40,27.532155893028154,1.4239127943119476,199.34779120367241,12.217653953248663
1049,202001,2020,23,59.5348318,2020-07-30T15:22:00Z,59.5348318,-175.7827881,2020-07-30T15:33:00Z,59.5266389,-175.7803921,136.9,40,0,0,0,0
1049,202001,2020,27,59.537114700000004,2020-08-12T18:37:01Z,59.537114700000004,-178.4381153,2020-08-12T18:54:00Z,59.5289846,-178.4349882,300.68,40,0.8797838856788348,0.03538952275539646,6.370114095971373,0.3904124003449501
1049,202001,2020,21,59.5402962,2020-07-14T07:53:01Z,59.5402962,-174.4768329,2020-07-14T08:14:00Z,59.5485057,-174.4789906,120.01,40,0,0,0,0
1049,202001,2020,25,59.5419108,2020-08-04T23:50:00Z,59.5419108,-177.1048427,2020-08-05T00:14:00Z,59.5500782,-177.1075571,153.04,40,39.020504913494285,2.315301416118876,282.5296898789857,17.315717227753854
1049,202001,2020,27,59.5452445,2020-08-12T18:29:01Z,59.5452445,-178.44124399999998,2020-08-12T18:37:00Z,59.5371145,-178.4381154,300.84000000000003,40,0,0,0,0
1049,202001,2020,21,59.5485058,2020-07-14T08:14:01Z,59.5485058,-174.4789905,2020-07-14T08:21:00Z,59.5567153,-174.4811492,119.88,40,0,0,0,0
1049,202001,2020,25,59.5500783,2020-08-05T00:14:01Z,59.5500783,-177.10755699999999,2020-08-05T00:39:00Z,59.5582457,-177.1102727,155.17000000000002,40,20.334589694732628,1.2323805483059094,147.23349513302725,9.023666041149042
1049,202001,2020,23,59.5512171,2020-07-30T07:59:01Z,59.5512171,-175.7875839,2020-07-30T08:16:00Z,59.5430244,-175.7851855,137.63,40,0,0,0,0
1049,202001,2020,27,59.5533742,2020-08-12T18:02:01Z,59.5533742,-178.4443742,2020-08-12T18:29:00Z,59.5452443,-178.4412441,300.71,40,8.253687441003269,0.3320066032852347,59.761188591342346,3.6626516784320504
1049,202001,2020,21,59.5567154,2020-07-14T08:21:01Z,59.5567154,-174.4811491,2020-07-14T08:39:00Z,59.5649248,-174.4833089,119.75,40,0,0,0,0
1049,202001,2020,25,59.5582458,2020-08-05T00:39:01Z,59.5582458,-177.1102726,2020-08-05T00:44:00Z,59.5664131,-177.11298970000001,157.32,40,49.38181069124085,3.028262107354156,357.5511821589515,21.913644429246983
1049,202001,2020,23,59.5594097,2020-07-30T07:16:01Z,59.5594097,-175.7899835,2020-07-30T07:59:00Z,59.551216999999994,-175.78758399999998,137.54,40,0.5848140009136186,0.03528643010499883,4.234371612599859,0.2595167308342443
1049,202001,2020,27,59.5615038,2020-08-12T17:49:01Z,59.5615038,-178.4475059,2020-08-12T18:02:00Z,59.553374,-178.4443743,300.87,40,0,0,0,0
1049,202001,2020,21,59.5649249,2020-07-14T08:39:01Z,59.5649249,-174.4833088,2020-07-14T08:49:00Z,59.5731342,-174.4854697,119.59,40,0,0,0,0
1049,202001,2020,25,59.5664132,2020-08-05T00:44:01Z,59.5664132,-177.1129896,2020-08-05T00:59:00Z,59.5745804,-177.1157079,160.08,40,53.33111056571113,2.817175100538761,386.146262392968,23.666183511597037
1049,202001,2020,23,59.5676022,2020-07-30T06:48:01Z,59.5676022,-175.7923844,2020-07-30T07:16:00Z,59.5594096,-175.7899837,137.49,40,0,0,0,0
1049,202001,2020,27,59.5696333,2020-08-12T17:39:01Z,59.5696333,-178.4506392,2020-08-12T17:49:00Z,59.5615036,-178.44750599999998,300.90000000000003,40,1.0140819883837358,0.04079169690185118,7.3425054423332226,0.45000845057078165
1049,202001,2020,21,59.5731343,2020-07-14T08:49:01Z,59.5731343,-174.4854696,2020-07-14T14:43:00Z,59.5813436,-174.4876315,119.27,40,4.416177260788983,0.36263175322902874,31.975526577818652,1.9597203276837554
1049,202001,2020,25,59.5745805,2020-08-05T00:59:01Z,59.5745805,-177.1157078,2020-08-05T01:12:00Z,59.5827477,-177.1184275,164.05,40,4.524158164696785,0.20473354427194157,32.75736708351066,2.0076378726312107
1049,202001,2020,23,59.5757946,2020-07-30T06:20:00Z,59.5757946,-175.7947864,2020-07-30T06:48:00Z,59.5676021,-175.7923845,137.6,40,0,0,0,0
1049,202001,2020,27,59.5777627,2020-08-12T17:19:01Z,59.5777627,-178.4537739,2020-08-12T17:39:00Z,59.5696331,-178.4506393,300.61,40,29.549314129500942,1.1886284141081422,213.9531145394658,13.112786953291373
1049,202001,2020,21,59.5813437,2020-07-14T14:43:01Z,59.5813437,-174.4876314,2020-07-14T14:54:00Z,59.5895529,-174.4897943,118.71000000000001,40,30.0064706345512,2.495796054626056,217.2631764129436,13.315654465842215
1049,202001,2020,25,59.5827478,2020-08-05T01:12:01Z,59.5827478,-177.1184274,2020-08-05T01:27:00Z,59.5909148,-177.1211484,167.51,40,4.025351062586172,0.18216082638599085,29.145732221758514,1.7862875146465873
1049,202001,2020,23,59.583987,2020-07-30T05:54:01Z,59.583987,-175.7971896,2020-07-30T06:19:00Z,59.5757945,-175.7947865,137.68,40,0,0,0,0
1049,202001,2020,27,59.585891999999994,2020-08-12T17:14:01Z,59.585891999999994,-178.4569102,2020-08-12T17:19:00Z,59.5777625,-178.453774,300.93,40,75.932122412406855,3.0543882625288155,549.7898872551868,33.69559576718162
1049,202001,2020,21,59.589552999999995,2020-07-14T14:55:00Z,59.589552999999995,-174.4897942,2020-07-14T15:05:00Z,59.5977622,-174.4919583,118.46000000000001,40,2.923070190000094,0.2916283670858908,21.164618861444637,1.2971399770230643
1049,202001,2020,25,59.5909149,2020-08-05T01:27:01Z,59.5909149,-177.1211483,2020-08-05T01:40:00Z,59.5990819,-177.1238707,170.44,40,0,0,0,0
1049,202001,2020,23,59.5921793,2020-07-30T05:17:01Z,59.5921793,-175.7995939,2020-07-30T05:54:00Z,59.5839869,-175.7971897,137.64000000000001,40,0.20723793371459773,0.028937981540163207,1.5005154155065459,0.09196378844972314
1049,202001,2020,27,59.5940212,2020-08-12T16:49:01Z,59.5940212,-178.4600481,2020-08-12T17:14:00Z,59.5858918,-178.4569103,300.66,40,56.71688523098527,2.281450630285679,410.66111345142315,25.16865296530483
1049,202001,2020,21,59.5977623,2020-07-14T15:05:01Z,59.5977623,-174.4919582,2020-07-14T15:19:00Z,59.6059714,-174.4941233,118.39,40,2.232996947971509,0.21441481710774016,16.16811306285621,0.9909134647855455
1049,202001,2020,25,59.599081999999996,2020-08-05T01:40:01Z,59.599081999999996,-177.1238706,2020-08-05T01:54:00Z,59.6072489,-177.1265943,173.73,40,0,0,0,0
1049,202001,2020,23,59.6003715,2020-07-30T04:40:00Z,59.6003715,-175.8019995,2020-07-30T05:17:00Z,59.5921792,-175.799594,137.66,40,0,0,0,0
1049,202001,2020,27,59.6021503,2020-08-12T16:31:01Z,59.6021503,-178.4631874,2020-08-12T16:49:00Z,59.594021,-178.4600482,300.78000000000003,40,19.447967209304416,0.7822992547412151,140.81386585341895,8.630218947640675
1049,202001,2020,21,59.6059715,2020-07-14T15:19:01Z,59.6059715,-174.4941232,2020-07-14T15:28:00Z,59.6141805,-174.4962893,118.23,40,7.327953426550371,0.709035014542392,53.05837055775621,3.2518484748877445
1049,202001,2020,25,59.607248999999996,2020-08-05T01:55:00Z,59.607248999999996,-177.1265942,2020-08-05T02:05:00Z,59.6154158,-177.1293192,177.84,40,0,0,0,0
1049,202001,2020,23,59.6085636,2020-07-30T04:14:01Z,59.6085636,-175.8044062,2020-07-30T04:39:00Z,59.6003714,-175.8019996,137.67000000000002,40,0,0,0,0
1049,202001,2020,27,59.6102793,2020-08-12T16:24:01Z,59.6102793,-178.4663283,2020-08-12T16:31:00Z,59.6021501,-178.4631875,300.86,40,47.02235630274299,1.8914858245036879,340.4674484106632,20.866614282056783
1049,202001,2020,21,59.6141806,2020-07-14T15:28:01Z,59.6141806,-174.4962892,2020-07-14T15:44:00Z,59.6223896,-174.4984565,118.04,40,0,0,0,0
1049,202001,2020,25,59.6154159,2020-08-05T02:05:01Z,59.6154159,-177.1293191,2020-08-05T02:19:00Z,59.6235826,-177.1320454,182.24,40,0,0,0,0
1049,202001,2020,23,59.6167557,2020-07-30T03:49:01Z,59.6167557,-175.8068141,2020-07-30T04:14:00Z,59.6085635,-175.8044063,137.65,40,0,0,0,0
1049,202001,2020,27,59.6184082,2020-08-12T15:51:01Z,59.6184082,-178.4694707,2020-08-12T16:24:00Z,59.6102791,-178.4663284,300.74,40,72.05349012052399,2.898369326528989,521.7064787752181,31.974416091378593
1049,202001,2020,21,59.6223897,2020-07-14T15:44:01Z,59.6223897,-174.4984563,2020-07-14T15:53:00Z,59.6305986,-174.5006247,117.83,40,0,0,0,0
1049,202001,2020,25,59.6235827,2020-08-05T02:20:00Z,59.6235827,-177.1320453,2020-08-05T02:28:00Z,59.6317494,-177.134773,185.18,40,0,0,0,0
1049,202001,2020,23,59.6249477,2020-07-30T03:24:01Z,59.6249477,-175.8092232,2020-07-30T03:49:00Z,59.6167556,-175.8068142,137.69,40,0.05644603411456727,0.003405833366465952,0.4087000039759153,0.02504846022681739
1049,202001,2020,27,59.626537,2020-08-12T07:48:01Z,59.626537,-178.47261459999999,2020-08-12T15:51:00Z,59.618407999999995,-178.4694708,300.64,40,34.14331106708927,1.3734230685766775,247.21615234380187,15.151416440346956
1049,202001,2020,21,59.6305987,2020-07-14T15:53:01Z,59.6305987,-174.5006245,2020-07-14T16:09:00Z,59.6388076,-174.5027939,117.72,40,1.0466514268546823,0.17720934013477513,7.578325900605841,0.4644614461965405
1049,202001,2020,25,59.6317495,2020-08-05T02:28:01Z,59.6317495,-177.1347729,2020-08-05T02:44:00Z,59.639916,-177.1375019,183.97,40,0,0,0,0
1049,202001,2020,23,59.6331397,2020-07-30T02:45:01Z,59.6331397,-175.8116334,2020-07-30T03:24:00Z,59.6249476,-175.8092233,137.75,40,0,0,0,0
1049,202001,2020,27,59.6346657,2020-08-12T07:39:01Z,59.6346657,-178.4757601,2020-08-12T07:48:00Z,59.6265369,-178.4726147,300.6,40,0,0,0,0
1049,202001,2020,21,59.6388077,2020-07-14T16:09:01Z,59.6388077,-174.5027938,2020-07-14T16:19:00Z,59.6470165,-174.5049642,117.5,40,0.18053689140853246,0.0326769670332547,1.3071853389505796,0.08011494899254258
1049,202001,2020,25,59.6399162,2020-08-05T02:44:01Z,59.6399162,-177.1375018,2020-08-05T02:53:00Z,59.6480826,-177.1402322,181.17000000000002,40,0,0,0,0
1049,202001,2020,23,59.6413315,2020-07-30T02:15:01Z,59.6413315,-175.8140449,2020-07-30T02:45:00Z,59.6331396,-175.8116335,137.67000000000002,40,0.16366257230343245,0.00987505071589831,1.1850060859077975,0.07262681067443104
1049,202001,2020,27,59.6427943,2020-08-12T07:26:01Z,59.6427943,-178.4789071,2020-08-12T07:39:00Z,59.6346656,-178.4757602,300.62,40,0,0,0,0
1049,202001,2020,21,59.6470166,2020-07-14T16:19:01Z,59.6470166,-174.5049641,2020-07-14T16:34:00Z,59.6552253,-174.5071356,117.34,40,0,0,0,0
1049,202001,2020,25,59.6480827,2020-08-05T02:53:01Z,59.6480827,-177.1402321,2020-08-05T03:09:00Z,59.6562491,-177.1429638,178.83,40,2.004750888918657,0.09072179617269224,14.515487387630724,0.8896271224978115
1049,202001,2020,23,59.6495233,2020-07-30T01:45:00Z,59.6495233,-175.8164575,2020-07-30T02:15:00Z,59.6413314,-175.814045,137.59,40,0,0,0,0
1049,202001,2020,27,59.650922800000004,2020-08-12T07:16:00Z,59.650922800000004,-178.4820556,2020-08-12T07:26:00Z,59.6427942,-178.4789072,300.62,40,0,0,0,0
1049,202001,2020,21,59.6552254,2020-07-14T16:34:01Z,59.6552254,-174.5071355,2020-07-14T16:44:00Z,59.6634341,-174.5093081,117.11,40,0,0,0,0
1049,202001,2020,25,59.6562492,2020-08-05T03:09:01Z,59.6562492,-177.1429637,2020-08-05T03:16:00Z,59.6644156,-177.1456967,176.42000000000002,40,0,0,0,0
1049,202001,2020,23,59.6577151,2020-07-30T01:15:01Z,59.6577151,-175.8188713,2020-07-30T01:44:00Z,59.6495232,-175.8164576,137.6,40,0,0,0,0
1049,202001,2020,27,59.6590512,2020-08-12T07:01:01Z,59.6590512,-178.4852057,2020-08-12T07:14:00Z,59.6509227,-178.4820557,300.59000000000003,40,1.4502698746886302,0.05833746169624124,10.50074310532343,0.6435709407069667
1049,202001,2020,21,59.6634342,2020-07-14T16:44:01Z,59.6634342,-174.50930799999998,2020-07-14T16:59:00Z,59.6716428,-174.5114816,116.84,40,0,0,0,0
1049,202001,2020,25,59.6644157,2020-08-05T03:16:01Z,59.6644157,-177.1456966,2020-08-05T03:34:00Z,59.6725819,-177.14843100000002,174.03,40,0,0,0,0
1049,202001,2020,23,59.6659067,2020-07-30T00:54:01Z,59.6659067,-175.8212863,2020-07-30T01:15:00Z,59.657714999999996,-175.8188714,137.51,40,0,0,0,0
1049,202001,2020,27,59.6671795,2020-08-12T06:50:00Z,59.6671795,-178.4883573,2020-08-12T07:01:00Z,59.6590511,-178.4852058,300.62,40,4.72434599904611,0.1900379774614815,34.206835943066636,2.0964731129673906
1049,202001,2020,21,59.6716429,2020-07-14T16:59:01Z,59.6716429,-174.5114815,2020-07-14T17:09:00Z,59.6798514,-174.5136562,116.53,40,0,0,0,0
1049,202001,2020,25,59.672582,2020-08-05T03:34:01Z,59.672582,-177.1484309,2020-08-05T03:34:02Z,59.6807482,-177.1511666,172.38,40,0,0,0,0
1049,202001,2020,23,59.6740983,2020-07-30T00:08:01Z,59.6740983,-175.8237025,2020-07-30T00:54:00Z,59.6659066,-175.8212864,137.43,40,0,0,0,0
1049,202001,2020,27,59.6753077,2020-08-12T06:35:01Z,59.6753077,-178.4915105,2020-08-12T06:49:00Z,59.6671794,-178.4883574,300.58,40,0,0,0,0
1049,202001,2020,21,59.6798515,2020-07-14T17:09:01Z,59.6798515,-174.5136561,2020-07-14T17:24:00Z,59.68806,-174.5158319,116.42,40,0,0,0,0
1049,202001,2020,25,59.6807483,2020-08-05T03:35:00Z,59.6807483,-177.1511665,2020-08-05T03:59:00Z,59.6889143,-177.1539035,168.63,40,0,0,0,0
1049,202001,2020,23,59.6822899,2020-07-29T23:14:01Z,59.6822899,-175.8261199,2020-07-30T00:08:00Z,59.6740982,-175.8237026,137.19,40,0,0,0,0
1049,202001,2020,27,59.6834358,2020-08-12T06:25:00Z,59.6834358,-178.4946651,2020-08-12T06:35:00Z,59.6753076,-178.4915106,300.62,40,1.8096493134355687,0.07279358783401783,13.102845810123204,0.8030489575241921
1049,202001,2020,21,59.6880601,2020-07-14T17:24:01Z,59.6880601,-174.5158318,2020-07-14T17:32:00Z,59.6962685,-174.5180086,116.24000000000001,40,0,0,0,0
1049,202001,2020,25,59.6889145,2020-08-05T03:59:01Z,59.6889145,-177.1539034,2020-08-05T03:59:02Z,59.6970804,-177.1566418,165.45000000000002,40,0,0,0,0
1049,202001,2020,23,59.6904813,2020-07-29T22:24:01Z,59.6904813,-175.8285385,2020-07-29T23:14:00Z,59.6822898,-175.82612,137.01,40,0,0,0,0
1049,202001,2020,27,59.6915638,2020-08-12T06:13:01Z,59.6915638,-178.4978214,2020-08-12T06:24:00Z,59.6834357,-178.4946652,296.75,40,1.623187712046229,0.06529312414879791,11.752762346783634,0.7203048625759131
1049,202001,2020,21,59.6962687,2020-07-14T17:32:01Z,59.6962687,-174.5180085,2020-07-14T17:49:00Z,59.704477,-174.5201865,116.15,40,0,0,0,0
1049,202001,2020,25,59.6970806,2020-08-05T04:01:00Z,59.6970806,-177.1566417,2020-08-05T04:09:00Z,59.7052465,-177.1593814,161.77,40,0.7658280714779758,0.034656324926947035,5.545011988311514,0.33984343257953964
1049,202001,2020,23,59.6986727,2020-07-29T20:24:01Z,59.6986727,-175.8309582,2020-07-29T22:24:00Z,59.6904812,-175.8285386,136.68,40,0,0,0,0
1049,202001,2020,27,59.6996917,2020-08-12T06:00:00Z,59.6996917,-178.5009791,2020-08-12T06:13:00Z,59.6915637,-178.4978215,245.58,40,9.467142981310548,0.3808181502519444,68.54726704535001,4.201134023829526
1049,202001,2020,21,59.7044771,2020-07-14T17:49:01Z,59.7044771,-174.5201864,2020-07-14T17:57:00Z,59.7126854,-174.5223654,116.02,40,0,0,0,0
1049,202001,2020,25,59.7052466,2020-08-05T04:09:01Z,59.7052466,-177.1593813,2020-08-05T04:24:00Z,59.7134124,-177.1621224,159.86,40,0,0,0,0
1049,202001,2020,23,59.706863999999996,2020-07-29T19:10:01Z,59.706863999999996,-175.8333792,2020-07-29T20:24:00Z,59.6986726,-175.8309583,136.28,40,0,0,0,0
1049,202001,2020,27,59.7078195,2020-08-12T05:59:01Z,59.7078195,-178.5041384,2020-08-12T05:59:02Z,59.6996916,-178.5009792,204.68,40,15.84063513613994,0.6371934366333716,114.69481859400689,7.029431303708328
1049,202001,2020,21,59.7126855,2020-07-14T17:57:01Z,59.7126855,-174.5223652,2020-07-14T18:10:00Z,59.7208938,-174.5245453,115.78,40,0.4335483844018739,0.04185501643786148,3.1391262328396072,0.19239118626207719
1049,202001,2020,25,59.7134125,2020-08-05T04:24:01Z,59.7134125,-177.1621223,2020-08-05T04:24:02Z,59.7215783,-177.1648647,157.32,40,0,0,0,0
1049,202001,2020,23,59.7150553,2020-07-29T16:59:01Z,59.7150553,-175.83580130000001,2020-07-29T19:10:00Z,59.7068639,-175.8333793,135.88,40,0.13332160852109098,0.008044341642327335,0.9653209970792832,0.059162721718194665
1049,202001,2020,27,59.7159472,2020-08-12T05:40:01Z,59.7159472,-178.5072993,2020-08-12T05:59:00Z,59.7078194,-178.5041385,199.54,40,35.46318480946086,1.426515313843104,256.7727564917585,15.73712286700419
1049,202001,2020,21,59.7208939,2020-07-14T18:10:01Z,59.7208939,-174.5245452,2020-07-14T18:22:00Z,59.7291021,-174.5267264,115.54,40,5.369031240229249,0.5183294388819214,38.87470791614409,2.382558271577755
1049,202001,2020,25,59.7215784,2020-08-05T04:27:00Z,59.7215784,-177.1648646,2020-08-05T04:37:00Z,59.7297441,-177.1676084,154.59,40,0,0,0,0
1049,202001,2020,23,59.7232465,2020-07-29T15:53:01Z,59.7232465,-175.8382246,2020-07-29T16:59:00Z,59.7150552,-175.8358014,135.94,40,0,0,0,0
1049,202001,2020,27,59.7240748,2020-08-12T05:27:01Z,59.7240748,-178.5104617,2020-08-12T05:40:00Z,59.7159471,-178.5072994,189.69,40,2.4326486004150065,0.09785388707573761,17.613699673632773,1.0795107693419466
1049,202001,2020,21,59.7291022,2020-07-14T18:22:01Z,59.7291022,-174.5267263,2020-07-14T18:39:00Z,59.7373103,-174.5289085,115.35000000000001,40,10.842915929826061,1.0785541680693769,78.50861186520046,4.811646250642084
1049,202001,2020,25,59.7297442,2020-08-05T04:37:01Z,59.7297442,-177.1676083,2020-08-05T04:49:00Z,59.7379098,-177.1703534,152.62,40,0,0,0,0
1049,202001,2020,23,59.7314376,2020-07-29T15:06:00Z,59.7314376,-175.8406491,2020-07-29T15:53:00Z,59.7232464,-175.8382247,135.64000000000001,40,0.817930901554653,0.04935220692961853,5.922264831554205,0.36296455503486313
1049,202001,2020,27,59.7322023,2020-08-12T05:15:00Z,59.7322023,-178.5136256,2020-08-12T05:27:00Z,59.7240747,-178.5104618,183.12,40,18.488179038933616,0.7436915399960329,133.86447719928586,8.204303891094685
1049,202001,2020,21,59.7373104,2020-07-14T18:39:01Z,59.7373104,-174.5289084,2020-07-14T18:47:00Z,59.7455185,-174.5310917,115.25,40,12.246200763804154,1.2135533216238632,88.66915770730733,5.434367136213122
1049,202001,2020,25,59.7379099,2020-08-05T04:49:01Z,59.7379099,-177.1703533,2020-08-05T04:57:00Z,59.7460754,-177.1730998,149.63,40,0,0,0,0
1049,202001,2020,23,59.7396287,2020-07-29T07:58:01Z,59.7396287,-175.8430749,2020-07-29T08:32:00Z,59.7314375,-175.8406493,136.44,40,0,0,0,0
1049,202001,2020,27,59.7403298,2020-08-12T05:09:01Z,59.7403298,-178.5167911,2020-08-12T05:14:00Z,59.7322022,-178.5136257,177.61,40,78.43838111095984,3.584520900245763,567.9365640967212,34.80777171210985
1049,202001,2020,21,59.7455186,2020-07-14T18:47:01Z,59.7455186,-174.5310916,2020-07-14T19:04:00Z,59.7537266,-174.533276,115.16,40,38.02357297580211,3.812103987622173,275.3113601364297,16.873319273994298
1049,202001,2020,25,59.7460755,2020-08-05T04:57:01Z,59.7460755,-177.1730997,2020-08-05T05:07:00Z,59.7542409,-177.1758475,147.51,40,1.2566799798266213,0.06499319227245583,9.099046918143802,0.5576635982721976
1049,202001,2020,23,59.7478196,2020-07-29T07:28:01Z,59.7478196,-175.8455018,2020-07-29T07:58:00Z,59.7396285,-175.843075,136.36,40,0.07994413740785244,0.0048236588257798705,0.5788390590935831,0.03547596527620402
1049,202001,2020,27,59.7484571,2020-08-12T04:52:01Z,59.7484571,-178.5199581,2020-08-12T05:09:00Z,59.7403296,-178.5167912,171.27,40,175.42514903268412,7.952733644127126,1270.1735424248448,77.84656508214613
1049,202001,2020,21,59.7537267,2020-07-14T19:04:01Z,59.7537267,-174.5332758,2020-07-14T19:13:00Z,59.7619347,-174.5354613,115.04,40,26.291546790876975,2.6259410671837973,190.3651061854013,11.667121958579408
1049,202001,2020,25,59.754241,2020-08-05T05:07:01Z,59.754241,-177.1758474,2020-08-05T05:14:00Z,59.7624064,-177.1785965,146.11,40,0,0,0,0
1049,202001,2020,23,59.7560106,2020-07-29T07:06:01Z,59.7560106,-175.8479299,2020-07-29T07:28:00Z,59.7478195,-175.8455019,136.31,40,0,0,0,0
1049,202001,2020,27,59.7565843,2020-08-12T04:44:01Z,59.7565843,-178.5231267,2020-08-12T04:52:00Z,59.748456999999995,-178.5199582,166.64000000000001,40,334.29366681860057,16.82317870390142,2420.468064781645,148.34596883081403
1049,202001,2020,21,59.7619348,2020-07-14T19:13:01Z,59.7619348,-174.5354612,2020-07-14T19:29:00Z,59.7701427,-174.5376477,114.85000000000001,40,23.340513766495587,2.4184239897891597,168.99802118612993,10.357573209960323
1049,202001,2020,25,59.7624065,2020-08-05T05:15:00Z,59.7624065,-177.1785964,2020-08-05T05:27:00Z,59.7705718,-177.1813469,144.64000000000001,40,0,0,0,0
1049,202001,2020,23,59.7642014,2020-07-29T06:35:00Z,59.7642014,-175.8503592,2020-07-29T07:06:00Z,59.7560104,-175.84793,136.09,40,0.22713127316614273,0.013704616822982548,1.644554018757902,0.10079164553210414
1049,202001,2020,27,59.7647114,2020-08-12T04:29:01Z,59.7647114,-178.5262968,2020-08-12T04:44:00Z,59.7565842,-178.5231268,161.27,40,213.73730001156628,9.672339777143094,1547.57436434289,94.84794356784363
1049,202001,2020,21,59.7701428,2020-07-14T19:29:01Z,59.7701428,-174.5376476,2020-07-14T19:38:00Z,59.7783506,-174.5398352,114.72,40,15.420079094275902,1.6113043013210404,111.64976399135644,6.8428055920348045
1049,202001,2020,25,59.7705719,2020-08-05T05:27:01Z,59.7705719,-177.1813468,2020-08-05T05:37:00Z,59.7787371,-177.1840987,143.04,40,0,0,0,0
1049,202001,2020,23,59.7723922,2020-07-29T06:10:00Z,59.7723922,-175.8527897,2020-07-29T06:34:00Z,59.7642013,-175.8503593,135.86,40,0,0,0,0
1049,202001,2020,27,59.7728384,2020-08-12T04:21:00Z,59.7728384,-178.5294685,2020-08-12T04:29:00Z,59.7647113,-178.5262969,158.66,40,233.98415708580177,12.679663353528213,1694.1726275608953,103.8326774308585
1049,202001,2020,21,59.7783507,2020-07-14T19:38:01Z,59.7783507,-174.5398351,2020-07-14T20:03:00Z,59.7865585,-174.5420238,114.47,40,41.22009362097453,4.317043482913066,298.4559091004802,18.291805470602725
1049,202001,2020,25,59.7787372,2020-08-05T05:37:01Z,59.7787372,-177.1840986,2020-08-05T05:47:00Z,59.7869023,-177.1868518,141.86,40,2.0367036311732725,0.1053345902121524,14.746842629701355,0.9038064533588247
1049,202001,2020,23,59.7805829,2020-07-29T05:45:00Z,59.7805829,-175.8552214,2020-07-29T06:09:00Z,59.7723921,-175.8527898,135.76,40,0.10139576237197326,0.006118004145407246,0.7341604974488672,0.04499532625777053
1049,202001,2020,27,59.7809654,2020-08-12T04:19:01Z,59.7809654,-178.5326417,2020-08-12T04:19:02Z,59.7728383,-178.5294686,155.21,40,303.8596561634945,20.88852833285945,2200.1092659597653,134.84058944685788
1049,202001,2020,21,59.7865586,2020-07-14T20:03:01Z,59.7865586,-174.5420237,2020-07-14T20:19:00Z,59.7947663,-174.5442135,114.15,40,46.77678330979468,4.756235384092328,338.6893663050073,20.75763894936713
1049,202001,2020,25,59.7869024,2020-08-05T05:47:01Z,59.7869024,-177.1868517,2020-08-05T06:04:00Z,59.7950674,-177.1896063,140.76,40,2.3992171792779,0.14476364993150495,17.371637991780624,1.064675260774965
1049,202001,2020,23,59.7887736,2020-07-29T05:17:01Z,59.7887736,-175.8576543,2020-07-29T05:44:00Z,59.7805828,-175.8552215,135.45,40,0,0,0,0
1049,202001,2020,27,59.7890922,2020-08-12T03:59:01Z,59.7890922,-178.5358165,2020-08-12T04:19:00Z,59.7809652,-178.5326418,153.16,40,170.0449094006091,12.128282249882249,1231.2176796523179,75.45903298093161
1049,202001,2020,21,59.7947664,2020-07-14T20:19:01Z,59.7947664,-174.5442134,2020-07-14T20:29:00Z,59.8029741,-174.5464043,113.89,40,19.95645179832954,1.9914885265403484,144.49557098675845,8.855863781754156
1049,202001,2020,25,59.7950675,2020-08-05T06:04:01Z,59.7950675,-177.1896062,2020-08-05T06:08:00Z,59.8032325,-177.1923621,140.13,40,1.0647150408655603,0.06424263579967343,7.709116295960827,0.472477345350513
1049,202001,2020,23,59.7969641,2020-07-29T04:54:01Z,59.7969641,-175.8600884,2020-07-29T05:17:00Z,59.7887734,-175.8576544,135.44,40,0.15279973082831055,0.009219610018762571,1.106353202251507,0.0678063222750593
1049,202001,2020,27,59.7972189,2020-08-12T03:54:01Z,59.7972189,-178.5389928,2020-08-12T03:59:00Z,59.7890921,-178.5358166,151.71,40,123.81591134413696,10.681979054245804,896.4945766769268,54.944478906275755
1049,202001,2020,21,59.8029742,2020-07-14T20:29:01Z,59.8029742,-174.5464041,2020-07-14T20:44:00Z,59.8111818,-174.5485961,113.8,40,40.689116537431865,4.572916395951307,294.6113460667948,18.05617937982237
1049,202001,2020,25,59.8032326,2020-08-05T06:08:01Z,59.8032326,-177.192362,2020-08-05T06:29:00Z,59.8113975,-177.1951193,139.17000000000002,40,0.10051802311264585,0.006065043229669425,0.7278051875603315,0.04460582117966079
1049,202001,2020,23,59.8051547,2020-07-29T04:30:00Z,59.8051547,-175.8625237,2020-07-29T04:54:00Z,59.796963999999996,-175.8600885,135.27,40,2.2511260976842045,0.17058484633522275,16.299377972355785,0.9989584460255523
1049,202001,2020,27,59.8053455,2020-08-12T03:38:01Z,59.8053455,-178.5421707,2020-08-12T03:54:00Z,59.7972188,-178.5389929,150.69,40,90.8805308513187,9.08334213918048,658.0244990264359,40.32909305551764
1049,202001,2020,21,59.8111819,2020-07-14T20:44:01Z,59.8111819,-174.548596,2020-07-14T20:51:00Z,59.8193894,-174.550789,113.64,40,25.183953457011306,3.014983283783512,182.34552771447073,11.1756169661381
1049,202001,2020,25,59.8113976,2020-08-05T06:29:01Z,59.8113976,-177.1951192,2020-08-05T06:29:02Z,59.8195624,-177.1978778,138.6,40,0.22859272618235854,0.013792797782446353,1.6551357338935604,0.1014401790973807
1049,202001,2020,23,59.8133451,2020-07-29T04:04:01Z,59.8133451,-175.8649601,2020-07-29T04:29:00Z,59.8051545,-175.8625238,134.97,40,0,0,0,0
1049,202001,2020,27,59.8134721,2020-08-12T03:31:00Z,59.8134721,-178.5453501,2020-08-12T03:38:00Z,59.8053454,-178.5421708,149.96,40,100.98679444434705,10.076450919219704,731.1993470993564,44.81384288112803
1049,202001,2020,21,59.8193895,2020-07-14T20:51:01Z,59.8193895,-174.5507889,2020-07-14T21:09:00Z,59.827597,-174.55298299999998,113.49000000000001,40,28.777605789577688,3.326437779405654,208.36552620766685,12.770334096106808
1049,202001,2020,25,59.8195625,2020-08-05T06:30:00Z,59.8195625,-177.1978777,2020-08-05T06:38:00Z,59.8277272,-177.2006377,138.18,40,0,0,0,0
1049,202001,2020,23,59.8215355,2020-07-29T03:39:01Z,59.8215355,-175.8673978,2020-07-29T04:04:00Z,59.813345,-175.8649603,135.11,40,0,0,0,0
1049,202001,2020,27,59.8215985,2020-08-12T03:29:01Z,59.8215985,-178.5485311,2020-08-12T03:29:02Z,59.813472,-178.5453502,148.63,40,143.39956185480804,14.533415311535627,1038.2908634688208,63.63490859911826
1049,202001,2020,21,59.8275971,2020-07-14T21:09:01Z,59.8275971,-174.5529829,2020-07-14T21:17:00Z,59.8358046,-174.5551781,113.18,40,46.052697467405736,5.467055524203045,333.4465907707224,20.43631902479868
1049,202001,2020,25,59.8277273,2020-08-05T06:38:01Z,59.8277273,-177.2006376,2020-08-05T06:54:00Z,59.835891999999994,-177.2033989,137.8,40,0,0,0,0
1049,202001,2020,27,59.8297249,2020-08-12T03:08:01Z,59.8297249,-178.5517137,2020-08-12T03:29:00Z,59.8215984,-178.5485312,147.84,40,55.169979954919285,5.187590840397438,399.46067745276065,24.48219915344716
1049,202001,2020,23,59.8297258,2020-07-29T03:14:01Z,59.8297258,-175.8698368,2020-07-29T03:39:00Z,59.8215354,-175.86739799999998,134.88,40,0,0,0,0
1049,202001,2020,21,59.8358047,2020-07-14T21:17:01Z,59.8358047,-174.555178,2020-07-14T21:34:00Z,59.844012,-174.5573743,112.96000000000001,40,45.18436622976159,5.43356384615859,327.15940007886144,20.050988845078944
1049,202001,2020,25,59.8358921,2020-08-05T06:54:01Z,59.8358921,-177.2033988,2020-08-05T06:58:00Z,59.8440566,-177.2061615,137.42000000000002,40,0,0,0,0
1049,202001,2020,27,59.8378511,2020-08-12T03:04:01Z,59.8378511,-178.5548978,2020-08-12T03:08:00Z,59.8297247,-178.5517138,147.03,40,33.06418386471217,3.359905980378533,239.40268415564054,14.672543562341808
1049,202001,2020,23,59.8379161,2020-07-29T02:49:01Z,59.8379161,-175.8722769,2020-07-29T03:14:00Z,59.8297257,-175.8698369,134.49,40,0,0,0,0
1049,202001,2020,21,59.8440121,2020-07-14T21:34:01Z,59.8440121,-174.5573742,2020-07-14T21:42:00Z,59.8522195,-174.5595716,112.75,40,12.881410961424795,1.3065697429188208,93.26842520883227,5.716247654842209
1049,202001,2020,25,59.8440568,2020-08-05T06:58:01Z,59.8440568,-177.2061614,2020-08-05T07:19:00Z,59.8522212,-177.2089255,137.03,40,3.4021892262102433,0.20528084510134723,24.63370141216169,1.5097535700004285
1049,202001,2020,27,59.8459772,2020-08-12T02:45:01Z,59.8459772,-178.5580834,2020-08-12T03:04:00Z,59.837851,-178.5548979,146.52,40,9.136060316073188,0.4725003455670706,66.15004837938983,4.0542129672473335
1049,202001,2020,23,59.8461062,2020-07-29T02:24:01Z,59.8461062,-175.8747182,2020-07-29T02:49:00Z,59.8379159,-175.872277,134.45,40,0,0,0,0
1049,202001,2020,21,59.8522196,2020-07-14T21:42:01Z,59.8522196,-174.5595714,2020-07-14T21:54:00Z,59.8604268,-174.5617699,112.64,40,7.911406018467468,1.0365754250891959,57.282884828365276,3.510761067634402
1049,202001,2020,25,59.8522214,2020-08-05T07:19:01Z,59.8522214,-177.2089254,2020-08-05T07:19:02Z,59.8603858,-177.2116908,136.87,40,9.79321542088738,0.5909017412587256,70.90820895104707,4.345831745501592
1049,202001,2020,27,59.8541033,2020-08-12T02:39:01Z,59.8541033,-178.5612707,2020-08-12T02:45:00Z,59.8459771,-178.5580835,145.99,40,7.148538285263271,0.36970933785801746,51.75930730012244,3.1722313130957005
1049,202001,2020,23,59.8542964,2020-07-29T01:59:01Z,59.8542964,-175.8771607,2020-07-29T02:24:00Z,59.8461061,-175.8747183,133.95,40,0,0,0,0
1049,202001,2020,25,59.8603859,2020-08-05T07:21:00Z,59.8603859,-177.2116907,2020-08-05T07:28:00Z,59.8685502,-177.2144575,136.64000000000001,40,9.15143856219869,0.5521782937493541,66.26139524992246,4.061037209064765
1049,202001,2020,21,59.8604269,2020-07-14T21:54:01Z,59.8604269,-174.5617698,2020-07-14T22:05:00Z,59.8686341,-174.5639694,112.54,40,0,0,0,0
1049,202001,2020,27,59.8622292,2020-08-12T02:25:01Z,59.8622292,-178.5644595,2020-08-12T02:39:00Z,59.8541032,-178.5612708,145.49,40,17.872079459569587,0.924311292668693,129.40358097361718,7.930903889632473
1049,202001,2020,23,59.8624864,2020-07-29T01:34:01Z,59.8624864,-175.8796044,2020-07-29T01:59:00Z,59.8542962,-175.8771608,133.72,40,0,0,0,0
1049,202001,2020,25,59.8685503,2020-08-05T07:28:01Z,59.8685503,-177.2144574,2020-08-05T07:44:00Z,59.8767146,-177.2172256,136.42000000000002,40,17.85710512274068,1.0774596552182691,129.2951586261926,7.924258886376434
1049,202001,2020,21,59.8686342,2020-07-14T22:05:01Z,59.8686342,-174.5639692,2020-07-14T22:24:00Z,59.876841400000004,-174.5661699,112.31,40,0.795948579548142,0.14793718040204595,5.763100857815574,0.35320969223342
1049,202001,2020,27,59.8703551,2020-08-12T02:15:00Z,59.8703551,-178.5676498,2020-08-12T02:25:00Z,59.8622291,-178.5644596,144.89000000000001,40,4.479517417147296,0.2316724555607514,32.43414377850515,1.987828119704739
1049,202001,2020,23,59.8706764,2020-07-29T00:44:01Z,59.8706764,-175.8820493,2020-07-29T01:34:00Z,59.8624863,-175.8796045,133.51,40,0,0,0,0
1049,202001,2020,25,59.8767147,2020-08-05T07:44:01Z,59.8767147,-177.2172255,2020-08-05T07:51:00Z,59.8848788,-177.21999499999998,136.18,40,21.66816984122818,1.30741117588031,156.889341105637,9.615454813961097
1049,202001,2020,21,59.8768415,2020-07-14T22:24:01Z,59.8768415,-174.5661698,2020-07-14T22:30:00Z,59.8850486,-174.5683715,112.15,40,0,0,0,0
1049,202001,2020,27,59.8784809,2020-08-12T02:03:01Z,59.8784809,-178.5708418,2020-08-12T02:14:00Z,59.870354999999996,-178.5676499,144.19,40,4.881706417728912,0.4614012124174914,35.34621100723461,2.1663032835095977
1049,202001,2020,23,59.8788663,2020-07-29T00:19:01Z,59.8788663,-175.8844955,2020-07-29T00:44:00Z,59.8706763,-175.8820495,133.17000000000002,40,0.6637669366103095,0.04005028193257714,4.806033831909262,0.2945528409987785
1049,202001,2020,25,59.884879,2020-08-05T07:51:01Z,59.884879,-177.2199949,2020-08-05T08:09:00Z,59.893043,-177.2227658,136.03,40,22.5354822363591,1.3597429568605435,163.16915482326516,10.000332872702446
1049,202001,2020,21,59.8850487,2020-07-14T22:30:01Z,59.8850487,-174.5683714,2020-07-14T22:49:00Z,59.8932557,-174.5705742,111.93,40,0,0,0,0
1049,202001,2020,27,59.8866065,2020-08-12T01:50:00Z,59.8866065,-178.5740352,2020-08-12T02:03:00Z,59.8784807,-178.5708419,143.53,40,5.212438357723058,0.26957778736839433,37.74089023157511,2.313068702455896
1049,202001,2020,23,59.8870562,2020-07-28T23:29:01Z,59.8870562,-175.8869428,2020-07-29T00:19:00Z,59.8788662,-175.8844956,133.04,40,0.5737021000994681,0.03461596169829236,4.15391540379508,0.2545857200032148
1049,202001,2020,25,59.8930432,2020-08-05T08:09:01Z,59.8930432,-177.2227657,2020-08-05T08:14:00Z,59.9012072,-177.2255379,135.97,40,15.38457191355033,0.9282722723374192,111.39267268049018,6.827048945564909
1049,202001,2020,21,59.8932558,2020-07-14T22:49:01Z,59.8932558,-174.5705741,2020-07-14T22:52:00Z,59.9014628,-174.572778,111.85000000000001,40,0,0,0,0
1049,202001,2020,27,59.8947321,2020-08-12T01:49:01Z,59.8947321,-178.5772303,2020-08-12T01:49:02Z,59.8866064,-178.5740354,142.73,40,2.2029452481213916,0.1139323028736401,15.950522402309588,0.9775777394285421
1049,202001,2020,23,59.895246,2020-07-28T23:05:00Z,59.895246,-175.8893914,2020-07-28T23:29:00Z,59.8870561,-175.886943,132.79,40,0,0,0,0
1049,202001,2020,25,59.9012073,2020-08-05T08:14:01Z,59.9012073,-177.2255378,2020-08-05T15:31:00Z,59.9093712,-177.2283115,135.94,40,5.020262421772364,0.3029119323030514,36.34943187636617,2.2277888176292304
1049,202001,2020,21,59.9014629,2020-07-14T22:52:01Z,59.9014629,-174.5727779,2020-07-14T23:14:00Z,59.9096698,-174.5749829,111.48,40,0,0,0,0
1049,202001,2020,27,59.9028575,2020-08-12T01:25:00Z,59.9028575,-178.5804269,2020-08-12T01:49:00Z,59.894732,-178.5772304,142.37,40,3.892317447390811,0.20130354609341888,28.182496453078656,1.7272525926840048
1049,202001,2020,23,59.9034357,2020-07-28T22:39:01Z,59.9034357,-175.8918412,2020-07-28T23:04:00Z,59.8952459,-175.8893915,132.51,40,3.693140874908952,0.6698275319301121,26.740349679754917,1.63886610934313
1049,202001,2020,25,59.9093713,2020-08-05T15:31:01Z,59.9093713,-177.2283113,2020-08-05T15:39:00Z,59.9175352,-177.2310863,135.94,40,20.867244482097185,1.2590850471280122,151.09020565536144,9.260036628830095
1049,202001,2020,21,59.9096699,2020-07-14T23:15:00Z,59.9096699,-174.5749828,2020-07-14T23:25:00Z,59.9178768,-174.5771889,111.09,40,0,0,0,0
1049,202001,2020,27,59.9109829,2020-08-12T01:10:01Z,59.9109829,-178.5836251,2020-08-12T01:24:00Z,59.9028574,-178.580427,141.76,40,3.3231704781404985,0.1718683048246959,24.061562675457388,1.4746882549743885
1049,202001,2020,23,59.9116254,2020-07-28T21:57:01Z,59.9116254,-175.8942922,2020-07-28T22:39:00Z,59.9034356,-175.8918413,132.11,40,0.9164538606237278,0.055296872247988675,6.635624669758642,0.40668504772104797
1049,202001,2020,25,59.9175353,2020-08-05T15:41:00Z,59.9175353,-177.2310862,2020-08-05T15:49:00Z,59.9256991,-177.2338626,136.04,40,34.98224490263124,2.211921024813311,253.29048984686912,15.523701245508866
1049,202001,2020,21,59.9178769,2020-07-14T23:25:01Z,59.9178769,-174.5771888,2020-07-14T23:39:00Z,59.9260837,-174.579396,110.86,40,0,0,0,0
1049,202001,2020,27,59.9191082,2020-08-12T00:59:01Z,59.9191082,-178.5868249,2020-08-12T01:10:00Z,59.9109828,-178.5836252,141.29,40,8.616017023444616,0.5198720995159042,62.38465194190844,3.8234388493493285
1049,202001,2020,23,59.919815,2020-07-28T21:34:01Z,59.919815,-175.8967444,2020-07-28T21:57:00Z,59.9116253,-175.8942923,131.86,40,3.770279552168158,0.22749063067239922,27.29887568068787,1.6730971252078546
1049,202001,2020,25,59.9256992,2020-08-05T15:49:01Z,59.9256992,-177.2338625,2020-08-05T16:04:00Z,59.9338629,-177.2366402,136.01,40,38.17149205472386,2.3374460524187115,276.38237476290874,16.938959760935134
1049,202001,2020,21,59.9260838,2020-07-14T23:40:00Z,59.9260838,-174.5793959,2020-07-14T23:48:00Z,59.9342905,-174.5816042,110.7,40,0,0,0,0
1049,202001,2020,27,59.9272334,2020-08-12T00:39:01Z,59.9272334,-178.5900262,2020-08-12T00:59:00Z,59.9191081,-178.58682499999998,140.89000000000001,40,11.706988213323028,0.7063747117615347,84.76496541138434,5.195086479274257
1049,202001,2020,23,59.9280045,2020-07-28T21:24:01Z,59.9280045,-175.8991978,2020-07-28T21:34:00Z,59.9198149,-175.8967445,131.65,40,5.722089705014177,0.3452586944140901,41.43104332969074,2.539231296558693
1049,202001,2020,25,59.933862999999995,2020-08-05T16:04:01Z,59.933862999999995,-177.2366401,2020-08-05T16:04:02Z,59.9420267,-177.2394192,136.07,40,20.95321639347316,1.2946760019375378,151.71268907819785,9.29818747567885
1049,202001,2020,21,59.9342906,2020-07-14T23:48:01Z,59.9342906,-174.5816041,2020-07-15T00:04:00Z,59.9424973,-174.5838135,110.61,40,0,0,0,0
1049,202001,2020,27,59.9353585,2020-08-12T00:34:01Z,59.9353585,-178.5932291,2020-08-12T00:39:00Z,59.9272333,-178.5900263,140.59,40,13.381825264850562,0.8074308090226537,96.89169708271818,5.93831122357495
1049,202001,2020,23,59.936194,2020-07-28T20:59:01Z,59.936194,-175.9016524,2020-07-28T21:24:00Z,59.9280044,-175.8991979,131.46,40,7.387214508906089,0.4457287753575017,53.48745304290017,3.2781461393325575
1049,202001,2020,25,59.9420268,2020-08-05T16:06:00Z,59.9420268,-177.2394191,2020-08-05T16:14:00Z,59.9501903,-177.2421996,136.27,40,24.430104560520967,1.5758405777187108,176.8872514719361,10.841089405487114
1049,202001,2020,21,59.9424974,2020-07-15T00:04:01Z,59.9424974,-174.5838133,2020-07-15T00:11:00Z,59.9507041,-174.5860238,110.43,40,0,0,0,0
1049,202001,2020,27,59.9434834,2020-08-12T00:10:00Z,59.9434834,-178.5964336,2020-08-12T00:34:00Z,59.9353583,-178.5932292,140.24,40,10.71038982099337,0.6462420893230248,77.5490507187628,4.75283653941644
1049,202001,2020,23,59.9443834,2020-07-28T20:34:01Z,59.9443834,-175.9041082,2020-07-28T20:59:00Z,59.9361939,-175.9016525,131.4,40,7.093459409406253,0.42800421888263135,51.3605062659158,3.1477895422452966
1049,202001,2020,25,59.9501904,2020-08-05T16:14:01Z,59.9501904,-177.2421995,2020-08-05T16:29:00Z,59.9583539,-177.2449813,136.37,40,26.44062237905704,1.660312502718871,191.44449456826345,11.733275657415694
1049,202001,2020,21,59.9507042,2020-07-15T00:11:01Z,59.9507042,-174.5860237,2020-07-15T00:29:00Z,59.9589108,-174.5882353,110.26,40,0,0,0,0
1049,202001,2020,27,59.9516083,2020-08-11T23:56:01Z,59.9516083,-178.5996397,2020-08-12T00:09:00Z,59.9434833,-178.5964337,139.94,40,9.39107229592704,0.5666372823898366,67.99647388678042,4.167376939436528
1049,202001,2020,23,59.9525727,2020-07-28T20:14:01Z,59.9525727,-175.9065653,2020-07-28T20:34:00Z,59.9443833,-175.9041084,131.21,40,21.93923712527079,1.9114759040380827,158.85201575238182,9.735743478871576
1049,202001,2020,25,59.958354,2020-08-05T16:29:01Z,59.958354,-177.2449812,2020-08-05T16:29:02Z,59.9665174,-177.2477645,136.67000000000002,40,38.78957146184011,2.429537753210623,280.85760601889257,17.213238329642774
1049,202001,2020,21,59.9589109,2020-07-15T00:29:01Z,59.9589109,-174.5882352,2020-07-15T00:33:00Z,59.9671174,-174.5904479,110.04,40,0,0,0,0
1049,202001,2020,27,59.9597331,2020-08-11T23:44:01Z,59.9597331,-178.6028473,2020-08-11T23:56:00Z,59.9516082,-178.5996398,139.75,40,11.123621825367268,0.6711756275363815,80.5410753043661,4.936212140348807
1049,202001,2020,23,59.960761999999995,2020-07-28T19:53:01Z,59.960761999999995,-175.9090236,2020-07-28T20:14:00Z,59.9525726,-175.9065654,130.96,40,2.3750151266187625,0.14330334966813948,17.196401960176733,1.053935371552468
1049,202001,2020,25,59.9665175,2020-08-05T16:32:00Z,59.9665175,-177.2477643,2020-08-05T16:39:00Z,59.9746809,-177.2505489,137.05,40,38.986998305710294,2.473939896667011,282.2870838048948,17.300848354402902
1049,202001,2020,21,59.9671175,2020-07-15T00:33:01Z,59.9671175,-174.5904478,2020-07-15T00:54:00Z,59.975324,-174.5926615,109.83,40,0,0,0,0
1049,202001,2020,27,59.9678578,2020-08-11T23:25:01Z,59.9678578,-178.6060565,2020-08-11T23:44:00Z,59.959733,-178.6028474,139.62,40,11.93208388769177,0.7199565048925851,86.39478058711029,5.2949748086334125
1049,202001,2020,23,59.9689512,2020-07-28T19:44:01Z,59.9689512,-175.9114831,2020-07-28T19:53:00Z,59.9607619,-175.9090237,130.72,40,8.361347380104524,0.5045058761430937,60.54070513717128,3.7104267922181826
1049,202001,2020,25,59.974681,2020-08-05T16:39:01Z,59.974681,-177.2505488,2020-08-05T16:54:00Z,59.9828442,-177.2533348,137.34,40,38.366047197734396,2.314925498932962,277.79105987195555,17.025295441343268
1049,202001,2020,21,59.9753241,2020-07-15T00:54:01Z,59.9753241,-174.5926614,2020-07-15T00:56:00Z,59.9835305,-174.5948763,109.71000000000001,40,0,0,0,0
1049,202001,2020,27,59.9759824,2020-08-11T23:19:01Z,59.9759824,-178.6092673,2020-08-11T23:25:00Z,59.9678577,-178.6060566,139.44,40,29.184197302708878,1.8412080625930507,211.30947002302884,12.95076291639482
1049,202001,2020,23,59.9771404,2020-07-28T19:19:01Z,59.9771404,-175.9139438,2020-07-28T19:44:00Z,59.9689511,-175.9114832,130.54,40,2.1196224834832416,0.12789350202896907,15.347220243476293,0.9406024764403398
1049,202001,2020,25,59.982844299999996,2020-08-05T16:54:01Z,59.982844299999996,-177.2533347,2020-08-05T16:57:00Z,59.9910075,-177.2561221,137.52,40,28.401184796877537,1.7136669448209798,205.64003337851756,12.603293728929703
1049,202001,2020,21,59.9835306,2020-07-15T00:56:01Z,59.9835306,-174.5948762,2020-07-15T01:07:00Z,59.9917369,-174.5970922,109.60000000000001,40,0,0,0,0
1049,202001,2020,27,59.984106999999995,2020-08-11T22:55:00Z,59.984106999999995,-178.6124797,2020-08-11T23:19:00Z,59.9759823,-178.6092674,139.28,40,14.583470009785918,0.9872685142178744,105.5922589509961,6.471552417087065
1049,202001,2020,23,59.9853294,2020-07-28T18:58:01Z,59.9853294,-175.9164057,2020-07-28T19:19:00Z,59.9771402,-175.9139439,130.35,40,0.49596729248176374,0.029925609122187002,3.591073094662441,0.22009016566720413
1049,202001,2020,25,59.9910076,2020-08-05T16:57:01Z,59.9910076,-177.256122,2020-08-05T17:07:00Z,59.9991707,-177.2589107,137.22,40,34.52550039265683,2.090661481162676,249.9834110419413,15.321016559660254
1049,202001,2020,21,59.9917371,2020-07-15T01:07:01Z,59.9917371,-174.5970921,2020-07-15T01:19:00Z,59.9999434,-174.5993092,109.42,40,0.5106800007994617,0.036976011092920466,3.6976011092920427,0.22661906880283672
1049,202001,2020,27,59.9922314,2020-08-11T22:37:01Z,59.9922314,-178.6156937,2020-08-11T22:54:00Z,59.9841068,-178.6124798,139.11,40,35.293965159522834,2.5120076825157636,255.54751413970766,15.662030050696394
1049,202001,2020,23,59.9935185,2020-07-28T18:54:01Z,59.9935185,-175.9188689,2020-07-28T18:58:00Z,59.985329300000004,-175.9164058,129.99,40,20.901381443899606,1.2611447986297823,151.33737583557388,9.275185227724336
1049,202001,2020,25,59.9991708,2020-08-05T17:07:01Z,59.9991708,-177.2589106,2020-08-05T17:15:00Z,60.0073338,-177.2617007,137.16,40,21.506592904266803,1.3055219181512956,155.7194361545735,9.543753523648418
1049,202001,2020,21,59.9999435,2020-07-15T01:20:00Z,59.9999435,-174.599309,2020-07-15T01:32:00Z,60.0081497,-174.6015272,109.3,40,0,0,0,0
1049,202001,2020,27,60.0003557,2020-08-11T22:29:01Z,60.0003557,-178.6189092,2020-08-11T22:37:00Z,59.9922313,-178.6156938,138.9,40,36.41695947278609,2.607021514508042,263.6786040824318,16.16036937305912
1049,202001,2020,23,60.0017074,2020-07-28T18:30:00Z,60.0017074,-175.9213333,2020-07-28T18:54:00Z,59.9935183,-175.918869,129.65,40,72.08170056514717,4.349256147882856,521.9107377459416,31.98693474235575
1049,202001,2020,25,60.0073339,2020-08-05T17:15:01Z,60.0073339,-177.2617006,2020-08-05T17:25:00Z,60.0154969,-177.2644921,137.13,40,14.264635758283223,0.8686142779430526,103.2837254658565,6.330066709667785
1049,202001,2020,21,60.0081498,2020-07-15T01:32:01Z,60.0081498,-174.6015271,2020-07-15T01:44:00Z,60.016355999999995,-174.6037464,109.04,40,0,0,0,0
1049,202001,2020,27,60.0084799,2020-08-11T22:05:00Z,60.0084799,-178.6221263,2020-08-11T22:29:00Z,60.0003556,-178.6189093,138.73,40,40.39187613344986,3.0996069759511506,292.4591637887152,17.924276145986056
1049,202001,2020,23,60.0098963,2020-07-28T18:12:01Z,60.0098963,-175.9237989,2020-07-28T18:29:00Z,60.0017073,-175.9213334,129.27,40,21.53759256727697,1.2995324215355393,155.94389058426452,9.557509916602063
1049,202001,2020,25,60.015496999999996,2020-08-05T17:25:01Z,60.015496999999996,-177.264492,2020-08-05T17:44:00Z,60.0236599,-177.2672848,137.13,40,10.496923429150913,0.6415657200739165,76.00343787698796,4.658108813904755
1049,202001,2020,21,60.0163561,2020-07-15T01:45:00Z,60.0163561,-174.6037463,2020-07-15T01:57:00Z,60.0245623,-174.6059667,108.85000000000001,40,0,0,0,0
1049,202001,2020,27,60.016603999999994,2020-08-11T21:44:01Z,60.016603999999994,-178.62534499999998,2020-08-11T22:04:00Z,60.0084798,-178.6221264,138.53,40,31.739747262045547,2.2120933882091416,229.81304241611568,14.08481232337644
1049,202001,2020,23,60.0180851,2020-07-28T18:04:01Z,60.0180851,-175.9262657,2020-07-28T18:12:00Z,60.0098962,-175.923799,128.97,40,9.250203710625565,0.5581375722572725,66.97650867087276,4.104865175563617
1049,202001,2020,25,60.02366,2020-08-05T17:44:01Z,60.02366,-177.2672847,2020-08-05T17:44:02Z,60.0318228,-177.270079,137.16,40,7.229703150111622,0.43622487575153873,52.346985090184646,3.2082489876916243
1049,202001,2020,21,60.0245624,2020-07-15T01:57:01Z,60.0245624,-174.6059666,2020-07-15T02:09:00Z,60.0327684,-174.6081881,108.66,40,0,0,0,0
1049,202001,2020,27,60.0247281,2020-08-11T21:27:01Z,60.0247281,-178.6285653,2020-08-11T21:44:00Z,60.0166039,-178.6253451,138.1,40,28.464992552937694,1.974730897531214,206.10203625550534,12.631609022730348
1049,202001,2020,23,60.0262739,2020-07-28T17:42:01Z,60.0262739,-175.9287337,2020-07-28T18:04:00Z,60.018085,-175.9262658,128.73,40,17.065984456960265,1.0297251207610438,123.56701449132518,7.573191626430532
1049,202001,2020,25,60.0318229,2020-08-05T17:45:00Z,60.0318229,-177.2700789,2020-08-05T17:52:00Z,60.0399856,-177.2728745,137.13,40,3.347260857063987,0.20196658440370155,24.235990128444204,1.4853785879230097
1049,202001,2020,21,60.0327686,2020-07-15T02:10:00Z,60.0327686,-174.60818799999998,2020-07-15T02:34:00Z,60.0409746,-174.6104106,108.47,40,0,0,0,0
1049,202001,2020,27,60.032852,2020-08-11T21:14:01Z,60.032852,-178.6317872,2020-08-11T21:27:00Z,60.024727999999996,-178.6285654,137.76,40,30.202640009684195,1.933905673482935,218.6835494409951,13.402706476985548
1049,202001,2020,23,60.0344626,2020-07-28T17:32:01Z,60.0344626,-175.93120299999998,2020-07-28T17:42:00Z,60.0262738,-175.9287339,128.44,40,27.778466072177384,1.6760934244882306,201.1312109385873,12.326956419270584
1049,202001,2020,25,60.0399857,2020-08-05T17:52:01Z,60.0399857,-177.2728744,2020-08-05T18:09:00Z,60.0481483,-177.2756714,137.06,40,3.5234408331531606,0.21259690857935237,25.511629029522275,1.5635601146335356
1049,202001,2020,21,60.0409747,2020-07-15T02:34:01Z,60.0409747,-174.6104105,2020-07-15T02:34:02Z,60.0491807,-174.6126342,108.37,40,0,0,0,0
1049,202001,2020,27,60.0409759,2020-08-11T20:49:01Z,60.0409759,-178.6350106,2020-08-11T21:14:00Z,60.0328519,-178.6317873,137.46,40,32.622017890664516,2.113336488341183,236.20116188421753,14.476328239364381
1049,202001,2020,23,60.0426513,2020-07-28T17:19:01Z,60.0426513,-175.9336735,2020-07-28T17:32:00Z,60.0344625,-175.9312031,128.18,40,32.04266143981226,1.9333858825330728,232.00630590396923,14.219233347863797
1049,202001,2020,25,60.0481485,2020-08-05T18:09:01Z,60.0481485,-177.2756713,2020-08-05T18:15:00Z,60.056310999999994,-177.2784697,137.01,40,4.935255755470001,0.2977828112761074,35.73393735313288,2.19006630738932
1049,202001,2020,27,60.0490996,2020-08-11T20:24:01Z,60.0490996,-178.6382357,2020-08-11T20:49:00Z,60.0409758,-178.6350107,137.8,40,47.36253946354937,3.2789571104033266,342.93055961688026,21.01757376941415
1049,202001,2020,21,60.0491808,2020-07-15T02:35:00Z,60.0491808,-174.6126341,2020-07-15T02:59:00Z,60.0573867,-174.6148589,108.25,40,0,0,0,0
1049,202001,2020,23,60.0508398,2020-07-28T17:14:01Z,60.0508398,-175.9361453,2020-07-28T17:19:00Z,60.0426512,-175.9336736,127.89,40,68.02661586121056,4.508296421259836,492.5497177802561,30.187452643812378
1049,202001,2020,25,60.0563111,2020-08-05T18:15:01Z,60.0563111,-177.2784696,2020-08-05T18:34:00Z,60.0644736,-177.2812694,137.14000000000001,40,7.918251282073572,0.47777040218292727,57.33244826195129,3.5137987179471164
1049,202001,2020,27,60.0572233,2020-08-11T20:00:00Z,60.0572233,-178.6414623,2020-08-11T20:24:00Z,60.0490995,-178.6382358,138.46,40,3.302506681255572,0.1992662128426526,23.911945541118317,1.4655185001364035
1049,202001,2020,21,60.0573868,2020-07-15T02:59:01Z,60.0573868,-174.6148588,2020-07-15T03:03:00Z,60.0655927,-174.6170847,108.13,40,0,0,0,0
1049,202001,2020,23,60.0590284,2020-07-28T16:59:01Z,60.0590284,-175.9386182,2020-07-28T17:14:00Z,60.0508397,-175.9361454,127.69,40,105.91810690334626,8.174714564043494,766.9047328401647,47.00215931350203
1049,202001,2020,25,60.0644737,2020-08-05T18:34:01Z,60.0644737,-177.2812693,2020-08-05T18:34:02Z,60.0726361,-177.2840705,137.13,40,8.629939550956479,0.5207121551458388,62.485458617500626,3.8296171022967336
1049,202001,2020,27,60.0653468,2020-08-11T19:38:01Z,60.0653468,-178.6446906,2020-08-11T19:59:00Z,60.0572232,-178.6414624,139.57,40,2.4390574971490047,0.1471675297800102,17.660103573601194,1.0823547777378864
1049,202001,2020,21,60.0655928,2020-07-15T03:03:01Z,60.0655928,-174.6170846,2020-07-15T03:24:00Z,60.0737986,-174.6193116,107.9,40,0,0,0,0
1049,202001,2020,23,60.0672168,2020-07-28T16:49:03Z,60.0672168,-175.9410924,2020-07-28T16:59:00Z,60.0590282,-175.9386183,127.60000000000001,40,43.23561516541308,3.0135334319502993,313.0493818952853,19.186212173112473
1049,202001,2020,25,60.0726363,2020-08-05T18:35:00Z,60.0726363,-177.2840704,2020-08-05T18:43:00Z,60.0807986,-177.28687300000001,137.35,40,10.129295514906435,0.6111800976741977,73.34161172090377,4.4949704582581855
1049,202001,2020,27,60.0734703,2020-08-11T19:18:01Z,60.0734703,-178.6479204,2020-08-11T19:38:00Z,60.0653467,-178.6446907,140.98,40,0.21745344033898648,0.013120677021456204,1.5744812425747434,0.09649701590124668
1049,202001,2020,21,60.0737987,2020-07-15T03:24:01Z,60.0737987,-174.6193115,2020-07-15T03:33:00Z,60.0820045,-174.6215397,107.72,40,0,0,0,0
1049,202001,2020,23,60.0754052,2020-07-28T16:49:01Z,60.0754052,-175.9435678,2020-07-28T16:49:02Z,60.0672167,-175.9410925,127.92,40,20.84873550533482,1.3233331519354865,150.95619059132673,9.251823095752993
1049,202001,2020,25,60.0807987,2020-08-05T18:43:01Z,60.0807987,-177.2868729,2020-08-05T18:59:00Z,60.088961,-177.2896768,137.35,40,5.92232932539261,0.3573407262356546,42.88088714827853,2.6280895174339087
1049,202001,2020,27,60.0815937,2020-08-11T19:09:01Z,60.0815937,-178.6511518,2020-08-11T19:18:00Z,60.0734702,-178.6479205,142.58,40,5.047684503687771,2.1852582640447116,36.54798267207145,2.239957625216322
1049,202001,2020,21,60.0820046,2020-07-15T03:33:01Z,60.0820046,-174.6215395,2020-07-15T03:49:00Z,60.0902103,-174.6237688,107.61,40,0,0,0,0
1049,202001,2020,23,60.0835935,2020-07-28T16:29:01Z,60.0835935,-175.9460445,2020-07-28T16:49:00Z,60.0754051,-175.9435679,127.5,40,0,0,0,0
1049,202001,2020,25,60.0889611,2020-08-05T18:59:01Z,60.0889611,-177.2896767,2020-08-05T19:03:00Z,60.0971233,-177.2924821,137.24,40,4.442993655114756,0.26808076554808313,32.16969186576994,1.9716203556880687
1049,202001,2020,27,60.089717,2020-08-11T18:45:00Z,60.089717,-178.6543848,2020-08-11T19:09:00Z,60.0815936,-178.6511519,144.27,40,17.799133091995433,4.2933203856885935,128.87540957618873,7.898533250746428
1049,202001,2020,21,60.0902104,2020-07-15T03:49:01Z,60.0902104,-174.6237687,2020-07-15T04:01:00Z,60.098416,-174.6259991,107.45,40,0,0,0,0
1049,202001,2020,23,60.0917818,2020-07-28T16:24:01Z,60.0917818,-175.9485224,2020-07-28T16:29:00Z,60.0835934,-175.9460446,127.06,40,21.553626818751457,1.3004998940875925,156.05998729051095,9.564625266982752
1049,202001,2020,25,60.0971234,2020-08-05T19:03:01Z,60.0971234,-177.292482,2020-08-05T19:24:00Z,60.1052855,-177.2952887,137.37,40,9.899311185410383,0.5973033335144333,71.67640002173185,4.392912742060079
1049,202001,2020,27,60.0978402,2020-08-11T18:22:01Z,60.0978402,-178.6576194,2020-08-11T18:44:00Z,60.0897168,-178.6543849,147.91,40,62.14132781722675,11.244531425825734,449.9370296666223,27.575800544501337
1049,202001,2020,21,60.0984162,2020-07-15T04:01:01Z,60.0984162,-174.6259989,2020-07-15T04:14:00Z,60.1066218,-174.6282304,107.31,40,0,0,0,0
1049,202001,2020,23,60.09997,2020-07-28T16:06:01Z,60.09997,-175.9510015,2020-07-28T16:24:00Z,60.0917817,-175.9485225,126.62,40,37.80281836205575,2.28094147168285,273.71297660194233,16.775357331245782
1049,202001,2020,25,60.1052856,2020-08-05T19:24:01Z,60.1052856,-177.2952886,2020-08-05T19:24:02Z,60.1134477,-177.2980968,137.37,40,8.050343449203565,0.48574056195264664,58.2888674343176,3.5724158634477927
1049,202001,2020,27,60.1059632,2020-08-11T17:54:01Z,60.1059632,-178.6608556,2020-08-11T18:22:00Z,60.09784,-178.6576195,153.89000000000001,40,112.3740560550367,12.705441610347004,813.6493179178126,49.867047663749126
1049,202001,2020,21,60.1066219,2020-07-15T04:15:00Z,60.1066219,-174.6282303,2020-07-15T04:39:00Z,60.1148274,-174.6304629,107.15,40,0,0,0,0
1049,202001,2020,23,60.1081582,2020-07-28T15:59:01Z,60.1081582,-175.9534818,2020-07-28T16:06:00Z,60.0999699,-175.9510016,126.49000000000001,40,38.12552699403028,2.3004130225839265,276.049562710071,16.9185623315556
1049,202001,2020,25,60.1134478,2020-08-05T19:26:00Z,60.1134478,-177.2980966,2020-08-05T19:36:00Z,60.1216097,-177.30090619999999,137.39000000000001,40,2.361501940278134,0.1424879928118407,17.09855913742088,1.0479387676120777
1049,202001,2020,27,60.1140862,2020-08-11T17:14:01Z,60.1140862,-178.6640935,2020-08-11T17:54:00Z,60.1059631,-178.6608558,162.31,40,45.070378940960694,4.943421460798272,326.3340700779694,20.000405910162794
1049,202001,2020,21,60.1148275,2020-07-15T04:39:01Z,60.1148275,-174.6304628,2020-07-15T04:47:00Z,60.123033,-174.6326965,107.06,40,0,0,0,0
1049,202001,2020,23,60.1163462,2020-07-28T15:43:01Z,60.1163462,-175.9559634,2020-07-28T15:59:00Z,60.108157999999996,-175.9534819,126.37,40,0,0,0,0
1049,202001,2020,25,60.1216099,2020-08-05T19:36:01Z,60.1216099,-177.3009061,2020-08-05T19:49:00Z,60.1297717,-177.303717,137.61,40,3.9035998218660772,0.2355348915329907,28.264186983958822,1.7322592528106344
1049,202001,2020,27,60.1222091,2020-08-11T16:46:01Z,60.1222091,-178.6673329,2020-08-11T17:14:00Z,60.1140861,-178.6640936,173.46,40,1.2486821070008336,0.14944831200217074,9.04113796657665,0.5541144667429696
1049,202001,2020,21,60.1230331,2020-07-15T04:47:01Z,60.1230331,-174.6326964,2020-07-15T05:04:00Z,60.1312386,-174.6349312,106.99000000000001,40,0,0,0,0
1049,202001,2020,23,60.1245343,2020-07-28T15:34:01Z,60.1245343,-175.9584462,2020-07-28T15:43:00Z,60.1163461,-175.9559635,126.23,40,0,0,0,0
1049,202001,2020,25,60.1297719,2020-08-05T19:49:01Z,60.1297719,-177.3037169,2020-08-05T19:56:00Z,60.1379337,-177.3065292,138.01,40,7.29305866440605,0.4400476124223844,52.80571349068617,3.2363635949416674
1049,202001,2020,27,60.130331999999996,2020-08-11T16:19:01Z,60.130331999999996,-178.6705739,2020-08-11T16:46:00Z,60.122209,-178.66733299999999,184.92000000000002,40,0,0,0,0
1049,202001,2020,21,60.1312387,2020-07-15T05:05:00Z,60.1312387,-174.6349311,2020-07-15T05:20:00Z,60.1394441,-174.63716699999998,106.83,40,0,0,0,0
1049,202001,2020,23,60.1327222,2020-07-28T15:21:01Z,60.1327222,-175.9609303,2020-07-28T15:34:00Z,60.1245342,-175.9584463,125.76,40,0,0,0,0
1049,202001,2020,25,60.1379338,2020-08-05T19:56:01Z,60.1379338,-177.3065291,2020-08-05T20:14:00Z,60.1460955,-177.3093428,137.8,40,8.407628274628939,0.5072983666567978,60.87580399881577,3.7309643758401503
1049,202001,2020,27,60.1384547,2020-08-11T15:58:01Z,60.1384547,-178.6738165,2020-08-11T16:19:00Z,60.1303318,-178.670574,196.23000000000002,40,0,0,0,0
1049,202001,2020,21,60.1394442,2020-07-15T05:20:01Z,60.1394442,-174.6371669,2020-07-15T05:37:00Z,60.1476495,-174.639404,106.65,40,0,0,0,0
1049,202001,2020,23,60.1409101,2020-07-28T15:08:01Z,60.1409101,-175.9634156,2020-07-28T15:21:00Z,60.1327221,-175.9609304,125.84,40,4.626566322406557,0.27915714895111443,33.498857874133776,2.0530824588724403
1049,202001,2020,25,60.1460956,2020-08-05T20:14:01Z,60.1460956,-177.3093427,2020-08-05T20:19:00Z,60.1542573,-177.3121578,137.70000000000002,40,1.8914949946639559,0.11412877567721459,13.695453081265763,0.8393687508125032
1049,202001,2020,27,60.1465773,2020-08-11T07:54:01Z,60.1465773,-178.6770607,2020-08-11T15:58:00Z,60.1384546,-178.6738166,209.19,40,0.19523343420013006,0.00785331281319004,1.4135963063742065,0.08663667852344063
1049,202001,2020,21,60.1476496,2020-07-15T05:37:01Z,60.1476496,-174.6394039,2020-07-15T05:54:00Z,60.1558549,-174.6416421,106.49000000000001,40,0,0,0,0
1049,202001,2020,23,60.149097999999995,2020-07-28T08:29:01Z,60.149097999999995,-175.9659021,2020-07-28T15:08:00Z,60.14091,-175.9634157,126.17,40,0,0,0,0
1049,202001,2020,25,60.1542574,2020-08-05T20:19:01Z,60.1542574,-177.3121577,2020-08-05T20:39:00Z,60.162419,-177.3149742,137.71,40,8.073013281417298,0.487108411300734,58.45300935608806,3.5824758153905947
1049,202001,2020,27,60.1546998,2020-08-11T07:11:01Z,60.1546998,-178.6803065,2020-08-11T07:54:00Z,60.1465772,-178.6770608,220.18,40,0,0,0,0
1049,202001,2020,21,60.155854999999995,2020-07-15T05:55:00Z,60.155854999999995,-174.6416419,2020-07-15T06:19:00Z,60.1640602,-174.6438812,106.31,40,0,0,0,0
1049,202001,2020,23,60.1572857,2020-07-28T08:09:01Z,60.1572857,-175.9683899,2020-07-28T08:29:00Z,60.1490979,-175.9659022,125.95,40,0.377417307061667,0.022772555727535473,2.7327066873042627,0.16748249107561175
1049,202001,2020,25,60.1624191,2020-08-05T20:39:01Z,60.1624191,-177.3149741,2020-08-05T20:39:02Z,60.1705807,-177.3177921,137.73,40,17.323565940274595,1.045267038350422,125.43204460205035,7.687495840024495
1049,202001,2020,27,60.1628223,2020-08-11T06:39:01Z,60.1628223,-178.6835539,2020-08-11T07:11:00Z,60.1546997,-178.6803066,234.9,40,0,0,0,0
1049,202001,2020,21,60.1640604,2020-07-15T06:19:01Z,60.1640604,-174.6438811,2020-07-15T06:28:00Z,60.1722655,-174.6461215,106.22,40,0,0,0,0
1049,202001,2020,23,60.1654735,2020-07-28T08:04:01Z,60.1654735,-175.9708789,2020-07-28T08:09:00Z,60.1572856,-175.96839,125.78,40,11.754339098402571,0.7092317632243241,85.1078115869189,5.2160988813008045
1049,202001,2020,25,60.1705808,2020-08-05T20:40:00Z,60.1705808,-177.3177919,2020-08-05T20:47:00Z,60.1787422,-177.3206113,137.79,40,19.3371986390225,1.1667653427181408,140.011841126177,8.58106434943708
1049,202001,2020,27,60.1709446,2020-08-11T05:52:01Z,60.1709446,-178.6868029,2020-08-11T06:39:00Z,60.1628222,-178.68355400000002,245.5,40,0,0,0,0
1049,202001,2020,21,60.1722656,2020-07-15T06:28:01Z,60.1722656,-174.6461214,2020-07-15T06:48:00Z,60.1804708,-174.6483629,106.08,40,0,0,0,0
1049,202001,2020,23,60.1736611,2020-07-28T07:46:01Z,60.1736611,-175.9733692,2020-07-28T08:04:00Z,60.1654733,-175.970879,125.67,40,30.75071678485749,2.4875878460324774,222.65192354745204,13.64592071726869
1049,202001,2020,25,60.1787423,2020-08-05T20:47:01Z,60.1787423,-177.3206112,2020-08-05T21:10:00Z,60.1869037,-177.3234319,138.20000000000002,40,26.350010001293892,1.5899034303626631,190.78841164351982,11.693065559823175
1049,202001,2020,27,60.1790669,2020-08-11T05:17:01Z,60.1790669,-178.6900536,2020-08-11T05:52:00Z,60.1709445,-178.686803,258.39,40,0.47904480036226416,0.01926969468211362,3.4685450427804576,0.21258065011942318
1049,202001,2020,21,60.1804709,2020-07-15T06:48:01Z,60.1804709,-174.6483628,2020-07-15T07:09:00Z,60.188675999999994,-174.6506055,105.94,40,0,0,0,0
1049,202001,2020,23,60.1818487,2020-07-28T07:39:01Z,60.1818487,-175.9758607,2020-07-28T07:46:00Z,60.173660999999996,-175.9733693,125.46000000000001,40,10.789792899491799,0.6510331018076402,78.12397221691695,4.788072404696503
1049,202001,2020,25,60.1869038,2020-08-05T21:10:01Z,60.1869038,-177.3234318,2020-08-05T21:29:00Z,60.1950651,-177.3262539,138.24,40,32.70334686924765,1.9732502328918973,236.7900279470275,14.512418740978587
1049,202001,2020,27,60.187189,2020-08-11T04:59:01Z,60.187189,-178.6933058,2020-08-11T05:17:00Z,60.1790668,-178.6900537,272.71,40,0,0,0,0
1049,202001,2020,21,60.1886761,2020-07-15T07:09:01Z,60.1886761,-174.6506054,2020-07-15T07:34:00Z,60.1968811,-174.6528491,105.86,40,7.407043507544542,0.5363102578365139,53.631025783651545,3.2869454445720505
1049,202001,2020,23,60.1900362,2020-07-28T07:21:01Z,60.1900362,-175.9783534,2020-07-28T07:39:00Z,60.1818486,-175.9758608,125.28,40,0,0,0,0
1049,202001,2020,25,60.1950652,2020-08-05T21:29:01Z,60.1950652,-177.3262538,2020-08-05T21:29:02Z,60.2032265,-177.3290773,138.18,40,11.493010072457887,0.6934637269016665,83.21564722820001,5.10013166030522
1049,202001,2020,27,60.1953111,2020-08-11T04:34:01Z,60.1953111,-178.6965597,2020-08-11T04:59:00Z,60.1871889,-178.6933059,288.09000000000003,40,0,0,0,0
1049,202001,2020,21,60.1968812,2020-07-15T07:34:01Z,60.1968812,-174.652849,2020-07-15T07:43:00Z,60.2050862,-174.6550939,105.75,40,14.457585712375831,1.0468078813362023,104.68078813362061,6.415690072348063
1049,202001,2020,23,60.1982237,2020-07-28T07:14:01Z,60.1982237,-175.9808474,2020-07-28T07:21:00Z,60.1900361,-175.9783535,125.13000000000001,40,0,0,0,0
1049,202001,2020,25,60.2032266,2020-08-05T21:30:00Z,60.2032266,-177.3290772,2020-08-05T21:40:00Z,60.2113877,-177.3319021,138.38,40,7.5197652701093,0.45372660571596546,54.4471926859158,3.3369667902802234
1049,202001,2020,27,60.2034331,2020-08-11T04:09:01Z,60.2034331,-178.6998151,2020-08-11T04:34:00Z,60.195311,-178.6965598,299.16,40,0,0,0,0
1049,202001,2020,21,60.2050863,2020-07-15T07:43:01Z,60.2050863,-174.6550938,2020-07-15T07:59:00Z,60.2132912,-174.6573398,105.65,40,9.591323034896222,0.694463982100159,69.44639821001579,4.256240094291296
1049,202001,2020,23,60.2064111,2020-07-28T06:58:01Z,60.2064111,-175.9833426,2020-07-28T07:14:00Z,60.1982236,-175.9808475,124.93,40,0,0,0,0
1049,202001,2020,25,60.2113878,2020-08-05T21:40:01Z,60.2113878,-177.331902,2020-08-05T21:54:00Z,60.2195489,-177.3347284,138.55,40,0.9096808085519603,0.05488820072481285,6.586584086977538,0.4036794419580374
1049,202001,2020,27,60.211555,2020-08-11T03:28:01Z,60.211555,-178.7030722,2020-08-11T04:09:00Z,60.203433,-178.6998152,300.51,40,0,0,0,0
1049,202001,2020,21,60.2132913,2020-07-15T08:00:00Z,60.2132913,-174.6573397,2020-07-15T08:24:00Z,60.2214962,-174.6595869,105.54,40,0,0,0,0
1049,202001,2020,23,60.2145985,2020-07-28T06:49:01Z,60.2145985,-175.9858391,2020-07-28T06:58:00Z,60.206410999999996,-175.9833427,124.67,40,0,0,0,0
1049,202001,2020,25,60.219549,2020-08-05T21:54:01Z,60.219549,-177.3347283,2020-08-05T22:00:00Z,60.227709999999995,-177.337556,138.75,40,2.385838636316154,0.14395641716965485,17.27477006035856,1.0587384061043625
1049,202001,2020,27,60.2196768,2020-08-11T02:55:00Z,60.2196768,-178.7063309,2020-08-11T03:28:00Z,60.2115548,-178.7030723,300.54,40,0,0,0,0
1049,202001,2020,21,60.2214963,2020-07-15T08:24:01Z,60.2214963,-174.6595867,2020-07-15T08:49:00Z,60.2297011,-174.661835,105.46000000000001,40,0,0,0,0
1049,202001,2020,23,60.2227858,2020-07-28T06:33:01Z,60.2227858,-175.9883368,2020-07-28T06:49:00Z,60.2145984,-175.9858392,124.43,40,32.97508450307814,2.430397770935249,238.75755629102974,14.633004879932432
1049,202001,2020,25,60.2277102,2020-08-05T22:00:01Z,60.2277102,-177.3375559,2020-08-05T22:19:00Z,60.2358711,-177.3403851,139.02,40,0.5573108244736265,0.03362694707005249,4.0352336484063,0.24731193678671182
1049,202001,2020,27,60.2277985,2020-08-11T02:05:00Z,60.2277985,-178.7095912,2020-08-11T02:54:00Z,60.2196766,-178.70633099999998,300.56,40,0,0,0,0
1049,202001,2020,21,60.2297012,2020-07-15T08:49:01Z,60.2297012,-174.6618349,2020-07-15T08:58:00Z,60.237905999999995,-174.6640843,105.34,40,0,0,0,0
1049,202001,2020,23,60.230973,2020-07-28T06:25:00Z,60.230973,-175.9908358,2020-07-28T06:33:00Z,60.2227857,-175.9883369,124.19,40,24.012859977490194,1.4488847802773233,173.86617363327898,10.65593318491565
1049,202001,2020,25,60.2358712,2020-08-05T22:20:00Z,60.2358712,-177.3403849,2020-08-05T22:44:00Z,60.2440321,-177.3432155,139.61,40,1.2708515538749243,0.0766804735515565,9.20165682618678,0.5639523679699913
1049,202001,2020,27,60.2359201,2020-08-11T00:59:01Z,60.2359201,-178.7128531,2020-08-11T02:04:00Z,60.2277983,-178.7095913,300.6,40,0,0,0,0
1049,202001,2020,21,60.237906100000004,2020-07-15T14:38:00Z,60.237906100000004,-174.6640842,2020-07-15T15:08:00Z,60.2461108,-174.6663347,104.72,40,5.992534103579201,0.86661447892114285,43.38920794661401,2.6592435501613476
1049,202001,2020,23,60.2391602,2020-07-28T06:13:01Z,60.2391602,-175.993336,2020-07-28T06:24:00Z,60.2309729,-175.9908359,123.98,40,20.865115097726324,1.2589565646145096,151.07478775374108,9.259091694424022
1049,202001,2020,25,60.2440322,2020-08-05T22:44:01Z,60.2440322,-177.3432154,2020-08-05T22:48:00Z,60.252193,-177.3460474,139.94,40,2.383171365926544,0.1437954797604492,17.255457571253906,1.057554779702325
1049,202001,2020,27,60.2440416,2020-08-11T00:00:00Z,60.2440416,-178.7161167,2020-08-11T00:59:00Z,60.2359199,-178.7128532,300.64,40,0,0,0,0
1049,202001,2020,21,60.2461109,2020-07-15T15:08:01Z,60.2461109,-174.6663346,2020-07-15T15:33:00Z,60.2543156,-174.6685862,104.39,40,0,0,0,0
1049,202001,2020,23,60.2473473,2020-07-28T06:00:00Z,60.2473473,-175.9958375,2020-07-28T06:13:00Z,60.2391601,-175.9933361,123.88000000000001,40,0,0,0,0
1049,202001,2020,27,60.252162999999996,2020-08-10T21:30:00Z,60.252162999999996,-178.7193818,2020-08-10T23:59:00Z,60.2440415,-178.7161168,300.7,40,0,0,0,0
1049,202001,2020,25,60.2521931,2020-08-05T22:48:01Z,60.2521931,-177.3460473,2020-08-05T23:09:00Z,60.2603538,-177.3488807,140.21,40,2.0564611833487496,0.12408248382650645,14.889898059180819,0.9125740535562492
1049,202001,2020,21,60.2543157,2020-07-15T15:33:01Z,60.2543157,-174.6685861,2020-07-15T16:01:00Z,60.2625203,-174.6708389,104.38,40,0,0,0,0
1049,202001,2020,23,60.2555344,2020-07-28T05:59:01Z,60.2555344,-175.9983402,2020-07-28T05:59:02Z,60.2473472,-175.9958376,123.62,40,0,0,0,0
1049,202001,2020,27,60.2602843,2020-08-10T20:46:01Z,60.2602843,-178.7226486,2020-08-10T21:29:00Z,60.2521629,-178.7193819,300.76,40,0,0,0,0
1049,202001,2020,25,60.2603539,2020-08-05T23:09:01Z,60.2603539,-177.3488805,2020-08-05T23:09:02Z,60.2685146,-177.3517153,140.56,40,0.2740375328254782,0.016534840535770368,1.984180864292446,0.12160674083323558
1049,202001,2020,21,60.2625204,2020-07-15T16:01:01Z,60.2625204,-174.6708388,2020-07-15T16:44:00Z,60.270725,-174.6730927,104.26,40,0.837774558164964,0.0606594370399845,6.0659437039984585,0.3717703648876713
1049,202001,2020,23,60.2637214,2020-07-28T05:37:01Z,60.2637214,-176.0008441,2020-07-28T05:59:00Z,60.2555342,-175.9983403,123.49000000000001,40,0,0,0,0
1049,202001,2020,27,60.2684056,2020-08-10T16:54:01Z,60.2684056,-178.72591699999998,2020-08-10T20:46:00Z,60.2602842,-178.7226487,300.84000000000003,40,0,0,0,0
1049,202001,2020,25,60.2685147,2020-08-05T23:10:00Z,60.2685147,-177.3517152,2020-08-05T23:34:00Z,60.2766753,-177.3545514,141.13,40,0.5955862049318557,0.030802630226749398,4.312368231744917,0.26429699800692663
1049,202001,2020,21,60.2707251,2020-07-15T16:44:01Z,60.2707251,-174.6730926,2020-07-15T17:09:00Z,60.2789296,-174.6753476,103.99000000000001,40,0,0,0,0
1049,202001,2020,23,60.2719083,2020-07-28T05:34:01Z,60.2719083,-176.0033494,2020-07-28T05:37:00Z,60.2637212,-176.0008443,123.19,40,0,0,0,0
1049,202001,2020,27,60.2765267,2020-08-10T16:05:00Z,60.2765267,-178.729187,2020-08-10T16:54:00Z,60.2684055,-178.7259171,300.96,40,0,0,0,0
1049,202001,2020,25,60.2766754,2020-08-05T23:34:01Z,60.2766754,-177.3545513,2020-08-05T23:59:00Z,60.2848359,-177.357389,142.26,40,1.670616164546492,0.086401215376107815,12.096170152655091,0.7413516858772821
1049,202001,2020,21,60.2789297,2020-07-15T17:10:00Z,60.2789297,-174.6753475,2020-07-15T17:44:00Z,60.2871342,-174.6776037,103.76,40,0,0,0,0
1049,202001,2020,23,60.2800952,2020-07-28T05:17:01Z,60.2800952,-176.0058558,2020-07-28T05:34:00Z,60.2719082,-176.0033495,123.09,40,16.553880914773533,4.197383409509605,119.85910616772192,7.345940847705473
1049,202001,2020,27,60.2846478,2020-08-10T07:44:01Z,60.2846478,-178.7324586,2020-08-10T16:04:00Z,60.2765266,-178.7291871,301.08,40,0.8895850263115522,0.03578377604316025,6.441079687768838,0.3947617489779785
1049,202001,2020,25,60.284836,2020-08-05T23:59:01Z,60.284836,-177.3573889,2020-08-06T00:04:00Z,60.2929964,-177.3602279,142.64000000000001,40,0.32506871898843814,0.016811960160208198,2.3536744224291524,0.14425231119050413
1049,202001,2020,21,60.2871343,2020-07-15T17:44:01Z,60.2871343,-174.6776036,2020-07-15T18:24:00Z,60.2953387,-174.6798609,103.58,40,0,0,0,0
1049,202001,2020,23,60.288281999999995,2020-07-28T05:07:01Z,60.288281999999995,-176.0083636,2020-07-28T05:17:00Z,60.2800951,-176.005856,122.82000000000001,40,7.991062771787407,3.2224926578843442,57.85964307027277,3.5461095035100234
1049,202001,2020,27,60.2927687,2020-08-10T07:03:01Z,60.2927687,-178.7357319,2020-08-10T07:44:00Z,60.2846477,-178.7324587,301.18,40,0,0,0,0
1049,202001,2020,25,60.2929965,2020-08-06T00:04:01Z,60.2929965,-177.3602278,2020-08-06T00:24:00Z,60.3011569,-177.3630682,142.75,40,0,0,0,0
1049,202001,2020,21,60.2953388,2020-07-15T18:24:01Z,60.2953388,-174.6798607,2020-07-15T19:00:00Z,60.3035432,-174.6821192,103.42,40,0,0,0,0
1049,202001,2020,23,60.2964688,2020-07-28T04:57:01Z,60.2964688,-176.0108726,2020-07-28T05:07:00Z,60.2882819,-176.0083637,122.72,40,0,0,0,0
1049,202001,2020,27,60.3008896,2020-08-10T06:40:01Z,60.3008896,-178.7390068,2020-08-10T07:03:00Z,60.2927686,-178.73573199999998,301.35,40,0,0,0,0
1049,202001,2020,25,60.301156999999996,2020-08-06T00:24:01Z,60.301156999999996,-177.3630681,2020-08-06T00:49:00Z,60.309317300000004,-177.36590999999999,144.5,40,0,0,0,0
1049,202001,2020,21,60.3035433,2020-07-15T19:00:01Z,60.3035433,-174.6821191,2020-07-15T19:39:00Z,60.3117476,-174.6843786,103.36,40,0,0,0,0
1049,202001,2020,23,60.3046555,2020-07-28T04:47:01Z,60.3046555,-176.0133828,2020-07-28T04:57:00Z,60.2964686,-176.0108727,122.57000000000001,40,0,0,0,0
1049,202001,2020,27,60.3090104,2020-08-10T06:29:01Z,60.3090104,-178.7422833,2020-08-10T06:40:00Z,60.3008895,-178.7390069,301.27,40,0,0,0,0
1049,202001,2020,25,60.3093174,2020-08-06T00:49:01Z,60.3093174,-177.3659099,2020-08-06T00:54:00Z,60.3174776,-177.3687532,145.58,40,0,0,0,0
1049,202001,2020,21,60.3117477,2020-07-15T19:39:01Z,60.3117477,-174.6843785,2020-07-15T20:04:00Z,60.319952,-174.6866392,103.31,40,0,0,0,0
1049,202001,2020,23,60.3128421,2020-07-28T04:44:01Z,60.3128421,-176.0158943,2020-07-28T04:47:00Z,60.3046553,-176.0133829,122.51,40,0,0,0,0
1049,202001,2020,27,60.3171311,2020-08-10T06:04:01Z,60.3171311,-178.7455615,2020-08-10T06:29:00Z,60.3090103,-178.7422834,301.28000000000003,40,0,0,0,0
1049,202001,2020,25,60.3174777,2020-08-06T00:55:00Z,60.3174777,-177.3687531,2020-08-06T01:05:00Z,60.3256379,-177.3715978,146.02,40,0,0,0,0
1049,202001,2020,21,60.3199521,2020-07-15T20:04:01Z,60.3199521,-174.6866391,2020-07-15T20:29:00Z,60.3281563,-174.6889009,103.28,40,0,0,0,0
1049,202001,2020,23,60.3210287,2020-07-28T04:24:01Z,60.3210287,-176.0184071,2020-07-28T04:44:00Z,60.312841999999996,-176.0158944,122.33,40,0,0,0,0
1049,202001,2020,27,60.3252517,2020-08-10T05:32:01Z,60.3252517,-178.7488412,2020-08-10T06:04:00Z,60.317130999999996,-178.7455616,301.3,40,0,0,0,0
1049,202001,2020,25,60.325638,2020-08-06T01:05:01Z,60.325638,-177.3715977,2020-08-06T01:27:00Z,60.3337981,-177.3744438,147.55,40,0,0,0,0
1049,202001,2020,21,60.3281564,2020-07-15T20:29:01Z,60.3281564,-174.6889008,2020-07-15T20:39:00Z,60.3363606,-174.6911638,103.2,40,0,0,0,0
1049,202001,2020,23,60.3292152,2020-07-28T04:19:01Z,60.3292152,-176.0209211,2020-07-28T04:24:00Z,60.3210286,-176.0184072,122.18,40,12.022965737096728,3.464788728282849,87.0528146331826,5.335304486809549
1049,202001,2020,27,60.3333722,2020-08-10T05:12:01Z,60.3333722,-178.7521226,2020-08-10T05:32:00Z,60.3252516,-178.7488413,301.31,40,0,0,0,0
1049,202001,2020,25,60.3337982,2020-08-06T01:27:01Z,60.3337982,-177.3744437,2020-08-06T01:39:00Z,60.3419582,-177.3772913,148.72,40,0.5621222054185419,0.029071933319431576,4.07007066472042,0.24944703247811445
1049,202001,2020,21,60.3363607,2020-07-15T20:39:01Z,60.3363607,-174.6911637,2020-07-15T20:59:00Z,60.3445648,-174.6934278,103.12,40,0,0,0,0
1049,202001,2020,23,60.3374017,2020-07-28T04:01:01Z,60.3374017,-176.0234363,2020-07-28T04:19:00Z,60.3292151,-176.0209212,122.09,40,16.619090138533373,1.2878536275315877,120.33125643351065,7.374878056021201
1049,202001,2020,27,60.3414926,2020-08-10T04:52:01Z,60.3414926,-178.7554057,2020-08-10T05:12:00Z,60.3333721,-178.7521227,301.18,40,0,0,0,0
1049,202001,2020,25,60.3419583,2020-08-06T01:40:00Z,60.3419583,-177.3772912,2020-08-06T02:04:00Z,60.3501182,-177.3801402,149.15,40,3.869222678007743,0.20010912682113266,28.01527775495852,1.7170040708628767
1049,202001,2020,21,60.344564999999996,2020-07-15T20:59:01Z,60.344564999999996,-174.6934277,2020-07-15T21:24:00Z,60.352768999999995,-174.6956929,102.99000000000001,40,1.7960723318450242,0.13004541075041653,13.004541075041661,0.7970240438397211
1049,202001,2020,23,60.3455881,2020-07-28T03:54:03Z,60.3455881,-176.0259529,2020-07-28T04:01:00Z,60.3374016,-176.0234365,122.01,40,0,0,0,0
1049,202001,2020,27,60.3496129,2020-08-10T04:31:01Z,60.3496129,-178.7586903,2020-08-10T04:52:00Z,60.3414925,-178.7554058,301.5,40,0,0,0,0
1049,202001,2020,25,60.3501183,2020-08-06T02:04:01Z,60.3501183,-177.38013999999998,2020-08-06T02:04:02Z,60.3582782,-177.3829904,149.28,40,0,0,0,0
1049,202001,2020,21,60.3527691,2020-07-15T21:24:01Z,60.3527691,-174.6956928,2020-07-15T21:47:00Z,60.3609732,-174.6979592,102.91,40,33.92794764957622,2.4565680400384227,245.65680400384227,15.055846891794827
1049,202001,2020,23,60.3537744,2020-07-28T03:54:01Z,60.3537744,-176.0284707,2020-07-28T03:54:02Z,60.345588,-176.02595300000002,121.93,40,1.8900010694667442,0.9021769230941553,13.684636249868877,0.8387058074105231
1049,202001,2020,27,60.3577332,2020-08-10T04:11:01Z,60.3577332,-178.7619766,2020-08-10T04:31:00Z,60.3496128,-178.7586904,301.46,40,0,0,0,0
1049,202001,2020,25,60.3582783,2020-08-06T02:05:00Z,60.3582783,-177.3829903,2020-08-06T02:29:00Z,60.3664381,-177.3858422,149.8,40,1.3217065548259916,0.0683562479108026,9.56987470751234,0.5865197544771121
1049,202001,2020,21,60.3609733,2020-07-15T21:47:01Z,60.3609733,-174.6979591,2020-07-15T22:12:00Z,60.3691772,-174.7002266,102.82000000000001,40,0,0,0,0
1049,202001,2020,23,60.3619607,2020-07-28T03:33:01Z,60.3619607,-176.0309897,2020-07-28T03:54:00Z,60.3537743,-176.0284708,121.86,40,7.964122727853165,0.48053818743223303,57.66458249186811,3.5341546048252734
1049,202001,2020,27,60.3658533,2020-08-10T03:59:01Z,60.3658533,-178.7652646,2020-08-10T04:11:00Z,60.3577331,-178.7619767,301.21,40,0,0,0,0
1049,202001,2020,25,60.3664382,2020-08-06T02:29:01Z,60.3664382,-177.3858421,2020-08-06T02:33:00Z,60.3745979,-177.3886953,150.13,40,1.7032738265124128,0.0880902099788649,12.332629397041073,0.7558438315113559
1049,202001,2020,21,60.3691773,2020-07-15T22:12:01Z,60.3691773,-174.7002265,2020-07-15T22:34:00Z,60.3773813,-174.7024951,102.66,40,2.7405119428997438,0.19842797807297366,19.84279780729738,1.2161280323700654
1049,202001,2020,23,60.370146999999996,2020-07-28T03:29:01Z,60.370146999999996,-176.0335101,2020-07-28T03:33:00Z,60.3619606,-176.0309898,121.78,40,0,0,0,0
1049,202001,2020,27,60.3739734,2020-08-10T03:34:01Z,60.3739734,-178.7685541,2020-08-10T03:59:00Z,60.3658532,-178.7652647,301.37,40,0,0,0,0
1049,202001,2020,25,60.3745981,2020-08-06T02:33:01Z,60.3745981,-177.3886952,2020-08-06T02:54:00Z,60.3827577,-177.3915499,150.55,40,0,0,0,0
1049,202001,2020,21,60.3773814,2020-07-15T22:35:00Z,60.3773814,-174.702495,2020-07-15T22:59:00Z,60.3855853,-174.7047648,102.52,40,12.60194054053204,0.912449072784461,91.24490727844605,5.592230018667882
1049,202001,2020,23,60.3783332,2020-07-28T03:13:01Z,60.3783332,-176.0360316,2020-07-28T03:29:00Z,60.3701469,-176.0335102,121.76,40,1.562827604878437,0.09429768603274459,11.315722323929366,0.6935194955010511
1049,202001,2020,27,60.3820933,2020-08-10T03:09:01Z,60.3820933,-178.7718453,2020-08-10T03:34:00Z,60.3739733,-178.7685542,301.38,40,0,0,0,0
1049,202001,2020,25,60.3827578,2020-08-06T02:54:01Z,60.3827578,-177.3915498,2020-08-06T03:01:00Z,60.3909174,-177.3944059,150.95000000000002,40,0,0,0,0
1049,202001,2020,21,60.3855854,2020-07-15T22:59:01Z,60.3855854,-174.7047647,2020-07-15T23:24:00Z,60.3937892,-174.7070357,102.44,40,0,0,0,0
1049,202001,2020,23,60.3865193,2020-07-28T03:06:00Z,60.3865193,-176.0385545,2020-07-28T03:13:00Z,60.378333,-176.0360318,121.73,40,2.65202097448104,2.3697569352010768,19.20207504064294,1.1768593301903951
1049,202001,2020,27,60.3902132,2020-08-10T02:45:00Z,60.3902132,-178.7751382,2020-08-10T03:09:00Z,60.3820932,-178.7718455,301.40000000000003,40,0,0,0,0
1049,202001,2020,25,60.3909175,2020-08-06T03:01:01Z,60.3909175,-177.3944058,2020-08-06T03:19:00Z,60.399077,-177.3972633,151.38,40,0,0,0,0
1049,202001,2020,21,60.3937893,2020-07-15T23:24:01Z,60.3937893,-174.7070355,2020-07-15T23:33:00Z,60.4019931,-174.7093076,102.39,40,0,0,0,0
1049,202001,2020,23,60.3947053,2020-07-28T02:43:01Z,60.3947053,-176.0410786,2020-07-28T03:04:00Z,60.3865192,-176.0385546,121.56,40,0,0,0,0
1049,202001,2020,27,60.398332999999994,2020-08-10T02:23:01Z,60.398332999999994,-178.7784327,2020-08-10T02:44:00Z,60.3902131,-178.7751383,301.40000000000003,40,0,0,0,0
1049,202001,2020,25,60.3990771,2020-08-06T03:21:00Z,60.3990771,-177.3972632,2020-08-06T03:31:00Z,60.4072366,-177.4001222,151.67000000000002,40,0,0,0,0
1049,202001,2020,21,60.4019932,2020-07-15T23:33:01Z,60.4019932,-174.7093075,2020-07-15T23:56:00Z,60.4101969,-174.7115807,102.3,40,0,0,0,0
1049,202001,2020,23,60.4028914,2020-07-28T02:39:01Z,60.4028914,-176.04360400000002,2020-07-28T02:43:00Z,60.3947052,-176.0410787,121.39,40,0,0,0,0
1049,202001,2020,27,60.4064527,2020-08-10T02:05:01Z,60.4064527,-178.7817288,2020-08-10T02:23:00Z,60.3983329,-178.7784328,301.66,40,0,0,0,0
1049,202001,2020,25,60.4072367,2020-08-06T03:31:01Z,60.4072367,-177.4001221,2020-08-06T03:44:00Z,60.4153961,-177.4029825,152,40,0,0,0,0
1049,202001,2020,21,60.410197,2020-07-15T23:56:01Z,60.410197,-174.7115806,2020-07-16T00:21:00Z,60.4184007,-174.713855,102.2,40,0,0,0,0
1049,202001,2020,23,60.4110773,2020-07-28T02:25:01Z,60.4110773,-176.0461307,2020-07-28T02:39:00Z,60.4028912,-176.0436041,121.39,40,0,0,0,0
1049,202001,2020,27,60.4145723,2020-08-10T01:54:01Z,60.4145723,-178.7850266,2020-08-10T02:05:00Z,60.4064526,-178.7817289,301.27,40,0,0,0,0
1049,202001,2020,25,60.415396200000004,2020-08-06T03:45:00Z,60.415396200000004,-177.4029824,2020-08-06T04:09:00Z,60.4235555,-177.4058442,152.25,40,0,0,0,0
1049,202001,2020,21,60.4184008,2020-07-16T00:21:01Z,60.4184008,-174.7138549,2020-07-16T00:41:00Z,60.4266045,-174.7161304,102.08,40,0,0,0,0
1049,202001,2020,23,60.4192632,2020-07-28T02:15:00Z,60.4192632,-176.0486586,2020-07-28T02:25:00Z,60.4110772,-176.0461308,121.39,40,15.787858936032379,0.9526057515441982,114.31269018530391,7.0060113669483135
1049,202001,2020,27,60.4226918,2020-08-10T01:32:01Z,60.4226918,-178.78832599999998,2020-08-10T01:54:00Z,60.4145722,-178.7850267,301.43,40,0,0,0,0
1049,202001,2020,25,60.4235556,2020-08-06T04:09:01Z,60.4235556,-177.4058441,2020-08-06T04:17:00Z,60.4317148,-177.4087074,152.33,40,0,0,0,0
1049,202001,2020,21,60.4266046,2020-07-16T00:41:01Z,60.4266046,-174.7161303,2020-07-16T01:04:00Z,60.4348082,-174.718407,101.96000000000001,40,0,0,0,0
1049,202001,2020,23,60.427448999999996,2020-07-28T02:14:01Z,60.427448999999996,-176.0511878,2020-07-28T02:14:02Z,60.4192631,-176.0486587,121.41,40,1.067303056935102,0.07727854940659311,7.727854940659313,0.47362580190022746
1049,202001,2020,27,60.4308112,2020-08-10T01:12:01Z,60.4308112,-178.7916271,2020-08-10T01:32:00Z,60.4226917,-178.7883261,301.7,40,0,0,0,0
1049,202001,2020,25,60.4317149,2020-08-06T04:17:01Z,60.4317149,-177.4087073,2020-08-06T04:34:00Z,60.4398741,-177.41157199999998,152.62,40,0,0,0,0
1049,202001,2020,21,60.4348083,2020-07-16T01:05:00Z,60.4348083,-174.7184068,2020-07-16T01:29:00Z,60.4430118,-174.7206847,101.83,40,0,0,0,0
1049,202001,2020,23,60.4356348,2020-07-28T01:55:01Z,60.4356348,-176.0537183,2020-07-28T02:14:00Z,60.4274489,-176.0511879,121.38,40,0,0,0,0
1049,202001,2020,27,60.4389306,2020-08-10T00:52:01Z,60.4389306,-178.7949298,2020-08-10T01:12:00Z,60.4308111,-178.7916272,301.38,40,0,0,0,0
1049,202001,2020,25,60.4398742,2020-08-06T04:35:00Z,60.4398742,-177.4115719,2020-08-06T04:52:00Z,60.4480333,-177.414438,152.77,40,0,0,0,0
1049,202001,2020,21,60.4430119,2020-07-16T01:30:00Z,60.4430119,-174.7206845,2020-07-16T01:54:00Z,60.4512154,-174.7229635,101.74000000000001,40,0,0,0,0
1049,202001,2020,23,60.4438206,2020-07-28T01:49:01Z,60.4438206,-176.05624999999998,2020-07-28T01:55:00Z,60.4356347,-176.0537184,121.27,40,0,0,0,0
1049,202001,2020,27,60.4470498,2020-08-10T00:24:01Z,60.4470498,-178.7982341,2020-08-10T00:52:00Z,60.4389305,-178.7949299,301.35,40,0,0,0,0
1049,202001,2020,25,60.4480334,2020-08-06T04:52:01Z,60.4480334,-177.4144379,2020-08-06T05:05:00Z,60.4561924,-177.4173055,152.73,40,0,0,0,0
1049,202001,2020,21,60.451215500000004,2020-07-16T01:55:00Z,60.451215500000004,-174.7229634,2020-07-16T02:19:00Z,60.459419,-174.7252435,101.60000000000001,40,0,0,0,0
1049,202001,2020,23,60.4520062,2020-07-28T01:35:01Z,60.4520062,-176.058783,2020-07-28T01:49:00Z,60.4438204,-176.0562501,121.25,40,0,0,0,0
1049,202001,2020,27,60.455169,2020-08-09T23:59:01Z,60.455169,-178.8015401,2020-08-10T00:24:00Z,60.4470497,-178.7982342,301.49,40,0,0,0,0
1049,202001,2020,25,60.4561925,2020-08-06T05:05:01Z,60.4561925,-177.4173054,2020-08-06T05:24:00Z,60.4643515,-177.4201744,152.91,40,0.20520300822674412,0.010612724625729384,1.4857814476021147,0.09106077106423985
1049,202001,2020,21,60.4594191,2020-07-16T02:20:00Z,60.4594191,-174.7252434,2020-07-16T02:44:00Z,60.4676225,-174.7275247,101.5,40,0,0,0,0
1049,202001,2020,23,60.4601918,2020-07-28T01:25:00Z,60.4601918,-176.0613173,2020-07-28T01:35:00Z,60.4520061,-176.0587831,121.21000000000001,40,21.54338051467411,1.2998816539426994,155.98579847312388,9.560078372870894
1049,202001,2020,27,60.4632881,2020-08-09T23:29:01Z,60.4632881,-178.8048478,2020-08-09T23:59:00Z,60.4551689,-178.8015402,301.66,40,0,0,0,0
1049,202001,2020,25,60.4643516,2020-08-06T05:24:01Z,60.4643516,-177.4201743,2020-08-06T05:35:00Z,60.4725105,-177.4230447,153.05,40,4.892139063721111,0.25301249315349544,35.421749041489356,2.1709328686043747
1049,202001,2020,21,60.4676226,2020-07-16T02:45:00Z,60.4676226,-174.7275245,2020-07-16T03:16:00Z,60.4758259,-174.729807,101.42,40,0,0,0,0
1049,202001,2020,23,60.4683774,2020-07-28T01:07:01Z,60.4683774,-176.0638529,2020-07-28T01:24:00Z,60.4601917,-176.0613174,121.17,40,4.037369933497134,0.243606294896851,29.23275538762214,1.7916210020156633
1049,202001,2020,27,60.471407,2020-08-09T22:59:01Z,60.471407,-178.8081571,2020-08-09T23:29:00Z,60.4632879,-178.8048479,301.25,40,0,0,0,0
1049,202001,2020,25,60.4725106,2020-08-06T05:35:01Z,60.4725106,-177.4230446,2020-08-06T05:52:00Z,60.4806694,-177.4259165,152.96,40,0,0,0,0
1049,202001,2020,21,60.4758261,2020-07-16T03:16:01Z,60.4758261,-174.7298068,2020-07-16T03:59:00Z,60.4840294,-174.7320904,101.34,40,0,0,0,0
1049,202001,2020,23,60.4765629,2020-07-28T00:59:01Z,60.4765629,-176.0663897,2020-07-28T01:07:00Z,60.4683773,-176.063853,120.88,40,13.759871217669643,0.9962895550740493,99.62895550740461,6.106072682136912
1049,202001,2020,27,60.4795259,2020-08-09T22:10:00Z,60.4795259,-178.811468,2020-08-09T22:59:00Z,60.4714069,-178.8081572,296.22,40,0,0,0,0
1049,202001,2020,25,60.4806695,2020-08-06T05:52:01Z,60.4806695,-177.4259164,2020-08-06T06:14:00Z,60.4888283,-177.4287897,153.07,40,0.1096294642436102,0.005669835568872753,0.7937769796421852,0.04864910915122529
1049,202001,2020,21,60.4840295,2020-07-16T03:59:01Z,60.4840295,-174.7320903,2020-07-16T04:24:00Z,60.4922327,-174.734375,101.2,40,0,0,0,0
1049,202001,2020,23,60.4847483,2020-07-28T00:44:01Z,60.4847483,-176.0689278,2020-07-28T00:59:00Z,60.4765628,-176.0663898,120.8,40,8.107414175934922,0.5870209055278639,58.702090552786345,3.597741536917509
1049,202001,2020,27,60.4876447,2020-08-09T21:44:01Z,60.4876447,-178.8147806,2020-08-09T22:09:00Z,60.4795258,-178.8114681,288.84000000000003,40,2.9603864736314325,0.11908227256573428,21.434809061832134,1.3136994299769256
1049,202001,2020,25,60.4888284,2020-08-06T06:14:01Z,60.4888284,-177.4287896,2020-08-06T06:25:00Z,60.4969871,-177.4316644,153.33,40,3.3349260004501216,0.17247627895812442,24.146679054137426,1.4799048789168323
1049,202001,2020,21,60.4922328,2020-07-16T04:25:00Z,60.4922328,-174.7343749,2020-07-16T04:57:00Z,60.5004361,-174.7366608,101.09,40,16.312206377568415,1.4763656375390146,118.1092510031211,7.238695491535186
1049,202001,2020,23,60.4929337,2020-07-28T00:36:00Z,60.4929337,-176.0714672,2020-07-28T00:44:00Z,60.4847482,-176.0689279,120.81,40,7.387842512125161,0.5349200012795511,53.49200012795509,3.2784248216864555
1049,202001,2020,27,60.4957634,2020-08-09T21:10:00Z,60.4957634,-178.8180949,2020-08-09T21:44:00Z,60.4876446,-178.8147807,280.72,40,25.988343301069357,1.0453874884496288,188.16974792093282,11.532572549144136
1049,202001,2020,25,60.4969872,2020-08-06T06:25:01Z,60.4969872,-177.4316643,2020-08-06T06:43:00Z,60.5051458,-177.4345405,153.54,40,1.1262496975006466,0.05824757640091745,8.154660696128456,0.4997839298337804
1049,202001,2020,21,60.5004362,2020-07-16T04:57:01Z,60.5004362,-174.7366606,2020-07-16T05:30:00Z,60.5086393,-174.7389477,101.02,40,14.400325342200722,1.3033273986677225,104.26619189341834,6.390280242810829
1049,202001,2020,23,60.5011191,2020-07-28T00:34:01Z,60.5011191,-176.0740079,2020-07-28T00:34:02Z,60.4929336,-176.0714673,120.82000000000001,40,0,0,0,0
1049,202001,2020,25,60.5051459,2020-08-06T06:43:01Z,60.5051459,-177.4345404,2020-08-06T07:04:00Z,60.5133044,-177.43741799999998,153.85,40,5.667993858723888,0.2931382854606812,41.03935996449546,2.51522575435376
1049,202001,2020,21,60.5086394,2020-07-16T05:30:01Z,60.5086394,-174.7389475,2020-07-16T06:04:00Z,60.5168426,-174.7412357,100.92,40,10.857198993136656,0.9826503627021629,78.61202901617303,4.81798449475196
1049,202001,2020,23,60.5093043,2020-07-28T00:16:01Z,60.5093043,-176.0765498,2020-07-28T00:34:00Z,60.501118999999996,-176.074008,120.72,40,0,0,0,0
1049,202001,2020,25,60.5133045,2020-08-06T07:04:01Z,60.5133045,-177.4374179,2020-08-06T21:53:00Z,60.521463,-177.440297,153.76,40,15.805525301638333,0.8260059214149781,114.4406042860313,7.01385098337442
1049,202001,2020,21,60.5168427,2020-07-16T06:04:01Z,60.5168427,-174.7412356,2020-07-16T06:29:00Z,60.5250458,-174.7435249,100.79,40,63.21522767696879,5.721408113118425,457.71264904947344,28.052353739890332
1049,202001,2020,23,60.5174896,2020-07-28T00:09:01Z,60.5174896,-176.0790931,2020-07-28T00:16:00Z,60.5093042,-176.0765499,120.58,40,0,0,0,0
1049,202001,2020,25,60.5214631,2020-08-06T21:53:01Z,60.5214631,-177.4402969,2020-08-06T22:11:00Z,60.5296215,-177.4431775,153.79,40,15.95522233380595,0.8313210237697342,115.52449226154275,7.080280453843727
1049,202001,2020,21,60.5250459,2020-07-16T06:30:00Z,60.5250459,-174.7435248,2020-07-16T07:19:00Z,60.5332489,-174.7458153,100.66,40,327.71525461467445,29.660459757043284,2372.8367805634693,145.42673634565472
1049,202001,2020,23,60.5256747,2020-07-27T23:45:00Z,60.5256747,-176.0816376,2020-07-28T00:09:00Z,60.5174895,-176.0790932,120.45,40,0,0,0,0
1049,202001,2020,25,60.5296216,2020-08-06T22:11:01Z,60.5296216,-177.4431774,2020-08-06T22:33:00Z,60.53778,-177.4460594,153.68,40,16.95572228274413,0.8842452555807601,122.76865634717174,7.524261746259154
1049,202001,2020,21,60.533249,2020-07-16T07:20:00Z,60.533249,-174.7458152,2020-07-16T07:56:00Z,60.541452,-174.7481068,100.60000000000001,40,527.1418415783598,47.709922434866456,3816.793794789327,233.92416597181597
1049,202001,2020,23,60.5338599,2020-07-27T23:44:01Z,60.5338599,-176.0841834,2020-07-27T23:44:02Z,60.5256746,-176.0816377,120.37,40,0,0,0,0
1049,202001,2020,25,60.5377801,2020-08-06T22:33:01Z,60.5377801,-177.4460593,2020-08-06T22:54:00Z,60.5459383,-177.4489427,153.68,40,14.44388940290973,0.7470115671413122,104.5816193997838,6.409612205792913
1049,202001,2020,21,60.5414521,2020-07-16T07:56:01Z,60.5414521,-174.7481067,2020-07-16T08:34:00Z,60.549654999999994,-174.7503995,100.52,40,160.7985059536086,14.553445874155313,1164.2686869581305,71.35585420820848
1049,202001,2020,23,60.5420449,2020-07-27T23:23:01Z,60.5420449,-176.0867304,2020-07-27T23:44:00Z,60.5338597,-176.0841835,120.36,40,0,0,0,0
1049,202001,2020,25,60.5459385,2020-08-06T22:55:00Z,60.5459385,-177.4489426,2020-08-06T23:19:00Z,60.5540967,-177.4518275,153.09,40,14.502251782996158,0.7500299627959948,105.00419479143939,6.435511062626152
1049,202001,2020,21,60.5496551,2020-07-16T08:34:01Z,60.5496551,-174.7503994,2020-07-16T08:47:00Z,60.557857999999996,-174.7526934,100.46000000000001,40,247.62269553359312,22.411538347339015,1792.9230677871199,109.88490755154393
1049,202001,2020,23,60.5502299,2020-07-27T23:10:01Z,60.5502299,-176.0892788,2020-07-27T23:23:00Z,60.5420448,-176.0867306,120.32000000000001,40,0,0,0,0
1049,202001,2020,25,60.5540968,2020-08-06T23:19:01Z,60.5540968,-177.4518274,2020-08-06T23:44:00Z,60.5622549,-177.4547138,152.70000000000002,40,25.201728034178604,1.3033873237556344,182.4742253257892,11.18350460246557
1049,202001,2020,21,60.5578582,2020-07-16T14:51:00Z,60.5578582,-174.7526933,2020-07-16T16:54:00Z,60.566061,-174.7549884,100,40,26.00934715727541,2.3540228408726422,188.32182726981142,11.541893208514452
1049,202001,2020,23,60.5584149,2020-07-27T22:54:01Z,60.5584149,-176.0918285,2020-07-27T23:10:00Z,60.5502298,-176.0892789,120.13,40,0,0,0,0
1049,202001,2020,25,60.562255,2020-08-06T23:44:01Z,60.562255,-177.4547137,2020-08-07T00:09:00Z,60.5704131,-177.4576015,152.32,40,8.369470841583038,0.4328537387066244,60.59952341892741,3.7140316548970316
1049,202001,2020,21,60.5660611,2020-07-16T16:54:01Z,60.5660611,-174.7549883,2020-07-16T17:44:00Z,60.5742639,-174.7572846,99.8,40,37.00392265571383,3.3491067117795392,267.9285369423627,16.42083982369043
1049,202001,2020,23,60.5665998,2020-07-27T22:37:01Z,60.5665998,-176.0943794,2020-07-27T22:54:00Z,60.5584148,-176.0918286,119.95,40,0,0,0,0
1049,202001,2020,25,60.5704132,2020-08-07T00:09:01Z,60.5704132,-177.4576013,2020-08-07T00:19:00Z,60.5785712,-177.46049060000001,152.01,40,11.56686598549376,0.598217173069506,83.75040422973072,5.132905918571788
1049,202001,2020,21,60.574264,2020-07-16T17:45:00Z,60.574264,-174.7572844,2020-07-16T19:05:00Z,60.5824668,-174.7595819,99.4,40,32.392902335898555,2.9317780073357964,234.5422405868641,14.374656050149952
1049,202001,2020,23,60.5747846,2020-07-27T22:29:01Z,60.5747846,-176.0969316,2020-07-27T22:37:00Z,60.5665997,-176.0943795,119.89,40,1.2236370496618125,0.08859798122341374,8.85979812234137,0.5430004862397242
1049,202001,2020,25,60.5785713,2020-08-07T00:19:01Z,60.5785713,-177.4604905,2020-08-07T00:39:00Z,60.5867292,-177.4633812,151.76,40,1.2911670292658293,0.06677679945256,9.34875192335841,0.5729675518584665
1049,202001,2020,21,60.5824669,2020-07-16T19:05:01Z,60.5824669,-174.7595818,2020-07-16T20:00:00Z,60.5906696,-174.7618804,99.33,40,5.067225811216342,0.4586184046578828,36.68947237263058,2.248629264811336
1049,202001,2020,23,60.5829694,2020-07-27T22:15:01Z,60.5829694,-176.0994851,2020-07-27T22:29:00Z,60.5747845,-176.0969317,119.78,40,0,0,0,0
1049,202001,2020,25,60.5867293,2020-08-07T00:40:00Z,60.5867293,-177.4633811,2020-08-07T00:57:00Z,60.5948872,-177.4662733,151.37,40,9.008117187292173,0.46588336073219505,65.2236705025073,3.9974369966616727
1049,202001,2020,21,60.5906697,2020-07-16T20:00:01Z,60.5906697,-174.7618803,2020-07-16T20:39:00Z,60.5988724,-174.76418,99.29,40,0,0,0,0
1049,202001,2020,23,60.5911541,2020-07-27T21:54:01Z,60.5911541,-176.1020399,2020-07-27T22:15:00Z,60.5829693,-176.0994852,119.61,40,0,0,0,0
1049,202001,2020,25,60.5948873,2020-08-07T00:57:01Z,60.5948873,-177.4662731,2020-08-07T01:15:00Z,60.6030451,-177.4691668,150.98,40,4.666283010665578,0.24133163078775524,33.78642831028569,2.0707071140285103
1049,202001,2020,21,60.5988725,2020-07-16T20:39:01Z,60.5988725,-174.7641799,2020-07-16T21:04:00Z,60.6070751,-174.7664809,99.15,40,0,0,0,0
1049,202001,2020,23,60.5993388,2020-07-27T21:42:01Z,60.5993388,-176.10459600000002,2020-07-27T21:54:00Z,60.591153999999996,-176.1020401,119.35000000000001,40,0,0,0,0
1049,202001,2020,25,60.6030452,2020-08-07T01:15:01Z,60.6030452,-177.4691667,2020-08-07T01:30:00Z,60.6112029,-177.4720617,150.59,40,9.364361629981007,0.4843076723559573,67.80307412983404,4.155523829398308
1049,202001,2020,21,60.6070752,2020-07-16T21:05:00Z,60.6070752,-174.7664807,2020-07-16T21:34:00Z,60.6152778,-174.7687829,98.99000000000001,40,69.1697228027455,9.045770586427425,500.82643409662273,30.69471713474049
1049,202001,2020,23,60.6075234,2020-07-27T21:39:01Z,60.6075234,-176.1071534,2020-07-27T21:42:00Z,60.5993387,-176.1045961,119.28,40,5.829288795993093,0.4220722308432814,42.207223084328106,2.5868019046422703
1049,202001,2020,25,60.6112031,2020-08-07T01:30:01Z,60.6112031,-177.4720616,2020-08-07T01:49:00Z,60.6193607,-177.4749582,150.39000000000001,40,6.520899981526626,0.33724903164868136,47.21486443081546,2.8937108938211566
1049,202001,2020,21,60.6152779,2020-07-16T21:34:01Z,60.6152779,-174.7687827,2020-07-16T22:04:00Z,60.6234804,-174.771086,98.81,40,409.17210440863505,50.87713994477362,2962.628700525222,181.5739820161755
1049,202001,2020,23,60.615708,2020-07-27T21:15:00Z,60.615708,-176.1097121,2020-07-27T21:39:00Z,60.6075233,-176.1071535,119.17,40,5.626161310610007,0.5443566193408655,40.73646955157885,2.496662166423203
1049,202001,2020,25,60.6193608,2020-08-07T01:50:00Z,60.6193608,-177.4749581,2020-08-07T02:03:00Z,60.6275184,-177.4778561,149.9,40,5.968125256926978,0.3086605329569019,43.21247461396634,2.6484118941532437
1049,202001,2020,21,60.6234806,2020-07-16T22:04:01Z,60.6234806,-174.7710859,2020-07-16T22:34:00Z,60.631682999999995,-174.7733903,98.73,40,621.1319944193231,70.02153079222542,4497.333649224997,275.63318312563166
1049,202001,2020,23,60.6238925,2020-07-27T21:07:01Z,60.6238925,-176.1122721,2020-07-27T21:14:00Z,60.6157079,-176.1097122,119.01,40,0,0,0,0
1049,202001,2020,25,60.6275185,2020-08-07T02:03:01Z,60.6275185,-177.4778559,2020-08-07T02:14:00Z,60.6356761,-177.4807554,149.34,40,0.8715283028144085,0.045073851310592765,6.310339183482991,0.38674890755449015
1049,202001,2020,21,60.6316832,2020-07-16T22:34:01Z,60.6316832,-174.7733902,2020-07-16T23:07:00Z,60.6398856,-174.7756958,98.89,40,109.59389862587435,13.367504391204077,793.5194652155641,48.63332657278071
1049,202001,2020,23,60.632076999999995,2020-07-27T20:49:01Z,60.632076999999995,-176.1148333,2020-07-27T21:07:00Z,60.6238924,-176.1122722,118.9,40,0.23785018933458035,0.01722164804872057,1.7221648048720568,0.1055482657186481
1049,202001,2020,25,60.6356762,2020-08-07T02:15:00Z,60.6356762,-177.4807553,2020-08-07T02:39:00Z,60.6438336,-177.4836562,148.58,40,4.108861502574471,0.21250280894469084,29.750393252256668,1.8233460603422025
1049,202001,2020,21,60.6398857,2020-07-16T23:07:01Z,60.6398857,-174.7756957,2020-07-16T23:34:00Z,60.6480881,-174.7780025,98.82000000000001,40,110.60908733572951,13.057701393733094,800.8699839236098,49.08382614144675
1049,202001,2020,23,60.6402614,2020-07-27T20:31:01Z,60.6402614,-176.1173959,2020-07-27T20:49:00Z,60.6320769,-176.1148334,118.8,40,0.9369711031134581,0.06784180670524033,6.784180670524045,0.4157897676633716
1049,202001,2020,25,60.6438337,2020-08-07T02:39:01Z,60.6438337,-177.4836561,2020-08-07T02:39:02Z,60.651991100000004,-177.4865585,148.02,40,0,0,0,0
1049,202001,2020,21,60.6480882,2020-07-16T23:35:00Z,60.6480882,-174.7780024,2020-07-17T00:03:00Z,60.6562906,-174.7803103,98.64,40,30.760103234847254,3.1409591699366284,222.71988655332683,13.650086043016154
1049,202001,2020,23,60.6484458,2020-07-27T20:24:01Z,60.6484458,-176.1199597,2020-07-27T20:31:00Z,60.6402613,-176.11739599999999,118.72,40,2.6637400059056433,0.1928692720545771,19.286927205457705,1.182059760958307
1049,202001,2020,25,60.6519913,2020-08-07T02:40:00Z,60.6519913,-177.4865584,2020-08-07T03:04:00Z,60.6601486,-177.4894622,147.34,40,16.37340511752898,3.3203216642924223,118.55236318376497,7.265853009824641
1049,202001,2020,21,60.6562907,2020-07-17T00:03:01Z,60.6562907,-174.7803102,2020-07-17T00:28:00Z,60.664493,-174.7826193,98.48,40,268.18960694440426,29.607768346531696,1941.8386985701427,119.01166854624113
1049,202001,2020,23,60.6566301,2020-07-27T20:09:01Z,60.6566301,-176.1225249,2020-07-27T20:24:00Z,60.6484457,-176.1199599,118.72,40,121.5702330488959,9.78058149117253,880.2346437588623,53.947937973986306
1049,202001,2020,25,60.6601487,2020-08-07T03:04:01Z,60.6601487,-177.4894621,2020-08-07T03:04:02Z,60.6683059,-177.4923674,146.86,40,1.5058837625940642,0.07788155655646568,10.90341791790519,0.6682501282018848
1049,202001,2020,21,60.6644931,2020-07-17T00:28:01Z,60.6644931,-174.7826192,2020-07-17T01:14:00Z,60.6726954,-174.7849295,98.38,40,383.30912272576666,49.09471064923217,2775.366638939757,170.09703986793966
1049,202001,2020,23,60.6648143,2020-07-27T19:59:01Z,60.6648143,-176.1250913,2020-07-27T20:09:00Z,60.65663,-176.122525,118.64,40,42.686730549188766,3.3938188392707205,309.0751585800054,18.94263944574067
1049,202001,2020,25,60.6683061,2020-08-07T03:05:00Z,60.6683061,-177.4923673,2020-08-07T03:29:00Z,60.6764633,-177.4952741,146.15,40,0.6423007454248753,0.03321862090132117,4.650606926184974,0.2850270161190666
1049,202001,2020,21,60.6726955,2020-07-17T01:15:00Z,60.6726955,-174.7849293,2020-07-17T01:52:00Z,60.6808977,-174.7872408,98.44,40,117.98328411455641,13.399325476745068,854.2631815167058,52.356195540229734
1049,202001,2020,23,60.6729986,2020-07-27T19:43:01Z,60.6729986,-176.1276591,2020-07-27T19:59:00Z,60.6648142,-176.1250915,118.64,40,0,0,0,0
1049,202001,2020,25,60.6764634,2020-08-07T03:29:01Z,60.6764634,-177.495274,2020-08-07T03:29:02Z,60.6846205,-177.4981822,145.67000000000002,40,0,0,0,0
1049,202001,2020,21,60.6808978,2020-07-17T01:52:01Z,60.6808978,-174.7872407,2020-07-17T02:29:00Z,60.6891,-174.7895533,98.33,40,693.4076020702682,72.31765387367412,5020.648379793105,307.70616596689285
1049,202001,2020,23,60.6811827,2020-07-27T19:36:00Z,60.6811827,-176.1302282,2020-07-27T19:43:00Z,60.6729984,-176.1276592,118.54,40,0,0,0,0
1049,202001,2020,25,60.6846206,2020-08-07T03:30:00Z,60.6846206,-177.4981821,2020-08-07T03:54:00Z,60.6927777,-177.5010918,144.86,40,1.0118686320952548,0.0523319967023798,7.326479538333196,0.4490262528339617
1049,202001,2020,21,60.6891001,2020-07-17T02:30:00Z,60.6891001,-174.7895532,2020-07-17T03:44:00Z,60.6973023,-174.791867,98.34,40,243.05387734774297,26.54849670534735,1759.8423378472235,107.85745137314268
1049,202001,2020,23,60.6893668,2020-07-27T19:21:01Z,60.6893668,-176.1327985,2020-07-27T19:34:00Z,60.6811826,-176.1302283,118.31,40,4.601689364828947,0.5099746495998649,33.318735163648185,2.0420430742244022
1049,202001,2020,25,60.6927778,2020-08-07T03:54:01Z,60.6927778,-177.5010917,2020-08-07T03:54:02Z,60.7009348,-177.5040029,144.26,40,0.11696447234765761,0.00604918878502897,0.8468864299040573,0.05190408820581574
1049,202001,2020,21,60.6973024,2020-07-17T03:44:01Z,60.6973024,-174.7918669,2020-07-17T04:09:00Z,60.7055045,-174.7941819,98.22,40,66.32945933327805,7.969498925711034,480.26138095386506,29.434323421264757
1049,202001,2020,23,60.6975508,2020-07-27T19:10:00Z,60.6975508,-176.1353702,2020-07-27T19:21:00Z,60.6893667,-176.1327986,118.15,40,1.533482579589988,0.11103248371769676,11.10324837176968,0.6804973636485145
1049,202001,2020,25,60.7009349,2020-08-07T03:55:00Z,60.7009349,-177.5040028,2020-08-07T04:19:00Z,60.7090918,-177.5069154,143.79,40,0,0,0,0
1049,202001,2020,21,60.7055046,2020-07-17T04:09:01Z,60.7055046,-174.7941818,2020-07-17T04:59:00Z,60.7137067,-174.7964979,98.06,40,48.68021303089702,4.40589041625455,352.47123330036527,21.602303847645075
1049,202001,2020,23,60.7057348,2020-07-27T18:55:01Z,60.7057348,-176.1379431,2020-07-27T19:09:00Z,60.6975507,-176.1353703,118.06,40,57.81542539688336,4.796928023406834,418.6151420596861,25.656140529040655
1049,202001,2020,25,60.7090919,2020-08-07T04:19:01Z,60.7090919,-177.5069153,2020-08-07T04:19:02Z,60.7172488,-177.5098295,143.25,40,3.6972265496196877,0.19121380134297425,26.769932188016398,1.6406791660458182
1049,202001,2020,21,60.7137068,2020-07-17T04:59:01Z,60.7137068,-174.7964978,2020-07-17T05:32:00Z,60.7219088,-174.7988151,97.98,40,53.55660579622783,6.1935360649793605,387.778970572637,23.766249147766807
1049,202001,2020,23,60.7139188,2020-07-27T18:45:00Z,60.7139188,-176.1405174,2020-07-27T18:55:00Z,60.7057347,-176.1379432,117.84,40,73.42454324573997,6.108079153554794,531.6336495059312,32.582833852068774
1049,202001,2020,25,60.7172489,2020-08-07T04:21:00Z,60.7172489,-177.5098293,2020-08-07T04:31:00Z,60.7254057,-177.5127449,142.67000000000002,40,3.9636545181716554,0.20499296904265113,28.699015665971192,1.758909090933729
1049,202001,2020,21,60.7219089,2020-07-17T05:32:01Z,60.7219089,-174.798815,2020-07-17T06:00:00Z,60.7301109,-174.8011335,97.92,40,222.98932895781869,21.90731195482928,1614.564088712964,98.95361870893842
1049,202001,2020,23,60.7221027,2020-07-27T18:32:01Z,60.7221027,-176.1430929,2020-07-27T18:44:00Z,60.7139187,-176.1405175,117.68,40,38.149254775780584,2.762213647622048,276.2213647622046,16.929091758587386
1049,202001,2020,25,60.7254058,2020-08-07T04:31:01Z,60.7254058,-177.5127448,2020-08-07T04:44:00Z,60.7335626,-177.5156619,142.31,40,0,0,0,0
1049,202001,2020,21,60.730110999999994,2020-07-17T06:00:01Z,60.730110999999994,-174.8011334,2020-07-17T06:25:00Z,60.7383129,-174.8034531,97.76,40,136.71291179492945,12.496178321556467,989.8758782723202,60.667644544117266
1049,202001,2020,23,60.7302865,2020-07-27T18:20:00Z,60.7302865,-176.1456698,2020-07-27T18:32:00Z,60.7221026,-176.1430931,117.53,40,10.586452862107123,0.8201587239584016,76.65167969200897,4.697838344521227
1049,202001,2020,25,60.7335627,2020-08-07T04:44:01Z,60.7335627,-177.5156618,2020-08-07T04:52:00Z,60.7417194,-177.5185803,141.65,40,0,0,0,0
1049,202001,2020,21,60.738313,2020-07-17T06:25:01Z,60.738313,-174.803453,2020-07-17T07:04:00Z,60.7465149,-174.8057739,97.59,40,144.02053864958157,14.467368924682734,1042.787073388153,63.9104729109367
1049,202001,2020,23,60.7384703,2020-07-27T18:19:01Z,60.7384703,-176.148248,2020-07-27T18:19:02Z,60.7302864,-176.1456699,117.34,40,28.981045436152456,2.159006535991349,209.8385399573168,12.860612358800037
1049,202001,2020,25,60.7417195,2020-08-07T04:52:01Z,60.7417195,-177.5185802,2020-08-07T05:09:00Z,60.7498761,-177.5215002,141.19,40,0,0,0,0
1049,202001,2020,21,60.746514999999995,2020-07-17T07:04:01Z,60.746514999999995,-174.8057737,2020-07-17T07:29:00Z,60.7547169,-174.8080958,97.46000000000001,40,106.8739843999733,9.785302404321861,773.8258060882698,47.42633897167561
1049,202001,2020,23,60.746654,2020-07-27T17:57:01Z,60.746654,-176.1508275,2020-07-27T18:19:00Z,60.7384702,-176.1482481,117.19,40,0,0,0,0
1049,202001,2020,25,60.7498762,2020-08-07T05:09:01Z,60.7498762,-177.5215001,2020-08-07T05:14:00Z,60.7580327,-177.5244216,140.58,40,0,0,0,0
1049,202001,2020,21,60.754717,2020-07-17T07:30:00Z,60.754717,-174.8080957,2020-07-17T08:04:00Z,60.7629188,-174.8104189,97.34,40,273.7001581264203,25.359333145874697,1981.7380878776057,121.45702762727794
1049,202001,2020,23,60.7548377,2020-07-27T17:45:00Z,60.7548377,-176.1534083,2020-07-27T17:57:00Z,60.7466539,-176.1508276,117,40,9.805515102715958,0.7099726534076694,70.99726534076686,4.351289845364912
1049,202001,2020,25,60.7580328,2020-08-07T05:15:00Z,60.7580328,-177.5244215,2020-08-07T05:25:00Z,60.7661893,-177.5273445,140.23,40,0,0,0,0
1049,202001,2020,21,60.7629189,2020-07-17T08:04:01Z,60.7629189,-174.8104188,2020-07-17T15:24:00Z,60.7711207,-174.8127432,97.17,40,252.7426343691777,24.591239872869064,1829.9942111417213,112.15692871828486
1049,202001,2020,23,60.7630214,2020-07-27T17:34:01Z,60.7630214,-176.1559904,2020-07-27T17:44:00Z,60.7548376,-176.1534084,116.77,40,1.9616690640350718,0.14203551531065992,14.203551531065969,0.8705091562133264
1049,202001,2020,25,60.7661894,2020-08-07T05:25:01Z,60.7661894,-177.5273444,2020-08-07T05:37:00Z,60.7743458,-177.5302688,139.77,40,0,0,0,0
1049,202001,2020,21,60.7711208,2020-07-17T15:24:01Z,60.7711208,-174.8127431,2020-07-17T15:49:00Z,60.7793225,-174.8150687,96.92,40,127.40922965824124,13.943751831553314,922.5121566946901,56.53904781240031
1049,202001,2020,23,60.7712049,2020-07-27T17:29:01Z,60.7712049,-176.1585738,2020-07-27T17:34:00Z,60.7630212,-176.1559905,116.65,40,4.259694651118052,0.30842507328585644,30.842507328585583,1.8902796931730068
1049,202001,2020,25,60.7743459,2020-08-07T05:37:01Z,60.7743459,-177.5302687,2020-08-07T05:59:00Z,60.7825023,-177.5331947,139.15,40,0,0,0,0
1049,202001,2020,21,60.7793226,2020-07-17T15:50:00Z,60.7793226,-174.8150686,2020-07-17T16:24:00Z,60.7875243,-174.8173953,96.68,40,158.8813839477776,18.969472104978788,1150.387680370225,70.5051132293906
1049,202001,2020,23,60.7793885,2020-07-27T17:12:01Z,60.7793885,-176.1611585,2020-07-27T17:29:00Z,60.7712048,-176.1585739,116.56,40,13.48698436215252,0.9765310617300383,97.65310617300398,5.98497656521631
1049,202001,2020,25,60.7825024,2020-08-07T05:59:01Z,60.7825024,-177.5331946,2020-08-07T05:59:02Z,60.7906587,-177.53612199999998,138.86,40,0,0,0,0
1049,202001,2020,21,60.7875244,2020-07-17T16:24:01Z,60.7875244,-174.8173952,2020-07-17T16:51:00Z,60.795725999999995,-174.8197232,96.43,40,93.71865139009665,11.237227898427493,678.5740361848549,41.58853582328061
1049,202001,2020,23,60.787572,2020-07-27T17:04:01Z,60.787572,-176.1637446,2020-07-27T17:12:00Z,60.7793884,-176.1611586,116.44,40,30.59606828259411,2.215321842339401,221.53218423394014,13.577293985225499
1049,202001,2020,25,60.7906588,2020-08-07T06:00:00Z,60.7906588,-177.5361219,2020-08-07T06:24:00Z,60.798815,-177.5390508,138.42000000000002,40,0,0,0,0
1049,202001,2020,21,60.7957261,2020-07-17T16:51:01Z,60.7957261,-174.8197231,2020-07-17T17:29:00Z,60.8039277,-174.8220522,96.16,40,186.28478008060563,22.478960038000505,1348.8031808411436,82.66562882415617
1049,202001,2020,23,60.7957554,2020-07-27T16:49:01Z,60.7957554,-176.1663319,2020-07-27T17:04:00Z,60.7875718,-176.1637447,116.29,40,2.715928974447916,0.19664803738066408,19.664803738066414,1.2052191081704855
1049,202001,2020,25,60.7988151,2020-08-07T06:24:01Z,60.7988151,-177.5390507,2020-08-07T06:28:00Z,60.8069713,-177.541981,138.18,40,4.356086467747717,0.26283697113163856,31.540436535796673,1.9330544712936142
1049,202001,2020,21,60.8039278,2020-07-17T17:29:01Z,60.8039278,-174.8220521,2020-07-17T17:54:00Z,60.8121294,-174.8243824,95.94,40,212.80101336170068,25.603283835869654,1540.795139486349,94.43245753276707
1049,202001,2020,23,60.8039388,2020-07-27T16:39:01Z,60.8039388,-176.1689206,2020-07-27T16:49:00Z,60.7957553,-176.166332,116.16,40,6.352180392329528,0.4802033951378006,45.99324279065362,2.818839984185402
1049,202001,2020,25,60.8069714,2020-08-07T06:28:01Z,60.8069714,-177.5419809,2020-08-07T06:49:00Z,60.8151275,-177.5449128,137.75,40,15.635726510801963,1.3224518341846585,113.21116863871768,6.938501167828585
1049,202001,2020,23,60.8121221,2020-07-27T16:26:01Z,60.8121221,-176.1715106,2020-07-27T16:39:00Z,60.8039387,-176.1689207,115.96000000000001,40,0,0,0,0
1049,202001,2020,21,60.8121295,2020-07-17T17:54:01Z,60.8121295,-174.8243823,2020-07-17T18:25:00Z,60.820330999999996,-174.8267138,95.74000000000001,40,202.33986925618777,23.98915434914137,1465.0507633830086,89.79022613131737
1049,202001,2020,25,60.8151276,2020-08-07T06:49:01Z,60.8151276,-177.5449127,2020-08-07T06:49:02Z,60.8232836,-177.547846,137.39000000000001,40,0,0,0,0
1049,202001,2020,23,60.8203054,2020-07-27T16:16:00Z,60.8203054,-176.1741019,2020-07-27T16:26:00Z,60.812121999999995,-176.1715107,115.78,40,0,0,0,0
1049,202001,2020,21,60.8203311,2020-07-17T18:25:01Z,60.8203311,-174.8267137,2020-07-17T18:50:00Z,60.8285326,-174.8290464,95.61,40,299.06864879648674,35.68276102155128,2165.4197654366562,132.7145347228837
1049,202001,2020,25,60.8232837,2020-08-07T06:50:00Z,60.8232837,-177.5478459,2020-08-07T07:14:00Z,60.8314397,-177.5507808,137.06,40,0,0,0,0
1049,202001,2020,23,60.8284886,2020-07-27T16:14:01Z,60.8284886,-176.1766945,2020-07-27T16:14:02Z,60.8203053,-176.174102,115.62,40,0,0,0,0
1049,202001,2020,21,60.8285327,2020-07-17T18:50:01Z,60.8285327,-174.8290463,2020-07-17T19:34:00Z,60.8367342,-174.8313802,95.51,40,632.4231567433039,73.11179236668761,4579.08780891206,280.6437429430447
1049,202001,2020,25,60.8314398,2020-08-07T07:14:01Z,60.8314398,-177.5507807,2020-08-07T07:14:02Z,60.8395957,-177.553717,136.83,40,0,0,0,0
1049,202001,2020,23,60.8366718,2020-07-27T15:53:01Z,60.8366718,-176.1792885,2020-07-27T16:14:00Z,60.8284885,-176.1766946,115.51,40,2.1703082014118342,0.15714212423598148,15.714212423598154,0.9630947420089917
1049,202001,2020,21,60.8367343,2020-07-17T19:34:01Z,60.8367343,-174.8313801,2020-07-17T19:59:00Z,60.8449357,-174.8337152,95.38,40,380.4978788805624,46.420400041329906,2755.0117036686584,168.84952388654122
1049,202001,2020,25,60.8395958,2020-08-07T07:15:00Z,60.8395958,-177.5537169,2020-08-07T07:39:00Z,60.8477517,-177.5566547,136.53,40,0,0,0,0
1049,202001,2020,23,60.8448549,2020-07-27T15:49:01Z,60.8448549,-176.1818837,2020-07-27T15:53:00Z,60.8366717,-176.1792886,115.4,40,38.538242885997136,2.790378503609873,279.03785036098753,17.101708902737634
1049,202001,2020,21,60.8449358,2020-07-17T19:59:01Z,60.8449358,-174.8337151,2020-07-17T20:36:00Z,60.8531371,-174.8360514,95.22,40,219.91410104301772,28.214337119140936,1592.2977651222757,97.58895730587255
1049,202001,2020,25,60.8477518,2020-08-07T07:39:01Z,60.8477518,-177.5566546,2020-08-07T07:39:02Z,60.8559076,-177.5595939,136.27,40,0,0,0,0
1049,202001,2020,23,60.853038,2020-07-27T15:28:01Z,60.853038,-176.1844803,2020-07-27T15:49:00Z,60.8448548,-176.1818838,115.19,40,94.6484201133643,6.963659877507507,685.3060677058808,42.00112946693038
1049,202001,2020,21,60.8531372,2020-07-17T20:36:01Z,60.8531372,-174.8360513,2020-07-17T21:14:00Z,60.8613386,-174.8383887,95.14,40,73.78557021549553,9.537029048705454,534.2476812317921,32.743042976316104
1049,202001,2020,25,60.8559077,2020-08-07T07:40:00Z,60.8559077,-177.5595938,2020-08-07T07:51:00Z,60.8640634,-177.5625346,136.16,40,0,0,0,0
1049,202001,2020,23,60.861221,2020-07-27T15:18:01Z,60.861221,-176.1870782,2020-07-27T15:28:00Z,60.8530379,-176.1844804,115.11,40,41.621713451377566,3.1634671804161436,301.3638552273838,18.470028059770517
1049,202001,2020,21,60.8613387,2020-07-17T21:14:01Z,60.8613387,-174.8383886,2020-07-17T22:00:00Z,60.8695399,-174.8407273,95.09,40,91.41134152091392,11.566225462352524,661.8678571325822,40.56464529853865
1049,202001,2020,25,60.8640635,2020-08-07T07:51:01Z,60.8640635,-177.5625345,2020-08-07T15:53:00Z,60.8722191,-177.5654768,135.74,40,0,0,0,0
1049,202001,2020,23,60.869403999999996,2020-07-27T08:26:01Z,60.869403999999996,-176.1896774,2020-07-27T15:18:00Z,60.8612209,-176.1870783,115.08,40,5.47382059868806,0.4255815757205863,39.633439895999814,2.42905953811885
1049,202001,2020,21,60.8695401,2020-07-17T22:00:01Z,60.8695401,-174.8407272,2020-07-17T22:42:00Z,60.8777413,-174.843067,95.03,40,379.1890611791503,46.981777915817176,2745.5351512737616,168.2687236823775
1049,202001,2020,25,60.8722192,2020-08-07T15:53:01Z,60.8722192,-177.5654767,2020-08-07T16:04:00Z,60.8803748,-177.5684205,135.51,40,0,0,0,0
1049,202001,2020,23,60.877587,2020-07-27T08:19:01Z,60.877587,-176.192278,2020-07-27T08:26:00Z,60.8694039,-176.1896776,115.2,40,6.453655268805204,0.6194538798988914,46.72797611726587,2.86387041807316
1049,202001,2020,21,60.8777414,2020-07-17T22:42:01Z,60.8777414,-174.8430669,2020-07-17T23:19:00Z,60.8859426,-174.845408,94.94,40,224.17670387340857,28.337771285346435,1623.1613292513784,99.48052753103755
1049,202001,2020,25,60.8803749,2020-08-07T16:04:01Z,60.8803749,-177.5684204,2020-08-07T16:24:00Z,60.8885305,-177.5713656,135.42000000000002,40,0,0,0,0
1049,202001,2020,23,60.8857698,2020-07-27T07:54:01Z,60.8857698,-176.1948799,2020-07-27T08:19:00Z,60.8775868,-176.1922781,114.98,40,17.360996963602506,1.5882323829587783,125.70306558028047,7.70410620980132
1049,202001,2020,21,60.8859427,2020-07-17T23:19:01Z,60.8859427,-174.8454079,2020-07-17T23:44:00Z,60.8941439,-174.8477501,94.82000000000001,40,282.54230196031165,36.04741107238119,2045.7600209815714,125.38081238235016
1049,202001,2020,25,60.8885306,2020-08-07T16:24:01Z,60.8885306,-177.5713655,2020-08-07T16:24:02Z,60.896685999999995,-177.5743123,135.36,40,0,0,0,0
1049,202001,2020,23,60.8939527,2020-07-27T07:38:01Z,60.8939527,-176.1974831,2020-07-27T07:54:00Z,60.8857697,-176.19488,114.84,40,2.155460039028311,0.20808938197093513,15.606703647820144,0.9565057298535918
1049,202001,2020,21,60.894144,2020-07-17T23:44:01Z,60.894144,-174.84775,2020-07-18T00:09:00Z,60.9023451,-174.8500934,94.76,40,303.3147821492464,38.512952478243264,2196.1640815852957,134.5987964619545
1049,202001,2020,25,60.8966862,2020-08-07T16:26:00Z,60.8966862,-177.5743122,2020-08-07T16:34:00Z,60.9048415,-177.5772605,135.27,40,0,0,0,0
1049,202001,2020,23,60.9021355,2020-07-27T07:29:01Z,60.9021355,-176.2000876,2020-07-27T07:38:00Z,60.8939526,-176.1974832,114.75,40,9.081255861628096,0.8767097907405491,65.75323430554108,4.029892973487735
1049,202001,2020,21,60.9023452,2020-07-18T00:09:01Z,60.9023452,-174.8500933,2020-07-18T00:34:00Z,60.9105463,-174.852438,94.72,40,214.23167397610968,27.68276560137756,1551.1539008762165,95.06732667920458
1049,202001,2020,25,60.9048417,2020-08-07T16:34:01Z,60.9048417,-177.5772604,2020-08-07T16:49:00Z,60.912997,-177.5802101,135.18,40,0,0,0,0
1049,202001,2020,23,60.9103182,2020-07-27T07:13:01Z,60.9103182,-176.2026935,2020-07-27T07:29:00Z,60.9021353,-176.2000877,114.57000000000001,40,44.290768494717746,4.043794612866819,320.6892661962219,19.654446418739674
1049,202001,2020,21,60.9105464,2020-07-18T00:34:01Z,60.9105464,-174.8524379,2020-07-18T00:59:00Z,60.9187474,-174.8547837,94.61,40,410.1575836184814,56.64145519242777,2969.7641062857915,182.0112977138929
1049,202001,2020,25,60.9129971,2020-08-07T16:49:01Z,60.9129971,-177.58021,2020-08-07T16:49:02Z,60.9211524,-177.5831613,135.02,40,0,0,0,0
1049,202001,2020,23,60.9185009,2020-07-27T07:04:01Z,60.9185009,-176.2053006,2020-07-27T07:13:00Z,60.9103181,-176.2026936,114.37,40,39.586122220620624,3.1400252853361272,286.62506698204635,17.56671524459233
1049,202001,2020,21,60.9187475,2020-07-18T00:59:01Z,60.9187475,-174.8547836,2020-07-18T01:20:00Z,60.9269485,-174.8571306,94.51,40,72.04464523439425,10.789570536439049,521.6424369864,31.970491089703867
1049,202001,2020,25,60.9211525,2020-08-07T16:51:00Z,60.9211525,-177.5831612,2020-08-07T17:02:00Z,60.9293077,-177.586114,135.08,40,0,0,0,0
1049,202001,2020,23,60.9266835,2020-07-27T06:40:00Z,60.9266835,-176.2079092,2020-07-27T07:04:00Z,60.9185008,-176.2053008,114.11,40,58.30773352400601,4.732755425880833,422.179720805892,25.87460690555422
1049,202001,2020,21,60.9269486,2020-07-18T01:20:01Z,60.9269486,-174.8571305,2020-07-18T01:49:00Z,60.9351496,-174.8594788,94.4,40,38.69494039357883,5.986877937558999,280.1724255880384,17.171244900223925
1049,202001,2020,25,60.9293078,2020-08-07T17:02:01Z,60.9293078,-177.5861139,2020-08-07T17:14:00Z,60.937462999999994,-177.5890681,135.08,40,0,0,0,0
1049,202001,2020,23,60.9348661,2020-07-27T06:25:01Z,60.9348661,-176.21051899999998,2020-07-27T06:39:00Z,60.9266834,-176.2079093,113.93,40,41.681451716531285,3.7445600024927534,301.7963927756602,18.496537478584333
1049,202001,2020,21,60.9351497,2020-07-18T01:49:01Z,60.9351497,-174.8594786,2020-07-18T02:14:00Z,60.9433506,-174.8618281,94.3,40,82.35234499086539,13.169227873501336,596.2757925008326,36.54463011346408
1049,202001,2020,25,60.9374631,2020-08-07T17:14:01Z,60.9374631,-177.589068,2020-08-07T17:22:00Z,60.9456182,-177.5920238,135.16,40,0,0,0,0
1049,202001,2020,23,60.9430487,2020-07-27T06:15:00Z,60.9430487,-176.2131302,2020-07-27T06:25:00Z,60.934866,-176.2105191,113.88,40,25.024060434380274,2.143107207737372,181.18781521951692,11.104662928697843
1049,202001,2020,21,60.9433507,2020-07-18T02:15:00Z,60.9433507,-174.861828,2020-07-18T02:45:00Z,60.9515516,-174.8641786,94.17,40,51.296217176922354,8.43999965879599,371.41252690323404,22.76318037037662
1049,202001,2020,25,60.9456183,2020-08-07T17:22:01Z,60.9456183,-177.5920237,2020-08-07T17:39:00Z,60.9537733,-177.594981,135.24,40,0,0,0,0
1049,202001,2020,23,60.9512312,2020-07-27T06:03:01Z,60.9512312,-176.2157427,2020-07-27T06:14:00Z,60.9430486,-176.2131303,113.77,40,41.546876859679294,3.126089559604105,300.82199757866846,18.436818616094456
1049,202001,2020,21,60.9515517,2020-07-18T02:45:01Z,60.9515517,-174.8641785,2020-07-18T03:29:00Z,60.9597526,-174.8665304,94.05,40,104.91898292897469,16.295352517227265,759.6705315591804,46.558788622783354
1049,202001,2020,25,60.9537734,2020-08-07T17:39:01Z,60.9537734,-177.5949809,2020-08-07T17:42:00Z,60.9619284,-177.5979396,135.36,40,0,0,0,0
1049,202001,2020,23,60.9594136,2020-07-27T05:50:00Z,60.9594136,-176.2183566,2020-07-27T06:03:00Z,60.9512311,-176.2157428,113.53,40,17.193737994088508,1.4260055728383065,124.49201962146904,7.629883463931409
1049,202001,2020,21,60.9597527,2020-07-18T03:29:01Z,60.9597527,-174.8665302,2020-07-18T04:31:00Z,60.9679535,-174.8688833,93.95,40,71.6159204136546,12.169464602627277,518.5382359793774,31.780240405328946
1049,202001,2020,25,60.9619285,2020-08-07T17:42:01Z,60.9619285,-177.5979395,2020-08-07T17:52:00Z,60.9700834,-177.6008998,135.5,40,0,0,0,0
1049,202001,2020,23,60.967596,2020-07-27T05:27:01Z,60.967596,-176.2209717,2020-07-27T05:49:00Z,60.9594135,-176.2183567,113.2,40,14.129002286067966,1.0230166531755405,102.30166531755395,6.269878076622045
1049,202001,2020,21,60.9679536,2020-07-18T04:31:01Z,60.9679536,-174.8688832,2020-07-18T16:24:00Z,60.9761544,-174.8712374,93.78,40,186.5783770557093,25.778800417073395,1350.928982711451,82.79591525205068
1049,202001,2020,25,60.9700835,2020-08-07T17:52:01Z,60.9700835,-177.6008997,2020-08-07T18:02:00Z,60.9782383,-177.6038615,135.57,40,0,0,0,0
1049,202001,2020,23,60.9757784,2020-07-27T05:12:01Z,60.9757784,-176.2235883,2020-07-27T05:27:00Z,60.9675959,-176.2209719,112.88,40,23.90767228848435,1.8738624198072624,173.10455752349787,10.609255155435918
1049,202001,2020,21,60.9761545,2020-07-18T16:24:01Z,60.9761545,-174.8712373,2020-07-18T17:49:00Z,60.9843552,-174.8735928,93.61,40,150.31416470767329,19.328096149799823,1088.3563509346368,66.70332885682303
1049,202001,2020,25,60.9782384,2020-08-07T18:02:01Z,60.9782384,-177.6038614,2020-08-07T18:12:00Z,60.9863932,-177.6068247,135.62,40,0,0,0,0
1049,202001,2020,23,60.9839607,2020-07-27T05:00:00Z,60.9839607,-176.2262061,2020-07-27T05:12:00Z,60.9757783,-176.2235884,112.79,40,23.73699380987782,1.7470921687202197,171.86875245801693,10.533514970141907
1049,202001,2020,21,60.9843553,2020-07-18T17:49:01Z,60.9843553,-174.8735927,2020-07-18T18:29:00Z,60.992556,-174.8759493,93.2,40,147.04222588093998,19.65088265987985,1064.6657332947743,65.2513751305495
1049,202001,2020,25,60.9863933,2020-08-07T18:12:01Z,60.9863933,-177.6068246,2020-08-07T18:29:00Z,60.994547999999995,-177.6097894,135.72,40,0,0,0,0
1049,202001,2020,23,60.9921429,2020-07-27T04:47:01Z,60.9921429,-176.2288253,2020-07-27T04:59:00Z,60.9839606,-176.2262062,112.53,40,27.683342589282177,2.0044246515781907,200.4424651578197,12.284744476211825
1049,202001,2020,21,60.9925561,2020-07-18T18:30:00Z,60.9925561,-174.8759492,2020-07-18T19:19:00Z,61.0007568,-174.8783071,92.98,40,24.029634336636725,2.92018056694887,173.98762912182514,10.663376965058987
1049,202001,2020,25,60.9945482,2020-08-07T18:29:01Z,60.9945482,-177.6097893,2020-08-07T18:32:00Z,61.0027028,-177.6127557,135.75,40,0,0,0,0
1049,202001,2020,23,61.0003252,2020-07-27T04:34:01Z,61.0003252,-176.2314458,2020-07-27T04:47:00Z,60.9921428,-176.2288254,112.38,40,29.967060367731623,2.1697782463476294,216.97782463476267,13.298165788091094
1049,202001,2020,21,61.0007569,2020-07-18T19:19:01Z,61.0007569,-174.878307,2020-07-18T20:09:00Z,61.0089575,-174.8806661,92.79,40,27.908916037560243,4.487949099380562,202.0757396766457,12.384844822251212
1049,202001,2020,25,61.0027029,2020-08-07T18:32:01Z,61.0027029,-177.6127555,2020-08-07T18:54:00Z,61.0108575,-177.6157234,135.76,40,0,0,0,0
1049,202001,2020,23,61.0085073,2020-07-27T04:10:00Z,61.0085073,-176.2340677,2020-07-27T04:34:00Z,61.000325,-176.231446,111.98,40,40.320959983678314,2.949325183996202,291.94569227298814,17.89280643540575
1049,202001,2020,21,61.0089576,2020-07-18T20:10:00Z,61.0089576,-174.880666,2020-07-18T20:41:00Z,61.0171582,-174.8830263,92.65,40,7.464723965240733,1.7807491325341986,54.048663686111055,3.31254169191044
1049,202001,2020,25,61.0108576,2020-08-07T18:54:01Z,61.0108576,-177.6157233,2020-08-07T18:54:02Z,61.0190122,-177.6186926,135.87,40,0,0,0,0
1049,202001,2020,23,61.0166894,2020-07-27T04:09:01Z,61.0166894,-176.2366909,2020-07-27T04:09:02Z,61.0085072,-176.2340678,111.74000000000001,40,14.681713594387814,1.063035959660275,106.30359596602725,6.515148934717442
1049,202001,2020,21,61.0171583,2020-07-18T20:41:01Z,61.0171583,-174.8830261,2020-07-18T21:09:00Z,61.0253589,-174.8853877,92.51,40,18.291199828493966,4.497008363691725,132.43824052291535,8.116892507892937
1049,202001,2020,25,61.0190123,2020-08-07T18:55:00Z,61.0190123,-177.6186925,2020-08-07T19:05:00Z,61.0271668,-177.6216634,136.08,40,0,0,0,0
1049,202001,2020,23,61.0248715,2020-07-27T03:45:00Z,61.0248715,-176.2393155,2020-07-27T04:09:00Z,61.0166893,-176.236691,111.69,40,74.45475067771008,6.616777070907137,539.0929119350261,33.03999812038032
1049,202001,2020,21,61.025358999999995,2020-07-18T21:09:01Z,61.025358999999995,-174.8853875,2020-07-18T21:34:00Z,61.0335595,-174.8877503,92.36,40,5.723984057996803,1.4352024764149003,41.44475947616012,2.5400719335686297
1049,202001,2020,25,61.0271669,2020-08-07T19:05:01Z,61.0271669,-177.6216633,2020-08-07T19:19:00Z,61.0353213,-177.6246357,136.19,40,0,0,0,0
1049,202001,2020,23,61.0330535,2020-07-27T03:44:01Z,61.0330535,-176.2419414,2020-07-27T03:44:02Z,61.0248714,-176.2393156,111.60000000000001,40,34.82268413448611,2.5631070497874826,252.13518305520057,15.452894649131668
1049,202001,2020,21,61.0335596,2020-07-18T21:34:01Z,61.0335596,-174.8877501,2020-07-18T21:59:00Z,61.0417601,-174.8901141,92.21000000000001,40,7.480849978102568,2.4038215695619196,54.16542479473688,3.3196977622725665
1049,202001,2020,25,61.0353214,2020-08-07T19:21:00Z,61.0353214,-177.6246356,2020-08-07T19:28:00Z,61.0434757,-177.6276095,136.39000000000001,40,0,0,0,0
1049,202001,2020,23,61.0412355,2020-07-27T03:20:00Z,61.0412355,-176.2445686,2020-07-27T03:44:00Z,61.0330534,-176.2419415,111.47,40,56.481229636959306,4.089548387108491,408.95483871084747,25.06407857196117
1049,202001,2020,21,61.0417602,2020-07-18T21:59:01Z,61.0417602,-174.89011399999998,2020-07-18T22:25:00Z,61.0499606,-174.8924791,92.11,40,0.6917068813409278,0.12520835590522353,5.008334236208943,0.306951455096341
1049,202001,2020,25,61.0434759,2020-08-07T19:28:01Z,61.0434759,-177.6276094,2020-08-07T19:44:00Z,61.0516301,-177.6305848,136.58,40,0,0,0,0
1049,202001,2020,23,61.0494175,2020-07-27T02:55:00Z,61.0494175,-176.2471972,2020-07-27T03:19:00Z,61.0412354,-176.2445687,111.26,40,6.415132841350363,0.46449052779232924,46.44905277923294,2.846775727417223
1049,202001,2020,21,61.0499607,2020-07-18T22:25:01Z,61.0499607,-174.89247899999998,2020-07-18T22:45:00Z,61.0581611,-174.8948454,92.04,40,0,0,0,0
1049,202001,2020,25,61.0516303,2020-08-07T19:44:01Z,61.0516303,-177.63058469999999,2020-08-07T19:51:00Z,61.0597845,-177.6335616,136.74,40,0,0,0,0
1049,202001,2020,23,61.0575993,2020-07-27T02:54:01Z,61.0575993,-176.2498271,2020-07-27T02:54:02Z,61.0494173,-176.2471973,111.13,40,15.62341281379302,1.131220107714655,113.12201077146526,6.933036848596742
1049,202001,2020,21,61.0581612,2020-07-18T22:45:01Z,61.0581612,-174.8948452,2020-07-18T23:04:00Z,61.0663616,-174.8972128,91.93,40,0,0,0,0
1049,202001,2020,25,61.0597846,2020-08-07T19:51:01Z,61.0597846,-177.6335615,2020-08-07T20:09:00Z,61.0679388,-177.6365399,136.97,40,0,0,0,0
1049,202001,2020,23,61.065781200000004,2020-07-27T02:30:00Z,61.065781200000004,-176.2524584,2020-07-27T02:54:00Z,61.0575992,-176.2498273,111.07000000000001,40,6.185674861200029,0.44787652135754524,44.78765213575453,2.744951583707573
1049,202001,2020,21,61.0663617,2020-07-18T23:05:00Z,61.0663617,-174.8972127,2020-07-18T23:29:00Z,61.074562,-174.8995815,91.87,40,0,0,0,0
1049,202001,2020,25,61.0679389,2020-08-07T20:09:01Z,61.0679389,-177.6365398,2020-08-07T20:14:00Z,61.076093,-177.6395198,137.18,40,0,0,0,0
1049,202001,2020,23,61.073963,2020-07-27T02:29:01Z,61.073963,-176.2550911,2020-07-27T02:29:02Z,61.0657811,-176.2524585,110.96000000000001,40,7.881625887384583,0.7470125640240683,57.067260473476594,3.4975458534802066
1049,202001,2020,21,61.0745621,2020-07-18T23:30:00Z,61.0745621,-174.8995814,2020-07-18T23:54:00Z,61.0827624,-174.9019514,91.84,40,2.8345358900725603,0.5130895587771496,20.52358235108598,1.2578520460775027
1049,202001,2020,25,61.0760931,2020-08-07T20:14:01Z,61.0760931,-177.6395197,2020-08-07T20:34:00Z,61.0842472,-177.6425012,137.34,40,0,0,0,0
1049,202001,2020,23,61.0821447,2020-07-27T02:08:01Z,61.0821447,-176.257725,2020-07-27T02:29:00Z,61.0739629,-176.2550912,110.97,40,26.548179557170368,1.9497149973925711,192.223267068619,11.781005170043848
1049,202001,2020,21,61.0827625,2020-07-18T23:54:01Z,61.0827625,-174.9019513,2020-07-19T00:19:00Z,61.0909628,-174.9043225,91.77,40,2.227153379232295,0.40314506113030185,16.12580244521206,0.9883203260213628
1049,202001,2020,25,61.0842473,2020-08-07T20:34:01Z,61.0842473,-177.6425011,2020-08-07T20:39:00Z,61.0924013,-177.6454841,137.59,40,0,0,0,0
1049,202001,2020,23,61.0903264,2020-07-27T02:04:01Z,61.0903264,-176.2603604,2020-07-27T02:08:00Z,61.0821446,-176.2577252,111.02,40,26.768118039705666,1.9381574136901336,193.81574136901335,11.878604946866966
1049,202001,2020,21,61.0909629,2020-07-19T00:19:01Z,61.0909629,-174.9043224,2020-07-19T00:44:00Z,61.0991631,-174.9066948,91.77,40,0,0,0,0
1049,202001,2020,25,61.0924014,2020-08-07T20:39:01Z,61.0924014,-177.645484,2020-08-07T20:59:00Z,61.1005553,-177.6484686,137.81,40,1.0839210493545874,0.06540148540841294,7.848178249009555,0.48100019283306367
1049,202001,2020,23,61.0985081,2020-07-27T01:42:01Z,61.0985081,-176.2629971,2020-07-27T02:04:00Z,61.0903263,-176.2603605,111.02,40,7.059233811438382,0.5111269431163121,51.11269431163119,3.132601610216321
1049,202001,2020,21,61.0991632,2020-07-19T00:44:01Z,61.0991632,-174.9066947,2020-07-19T01:07:00Z,61.1073634,-174.9090684,91.71000000000001,40,7.070811463952022,1.279913070404865,51.196522816194545,3.1377393027585327
1049,202001,2020,25,61.1005554,2020-08-07T20:59:01Z,61.1005554,-177.6484685,2020-08-07T21:04:00Z,61.1087093,-177.6514545,138.08,40,0,0,0,0
1049,202001,2020,23,61.1066897,2020-07-27T01:20:01Z,61.1066897,-176.2656351,2020-07-27T01:42:00Z,61.098507999999995,-176.2629972,110.77,40,8.318010808042395,0.6022692477240466,60.22692477240471,3.691195779469588
1049,202001,2020,21,61.1073635,2020-07-19T01:07:01Z,61.1073635,-174.9090682,2020-07-19T01:34:00Z,61.1155637,-174.9114431,91.63,40,39.36935432416208,7.126388736255724,285.05554945022755,17.470522445256385
1049,202001,2020,25,61.1087094,2020-08-07T21:04:01Z,61.1087094,-177.6514544,2020-08-07T21:24:00Z,61.1168632,-177.65444200000002,138.48,40,0,0,0,0
1049,202001,2020,23,61.1148713,2020-07-27T01:07:01Z,61.1148713,-176.2682745,2020-07-27T01:20:00Z,61.1066896,-176.2656352,110.53,40,39.84270182200188,3.9198931288464918,288.4828429223687,17.68057486362538
1049,202001,2020,21,61.1155638,2020-07-19T01:35:00Z,61.1155638,-174.911443,2020-07-19T01:59:00Z,61.1237639,-174.9138191,91.54,40,68.93488155042381,12.473344397959762,499.1260556331372,30.590504113211708
1049,202001,2020,23,61.1230528,2020-07-27T00:56:01Z,61.1230528,-176.2709152,2020-07-27T01:07:00Z,61.1148712,-176.2682746,110.45,40,12.61107075106525,0.9131101497121414,91.31101497121416,5.596281635738791
1049,202001,2020,21,61.123763999999994,2020-07-19T02:00:00Z,61.123763999999994,-174.913819,2020-07-19T02:28:00Z,61.1319641,-174.9161963,91.44,40,29.310920556193047,5.305675383473162,212.2270153389265,13.006997555807544
1049,202001,2020,23,61.1312343,2020-07-27T00:49:01Z,61.1312343,-176.2735573,2020-07-27T00:56:00Z,61.1230527,-176.2709153,110.5,40,36.08970229996717,2.6130908406335007,261.30908406335004,16.015145914832495
1049,202001,2020,21,61.1319642,2020-07-19T02:28:01Z,61.1319642,-174.9161962,2020-07-19T02:49:00Z,61.1401642,-174.9185748,91.3,40,23.549066557001787,4.262701422008264,170.50805688033074,10.450120478517466
1049,202001,2020,23,61.1394157,2020-07-27T00:31:01Z,61.1394157,-176.2762008,2020-07-27T00:49:00Z,61.1312342,-176.2735574,110.5,40,27.967158633865107,2.024974477685382,202.49744776853842,12.410690523901177
1049,202001,2020,21,61.1401644,2020-07-19T02:50:00Z,61.1401644,-174.9185746,2020-07-19T03:14:00Z,61.1483644,-174.9209544,91.24,40,26.887610048564113,4.8670232134674745,194.6809285386986,11.931630653247655
1049,202001,2020,23,61.1475971,2020-07-27T00:06:01Z,61.1475971,-176.2788456,2020-07-27T00:31:00Z,61.1394156,-176.2762009,110.24000000000001,40,12.596449322071962,0.9120514786856608,91.20514786856594,5.589793238664615
1049,202001,2020,21,61.1483645,2020-07-19T03:15:00Z,61.1483645,-174.9209543,2020-07-19T04:04:00Z,61.1565644,-174.9233353,91.14,40,138.54757248150383,25.078995500868395,1003.1598200347389,61.48179253446305
1049,202001,2020,23,61.1557785,2020-07-26T23:59:01Z,61.1557785,-176.2814918,2020-07-27T00:06:00Z,61.147597,-176.2788457,110.06,40,3.09159572730445,0.22384835460303285,22.384835460303233,1.3719247743004657
1049,202001,2020,21,61.1565646,2020-07-19T04:04:01Z,61.1565646,-174.9233352,2020-07-19T04:44:00Z,61.1647645,-174.9257174,90.99,40,67.48086929775438,12.214955391867363,488.59821567469334,29.945272456965093
1049,202001,2020,23,61.1639598,2020-07-26T23:40:01Z,61.1639598,-176.2841393,2020-07-26T23:59:00Z,61.1557783,-176.2814919,110.14,40,8.828101341156389,0.6392025781487549,63.92025781487553,3.91755326642516
1049,202001,2020,21,61.1647646,2020-07-19T04:44:01Z,61.1647646,-174.9257173,2020-07-19T08:39:00Z,61.1729645,-174.9281008,91.03,40,122.73221151114947,21.407285768632832,888.6480001547974,54.46357688029285
1049,202001,2020,23,61.172140999999996,2020-07-26T23:34:01Z,61.172140999999996,-176.2867882,2020-07-26T23:40:00Z,61.1639597,-176.2841394,110.10000000000001,40,38.49552808022922,2.787285719225454,278.7285719225459,17.082753804648686
1049,202001,2020,21,61.1729646,2020-07-19T08:39:01Z,61.1729646,-174.9281006,2020-07-19T15:05:00Z,61.1811645,-174.9304853,90.84,40,123.8957886134014,17.801247411778235,897.0729315742735,54.979925198182386
1049,202001,2020,23,61.1803222,2020-07-26T23:09:01Z,61.1803222,-176.2894384,2020-07-26T23:34:00Z,61.1721409,-176.2867883,109.94,40,6.779311429195156,0.49085903935117725,49.08590393511775,3.0083834119283055
1049,202001,2020,21,61.1811646,2020-07-19T15:05:01Z,61.1811646,-174.9304852,2020-07-19T15:44:00Z,61.1893644,-174.9328711,90.81,40,172.8667273610963,28.50576645832765,1251.6491772723218,76.71124132575744
1049,202001,2020,23,61.1885034,2020-07-26T22:50:01Z,61.1885034,-176.2920901,2020-07-26T23:09:00Z,61.1803221,-176.2894386,109.97,40,8.52195459177853,0.6170358874944593,61.703588749445935,3.781697757784887
1049,202001,2020,21,61.1893645,2020-07-19T15:44:01Z,61.1893645,-174.93287099999998,2020-07-19T16:34:00Z,61.1975643,-174.9352581,90.59,40,63.57150832110918,10.463632682715849,460.2923147950097,28.21045663736267
1049,202001,2020,23,61.1966845,2020-07-26T22:30:01Z,61.1966845,-176.29474299999998,2020-07-26T22:50:00Z,61.1885033,-176.2920902,109.94,40,26.075225597144705,2.1053652360808557,188.79882302440882,11.571127387793045
1049,202001,2020,21,61.1975644,2020-07-19T16:34:01Z,61.1975644,-174.93525799999998,2020-07-19T17:09:00Z,61.2057642,-174.9376464,90.24,40,119.0881432283463,18.909835192106073,862.2629627463709,52.846487196714065
1049,202001,2020,23,61.2048656,2020-07-26T22:12:01Z,61.2048656,-176.2973974,2020-07-26T22:30:00Z,61.1966844,-176.2947431,109.8,40,18.046801582383388,1.698500731517803,130.66866422364222,8.008438480196686
1049,202001,2020,21,61.2057643,2020-07-19T17:09:01Z,61.2057643,-174.9376463,2020-07-19T18:12:00Z,61.2139641,-174.9400359,90.11,40,58.89170912587486,10.30411568233255,426.4080219531651,26.133751588901756
1049,202001,2020,23,61.2130467,2020-07-26T21:55:00Z,61.2130467,-176.3000531,2020-07-26T22:12:00Z,61.2048655,-176.2973975,109.81,40,22.957989773398015,2.4922697676659924,166.2283393129527,10.187824578772874
1049,202001,2020,21,61.2139642,2020-07-19T18:12:01Z,61.2139642,-174.9400358,2020-07-19T19:04:00Z,61.2221639,-174.9424266,89.86,40,14.226229942680202,2.071204103237098,103.00564646108899,6.3130237666213675
1049,202001,2020,23,61.2212277,2020-07-26T21:34:01Z,61.2212277,-176.3027102,2020-07-26T21:54:00Z,61.2130465,-176.3000532,109.59,40,9.898217909757319,0.9207075814188203,71.66848411106137,4.392427590673586
1049,202001,2020,21,61.222164,2020-07-19T19:05:00Z,61.222164,-174.9424265,2020-07-19T19:58:00Z,61.2303636,-174.9448186,89.54,40,2.4730270787841206,0.4133002524003039,17.906061830316858,1.097429100103596
1049,202001,2020,23,61.2294086,2020-07-26T21:17:01Z,61.2294086,-176.3053686,2020-07-26T21:34:00Z,61.2212275,-176.3027103,109.4,40,20.522792154994555,1.485961833619507,148.5961833619506,9.107182658647655
1049,202001,2020,21,61.2303638,2020-07-19T19:58:01Z,61.2303638,-174.9448184,2020-07-19T20:44:00Z,61.2385634,-174.9472118,89.38,40,20.546466439279172,4.011887042317563,148.7675980633203,9.117688345674278
1049,202001,2020,23,61.2375895,2020-07-26T21:04:01Z,61.2375895,-176.3080284,2020-07-26T21:17:00Z,61.2294085,-176.3053687,109.3,40,28.720604353433618,2.079528047907574,207.95280479075686,12.745039170988983
1049,202001,2020,21,61.2385635,2020-07-19T20:45:00Z,61.2385635,-174.9472116,2020-07-19T21:14:00Z,61.2467631,-174.9496062,89.14,40,6.1455143953265665,1.0450824379042398,44.4968685081777,2.7271299980478942
1049,202001,2020,23,61.2457704,2020-07-26T20:39:01Z,61.2457704,-176.3106896,2020-07-26T21:04:00Z,61.2375894,-176.3080285,109.11,40,17.82439741126174,1.2905833699609635,129.05833699609622,7.90974453079872
1049,202001,2020,21,61.2467632,2020-07-19T21:14:01Z,61.2467632,-174.9496061,2020-07-19T22:24:00Z,61.2549628,-174.9520018,89.03,40,97.51002072178017,20.85973075870675,706.0256133459386,43.27099173713799
1049,202001,2020,23,61.2539512,2020-07-26T20:15:00Z,61.2539512,-176.3133522,2020-07-26T20:39:00Z,61.2457703,-176.3106897,109.12,40,32.704820666288875,2.5066648005977537,236.80069903962166,14.513072752321433
1049,202001,2020,21,61.2549629,2020-07-19T22:24:01Z,61.2549629,-174.9520017,2020-07-19T23:00:00Z,61.2631624,-174.9543987,88.82000000000001,40,46.53200735052035,10.208889232740558,336.91705515688346,20.64901730789061
1049,202001,2020,23,61.262131999999994,2020-07-26T19:53:01Z,61.262131999999994,-176.3160161,2020-07-26T20:14:00Z,61.2539511,-176.3133523,108.84,40,14.749830684856292,1.4654568853157102,106.79680076919888,6.54537653632189
1049,202001,2020,21,61.2631625,2020-07-19T23:00:01Z,61.2631625,-174.9543986,2020-07-19T23:45:00Z,61.271361999999996,-174.9567969,88.81,40,158.02588119762012,39.23766171478914,1144.1933749088155,70.12547581203444
1049,202001,2020,23,61.2703127,2020-07-26T19:38:01Z,61.2703127,-176.3186814,2020-07-26T19:53:00Z,61.2621319,-176.3160162,108.76,40,1.7276646013236172,0.12509231879725385,12.509231879725366,0.7666674679694936
1049,202001,2020,21,61.2713621,2020-07-19T23:45:01Z,61.2713621,-174.9567968,2020-07-20T00:29:00Z,61.2795616,-174.9591963,88.83,40,212.9953521680049,54.638823424671116,1542.202258199915,94.51869721172056
1049,202001,2020,23,61.2784934,2020-07-26T19:24:01Z,61.2784934,-176.3213481,2020-07-26T19:38:00Z,61.2703126,-176.3186815,108.60000000000001,40,2.8140047907726724,0.2037492601947441,20.374926019474394,1.2487411770449277
1049,202001,2020,21,61.2795617,2020-07-20T00:29:01Z,61.2795617,-174.9591961,2020-07-20T00:54:00Z,61.2877612,-174.9615969,88.86,40,287.59495585310543,70.14815061159229,2082.3439847350287,127.62297522087022
1049,202001,2020,23,61.2866741,2020-07-26T18:59:01Z,61.2866741,-176.3240161,2020-07-26T19:24:00Z,61.2784933,-176.3213482,108.39,40,1.0649573932718435,0.07710871059266447,7.710871059266438,0.4725848915174826
1049,202001,2020,21,61.2877613,2020-07-20T00:54:01Z,61.2877613,-174.9615968,2020-07-20T01:05:00Z,61.2959607,-174.9639987,88.83,40,159.19079669491464,39.03428291588745,1152.6279970367325,70.64241805535238
1049,202001,2020,23,61.2948547,2020-07-26T18:35:00Z,61.2948547,-176.3266856,2020-07-26T18:59:00Z,61.286674,-176.3240163,108.31,40,0.1682179321026852,0.012179893698048987,1.2179893698049005,0.07464829456679503
1049,202001,2020,21,61.2959608,2020-07-20T01:05:01Z,61.2959608,-174.9639986,2020-07-20T01:25:00Z,61.3041602,-174.9664018,88.76,40,61.8418766366277,16.273734571042482,447.76884016276773,27.44291625768175
1049,202001,2020,23,61.3030353,2020-07-26T18:15:01Z,61.3030353,-176.3293564,2020-07-26T18:34:00Z,61.2948546,-176.3266857,108.35000000000001,40,0,0,0,0
1049,202001,2020,21,61.3041603,2020-07-20T01:25:01Z,61.3041603,-174.9664017,2020-07-20T01:50:00Z,61.3123596,-174.9688062,88.72,40,82.0818319689846,22.925739187864167,594.3171310137595,36.424587407617565
1049,202001,2020,23,61.3112158,2020-07-26T17:49:01Z,61.3112158,-176.3320286,2020-07-26T18:15:00Z,61.3030352,-176.3293565,108.03,40,0,0,0,0
1049,202001,2020,21,61.3123597,2020-07-20T01:50:01Z,61.3123597,-174.9688061,2020-07-20T02:09:00Z,61.320558999999996,-174.9712118,88.69,40,96.39520758217574,26.512840221865904,697.9537595525622,42.77628288777868
1049,202001,2020,23,61.3193963,2020-07-26T17:44:01Z,61.3193963,-176.3347021,2020-07-26T17:49:00Z,61.3112157,-176.3320287,107.91,40,19.366560859397463,3.551922637957734,140.22443958012033,8.594094111771499
1049,202001,2020,21,61.3205591,2020-07-20T02:10:00Z,61.3205591,-174.9712117,2020-07-20T02:34:00Z,61.3287584,-174.9736186,88.38,40,178.38708721827368,46.41201273688329,1291.6195867256693,79.16095309894543
1049,202001,2020,23,61.3275767,2020-07-26T17:20:00Z,61.3275767,-176.3373771,2020-07-26T17:44:00Z,61.3193962,-176.3347022,107.87,40,2.2131115895163442,0.32048264492723527,16.024132246361773,0.9820891493456119
1049,202001,2020,21,61.3287585,2020-07-20T02:34:01Z,61.3287585,-174.9736185,2020-07-20T02:45:00Z,61.3369578,-174.9760267,88.35000000000001,40,116.23024300320216,32.11851077445303,841.570209894887,51.57826700649771
1049,202001,2020,23,61.3357572,2020-07-26T17:04:01Z,61.3357572,-176.3400534,2020-07-26T17:19:00Z,61.3275766,-176.3373772,107.75,40,0.6304776896105508,0.20502432796642678,4.565001568180295,0.27978042354670873
1049,202001,2020,21,61.3369579,2020-07-20T02:45:01Z,61.3369579,-174.9760266,2020-07-20T03:03:00Z,61.3451571,-174.978436,88.42,40,52.58023573235134,13.13703089364958,380.7095199859339,23.33297571952158
1049,202001,2020,23,61.3439375,2020-07-26T16:54:01Z,61.3439375,-176.3427311,2020-07-26T17:04:00Z,61.335756999999994,-176.3400535,107.74000000000001,40,14.490022573757456,1.5643333854681445,104.91564866162032,6.430084235639524
1049,202001,2020,21,61.3451572,2020-07-20T03:03:01Z,61.3451572,-174.9784359,2020-07-20T03:24:00Z,61.3533564,-174.9808466,88.45,40,57.45453967016943,15.382590027355546,416.0021330103086,25.495994082725716
1049,202001,2020,23,61.3521178,2020-07-26T16:30:00Z,61.3521178,-176.3454102,2020-07-26T16:54:00Z,61.3439374,-176.3427312,107.61,40,37.58033200673874,6.651281122865231,272.10205431609864,16.67662691183569
1049,202001,2020,21,61.3533565,2020-07-20T03:24:01Z,61.3533565,-174.9808465,2020-07-20T03:49:00Z,61.3615557,-174.9832584,88.22,40,6.408257652291034,1.630672109645365,46.39927266908066,2.843724797402283
1049,202001,2020,23,61.3602981,2020-07-26T16:09:01Z,61.3602981,-176.3480907,2020-07-26T16:29:00Z,61.3521177,-176.3454103,107.31,40,25.12681685938549,6.670107312799198,181.93182765488027,11.150262061837452
1049,202001,2020,21,61.3615558,2020-07-20T03:49:01Z,61.3615558,-174.9832583,2020-07-20T03:56:00Z,61.3697549,-174.9856715,88.22,40,4.837979361196247,1.003765455895175,35.029603322406246,2.146898989592842
1049,202001,2020,23,61.3684784,2020-07-26T16:04:01Z,61.3684784,-176.3507725,2020-07-26T16:09:00Z,61.360298,-176.3480908,107.29,40,19.35162194431757,3.602293952410432,140.1162737054345,8.587464827250802
1049,202001,2020,21,61.369755,2020-07-20T03:56:01Z,61.369755,-174.9856714,2020-07-20T04:14:00Z,61.3779541,-174.9880858,88.31,40,91.57535576845319,22.2611255584542,663.0554095385734,40.63742816841717
1049,202001,2020,23,61.3766586,2020-07-26T15:40:00Z,61.3766586,-176.3534558,2020-07-26T16:04:00Z,61.3684783,-176.3507727,107.37,40,59.426283730431194,9.628206061351749,430.2786329967,26.37097411357582
1049,202001,2020,21,61.3779542,2020-07-20T04:14:01Z,61.3779542,-174.9880857,2020-07-20T04:39:00Z,61.3861533,-174.9905014,88.25,40,135.16521301889594,34.459509919372664,978.6696969020833,59.98083860916204
1049,202001,2020,23,61.3848387,2020-07-26T15:13:01Z,61.3848387,-176.3561404,2020-07-26T15:39:00Z,61.3766585,-176.3534559,107.14,40,49.64745846167886,5.811270385897536,359.47461657799045,22.031528133860373
1049,202001,2020,21,61.3861534,2020-07-20T04:39:01Z,61.3861534,-174.9905013,2020-07-20T05:04:00Z,61.3943524,-174.9929182,88.11,40,19.863653691923336,5.835394948409494,143.82366219720217,8.814683746453149
1049,202001,2020,23,61.3930189,2020-07-26T07:56:01Z,61.3930189,-176.3588265,2020-07-26T15:13:00Z,61.3848386,-176.3561406,107.57000000000001,40,235.51946472547309,33.91599080072794,1705.289090360821,104.5139846821382
1049,202001,2020,21,61.3943525,2020-07-20T05:04:01Z,61.3943525,-174.9929181,2020-07-20T05:20:00Z,61.4025515,-174.9953363,88.16,40,112.8529942911194,23.652547478667856,817.1170913772182,50.07958102496401
1049,202001,2020,23,61.4011989,2020-07-26T07:19:01Z,61.4011989,-176.3615139,2020-07-26T07:56:00Z,61.3930187,-176.3588266,107.7,40,168.78667138042425,24.888557755174844,1222.107351674121,74.9006779875498
1049,202001,2020,21,61.4025516,2020-07-20T05:20:01Z,61.4025516,-174.9953362,2020-07-20T05:54:00Z,61.4107506,-174.9977557,88.18,40,233.6604040827957,36.11214902884804,1691.8284796381693,103.68900898104943
1049,202001,2020,23,61.409378999999994,2020-07-26T06:29:01Z,61.409378999999994,-176.3642027,2020-07-26T07:19:00Z,61.4011988,-176.361514,107.31,40,26.788030661334076,3.8227142142567048,193.95991958571827,11.887441360597267
1049,202001,2020,21,61.4107507,2020-07-20T05:54:01Z,61.4107507,-174.9977556,2020-07-20T06:19:00Z,61.4189497,-175.0001763,88.19,40,156.80909135017674,23.337234596038613,1135.3831542566686,69.58551383638493
1049,202001,2020,23,61.417559,2020-07-26T05:52:01Z,61.417559,-176.3668929,2020-07-26T06:29:00Z,61.4093789,-176.3642028,107.14,40,9.012808636332982,0.6525763914657072,65.25763914657077,3.999518871439028
1049,202001,2020,21,61.4189498,2020-07-20T06:20:00Z,61.4189498,-175.0001761,2020-07-20T07:09:00Z,61.4271487,-175.0025981,88.23,40,382.6573704249873,68.1590051243591,2770.6475976094275,169.80781863495324
1049,202001,2020,23,61.4257389,2020-07-26T05:17:01Z,61.4257389,-176.3695845,2020-07-26T05:52:00Z,61.4175589,-176.366893,107.18,40,13.14159613848458,0.9515230747916096,95.15230747916108,5.8317072821024984
1049,202001,2020,21,61.4271488,2020-07-20T07:09:01Z,61.4271488,-175.00259799999998,2020-07-20T14:55:00Z,61.4353477,-175.0050212,88.21000000000001,40,423.19591819091613,63.853923778542736,3064.1687438335366,187.79718170175104
1049,202001,2020,23,61.4339189,2020-07-26T04:49:01Z,61.4339189,-176.3722775,2020-07-26T05:17:00Z,61.4257388,-176.3695846,106.87,40,11.8405268500712,0.8573185781093091,85.73185781093082,5.254345509315957
1049,202001,2020,21,61.4353478,2020-07-20T14:55:01Z,61.4353478,-175.0050211,2020-07-20T15:38:00Z,61.4435466,-175.0074456,88.08,40,413.71034495219925,50.61504801611992,2995.4880316951276,183.5878690773014
1049,202001,2020,23,61.4420988,2020-07-26T04:24:01Z,61.4420988,-176.3749719,2020-07-26T04:49:00Z,61.4339188,-176.3722776,106.77,40,7.18938986259852,0.5205509495077401,52.05509495077387,3.1903595859874296
1049,202001,2020,21,61.4435468,2020-07-20T15:38:01Z,61.4435468,-175.0074455,2020-07-20T16:44:00Z,61.4517456,-175.0098712,88,40,141.77666671462,20.640942811276705,1026.540219501503,62.91473356806493
1049,202001,2020,23,61.4502786,2020-07-26T03:59:01Z,61.4502786,-176.3776677,2020-07-26T04:24:00Z,61.4420986,-176.374972,106.75,40,53.73164594553015,3.8904635650750286,389.0463565075035,23.843924865585993
1049,202001,2020,21,61.451745700000004,2020-07-20T16:44:01Z,61.451745700000004,-175.0098711,2020-07-20T17:09:00Z,61.4599445,-175.0122981,87.7,40,103.96548040994617,15.232206314344204,752.7666544413116,46.13566288332786
1049,202001,2020,23,61.4584584,2020-07-26T03:23:01Z,61.4584584,-176.3803648,2020-07-26T03:59:00Z,61.4502785,-176.3776678,106.5,40,92.85633425224259,6.723303908482461,672.3303908482465,41.2058744570879
1049,202001,2020,21,61.4599446,2020-07-20T17:09:01Z,61.4599446,-175.012298,2020-07-20T17:34:00Z,61.4681434,-175.0147263,87.63,40,55.387350233093585,8.000169629374252,401.0345565560076,24.57865926535316
1049,202001,2020,23,61.4666382,2020-07-26T02:45:00Z,61.4666382,-176.3830634,2020-07-26T03:23:00Z,61.4584583,-176.38036499999998,106.51,40,70.25113460146972,5.121098194696873,508.6564440055763,31.17460382393066
1049,202001,2020,21,61.4681435,2020-07-20T17:35:00Z,61.4681435,-175.0147262,2020-07-20T18:12:00Z,61.4763422,-175.0171557,87.63,40,74.68821955239268,7.458115006573999,540.7833536375798,33.14360213638289
1049,202001,2020,23,61.4748179,2020-07-26T02:20:00Z,61.4748179,-176.3857634,2020-07-26T02:44:00Z,61.4666381,-176.3830635,106.35000000000001,40,128.88278680691187,9.331815123361896,933.1815123361877,57.192952700660534
1049,202001,2020,21,61.4763423,2020-07-20T18:12:01Z,61.4763423,-175.0171556,2020-07-20T18:49:00Z,61.484541,-175.0195864,87.56,40,43.47011090551949,6.595065249729091,314.7472586623103,19.290271870335687
1049,202001,2020,23,61.4829976,2020-07-26T01:35:01Z,61.4829976,-176.3884648,2020-07-26T02:19:00Z,61.4748178,-176.3857635,106.2,40,85.35659481358209,6.180281960797432,618.0281960797421,37.87779431846395
1049,202001,2020,21,61.4845411,2020-07-20T18:49:01Z,61.4845411,-175.0195863,2020-07-20T19:14:00Z,61.4927398,-175.0220183,87.43,40,40.58933043904131,5.084490910816575,293.8888404125237,18.011898357144116
1049,202001,2020,23,61.4911772,2020-07-26T01:02:01Z,61.4911772,-176.3911676,2020-07-26T01:35:00Z,61.4829975,-176.3884649,106.31,40,37.95825248420611,2.7483840423095627,274.83840423095717,16.844332689526425
1049,202001,2020,21,61.4927399,2020-07-20T19:14:01Z,61.4927399,-175.0220182,2020-07-20T19:39:00Z,61.5009386,-175.0244515,87.29,40,18.346316241030124,3.7010912401021487,132.8373133431058,8.141350935998881
1049,202001,2020,23,61.4993569,2020-07-26T00:39:01Z,61.4993569,-176.3938718,2020-07-26T01:02:00Z,61.4911771,-176.3911677,106.28,40,28.076969402622414,2.032925374915224,203.29253749152264,12.459420088641028
1049,202001,2020,21,61.5009387,2020-07-20T19:39:01Z,61.5009387,-175.0244514,2020-07-20T20:04:00Z,61.5091373,-175.026886,87.10000000000001,40,8.643235632547055,0.7822716185465178,62.581729483721325,3.835517363955827
1049,202001,2020,23,61.5075364,2020-07-25T23:53:01Z,61.5075364,-176.3965774,2020-07-26T00:39:00Z,61.4993567,-176.3938719,106.09,40,24.40870963216638,1.7673234054788765,176.73234054788722,10.831595204160983
1049,202001,2020,21,61.5091374,2020-07-20T20:04:01Z,61.5091374,-175.0268859,2020-07-20T20:16:00Z,61.517336,-175.0293217,86.95,40,6.214747958629835,0.562476964777989,44.99815718223904,2.7578530450070997
1049,202001,2020,23,61.515716,2020-07-25T23:24:01Z,61.515716,-176.3992843,2020-07-25T23:53:00Z,61.5075363,-176.3965775,106.2,40,22.879231405108637,1.6565808586755189,165.65808586755256,10.152874809731147
1049,202001,2020,21,61.5173361,2020-07-20T20:16:01Z,61.5173361,-175.0293216,2020-07-20T20:36:00Z,61.5255347,-175.0317588,86.83,40,1.5617857434420956,0.1413522335020836,11.308178680166709,0.6930571596583401
1049,202001,2020,23,61.5238955,2020-07-25T22:35:00Z,61.5238955,-176.4019928,2020-07-25T23:24:00Z,61.515715900000004,-176.3992845,106.2,40,50.91648862863394,3.6866308557170897,368.66308557170936,22.594672244199252
1049,202001,2020,21,61.5255348,2020-07-20T20:36:01Z,61.5255348,-175.0317586,2020-07-20T20:59:00Z,61.5337334,-175.034197,86.73,40,2.0302592438071376,0.5837412109319412,14.70018175824286,0.9009466956600074
1049,202001,2020,23,61.5320749,2020-07-25T22:05:01Z,61.5320749,-176.4047026,2020-07-25T22:34:00Z,61.5238954,-176.4019929,106.22,40,73.9265490983842,5.4254891093175575,535.2684450622532,32.80560368578404
1049,202001,2020,21,61.5337335,2020-07-20T20:59:01Z,61.5337335,-175.0341969,2020-07-20T21:19:00Z,61.541931999999996,-175.0366366,86.67,40,1.03300488001642,0.09349396844093208,7.4795174752745766,0.4584056622770217
1049,202001,2020,23,61.5402544,2020-07-25T21:24:01Z,61.5402544,-176.4074138,2020-07-25T22:05:00Z,61.5320748,-176.4047027,106.05,40,51.17256149168748,3.7051719245078245,370.5171924507805,22.708306993318118
1049,202001,2020,21,61.5419321,2020-07-20T21:20:00Z,61.5419321,-175.0366365,2020-07-20T21:44:00Z,61.5501306,-175.0390774,86.56,40,0.3099817318094673,0.028055455314595603,2.2444364251676467,0.13755731827872708
1049,202001,2020,23,61.5484337,2020-07-25T20:54:01Z,61.5484337,-176.4101264,2020-07-25T21:24:00Z,61.5402542,-176.4074139,106.17,40,22.49536492547744,1.6287868366131293,162.8786836613132,9.982530437477562
1049,202001,2020,21,61.5501307,2020-07-20T21:44:01Z,61.5501307,-175.0390773,2020-07-20T22:09:00Z,61.5583291,-175.0415195,86.49,40,1.268398835401416,0.3340197816820759,9.18389780971026,0.5628639510050976
1049,202001,2020,23,61.5566131,2020-07-25T20:11:01Z,61.5566131,-176.4128405,2020-07-25T20:54:00Z,61.5484336,-176.4101265,106.06,40,33.464314773088354,2.4229984967682245,242.29984967682333,14.85010542831167
1049,202001,2020,21,61.5583293,2020-07-20T22:10:00Z,61.5583293,-175.0415194,2020-07-20T22:34:00Z,61.5665277,-175.0439629,86.39,40,0.6288200545122475,0.20316509293078955,4.55299938801132,0.27904483233145794
1049,202001,2020,23,61.5647924,2020-07-25T19:40:00Z,61.5647924,-176.4155559,2020-07-25T20:11:00Z,61.556613,-176.4128406,106.09,40,17.077879200515127,1.236531389075827,123.65313890758262,7.578470031114152
1049,202001,2020,21,61.5665278,2020-07-20T22:35:00Z,61.5665278,-175.0439628,2020-07-20T22:59:00Z,61.5747262,-175.0464075,86.38,40,0,0,0,0
1049,202001,2020,23,61.5729717,2020-07-25T19:03:01Z,61.5729717,-176.4182728,2020-07-25T19:39:00Z,61.5647923,-176.41555599999998,106,40,1.347063255387305,0.09753471018268013,9.753471018268039,0.5977720296007147
1049,202001,2020,21,61.5747263,2020-07-20T22:59:01Z,61.5747263,-175.0464074,2020-07-20T23:24:00Z,61.5829247,-175.0488534,86.33,40,0.12821488728821265,0.01160431945451343,0.9283455563610727,0.05689656598736742
1049,202001,2020,23,61.5811509,2020-07-25T18:25:00Z,61.5811509,-176.4209911,2020-07-25T19:03:00Z,61.5729716,-176.4182729,106.05,40,9.061288116872204,0.6560865696739608,65.60865696739613,4.02103209834951
1049,202001,2020,21,61.5829248,2020-07-20T23:24:01Z,61.5829248,-175.0488533,2020-07-20T23:49:00Z,61.5911232,-175.0513006,86.31,40,1.5958958813005872,0.5058168721690685,11.555154640427958,0.7081938551743707
1049,202001,2020,23,61.5893301,2020-07-25T17:47:01Z,61.5893301,-176.4237107,2020-07-25T18:24:00Z,61.5811508,-176.4209912,105.98,40,16.591372042797005,1.2013056233665584,120.13056233665586,7.362577889508062
1049,202001,2020,21,61.5911233,2020-07-20T23:49:01Z,61.5911233,-175.0513005,2020-07-21T00:01:00Z,61.5993216,-175.0537491,86.3,40,8.07179282039444,2.5381740327213573,58.44417255412813,3.5819342242962167
1049,202001,2020,23,61.5975093,2020-07-25T17:09:01Z,61.5975093,-176.4264319,2020-07-25T17:47:00Z,61.58933,-176.4237109,106.10000000000001,40,12.826051121216599,1.0708637341877327,92.86758983982703,5.691681203409972
1049,202001,2020,21,61.5993217,2020-07-21T00:01:01Z,61.5993217,-175.05374899999998,2020-07-21T00:23:00Z,61.607519999999994,-175.0561989,86.34,40,12.74069210950816,3.5217448887022633,92.24954414411329,5.65380233657161
1049,202001,2020,23,61.6056884,2020-07-25T16:44:01Z,61.6056884,-176.4291544,2020-07-25T17:09:00Z,61.5975092,-176.42643199999998,105.99000000000001,40,66.11252828261547,4.969444273574728,478.6906820968231,29.338058220711343
1049,202001,2020,21,61.6075201,2020-07-21T00:23:01Z,61.6075201,-175.0561987,2020-07-21T00:44:00Z,61.6157184,-175.0586499,86.35000000000001,40,12.878941587481386,3.775470932288221,93.25054559769005,5.715151846855397
1049,202001,2020,23,61.6138675,2020-07-25T16:06:01Z,61.6138675,-176.4318783,2020-07-25T16:44:00Z,61.6056883,-176.4291545,105.8,40,102.98172895699,8.527944903949365,745.6437585808433,45.69911389403247
1049,202001,2020,21,61.6157185,2020-07-21T00:44:01Z,61.6157185,-175.0586498,2020-07-21T01:02:00Z,61.6239167,-175.0611022,86.34,40,6.703268130547192,2.1315216785753566,48.53530907141689,2.9746384806576085
1049,202001,2020,23,61.6220465,2020-07-25T15:18:01Z,61.6220465,-176.4346037,2020-07-25T16:06:00Z,61.6138674,-176.4318785,105.72,40,105.62954323936711,8.986624024834411,764.8153748814425,46.87410646491012
1049,202001,2020,21,61.6239169,2020-07-21T01:02:01Z,61.6239169,-175.0611021,2020-07-21T01:29:00Z,61.6321151,-175.0635558,86.3,40,6.699766510243767,1.9651381552435518,48.50995543489695,2.9730846036089256
1049,202001,2020,23,61.6302256,2020-07-25T08:11:01Z,61.6302256,-176.4373305,2020-07-25T15:18:00Z,61.6220464,-176.4346038,105.96000000000001,40,142.77295934188479,15.846899849350834,1033.7539202886626,63.35684782179021
1049,202001,2020,21,61.6321152,2020-07-21T01:29:01Z,61.6321152,-175.0635557,2020-07-21T01:40:00Z,61.6403134,-175.0660107,86.25,40,10.480175427512993,2.6693623122980785,75.88217323114742,4.650676730154554
1049,202001,2020,23,61.6384046,2020-07-25T07:59:01Z,61.6384046,-176.4400587,2020-07-25T08:11:00Z,61.6302255,-176.4373306,105.94,40,114.71975551402812,15.690660489527193,830.6334584912718,50.90797393118816
1049,202001,2020,21,61.6403135,2020-07-21T01:40:01Z,61.6403135,-175.0660106,2020-07-21T02:00:00Z,61.6485117,-175.0684668,86.25,40,8.46006385850162,1.817407888872006,61.25546616062057,3.754233160932101
1049,202001,2020,23,61.6465835,2020-07-25T07:34:01Z,61.6465835,-176.4427883,2020-07-25T07:59:00Z,61.6384044,-176.4400588,105.94,40,79.92402748794674,12.598549249417987,578.6934523299842,35.467041309501596
1049,202001,2020,21,61.6485118,2020-07-21T02:00:01Z,61.6485118,-175.0684667,2020-07-21T02:19:00Z,61.6567099,-175.0709243,86.22,40,13.667321999329676,3.3224868088489576,98.9588488028886,6.065003093263645
1049,202001,2020,23,61.6547624,2020-07-25T07:09:01Z,61.6547624,-176.4455194,2020-07-25T07:34:00Z,61.6465834,-176.4427884,105.94,40,79.0873314891019,12.53505531706039,572.6353179823973,35.095749565488816
1049,202001,2020,21,61.65671,2020-07-21T02:20:00Z,61.65671,-175.0709242,2020-07-21T02:44:00Z,61.6649081,-175.07338299999998,86.17,40,15.608447204079447,4.473134891695221,113.0136516131048,6.9263957180804745
1049,202001,2020,23,61.6629413,2020-07-25T06:45:00Z,61.6629413,-176.4482519,2020-07-25T07:09:00Z,61.6547623,-176.4455195,105.88,40,97.80750245268834,11.831895849644347,708.1795429622898,43.403002062074805
1049,202001,2020,21,61.6649083,2020-07-21T02:44:01Z,61.6649083,-175.0733829,2020-07-21T02:55:00Z,61.6731064,-175.075843,86.15,40,8.71992096277066,2.362039405905237,63.136973005412656,3.869547202796012
1049,202001,2020,23,61.6711201,2020-07-25T06:28:01Z,61.6711201,-176.4509858,2020-07-25T06:44:00Z,61.6629412,-176.448252,105.88,40,61.0098419168904,8.53034711546436,441.7444560125095,27.073693000253773
1049,202001,2020,21,61.6731065,2020-07-21T02:55:01Z,61.6731065,-175.0758429,2020-07-21T03:13:00Z,61.6813045,-175.0783043,86.11,40,2.0829344662102676,0.5890169781421986,15.081579033415387,0.9243218226109202
1049,202001,2020,23,61.6792989,2020-07-25T06:19:01Z,61.6792989,-176.4537211,2020-07-25T06:28:00Z,61.671119999999995,-176.4509859,105.82000000000001,40,66.17213041695467,7.385975867606111,479.12223398392234,29.364507230191776
1049,202001,2020,21,61.6813046,2020-07-21T03:13:01Z,61.6813046,-175.0783042,2020-07-21T03:34:00Z,61.6895027,-175.0807669,86.08,40,0.6547784941616834,0.10730229777653633,4.740952617221359,0.290564134853038
1049,202001,2020,23,61.6874777,2020-07-25T05:54:01Z,61.6874777,-176.4564579,2020-07-25T06:19:00Z,61.6792988,-176.4537212,105.71000000000001,40,79.41617145305148,8.98440950390511,575.0162982705936,35.24167540221387
1049,202001,2020,21,61.6895028,2020-07-21T03:35:00Z,61.6895028,-175.0807668,2020-07-21T03:59:00Z,61.6977008,-175.0832308,86.06,40,1.771399494812303,0.16032370385475056,12.825896308380049,0.7860752396094276
1049,202001,2020,23,61.6956564,2020-07-25T05:30:00Z,61.6956564,-176.4591961,2020-07-25T05:54:00Z,61.6874776,-176.456458,105.61,40,65.91120152865402,7.481806011150908,477.2329668394944,29.24871757405117
1049,202001,2020,21,61.6977009,2020-07-21T03:59:01Z,61.6977009,-175.0832307,2020-07-21T04:24:00Z,61.7058989,-175.08569599999998,86.03,40,4.777870182541648,0.6909854244480091,34.5943801585386,2.12022497441331
1049,202001,2020,23,61.7038352,2020-07-25T05:04:01Z,61.7038352,-176.4619357,2020-07-25T05:29:00Z,61.6956563,-176.4591962,105.51,40,47.731222425727914,5.754679584903837,345.6000248941466,21.181180312536217
1049,202001,2020,21,61.705898999999995,2020-07-21T04:24:01Z,61.705898999999995,-175.0856959,2020-07-21T04:34:00Z,61.714096999999995,-175.0881624,85.99,40,36.4200431187714,7.547125408200422,263.70093135743394,16.1617377700604
1049,202001,2020,23,61.7120138,2020-07-25T04:40:00Z,61.7120138,-176.4646768,2020-07-25T05:04:00Z,61.703835,-176.4619358,105.39,40,20.564846062984824,1.8078574684544226,148.9006765408326,9.12584447711197
1049,202001,2020,21,61.714097100000004,2020-07-21T04:34:01Z,61.714097100000004,-175.0881623,2020-07-21T04:54:00Z,61.7222951,-175.0906302,85.86,40,77.83602600673856,21.3703414546838,563.5751853505992,34.54047095117626
1049,202001,2020,23,61.7201925,2020-07-25T04:24:01Z,61.7201925,-176.4674192,2020-07-25T04:39:00Z,61.7120137,-176.4646769,105.33,40,31.761997712797072,2.2997414778787952,229.97414778787942,14.094686170838374
1049,202001,2020,21,61.7222952,2020-07-21T04:54:01Z,61.7222952,-175.0906301,2020-07-21T05:14:00Z,61.7304931,-175.0930992,85.72,40,43.21814922542539,12.792149536300911,312.9229189851024,19.178461497445557
1049,202001,2020,23,61.7283711,2020-07-25T04:14:01Z,61.7283711,-176.4701632,2020-07-25T04:24:00Z,61.7201923,-176.4674194,105.32000000000001,40,47.68606275793332,3.5175997000129935,345.2730443241789,21.161140283854785
1049,202001,2020,21,61.7304932,2020-07-21T05:15:00Z,61.7304932,-175.0930991,2020-07-21T05:37:00Z,61.7386911,-175.0955696,85.65,40,40.00572077146958,6.81710726009934,289.6631888286971,17.75291606059365
1049,202001,2020,23,61.736549600000004,2020-07-25T03:50:00Z,61.736549600000004,-176.4729085,2020-07-25T04:14:00Z,61.7283709,-176.4701633,105.29,40,53.50210578831498,4.194693964295029,387.3843608573563,23.74206425502845
1049,202001,2020,21,61.7386912,2020-07-21T05:37:01Z,61.7386912,-175.0955695,2020-07-21T06:04:00Z,61.7468891,-175.0980412,85.62,40,57.50742746730767,5.97788117569847,416.385069442243,25.519463541721056
1049,202001,2020,23,61.7447282,2020-07-25T03:28:01Z,61.7447282,-176.4756553,2020-07-25T03:49:00Z,61.7365495,-176.4729086,105.28,40,40.081828313830954,2.9021424885184333,290.21424885184337,17.786689500618333
1049,202001,2020,21,61.7468892,2020-07-21T06:04:01Z,61.7468892,-175.0980411,2020-07-21T06:29:00Z,61.7550871,-175.1005142,85.59,40,102.92013132778928,13.368025623932894,745.1977582250319,45.67177936487905
1049,202001,2020,23,61.7529066,2020-07-25T03:06:01Z,61.7529066,-176.4784035,2020-07-25T03:28:00Z,61.744727999999995,-176.4756554,105.2,40,46.58726178179609,3.3731712730785524,337.31712730785597,20.6735369831145
1049,202001,2020,21,61.7550872,2020-07-21T06:29:01Z,61.7550872,-175.10051399999998,2020-07-21T06:54:00Z,61.763284999999996,-175.1029884,85.51,40,118.58711882156454,16.869732663361333,858.6352733921798,52.62415288886057
1049,202001,2020,23,61.7610851,2020-07-25T02:53:00Z,61.7610851,-176.4811532,2020-07-25T03:06:00Z,61.7529065,-176.4784037,105.08,40,14.741501992968978,1.0673649650760022,106.73649650760008,6.541680600712713
1049,202001,2020,21,61.7632851,2020-07-21T06:54:01Z,61.7632851,-175.1029883,2020-07-21T07:19:00Z,61.7714829,-175.1054639,85.42,40,81.55043560116034,12.990627215128727,590.4695321337081,36.18877525548117
1049,202001,2020,21,61.771482999999996,2020-07-21T07:19:01Z,61.771482999999996,-175.1054638,2020-07-21T07:44:00Z,61.7796808,-175.1079408,85.24,40,25.075541305654408,3.4806841573757628,181.56056474256962,11.127508051066135
1049,202001,2020,21,61.7796809,2020-07-21T07:45:00Z,61.7796809,-175.1079406,2020-07-21T14:53:00Z,61.7878787,-175.1104189,85,40,96.94933127131802,9.890700618294769,701.9659166067838,43.022180503190334
1049,202001,2020,21,61.7878788,2020-07-21T14:53:01Z,61.7878788,-175.1104188,2020-07-21T15:21:00Z,61.7960765,-175.1128983,84.87,40,127.40694710717199,13.498120873870239,922.4956297828227,56.53803490882666
1049,202001,2020,21,61.7960767,2020-07-21T15:21:01Z,61.7960767,-175.1128982,2020-07-21T16:04:00Z,61.8042744,-175.1153791,84.99,40,160.24083259170638,16.397506150387557,1160.2308283414543,71.10838139201715
1049,202001,2020,21,61.8042745,2020-07-21T16:04:01Z,61.8042745,-175.1153789,2020-07-21T16:54:00Z,61.8124722,-175.1178611,84.77,40,103.17729917966894,14.5348443079928,747.0597934190788,45.78590002562112
1049,202001,2020,21,61.8124723,2020-07-21T16:55:00Z,61.8124723,-175.117861,2020-07-21T17:44:00Z,61.82067,-175.1203445,84.48,40,133.14391341052095,12.343014787202128,964.034387780053,59.08386783626242
1049,202001,2020,21,61.8206701,2020-07-21T17:44:01Z,61.8206701,-175.1203443,2020-07-21T18:12:00Z,61.828867700000004,-175.1228291,84.41,40,47.21366929819196,4.498360747508764,341.85265860704186,20.951511228893658
1049,202001,2020,21,61.8288678,2020-07-21T18:12:01Z,61.8288678,-175.122829,2020-07-21T18:40:00Z,61.8370655,-175.1253151,84.41,40,11.677960951793134,1.0569349030219806,84.5547922417583,5.182205358087793
1049,202001,2020,21,61.8370656,2020-07-21T18:40:01Z,61.8370656,-175.1253149,2020-07-21T19:13:00Z,61.8452632,-175.1278023,83.99,40,3.1280862565219176,0.2831130843671574,22.649046749372587,1.3881177909418843
1049,202001,2020,21,61.8452633,2020-07-21T19:13:01Z,61.8452633,-175.1278022,2020-07-21T19:49:00Z,61.8534609,-175.1302909,83.94,40,4.2498571727401275,0.3846409828967313,30.77127863173843,1.8859142193226832
1049,202001,2020,21,61.853460999999996,2020-07-21T19:49:01Z,61.853460999999996,-175.1302908,2020-07-21T20:18:00Z,61.8616585,-175.1327808,83.86,40,13.084233145308605,1.1842121024073378,94.736968192586815,5.806251912640345
1049,202001,2020,21,61.8616587,2020-07-21T20:18:01Z,61.8616587,-175.1327807,2020-07-21T21:29:00Z,61.8698562,-175.135272,83.46000000000001,40,11.719272884127978,1.0606739139140517,84.85391311312429,5.200537917854207
1049,202001,2020,21,61.8698563,2020-07-21T21:30:00Z,61.8698563,-175.1352719,2020-07-21T22:22:00Z,61.878053800000004,-175.1377645,83.43,40,26.7114669067571,2.4433838127604983,193.40555633786795,11.853465472097383
1049,202001,2020,21,61.8780539,2020-07-21T22:22:01Z,61.8780539,-175.1377644,2020-07-21T23:09:00Z,61.8862514,-175.1402583,83.22,40,7.026020584930289,0.6711479560875749,50.87221247763096,3.1178629275747087
1049,202001,2020,21,61.8862515,2020-07-21T23:09:01Z,61.8862515,-175.1402582,2020-07-21T23:59:00Z,61.894448999999994,-175.1427534,83.13,40,4.699017816210669,0.44650401888680696,34.02344611616512,2.0852334928537184
1049,202001,2020,21,61.8944491,2020-07-21T23:59:01Z,61.8944491,-175.1427533,2020-07-22T00:24:00Z,61.9026466,-175.1452499,83.04,40,8.283419440470178,0.8494781001150923,59.97646444713894,3.675845533727517
1049,202001,2020,21,61.9026467,2020-07-22T00:25:00Z,61.9026467,-175.1452498,2020-07-22T00:51:00Z,61.9108441,-175.1477477,83.03,40,5.731539347500626,0.6344049902787456,41.499463883629815,2.5434246645728043
1049,202001,2020,21,61.9108443,2020-07-22T00:51:01Z,61.9108443,-175.1477475,2020-07-22T01:12:00Z,61.9190417,-175.1502467,82.92,40,82.6424363945516,7.479702651580059,598.3762121264043,36.67336091096576
1049,202001,2020,21,61.9190418,2020-07-22T01:12:01Z,61.9190418,-175.1502466,2020-07-22T01:39:00Z,61.9272392,-175.1527471,82.81,40,82.37470626150872,7.4554712533615115,596.4377002689193,36.55455313829863
1049,202001,2020,21,61.9272393,2020-07-22T01:39:01Z,61.9272393,-175.15274699999998,2020-07-22T01:47:00Z,61.9354367,-175.1552489,82.73,40,84.21127161727755,7.6216929109099345,609.7354328727948,37.36954634357067
1049,202001,2020,21,61.9354368,2020-07-22T01:47:01Z,61.9354368,-175.1552487,2020-07-22T02:08:00Z,61.9436341,-175.1577519,82.71000000000001,40,0.33716631086865995,0.030515844636860766,2.4412675709488583,0.14962073173244977
1049,202001,2020,21,61.9436343,2020-07-22T02:08:01Z,61.9436343,-175.1577518,2020-07-22T02:29:00Z,61.9518316,-175.1602563,82.65,40,2.0774631727403854,0.1880245486413402,15.041963891307164,0.9218938845100534
1049,202001,2020,21,61.9518317,2020-07-22T02:30:00Z,61.9518317,-175.1602561,2020-07-22T02:54:00Z,61.960029,-175.1627619,82.53,40,10.658621664420417,1.5907758827651808,77.17422109381081,4.729863931486159
1049,202001,2020,21,61.9600291,2020-07-22T02:54:01Z,61.9600291,-175.1627618,2020-07-22T03:19:00Z,61.9682264,-175.1652689,82.51,40,21.401127707895043,7.92809317135259,154.9558107404483,9.496952347656677
1049,202001,2020,21,61.9682265,2020-07-22T03:20:00Z,61.9682265,-175.1652688,2020-07-22T03:44:00Z,61.9764238,-175.1677773,82.46000000000001,40,21.153234330732925,6.470377832324527,153.1609277903703,9.3869473225785
1049,202001,2020,21,61.9764239,2020-07-22T03:44:01Z,61.9764239,-175.1677771,2020-07-22T04:09:00Z,61.9846212,-175.1702869,82.33,40,34.742946527165444,12.222919955063917,251.55783938632845,15.417510333530338
1049,202001,2020,21,61.9846213,2020-07-22T04:09:01Z,61.9846213,-175.1702868,2020-07-22T04:16:00Z,61.9928186,-175.1727979,82.18,40,21.786004223603783,3.288597976593418,157.74252615753383,9.667744932949724
1049,202001,2020,21,61.9928187,2020-07-22T04:16:01Z,61.9928187,-175.1727978,2020-07-22T04:34:00Z,62.0010159,-175.1753102,82.03,40,37.40590609099991,3.385488947081094,270.83911576648734,16.599223765955813
1049,202001,2020,21,62.001016,2020-07-22T04:35:00Z,62.001016,-175.1753101,2020-07-22T04:59:00Z,62.0092132,-175.1778239,81.82000000000001,40,77.74089456025936,9.381439698485831,562.8863819091499,34.49825547420196
1049,202001,2020,21,62.0092133,2020-07-22T04:59:01Z,62.0092133,-175.1778237,2020-07-22T05:04:00Z,62.0174105,-175.1803388,81.65,40,83.04291140332042,10.021264485361385,601.2758691216835,36.85107547473157
1049,202001,2020,21,62.0174106,2020-07-22T05:04:01Z,62.0174106,-175.1803387,2020-07-22T05:19:00Z,62.0256078,-175.1828551,81.52,40,64.14130807759499,7.74029958512419,464.41797510745175,28.463310655567312
1049,202001,2020,21,62.0256079,2020-07-22T05:19:01Z,62.0256079,-175.18285500000002,2020-07-22T05:37:00Z,62.0338051,-175.1853727,81.42,40,69.65523139878647,8.405696342293426,504.3417805376065,30.91016615518057
1049,202001,2020,21,62.0338052,2020-07-22T05:37:01Z,62.0338052,-175.1853726,2020-07-22T05:52:00Z,62.0420023,-175.1878917,81.34,40,52.693423614431104,6.358817697452335,381.52906184714124,23.383203910162543
1049,202001,2020,21,62.0420024,2020-07-22T05:52:01Z,62.0420024,-175.1878916,2020-07-22T06:14:00Z,62.0501995,-175.19041199999998,81.24,40,104.69170804162337,12.633748961592778,758.0249376955693,46.45793324710151
1049,202001,2020,21,62.0501996,2020-07-22T06:15:00Z,62.0501996,-175.1904119,2020-07-22T06:39:00Z,62.0583967,-175.1929336,81.2,40,80.24092647498662,9.683132890787885,580.9879734472745,35.60766822505558
1049,202001,2020,21,62.0583969,2020-07-22T06:39:01Z,62.0583969,-175.1929335,2020-07-22T06:48:00Z,62.0665939,-175.1954566,81.13,40,96.1852794401272,11.607229426079186,696.4337655647516,42.68312529399769
1049,202001,2020,21,62.066593999999995,2020-07-22T06:48:01Z,62.066593999999995,-175.1954565,2020-07-22T07:04:00Z,62.0747911,-175.1979809,81.08,40,55.78314938183045,6.731672629668844,403.90035778013066,24.75429887211138
1049,202001,2020,21,62.0747912,2020-07-22T07:05:00Z,62.0747912,-175.1979808,2020-07-22T07:29:00Z,62.0829883,-175.2005065,80.99,40,45.231024894272096,5.458287236679691,327.49723420078135,20.071694067696637
1049,202001,2020,21,62.0829884,2020-07-22T07:30:00Z,62.0829884,-175.2005064,2020-07-22T07:54:00Z,62.0911854,-175.2030335,80.84,40,34.03443494138348,4.107130499085449,246.42782994512766,15.103101632279902
1049,202001,2020,21,62.0911855,2020-07-22T07:54:01Z,62.0911855,-175.2030334,2020-07-22T08:19:00Z,62.0993825,-175.2055618,80.67,40,62.38331597082494,7.528152593076221,451.68915558457377,27.683185070905132
1049,202001,2020,21,62.0993827,2020-07-22T08:19:01Z,62.0993827,-175.2055617,2020-07-22T15:53:00Z,62.1075796,-175.2080915,80.49,40,35.35128073656013,4.267824287016819,255.96251010763478,15.68746437879962
1049,202001,2020,21,62.1075798,2020-07-22T15:53:01Z,62.1075798,-175.2080914,2020-07-22T16:49:00Z,62.1157767,-175.2106225,80.31,40,29.305732930080943,3.577801685018251,212.1894541028556,13.004695497773193
1049,202001,2020,21,62.1157769,2020-07-22T16:49:01Z,62.1157769,-175.2106224,2020-07-22T17:37:00Z,62.1239738,-175.2131549,80.27,40,17.98639940903671,2.187566157993781,130.23131961876112,7.981634445858035
1049,202001,2020,21,62.1239739,2020-07-22T17:37:01Z,62.1239739,-175.2131547,2020-07-22T18:25:00Z,62.1321709,-175.2156885,80.36,40,14.109290581450141,1.7171590857365049,102.15894184934137,6.2611308217109185
1049,202001,2020,21,62.132171,2020-07-22T18:25:01Z,62.132171,-175.2156884,2020-07-22T19:34:00Z,62.1403679,-175.2182236,80.23,40,16.133829881571653,1.9709800017263839,116.81770810260275,7.159539238390718
1049,202001,2020,21,62.140367999999995,2020-07-22T19:34:01Z,62.140367999999995,-175.2182235,2020-07-22T20:24:00Z,62.148565,-175.22075999999998,80.18,40,6.172577233767856,0.7580168430638687,44.692818185636085,2.739139387953756
1049,202001,2020,21,62.1485651,2020-07-22T20:24:01Z,62.1485651,-175.2207598,2020-07-22T21:01:00Z,62.156762,-175.2232977,80.15,40,2.328239390375322,0.2887377559171433,16.857720175201923,1.0331781972486749
1049,202001,2020,21,62.1567621,2020-07-22T21:01:01Z,62.1567621,-175.2232976,2020-07-22T21:39:00Z,62.164958999999996,-175.2258368,80.12,40,0.4068090323047562,0.05332213082509805,2.945518772548875,0.18052534647365057
1049,202001,2020,21,62.1649591,2020-07-22T21:39:01Z,62.1649591,-175.2258367,2020-07-22T22:02:00Z,62.1731559,-175.2283772,80.07000000000001,40,2.085415860676882,0.2563709195003037,15.099545679686987,0.9254229648183228
1049,202001,2020,21,62.1731561,2020-07-22T22:02:01Z,62.1731561,-175.2283771,2020-07-22T22:29:00Z,62.1813529,-175.230919,80.10000000000001,40,1.7286125856287673,0.21286541604532527,12.516095801971835,0.7670881449494742
1049,202001,2020,21,62.181352999999994,2020-07-22T22:30:00Z,62.181352999999994,-175.2309189,2020-07-22T23:25:00Z,62.1895499,-175.2334621,79.96000000000001,40,6.140112872100328,0.762955074031269,44.457758540601255,2.7247330211509517
1049,202001,2020,21,62.18955,2020-07-22T23:25:01Z,62.18955,-175.233462,2020-07-23T00:09:00Z,62.1977468,-175.2360066,79.92,40,2.8507105854813726,0.3777741398811978,20.640695947844144,1.2650297197791873
1049,202001,2020,21,62.1977469,2020-07-23T00:09:01Z,62.1977469,-175.2360065,2020-07-23T01:12:00Z,62.2059437,-175.2385524,80.03,40,10.92210667523427,1.4298689762414882,79.08199595623333,4.846787891109924
1049,202001,2020,21,62.2059438,2020-07-23T01:12:01Z,62.2059438,-175.2385523,2020-07-23T02:14:00Z,62.2141406,-175.2410996,80.2,40,10.775155849997995,1.3786997258934723,78.01799201334462,4.781577075877842
1049,202001,2020,21,62.2141408,2020-07-23T02:14:01Z,62.2141408,-175.2410995,2020-07-23T06:24:00Z,62.2223375,-175.2436482,80.46000000000001,40,19.095264512673502,2.3302711456582417,138.26010639491042,8.47370379813488
1049,202001,2020,21,62.2223377,2020-07-23T06:24:01Z,62.2223377,-175.243648,2020-07-23T06:49:00Z,62.2305344,-175.2461981,80.73,40,16.57262439939528,2.001512243191632,119.9948191962738,7.35425844585784
1049,202001,2020,21,62.2305345,2020-07-23T06:49:01Z,62.2305345,-175.246198,2020-07-23T07:14:00Z,62.2387313,-175.2487493,80.45,40,12.7861207907814,1.5568898859933198,92.57847251805907,5.673961742522432
1049,202001,2020,21,62.2387314,2020-07-23T07:14:01Z,62.2387314,-175.2487492,2020-07-23T07:39:00Z,62.2469281,-175.251302,80.4,40,19.30443629084606,2.341874018966175,139.77462389665837,8.566525748309335
1049,202001,2020,21,62.2469283,2020-07-23T07:39:01Z,62.2469283,-175.2513018,2020-07-23T08:04:00Z,62.255125,-175.2538559,80.36,40,35.53609691163247,4.308904773406947,257.3006797890259,15.769478300294546
1049,202001,2020,21,62.2551251,2020-07-23T08:04:01Z,62.2551251,-175.2538558,2020-07-23T08:13:00Z,62.2633218,-175.2564113,80.3,40,26.95672795019737,3.2756999084372618,195.18137975932788,11.962302374249484
1049,202001,2020,21,62.2633219,2020-07-23T08:13:01Z,62.2633219,-175.2564112,2020-07-23T08:32:00Z,62.2715186,-175.25896799999998,80.25,40,30.003648945937616,3.6560740774607114,217.24274585186558,13.3144023148963
1049,202001,2020,21,62.2797155,2020-07-23T15:06:00Z,62.2797155,-175.2615259,2020-07-23T15:15:00Z,62.2879122,-175.2640855,79.99,40,17.86849671605315,2.1634696132167743,129.37763996088918,7.929314013392591
1049,202001,2020,21,62.2879123,2020-07-23T15:15:01Z,62.2879123,-175.2640854,2020-07-23T15:34:00Z,62.296108999999994,-175.2666463,79.91,40,12.620444411980037,1.5229814229537773,91.3788853772265,5.600441286213562
1049,202001,2020,21,62.2961091,2020-07-23T15:34:01Z,62.2961091,-175.2666462,2020-07-23T15:43:00Z,62.3043058,-175.2692085,79.85000000000001,40,22.966941423622814,2.8533554682647146,166.29315413191839,10.191796958022142
1049,202001,2020,21,62.3043059,2020-07-23T15:43:01Z,62.3043059,-175.2692083,2020-07-23T15:59:00Z,62.3125025,-175.271772,79.82000000000001,40,21.910048598695308,2.8158029441401746,158.64067493606797,9.72279079479954
1049,202001,2020,21,62.3125026,2020-07-23T15:59:01Z,62.3125026,-175.2717719,2020-07-23T16:11:00Z,62.3206993,-175.2743369,79.76,40,19.883374829215764,2.5810985435264997,143.96645396311197,8.823435187202634
1049,202001,2020,21,62.3206994,2020-07-23T16:11:01Z,62.3206994,-175.2743368,2020-07-23T16:24:00Z,62.328896,-175.2769032,79.72,40,17.482504079460593,2.260517897806789,126.58284322123055,7.758026138926352
1049,202001,2020,21,62.3288961,2020-07-23T16:25:00Z,62.3288961,-175.2769031,2020-07-23T16:49:00Z,62.3370927,-175.2794708,79.69,40,13.932311609989114,1.9086574525814202,100.87751778697118,6.182594733265326
1049,202001,2020,21,62.3370928,2020-07-23T16:49:01Z,62.3370928,-175.2794707,2020-07-23T17:14:00Z,62.3452894,-175.2820399,79.74,40,11.743530324959838,1.5168306589860412,85.02955018524003,5.211302386100957
