survey,year,haul,gear,species_code,taxon,count
200408,2004,16,Methot,4189,Neocalanus cristatus,0
200408,2004,16,Methot,4187,Eucalanus bungii,0
200408,2004,16,Methot,100,Other copepods,0
200408,2004,16,Methot,2049,Tessarabrachion oculatum,0
200408,2004,16,Methot,2003,Thysanoessa raschii,0
200408,2004,16,Methot,2001,Thysanoessa inermis,38
200408,2004,16,Methot,2027,Thysanoessa spinifera,62
200408,2004,16,Methot,2026,Thysanoessa longipes,0
200408,2004,16,Methot,2028,Thysanoessa inspinata,0
200408,2004,16,Methot,2025,Euphausia pacifica,3
200408,2004,16,Methot,2000,Other euphausiids,0
200408,2004,16,Methot,200,Chaetognatha,0
200408,2004,16,Methot,3500,Teleost larvae,0
200408,2004,16,Methot,551,Natantia,1
200408,2004,16,Methot,2350,Cnidarian  (medusae),1
200408,2004,16,Methot,2700,Ctenophora,0
200408,2004,16,Methot,895,Gammaridea,0
200408,2004,16,Methot,457,Hyperiidea,0
200408,2004,16,Methot,2800,Mysidacea,0
200408,2004,16,Methot,1800,Siphonophora,0
200608,2006,30,Methot,4189,Neocalanus cristatus,0
200608,2006,30,Methot,4187,Eucalanus bungii,0
200608,2006,30,Methot,100,Other copepods,0
200608,2006,30,Methot,2049,Tessarabrachion oculatum,0
200608,2006,30,Methot,2003,Thysanoessa raschii,74
200608,2006,30,Methot,2001,Thysanoessa inermis,4
200608,2006,30,Methot,2027,Thysanoessa spinifera,0
200608,2006,30,Methot,2026,Thysanoessa longipes,0
200608,2006,30,Methot,2028,Thysanoessa inspinata,0
200608,2006,30,Methot,2025,Euphausia pacifica,0
200608,2006,30,Methot,2000,Other euphausiids,32
200608,2006,30,Methot,200,Chaetognatha,5
200608,2006,30,Methot,3500,Teleost larvae,0
200608,2006,30,Methot,551,Natantia,0
200608,2006,30,Methot,2350,Cnidarian  (medusae),0
200608,2006,30,Methot,2700,Ctenophora,0
200608,2006,30,Methot,895,Gammaridea,0
200608,2006,30,Methot,457,Hyperiidea,23
200608,2006,30,Methot,2800,Mysidacea,0
200608,2006,30,Methot,1800,Siphonophora,0
200608,2006,59,Methot,4189,Neocalanus cristatus,0
200608,2006,59,Methot,4187,Eucalanus bungii,0
200608,2006,59,Methot,100,Other copepods,0
200608,2006,59,Methot,2049,Tessarabrachion oculatum,0
200608,2006,59,Methot,2003,Thysanoessa raschii,45
200608,2006,59,Methot,2001,Thysanoessa inermis,47
200608,2006,59,Methot,2027,Thysanoessa spinifera,0
200608,2006,59,Methot,2026,Thysanoessa longipes,0
200608,2006,59,Methot,2028,Thysanoessa inspinata,0
200608,2006,59,Methot,2025,Euphausia pacifica,0
200608,2006,59,Methot,2000,Other euphausiids,4
200608,2006,59,Methot,200,Chaetognatha,3
200608,2006,59,Methot,3500,Teleost larvae,0
200608,2006,59,Methot,551,Natantia,0
200608,2006,59,Methot,2350,Cnidarian  (medusae),0
200608,2006,59,Methot,2700,Ctenophora,0
200608,2006,59,Methot,895,Gammaridea,0
200608,2006,59,Methot,457,Hyperiidea,0
200608,2006,59,Methot,2800,Mysidacea,0
200608,2006,59,Methot,1800,Siphonophora,0
200608,2006,73,Methot,4189,Neocalanus cristatus,24
200608,2006,73,Methot,4187,Eucalanus bungii,3
200608,2006,73,Methot,100,Other copepods,0
200608,2006,73,Methot,2049,Tessarabrachion oculatum,0
200608,2006,73,Methot,2003,Thysanoessa raschii,0
200608,2006,73,Methot,2001,Thysanoessa inermis,106
200608,2006,73,Methot,2027,Thysanoessa spinifera,0
200608,2006,73,Methot,2026,Thysanoessa longipes,0
200608,2006,73,Methot,2028,Thysanoessa inspinata,0
200608,2006,73,Methot,2025,Euphausia pacifica,1
200608,2006,73,Methot,2000,Other euphausiids,3
200608,2006,73,Methot,200,Chaetognatha,0
200608,2006,73,Methot,3500,Teleost larvae,0
200608,2006,73,Methot,551,Natantia,0
200608,2006,73,Methot,2350,Cnidarian  (medusae),6
200608,2006,73,Methot,2700,Ctenophora,0
200608,2006,73,Methot,895,Gammaridea,0
200608,2006,73,Methot,457,Hyperiidea,0
200608,2006,73,Methot,2800,Mysidacea,0
200608,2006,73,Methot,1800,Siphonophora,0
200608,2006,84,Methot,4189,Neocalanus cristatus,32
200608,2006,84,Methot,4187,Eucalanus bungii,4
200608,2006,84,Methot,100,Other copepods,0
200608,2006,84,Methot,2049,Tessarabrachion oculatum,0
200608,2006,84,Methot,2003,Thysanoessa raschii,0
200608,2006,84,Methot,2001,Thysanoessa inermis,54
200608,2006,84,Methot,2027,Thysanoessa spinifera,9
200608,2006,84,Methot,2026,Thysanoessa longipes,0
200608,2006,84,Methot,2028,Thysanoessa inspinata,0
200608,2006,84,Methot,2025,Euphausia pacifica,1
200608,2006,84,Methot,2000,Other euphausiids,0
200608,2006,84,Methot,200,Chaetognatha,2
200608,2006,84,Methot,3500,Teleost larvae,0
200608,2006,84,Methot,551,Natantia,0
200608,2006,84,Methot,2350,Cnidarian  (medusae),3
200608,2006,84,Methot,2700,Ctenophora,0
200608,2006,84,Methot,895,Gammaridea,0
200608,2006,84,Methot,457,Hyperiidea,0
200608,2006,84,Methot,2800,Mysidacea,0
200608,2006,84,Methot,1800,Siphonophora,0
200608,2006,85,Methot,4189,Neocalanus cristatus,8
200608,2006,85,Methot,4187,Eucalanus bungii,6
200608,2006,85,Methot,100,Other copepods,0
200608,2006,85,Methot,2049,Tessarabrachion oculatum,0
200608,2006,85,Methot,2003,Thysanoessa raschii,0
200608,2006,85,Methot,2001,Thysanoessa inermis,108
200608,2006,85,Methot,2027,Thysanoessa spinifera,15
200608,2006,85,Methot,2026,Thysanoessa longipes,0
200608,2006,85,Methot,2028,Thysanoessa inspinata,0
200608,2006,85,Methot,2025,Euphausia pacifica,0
200608,2006,85,Methot,2000,Other euphausiids,0
200608,2006,85,Methot,200,Chaetognatha,0
200608,2006,85,Methot,3500,Teleost larvae,0
200608,2006,85,Methot,551,Natantia,0
200608,2006,85,Methot,2350,Cnidarian  (medusae),13
200608,2006,85,Methot,2700,Ctenophora,0
200608,2006,85,Methot,895,Gammaridea,0
200608,2006,85,Methot,457,Hyperiidea,0
200608,2006,85,Methot,2800,Mysidacea,0
200608,2006,85,Methot,1800,Siphonophora,0
200707,2007,2,Methot,4189,Neocalanus cristatus,0
200707,2007,2,Methot,4187,Eucalanus bungii,1
200707,2007,2,Methot,100,Other copepods,0
200707,2007,2,Methot,2049,Tessarabrachion oculatum,0
200707,2007,2,Methot,2003,Thysanoessa raschii,179
200707,2007,2,Methot,2001,Thysanoessa inermis,0
200707,2007,2,Methot,2027,Thysanoessa spinifera,13
200707,2007,2,Methot,2026,Thysanoessa longipes,0
200707,2007,2,Methot,2028,Thysanoessa inspinata,0
200707,2007,2,Methot,2025,Euphausia pacifica,1
200707,2007,2,Methot,2000,Other euphausiids,4
200707,2007,2,Methot,200,Chaetognatha,0
200707,2007,2,Methot,3500,Teleost larvae,0
200707,2007,2,Methot,551,Natantia,0
200707,2007,2,Methot,2350,Cnidarian  (medusae),0
200707,2007,2,Methot,2700,Ctenophora,0
200707,2007,2,Methot,895,Gammaridea,0
200707,2007,2,Methot,457,Hyperiidea,0
200707,2007,2,Methot,2800,Mysidacea,0
200707,2007,2,Methot,1800,Siphonophora,0
200707,2007,12,Methot,4189,Neocalanus cristatus,0
200707,2007,12,Methot,4187,Eucalanus bungii,0
200707,2007,12,Methot,100,Other copepods,0
200707,2007,12,Methot,2049,Tessarabrachion oculatum,0
200707,2007,12,Methot,2003,Thysanoessa raschii,150
200707,2007,12,Methot,2001,Thysanoessa inermis,1
200707,2007,12,Methot,2027,Thysanoessa spinifera,2
200707,2007,12,Methot,2026,Thysanoessa longipes,0
200707,2007,12,Methot,2028,Thysanoessa inspinata,0
200707,2007,12,Methot,2025,Euphausia pacifica,0
200707,2007,12,Methot,2000,Other euphausiids,19
200707,2007,12,Methot,200,Chaetognatha,3
200707,2007,12,Methot,3500,Teleost larvae,0
200707,2007,12,Methot,551,Natantia,0
200707,2007,12,Methot,2350,Cnidarian  (medusae),5
200707,2007,12,Methot,2700,Ctenophora,0
200707,2007,12,Methot,895,Gammaridea,0
200707,2007,12,Methot,457,Hyperiidea,0
200707,2007,12,Methot,2800,Mysidacea,0
200707,2007,12,Methot,1800,Siphonophora,0
200707,2007,13,Methot,4189,Neocalanus cristatus,1
200707,2007,13,Methot,4187,Eucalanus bungii,0
200707,2007,13,Methot,100,Other copepods,0
200707,2007,13,Methot,2049,Tessarabrachion oculatum,0
200707,2007,13,Methot,2003,Thysanoessa raschii,95
200707,2007,13,Methot,2001,Thysanoessa inermis,5
200707,2007,13,Methot,2027,Thysanoessa spinifera,0
200707,2007,13,Methot,2026,Thysanoessa longipes,0
200707,2007,13,Methot,2028,Thysanoessa inspinata,0
200707,2007,13,Methot,2025,Euphausia pacifica,0
200707,2007,13,Methot,2000,Other euphausiids,14
200707,2007,13,Methot,200,Chaetognatha,0
200707,2007,13,Methot,3500,Teleost larvae,0
200707,2007,13,Methot,551,Natantia,0
200707,2007,13,Methot,2350,Cnidarian  (medusae),0
200707,2007,13,Methot,2700,Ctenophora,0
200707,2007,13,Methot,895,Gammaridea,0
200707,2007,13,Methot,457,Hyperiidea,0
200707,2007,13,Methot,2800,Mysidacea,0
200707,2007,13,Methot,1800,Siphonophora,0
200707,2007,16,Methot,4189,Neocalanus cristatus,6
200707,2007,16,Methot,4187,Eucalanus bungii,1
200707,2007,16,Methot,100,Other copepods,0
200707,2007,16,Methot,2049,Tessarabrachion oculatum,0
200707,2007,16,Methot,2003,Thysanoessa raschii,0
200707,2007,16,Methot,2001,Thysanoessa inermis,28
200707,2007,16,Methot,2027,Thysanoessa spinifera,40
200707,2007,16,Methot,2026,Thysanoessa longipes,23
200707,2007,16,Methot,2028,Thysanoessa inspinata,0
200707,2007,16,Methot,2025,Euphausia pacifica,1
200707,2007,16,Methot,2000,Other euphausiids,16
200707,2007,16,Methot,200,Chaetognatha,0
200707,2007,16,Methot,3500,Teleost larvae,0
200707,2007,16,Methot,551,Natantia,0
200707,2007,16,Methot,2350,Cnidarian  (medusae),0
200707,2007,16,Methot,2700,Ctenophora,0
200707,2007,16,Methot,895,Gammaridea,0
200707,2007,16,Methot,457,Hyperiidea,0
200707,2007,16,Methot,2800,Mysidacea,0
200707,2007,16,Methot,1800,Siphonophora,0
200707,2007,23,Methot,4189,Neocalanus cristatus,0
200707,2007,23,Methot,4187,Eucalanus bungii,0
200707,2007,23,Methot,100,Other copepods,0
200707,2007,23,Methot,2049,Tessarabrachion oculatum,0
200707,2007,23,Methot,2003,Thysanoessa raschii,0
200707,2007,23,Methot,2001,Thysanoessa inermis,72
200707,2007,23,Methot,2027,Thysanoessa spinifera,24
200707,2007,23,Methot,2026,Thysanoessa longipes,4
200707,2007,23,Methot,2028,Thysanoessa inspinata,0
200707,2007,23,Methot,2025,Euphausia pacifica,3
200707,2007,23,Methot,2000,Other euphausiids,10
200707,2007,23,Methot,200,Chaetognatha,0
200707,2007,23,Methot,3500,Teleost larvae,0
200707,2007,23,Methot,551,Natantia,0
200707,2007,23,Methot,2350,Cnidarian  (medusae),0
200707,2007,23,Methot,2700,Ctenophora,0
200707,2007,23,Methot,895,Gammaridea,0
200707,2007,23,Methot,457,Hyperiidea,0
200707,2007,23,Methot,2800,Mysidacea,0
200707,2007,23,Methot,1800,Siphonophora,0
200707,2007,31,Methot,4189,Neocalanus cristatus,19
200707,2007,31,Methot,4187,Eucalanus bungii,0
200707,2007,31,Methot,100,Other copepods,0
200707,2007,31,Methot,2049,Tessarabrachion oculatum,0
200707,2007,31,Methot,2003,Thysanoessa raschii,0
200707,2007,31,Methot,2001,Thysanoessa inermis,1
200707,2007,31,Methot,2027,Thysanoessa spinifera,3
200707,2007,31,Methot,2026,Thysanoessa longipes,2
200707,2007,31,Methot,2028,Thysanoessa inspinata,0
200707,2007,31,Methot,2025,Euphausia pacifica,98
200707,2007,31,Methot,2000,Other euphausiids,8
200707,2007,31,Methot,200,Chaetognatha,0
200707,2007,31,Methot,3500,Teleost larvae,0
200707,2007,31,Methot,551,Natantia,0
200707,2007,31,Methot,2350,Cnidarian  (medusae),0
200707,2007,31,Methot,2700,Ctenophora,0
200707,2007,31,Methot,895,Gammaridea,0
200707,2007,31,Methot,457,Hyperiidea,0
200707,2007,31,Methot,2800,Mysidacea,0
200707,2007,31,Methot,1800,Siphonophora,0
200707,2007,52,Methot,4189,Neocalanus cristatus,1
200707,2007,52,Methot,4187,Eucalanus bungii,0
200707,2007,52,Methot,100,Other copepods,0
200707,2007,52,Methot,2049,Tessarabrachion oculatum,0
200707,2007,52,Methot,2003,Thysanoessa raschii,114
200707,2007,52,Methot,2001,Thysanoessa inermis,18
200707,2007,52,Methot,2027,Thysanoessa spinifera,0
200707,2007,52,Methot,2026,Thysanoessa longipes,0
200707,2007,52,Methot,2028,Thysanoessa inspinata,0
200707,2007,52,Methot,2025,Euphausia pacifica,0
200707,2007,52,Methot,2000,Other euphausiids,6
200707,2007,52,Methot,200,Chaetognatha,6
200707,2007,52,Methot,3500,Teleost larvae,1
200707,2007,52,Methot,551,Natantia,0
200707,2007,52,Methot,2350,Cnidarian  (medusae),1
200707,2007,52,Methot,2700,Ctenophora,0
200707,2007,52,Methot,895,Gammaridea,0
200707,2007,52,Methot,457,Hyperiidea,0
200707,2007,52,Methot,2800,Mysidacea,0
200707,2007,52,Methot,1800,Siphonophora,0
200707,2007,53,Methot,4189,Neocalanus cristatus,0
200707,2007,53,Methot,4187,Eucalanus bungii,0
200707,2007,53,Methot,100,Other copepods,0
200707,2007,53,Methot,2049,Tessarabrachion oculatum,0
200707,2007,53,Methot,2003,Thysanoessa raschii,99
200707,2007,53,Methot,2001,Thysanoessa inermis,4
200707,2007,53,Methot,2027,Thysanoessa spinifera,0
200707,2007,53,Methot,2026,Thysanoessa longipes,0
200707,2007,53,Methot,2028,Thysanoessa inspinata,0
200707,2007,53,Methot,2025,Euphausia pacifica,0
200707,2007,53,Methot,2000,Other euphausiids,4
200707,2007,53,Methot,200,Chaetognatha,0
200707,2007,53,Methot,3500,Teleost larvae,0
200707,2007,53,Methot,551,Natantia,0
200707,2007,53,Methot,2350,Cnidarian  (medusae),0
200707,2007,53,Methot,2700,Ctenophora,0
200707,2007,53,Methot,895,Gammaridea,0
200707,2007,53,Methot,457,Hyperiidea,0
200707,2007,53,Methot,2800,Mysidacea,0
200707,2007,53,Methot,1800,Siphonophora,0
200707,2007,55,Methot,4189,Neocalanus cristatus,0
200707,2007,55,Methot,4187,Eucalanus bungii,0
200707,2007,55,Methot,100,Other copepods,0
200707,2007,55,Methot,2049,Tessarabrachion oculatum,0
200707,2007,55,Methot,2003,Thysanoessa raschii,87
200707,2007,55,Methot,2001,Thysanoessa inermis,10
200707,2007,55,Methot,2027,Thysanoessa spinifera,0
200707,2007,55,Methot,2026,Thysanoessa longipes,0
200707,2007,55,Methot,2028,Thysanoessa inspinata,0
200707,2007,55,Methot,2025,Euphausia pacifica,0
200707,2007,55,Methot,2000,Other euphausiids,67
200707,2007,55,Methot,200,Chaetognatha,0
200707,2007,55,Methot,3500,Teleost larvae,0
200707,2007,55,Methot,551,Natantia,0
200707,2007,55,Methot,2350,Cnidarian  (medusae),7
200707,2007,55,Methot,2700,Ctenophora,0
200707,2007,55,Methot,895,Gammaridea,0
200707,2007,55,Methot,457,Hyperiidea,0
200707,2007,55,Methot,2800,Mysidacea,0
200707,2007,55,Methot,1800,Siphonophora,0
200707,2007,61,Methot,4189,Neocalanus cristatus,10
200707,2007,61,Methot,4187,Eucalanus bungii,0
200707,2007,61,Methot,100,Other copepods,0
200707,2007,61,Methot,2049,Tessarabrachion oculatum,0
200707,2007,61,Methot,2003,Thysanoessa raschii,0
200707,2007,61,Methot,2001,Thysanoessa inermis,36
200707,2007,61,Methot,2027,Thysanoessa spinifera,14
200707,2007,61,Methot,2026,Thysanoessa longipes,17
200707,2007,61,Methot,2028,Thysanoessa inspinata,0
200707,2007,61,Methot,2025,Euphausia pacifica,54
200707,2007,61,Methot,2000,Other euphausiids,0
200707,2007,61,Methot,200,Chaetognatha,5
200707,2007,61,Methot,3500,Teleost larvae,0
200707,2007,61,Methot,551,Natantia,0
200707,2007,61,Methot,2350,Cnidarian  (medusae),5
200707,2007,61,Methot,2700,Ctenophora,0
200707,2007,61,Methot,895,Gammaridea,0
200707,2007,61,Methot,457,Hyperiidea,0
200707,2007,61,Methot,2800,Mysidacea,0
200707,2007,61,Methot,1800,Siphonophora,0
200707,2007,66,Methot,4189,Neocalanus cristatus,0
200707,2007,66,Methot,4187,Eucalanus bungii,0
200707,2007,66,Methot,100,Other copepods,0
200707,2007,66,Methot,2049,Tessarabrachion oculatum,0
200707,2007,66,Methot,2003,Thysanoessa raschii,142
200707,2007,66,Methot,2001,Thysanoessa inermis,1
200707,2007,66,Methot,2027,Thysanoessa spinifera,0
200707,2007,66,Methot,2026,Thysanoessa longipes,0
200707,2007,66,Methot,2028,Thysanoessa inspinata,0
200707,2007,66,Methot,2025,Euphausia pacifica,1
200707,2007,66,Methot,2000,Other euphausiids,9
200707,2007,66,Methot,200,Chaetognatha,0
200707,2007,66,Methot,3500,Teleost larvae,0
200707,2007,66,Methot,551,Natantia,0
200707,2007,66,Methot,2350,Cnidarian  (medusae),3
200707,2007,66,Methot,2700,Ctenophora,0
200707,2007,66,Methot,895,Gammaridea,0
200707,2007,66,Methot,457,Hyperiidea,18
200707,2007,66,Methot,2800,Mysidacea,0
200707,2007,66,Methot,1800,Siphonophora,0
200707,2007,67,Methot,4189,Neocalanus cristatus,0
200707,2007,67,Methot,4187,Eucalanus bungii,0
200707,2007,67,Methot,100,Other copepods,0
200707,2007,67,Methot,2049,Tessarabrachion oculatum,0
200707,2007,67,Methot,2003,Thysanoessa raschii,78
200707,2007,67,Methot,2001,Thysanoessa inermis,42
200707,2007,67,Methot,2027,Thysanoessa spinifera,0
200707,2007,67,Methot,2026,Thysanoessa longipes,0
200707,2007,67,Methot,2028,Thysanoessa inspinata,0
200707,2007,67,Methot,2025,Euphausia pacifica,0
200707,2007,67,Methot,2000,Other euphausiids,2
200707,2007,67,Methot,200,Chaetognatha,2
200707,2007,67,Methot,3500,Teleost larvae,0
200707,2007,67,Methot,551,Natantia,0
200707,2007,67,Methot,2350,Cnidarian  (medusae),0
200707,2007,67,Methot,2700,Ctenophora,0
200707,2007,67,Methot,895,Gammaridea,0
200707,2007,67,Methot,457,Hyperiidea,1
200707,2007,67,Methot,2800,Mysidacea,0
200707,2007,67,Methot,1800,Siphonophora,0
200707,2007,93,Methot,4189,Neocalanus cristatus,0
200707,2007,93,Methot,4187,Eucalanus bungii,0
200707,2007,93,Methot,100,Other copepods,0
200707,2007,93,Methot,2049,Tessarabrachion oculatum,0
200707,2007,93,Methot,2003,Thysanoessa raschii,28
200707,2007,93,Methot,2001,Thysanoessa inermis,49
200707,2007,93,Methot,2027,Thysanoessa spinifera,0
200707,2007,93,Methot,2026,Thysanoessa longipes,0
200707,2007,93,Methot,2028,Thysanoessa inspinata,0
200707,2007,93,Methot,2025,Euphausia pacifica,0
200707,2007,93,Methot,2000,Other euphausiids,24
200707,2007,93,Methot,200,Chaetognatha,0
200707,2007,93,Methot,3500,Teleost larvae,0
200707,2007,93,Methot,551,Natantia,0
200707,2007,93,Methot,2350,Cnidarian  (medusae),0
200707,2007,93,Methot,2700,Ctenophora,0
200707,2007,93,Methot,895,Gammaridea,0
200707,2007,93,Methot,457,Hyperiidea,4
200707,2007,93,Methot,2800,Mysidacea,0
200707,2007,93,Methot,1800,Siphonophora,0
200707,2007,125,Methot,4189,Neocalanus cristatus,1
200707,2007,125,Methot,4187,Eucalanus bungii,0
200707,2007,125,Methot,100,Other copepods,0
200707,2007,125,Methot,2049,Tessarabrachion oculatum,0
200707,2007,125,Methot,2003,Thysanoessa raschii,0
200707,2007,125,Methot,2001,Thysanoessa inermis,122
200707,2007,125,Methot,2027,Thysanoessa spinifera,5
200707,2007,125,Methot,2026,Thysanoessa longipes,0
200707,2007,125,Methot,2028,Thysanoessa inspinata,0
200707,2007,125,Methot,2025,Euphausia pacifica,0
200707,2007,125,Methot,2000,Other euphausiids,6
200707,2007,125,Methot,200,Chaetognatha,0
200707,2007,125,Methot,3500,Teleost larvae,0
200707,2007,125,Methot,551,Natantia,0
200707,2007,125,Methot,2350,Cnidarian  (medusae),4
200707,2007,125,Methot,2700,Ctenophora,0
200707,2007,125,Methot,895,Gammaridea,0
200707,2007,125,Methot,457,Hyperiidea,0
200707,2007,125,Methot,2800,Mysidacea,0
200707,2007,125,Methot,1800,Siphonophora,0
200809,2008,1,Methot,4189,Neocalanus cristatus,0
200809,2008,1,Methot,4187,Eucalanus bungii,0
200809,2008,1,Methot,100,Other copepods,0
200809,2008,1,Methot,2049,Tessarabrachion oculatum,0
200809,2008,1,Methot,2003,Thysanoessa raschii,87
200809,2008,1,Methot,2001,Thysanoessa inermis,3
200809,2008,1,Methot,2027,Thysanoessa spinifera,0
200809,2008,1,Methot,2026,Thysanoessa longipes,0
200809,2008,1,Methot,2028,Thysanoessa inspinata,0
200809,2008,1,Methot,2025,Euphausia pacifica,0
200809,2008,1,Methot,2000,Other euphausiids,42
200809,2008,1,Methot,200,Chaetognatha,9
200809,2008,1,Methot,3500,Teleost larvae,0
200809,2008,1,Methot,551,Natantia,0
200809,2008,1,Methot,2350,Cnidarian  (medusae),2
200809,2008,1,Methot,2700,Ctenophora,0
200809,2008,1,Methot,895,Gammaridea,0
200809,2008,1,Methot,457,Hyperiidea,0
200809,2008,1,Methot,2800,Mysidacea,1
200809,2008,1,Methot,1800,Siphonophora,0
200809,2008,4,Methot,4189,Neocalanus cristatus,0
200809,2008,4,Methot,4187,Eucalanus bungii,0
200809,2008,4,Methot,100,Other copepods,2
200809,2008,4,Methot,2049,Tessarabrachion oculatum,0
200809,2008,4,Methot,2003,Thysanoessa raschii,78
200809,2008,4,Methot,2001,Thysanoessa inermis,1
200809,2008,4,Methot,2027,Thysanoessa spinifera,0
200809,2008,4,Methot,2026,Thysanoessa longipes,0
200809,2008,4,Methot,2028,Thysanoessa inspinata,0
200809,2008,4,Methot,2025,Euphausia pacifica,0
200809,2008,4,Methot,2000,Other euphausiids,15
200809,2008,4,Methot,200,Chaetognatha,0
200809,2008,4,Methot,3500,Teleost larvae,0
200809,2008,4,Methot,551,Natantia,0
200809,2008,4,Methot,2350,Cnidarian  (medusae),2
200809,2008,4,Methot,2700,Ctenophora,0
200809,2008,4,Methot,895,Gammaridea,0
200809,2008,4,Methot,457,Hyperiidea,0
200809,2008,4,Methot,2800,Mysidacea,0
200809,2008,4,Methot,1800,Siphonophora,0
200809,2008,7,Methot,4189,Neocalanus cristatus,13
200809,2008,7,Methot,4187,Eucalanus bungii,0
200809,2008,7,Methot,100,Other copepods,0
200809,2008,7,Methot,2049,Tessarabrachion oculatum,0
200809,2008,7,Methot,2003,Thysanoessa raschii,0
200809,2008,7,Methot,2001,Thysanoessa inermis,27
200809,2008,7,Methot,2027,Thysanoessa spinifera,97
200809,2008,7,Methot,2026,Thysanoessa longipes,2
200809,2008,7,Methot,2028,Thysanoessa inspinata,0
200809,2008,7,Methot,2025,Euphausia pacifica,0
200809,2008,7,Methot,2000,Other euphausiids,2
200809,2008,7,Methot,200,Chaetognatha,10
200809,2008,7,Methot,3500,Teleost larvae,0
200809,2008,7,Methot,551,Natantia,0
200809,2008,7,Methot,2350,Cnidarian  (medusae),3
200809,2008,7,Methot,2700,Ctenophora,0
200809,2008,7,Methot,895,Gammaridea,0
200809,2008,7,Methot,457,Hyperiidea,0
200809,2008,7,Methot,2800,Mysidacea,0
200809,2008,7,Methot,1800,Siphonophora,0
200809,2008,13,Methot,4189,Neocalanus cristatus,0
200809,2008,13,Methot,4187,Eucalanus bungii,5
200809,2008,13,Methot,100,Other copepods,0
200809,2008,13,Methot,2049,Tessarabrachion oculatum,0
200809,2008,13,Methot,2003,Thysanoessa raschii,159
200809,2008,13,Methot,2001,Thysanoessa inermis,0
200809,2008,13,Methot,2027,Thysanoessa spinifera,0
200809,2008,13,Methot,2026,Thysanoessa longipes,1
200809,2008,13,Methot,2028,Thysanoessa inspinata,0
200809,2008,13,Methot,2025,Euphausia pacifica,0
200809,2008,13,Methot,2000,Other euphausiids,0
200809,2008,13,Methot,200,Chaetognatha,0
200809,2008,13,Methot,3500,Teleost larvae,0
200809,2008,13,Methot,551,Natantia,0
200809,2008,13,Methot,2350,Cnidarian  (medusae),0
200809,2008,13,Methot,2700,Ctenophora,0
200809,2008,13,Methot,895,Gammaridea,0
200809,2008,13,Methot,457,Hyperiidea,0
200809,2008,13,Methot,2800,Mysidacea,0
200809,2008,13,Methot,1800,Siphonophora,0
200809,2008,14,Methot,4189,Neocalanus cristatus,0
200809,2008,14,Methot,4187,Eucalanus bungii,0
200809,2008,14,Methot,100,Other copepods,0
200809,2008,14,Methot,2049,Tessarabrachion oculatum,0
200809,2008,14,Methot,2003,Thysanoessa raschii,79
200809,2008,14,Methot,2001,Thysanoessa inermis,2
200809,2008,14,Methot,2027,Thysanoessa spinifera,0
200809,2008,14,Methot,2026,Thysanoessa longipes,0
200809,2008,14,Methot,2028,Thysanoessa inspinata,0
200809,2008,14,Methot,2025,Euphausia pacifica,0
200809,2008,14,Methot,2000,Other euphausiids,28
200809,2008,14,Methot,200,Chaetognatha,11
200809,2008,14,Methot,3500,Teleost larvae,0
200809,2008,14,Methot,551,Natantia,0
200809,2008,14,Methot,2350,Cnidarian  (medusae),1
200809,2008,14,Methot,2700,Ctenophora,0
200809,2008,14,Methot,895,Gammaridea,0
200809,2008,14,Methot,457,Hyperiidea,0
200809,2008,14,Methot,2800,Mysidacea,0
200809,2008,14,Methot,1800,Siphonophora,0
200809,2008,16,Methot,4189,Neocalanus cristatus,9
200809,2008,16,Methot,4187,Eucalanus bungii,2
200809,2008,16,Methot,100,Other copepods,0
200809,2008,16,Methot,2049,Tessarabrachion oculatum,0
200809,2008,16,Methot,2003,Thysanoessa raschii,0
200809,2008,16,Methot,2001,Thysanoessa inermis,104
200809,2008,16,Methot,2027,Thysanoessa spinifera,0
200809,2008,16,Methot,2026,Thysanoessa longipes,0
200809,2008,16,Methot,2028,Thysanoessa inspinata,0
200809,2008,16,Methot,2025,Euphausia pacifica,0
200809,2008,16,Methot,2000,Other euphausiids,0
200809,2008,16,Methot,200,Chaetognatha,2
200809,2008,16,Methot,3500,Teleost larvae,0
200809,2008,16,Methot,551,Natantia,0
200809,2008,16,Methot,2350,Cnidarian  (medusae),7
200809,2008,16,Methot,2700,Ctenophora,0
200809,2008,16,Methot,895,Gammaridea,0
200809,2008,16,Methot,457,Hyperiidea,0
200809,2008,16,Methot,2800,Mysidacea,0
200809,2008,16,Methot,1800,Siphonophora,0
200809,2008,17,Methot,4189,Neocalanus cristatus,3
200809,2008,17,Methot,4187,Eucalanus bungii,1
200809,2008,17,Methot,100,Other copepods,0
200809,2008,17,Methot,2049,Tessarabrachion oculatum,0
200809,2008,17,Methot,2003,Thysanoessa raschii,0
200809,2008,17,Methot,2001,Thysanoessa inermis,124
200809,2008,17,Methot,2027,Thysanoessa spinifera,6
200809,2008,17,Methot,2026,Thysanoessa longipes,10
200809,2008,17,Methot,2028,Thysanoessa inspinata,0
200809,2008,17,Methot,2025,Euphausia pacifica,3
200809,2008,17,Methot,2000,Other euphausiids,6
200809,2008,17,Methot,200,Chaetognatha,0
200809,2008,17,Methot,3500,Teleost larvae,0
200809,2008,17,Methot,551,Natantia,0
200809,2008,17,Methot,2350,Cnidarian  (medusae),0
200809,2008,17,Methot,2700,Ctenophora,0
200809,2008,17,Methot,895,Gammaridea,0
200809,2008,17,Methot,457,Hyperiidea,0
200809,2008,17,Methot,2800,Mysidacea,0
200809,2008,17,Methot,1800,Siphonophora,0
200809,2008,18,Methot,4189,Neocalanus cristatus,0
200809,2008,18,Methot,4187,Eucalanus bungii,0
200809,2008,18,Methot,100,Other copepods,0
200809,2008,18,Methot,2049,Tessarabrachion oculatum,0
200809,2008,18,Methot,2003,Thysanoessa raschii,74
200809,2008,18,Methot,2001,Thysanoessa inermis,0
200809,2008,18,Methot,2027,Thysanoessa spinifera,0
200809,2008,18,Methot,2026,Thysanoessa longipes,0
200809,2008,18,Methot,2028,Thysanoessa inspinata,0
200809,2008,18,Methot,2025,Euphausia pacifica,0
200809,2008,18,Methot,2000,Other euphausiids,44
200809,2008,18,Methot,200,Chaetognatha,0
200809,2008,18,Methot,3500,Teleost larvae,0
200809,2008,18,Methot,551,Natantia,0
200809,2008,18,Methot,2350,Cnidarian  (medusae),0
200809,2008,18,Methot,2700,Ctenophora,0
200809,2008,18,Methot,895,Gammaridea,0
200809,2008,18,Methot,457,Hyperiidea,0
200809,2008,18,Methot,2800,Mysidacea,0
200809,2008,18,Methot,1800,Siphonophora,0
200809,2008,28,Methot,4189,Neocalanus cristatus,41
200809,2008,28,Methot,4187,Eucalanus bungii,1
200809,2008,28,Methot,100,Other copepods,0
200809,2008,28,Methot,2049,Tessarabrachion oculatum,0
200809,2008,28,Methot,2003,Thysanoessa raschii,0
200809,2008,28,Methot,2001,Thysanoessa inermis,47
200809,2008,28,Methot,2027,Thysanoessa spinifera,0
200809,2008,28,Methot,2026,Thysanoessa longipes,0
200809,2008,28,Methot,2028,Thysanoessa inspinata,0
200809,2008,28,Methot,2025,Euphausia pacifica,0
200809,2008,28,Methot,2000,Other euphausiids,0
200809,2008,28,Methot,200,Chaetognatha,3
200809,2008,28,Methot,3500,Teleost larvae,0
200809,2008,28,Methot,551,Natantia,0
200809,2008,28,Methot,2350,Cnidarian  (medusae),8
200809,2008,28,Methot,2700,Ctenophora,0
200809,2008,28,Methot,895,Gammaridea,0
200809,2008,28,Methot,457,Hyperiidea,0
200809,2008,28,Methot,2800,Mysidacea,0
200809,2008,28,Methot,1800,Siphonophora,0
200809,2008,30,Methot,4189,Neocalanus cristatus,17
200809,2008,30,Methot,4187,Eucalanus bungii,0
200809,2008,30,Methot,100,Other copepods,0
200809,2008,30,Methot,2049,Tessarabrachion oculatum,0
200809,2008,30,Methot,2003,Thysanoessa raschii,0
200809,2008,30,Methot,2001,Thysanoessa inermis,136
200809,2008,30,Methot,2027,Thysanoessa spinifera,0
200809,2008,30,Methot,2026,Thysanoessa longipes,0
200809,2008,30,Methot,2028,Thysanoessa inspinata,0
200809,2008,30,Methot,2025,Euphausia pacifica,0
200809,2008,30,Methot,2000,Other euphausiids,7
200809,2008,30,Methot,200,Chaetognatha,1
200809,2008,30,Methot,3500,Teleost larvae,1
200809,2008,30,Methot,551,Natantia,1
200809,2008,30,Methot,2350,Cnidarian  (medusae),1
200809,2008,30,Methot,2700,Ctenophora,0
200809,2008,30,Methot,895,Gammaridea,0
200809,2008,30,Methot,457,Hyperiidea,0
200809,2008,30,Methot,2800,Mysidacea,0
200809,2008,30,Methot,1800,Siphonophora,0
200809,2008,32,Methot,4189,Neocalanus cristatus,0
200809,2008,32,Methot,4187,Eucalanus bungii,0
200809,2008,32,Methot,100,Other copepods,0
200809,2008,32,Methot,2049,Tessarabrachion oculatum,0
200809,2008,32,Methot,2003,Thysanoessa raschii,96
200809,2008,32,Methot,2001,Thysanoessa inermis,0
200809,2008,32,Methot,2027,Thysanoessa spinifera,0
200809,2008,32,Methot,2026,Thysanoessa longipes,0
200809,2008,32,Methot,2028,Thysanoessa inspinata,0
200809,2008,32,Methot,2025,Euphausia pacifica,0
200809,2008,32,Methot,2000,Other euphausiids,20
200809,2008,32,Methot,200,Chaetognatha,2
200809,2008,32,Methot,3500,Teleost larvae,0
200809,2008,32,Methot,551,Natantia,0
200809,2008,32,Methot,2350,Cnidarian  (medusae),0
200809,2008,32,Methot,2700,Ctenophora,0
200809,2008,32,Methot,895,Gammaridea,0
200809,2008,32,Methot,457,Hyperiidea,1
200809,2008,32,Methot,2800,Mysidacea,0
200809,2008,32,Methot,1800,Siphonophora,0
200809,2008,33,Methot,4189,Neocalanus cristatus,0
200809,2008,33,Methot,4187,Eucalanus bungii,0
200809,2008,33,Methot,100,Other copepods,0
200809,2008,33,Methot,2049,Tessarabrachion oculatum,0
200809,2008,33,Methot,2003,Thysanoessa raschii,101
200809,2008,33,Methot,2001,Thysanoessa inermis,0
200809,2008,33,Methot,2027,Thysanoessa spinifera,0
200809,2008,33,Methot,2026,Thysanoessa longipes,0
200809,2008,33,Methot,2028,Thysanoessa inspinata,0
200809,2008,33,Methot,2025,Euphausia pacifica,0
200809,2008,33,Methot,2000,Other euphausiids,0
200809,2008,33,Methot,200,Chaetognatha,2
200809,2008,33,Methot,3500,Teleost larvae,0
200809,2008,33,Methot,551,Natantia,0
200809,2008,33,Methot,2350,Cnidarian  (medusae),0
200809,2008,33,Methot,2700,Ctenophora,0
200809,2008,33,Methot,895,Gammaridea,0
200809,2008,33,Methot,457,Hyperiidea,2
200809,2008,33,Methot,2800,Mysidacea,0
200809,2008,33,Methot,1800,Siphonophora,0
200809,2008,42,Methot,4189,Neocalanus cristatus,0
200809,2008,42,Methot,4187,Eucalanus bungii,0
200809,2008,42,Methot,100,Other copepods,0
200809,2008,42,Methot,2049,Tessarabrachion oculatum,0
200809,2008,42,Methot,2003,Thysanoessa raschii,108
200809,2008,42,Methot,2001,Thysanoessa inermis,0
200809,2008,42,Methot,2027,Thysanoessa spinifera,0
200809,2008,42,Methot,2026,Thysanoessa longipes,0
200809,2008,42,Methot,2028,Thysanoessa inspinata,0
200809,2008,42,Methot,2025,Euphausia pacifica,0
200809,2008,42,Methot,2000,Other euphausiids,0
200809,2008,42,Methot,200,Chaetognatha,1
200809,2008,42,Methot,3500,Teleost larvae,0
200809,2008,42,Methot,551,Natantia,0
200809,2008,42,Methot,2350,Cnidarian  (medusae),0
200809,2008,42,Methot,2700,Ctenophora,0
200809,2008,42,Methot,895,Gammaridea,0
200809,2008,42,Methot,457,Hyperiidea,1
200809,2008,42,Methot,2800,Mysidacea,0
200809,2008,42,Methot,1800,Siphonophora,0
200809,2008,55,Methot,4189,Neocalanus cristatus,0
200809,2008,55,Methot,4187,Eucalanus bungii,0
200809,2008,55,Methot,100,Other copepods,0
200809,2008,55,Methot,2049,Tessarabrachion oculatum,0
200809,2008,55,Methot,2003,Thysanoessa raschii,121
200809,2008,55,Methot,2001,Thysanoessa inermis,0
200809,2008,55,Methot,2027,Thysanoessa spinifera,0
200809,2008,55,Methot,2026,Thysanoessa longipes,0
200809,2008,55,Methot,2028,Thysanoessa inspinata,0
200809,2008,55,Methot,2025,Euphausia pacifica,0
200809,2008,55,Methot,2000,Other euphausiids,0
200809,2008,55,Methot,200,Chaetognatha,4
200809,2008,55,Methot,3500,Teleost larvae,0
200809,2008,55,Methot,551,Natantia,0
200809,2008,55,Methot,2350,Cnidarian  (medusae),0
200809,2008,55,Methot,2700,Ctenophora,0
200809,2008,55,Methot,895,Gammaridea,0
200809,2008,55,Methot,457,Hyperiidea,1
200809,2008,55,Methot,2800,Mysidacea,0
200809,2008,55,Methot,1800,Siphonophora,0
200809,2008,60,Methot,4189,Neocalanus cristatus,26
200809,2008,60,Methot,4187,Eucalanus bungii,10
200809,2008,60,Methot,100,Other copepods,2
200809,2008,60,Methot,2049,Tessarabrachion oculatum,0
200809,2008,60,Methot,2003,Thysanoessa raschii,30
200809,2008,60,Methot,2001,Thysanoessa inermis,61
200809,2008,60,Methot,2027,Thysanoessa spinifera,0
200809,2008,60,Methot,2026,Thysanoessa longipes,0
200809,2008,60,Methot,2028,Thysanoessa inspinata,0
200809,2008,60,Methot,2025,Euphausia pacifica,0
200809,2008,60,Methot,2000,Other euphausiids,7
200809,2008,60,Methot,200,Chaetognatha,0
200809,2008,60,Methot,3500,Teleost larvae,0
200809,2008,60,Methot,551,Natantia,0
200809,2008,60,Methot,2350,Cnidarian  (medusae),2
200809,2008,60,Methot,2700,Ctenophora,0
200809,2008,60,Methot,895,Gammaridea,0
200809,2008,60,Methot,457,Hyperiidea,0
200809,2008,60,Methot,2800,Mysidacea,0
200809,2008,60,Methot,1800,Siphonophora,0
200809,2008,74,Methot,4189,Neocalanus cristatus,0
200809,2008,74,Methot,4187,Eucalanus bungii,0
200809,2008,74,Methot,100,Other copepods,0
200809,2008,74,Methot,2049,Tessarabrachion oculatum,0
200809,2008,74,Methot,2003,Thysanoessa raschii,23
200809,2008,74,Methot,2001,Thysanoessa inermis,0
200809,2008,74,Methot,2027,Thysanoessa spinifera,0
200809,2008,74,Methot,2026,Thysanoessa longipes,0
200809,2008,74,Methot,2028,Thysanoessa inspinata,0
200809,2008,74,Methot,2025,Euphausia pacifica,0
200809,2008,74,Methot,2000,Other euphausiids,100
200809,2008,74,Methot,200,Chaetognatha,2
200809,2008,74,Methot,3500,Teleost larvae,0
200809,2008,74,Methot,551,Natantia,0
200809,2008,74,Methot,2350,Cnidarian  (medusae),0
200809,2008,74,Methot,2700,Ctenophora,0
200809,2008,74,Methot,895,Gammaridea,0
200809,2008,74,Methot,457,Hyperiidea,0
200809,2008,74,Methot,2800,Mysidacea,0
200809,2008,74,Methot,1800,Siphonophora,0
200809,2008,75,Methot,4189,Neocalanus cristatus,0
200809,2008,75,Methot,4187,Eucalanus bungii,3
200809,2008,75,Methot,100,Other copepods,0
200809,2008,75,Methot,2049,Tessarabrachion oculatum,0
200809,2008,75,Methot,2003,Thysanoessa raschii,90
200809,2008,75,Methot,2001,Thysanoessa inermis,1
200809,2008,75,Methot,2027,Thysanoessa spinifera,0
200809,2008,75,Methot,2026,Thysanoessa longipes,0
200809,2008,75,Methot,2028,Thysanoessa inspinata,0
200809,2008,75,Methot,2025,Euphausia pacifica,0
200809,2008,75,Methot,2000,Other euphausiids,5
200809,2008,75,Methot,200,Chaetognatha,4
200809,2008,75,Methot,3500,Teleost larvae,0
200809,2008,75,Methot,551,Natantia,0
200809,2008,75,Methot,2350,Cnidarian  (medusae),2
200809,2008,75,Methot,2700,Ctenophora,0
200809,2008,75,Methot,895,Gammaridea,0
200809,2008,75,Methot,457,Hyperiidea,2
200809,2008,75,Methot,2800,Mysidacea,0
200809,2008,75,Methot,1800,Siphonophora,1
200809,2008,77,Methot,4189,Neocalanus cristatus,0
200809,2008,77,Methot,4187,Eucalanus bungii,0
200809,2008,77,Methot,100,Other copepods,0
200809,2008,77,Methot,2049,Tessarabrachion oculatum,0
200809,2008,77,Methot,2003,Thysanoessa raschii,67
200809,2008,77,Methot,2001,Thysanoessa inermis,41
200809,2008,77,Methot,2027,Thysanoessa spinifera,0
200809,2008,77,Methot,2026,Thysanoessa longipes,15
200809,2008,77,Methot,2028,Thysanoessa inspinata,0
200809,2008,77,Methot,2025,Euphausia pacifica,0
200809,2008,77,Methot,2000,Other euphausiids,14
200809,2008,77,Methot,200,Chaetognatha,1
200809,2008,77,Methot,3500,Teleost larvae,0
200809,2008,77,Methot,551,Natantia,0
200809,2008,77,Methot,2350,Cnidarian  (medusae),0
200809,2008,77,Methot,2700,Ctenophora,0
200809,2008,77,Methot,895,Gammaridea,0
200809,2008,77,Methot,457,Hyperiidea,10
200809,2008,77,Methot,2800,Mysidacea,0
200809,2008,77,Methot,1800,Siphonophora,0
200809,2008,78,Methot,4189,Neocalanus cristatus,0
200809,2008,78,Methot,4187,Eucalanus bungii,11
200809,2008,78,Methot,100,Other copepods,0
200809,2008,78,Methot,2049,Tessarabrachion oculatum,0
200809,2008,78,Methot,2003,Thysanoessa raschii,74
200809,2008,78,Methot,2001,Thysanoessa inermis,3
200809,2008,78,Methot,2027,Thysanoessa spinifera,0
200809,2008,78,Methot,2026,Thysanoessa longipes,1
200809,2008,78,Methot,2028,Thysanoessa inspinata,0
200809,2008,78,Methot,2025,Euphausia pacifica,0
200809,2008,78,Methot,2000,Other euphausiids,11
200809,2008,78,Methot,200,Chaetognatha,5
200809,2008,78,Methot,3500,Teleost larvae,0
200809,2008,78,Methot,551,Natantia,0
200809,2008,78,Methot,2350,Cnidarian  (medusae),0
200809,2008,78,Methot,2700,Ctenophora,0
200809,2008,78,Methot,895,Gammaridea,0
200809,2008,78,Methot,457,Hyperiidea,37
200809,2008,78,Methot,2800,Mysidacea,0
200809,2008,78,Methot,1800,Siphonophora,0
200809,2008,90,Methot,4189,Neocalanus cristatus,4
200809,2008,90,Methot,4187,Eucalanus bungii,0
200809,2008,90,Methot,100,Other copepods,0
200809,2008,90,Methot,2049,Tessarabrachion oculatum,0
200809,2008,90,Methot,2003,Thysanoessa raschii,0
200809,2008,90,Methot,2001,Thysanoessa inermis,143
200809,2008,90,Methot,2027,Thysanoessa spinifera,0
200809,2008,90,Methot,2026,Thysanoessa longipes,1
200809,2008,90,Methot,2028,Thysanoessa inspinata,0
200809,2008,90,Methot,2025,Euphausia pacifica,0
200809,2008,90,Methot,2000,Other euphausiids,9
200809,2008,90,Methot,200,Chaetognatha,0
200809,2008,90,Methot,3500,Teleost larvae,0
200809,2008,90,Methot,551,Natantia,0
200809,2008,90,Methot,2350,Cnidarian  (medusae),13
200809,2008,90,Methot,2700,Ctenophora,0
200809,2008,90,Methot,895,Gammaridea,0
200809,2008,90,Methot,457,Hyperiidea,0
200809,2008,90,Methot,2800,Mysidacea,0
200809,2008,90,Methot,1800,Siphonophora,0
200809,2008,95,Methot,4189,Neocalanus cristatus,0
200809,2008,95,Methot,4187,Eucalanus bungii,0
200809,2008,95,Methot,100,Other copepods,1
200809,2008,95,Methot,2049,Tessarabrachion oculatum,0
200809,2008,95,Methot,2003,Thysanoessa raschii,34
200809,2008,95,Methot,2001,Thysanoessa inermis,33
200809,2008,95,Methot,2027,Thysanoessa spinifera,0
200809,2008,95,Methot,2026,Thysanoessa longipes,0
200809,2008,95,Methot,2028,Thysanoessa inspinata,0
200809,2008,95,Methot,2025,Euphausia pacifica,0
200809,2008,95,Methot,2000,Other euphausiids,53
200809,2008,95,Methot,200,Chaetognatha,0
200809,2008,95,Methot,3500,Teleost larvae,0
200809,2008,95,Methot,551,Natantia,0
200809,2008,95,Methot,2350,Cnidarian  (medusae),0
200809,2008,95,Methot,2700,Ctenophora,0
200809,2008,95,Methot,895,Gammaridea,0
200809,2008,95,Methot,457,Hyperiidea,3
200809,2008,95,Methot,2800,Mysidacea,0
200809,2008,95,Methot,1800,Siphonophora,0
200809,2008,102,Methot,4189,Neocalanus cristatus,7
200809,2008,102,Methot,4187,Eucalanus bungii,7
200809,2008,102,Methot,100,Other copepods,0
200809,2008,102,Methot,2049,Tessarabrachion oculatum,0
200809,2008,102,Methot,2003,Thysanoessa raschii,0
200809,2008,102,Methot,2001,Thysanoessa inermis,67
200809,2008,102,Methot,2027,Thysanoessa spinifera,0
200809,2008,102,Methot,2026,Thysanoessa longipes,10
200809,2008,102,Methot,2028,Thysanoessa inspinata,0
200809,2008,102,Methot,2025,Euphausia pacifica,0
200809,2008,102,Methot,2000,Other euphausiids,0
200809,2008,102,Methot,200,Chaetognatha,0
200809,2008,102,Methot,3500,Teleost larvae,0
200809,2008,102,Methot,551,Natantia,0
200809,2008,102,Methot,2350,Cnidarian  (medusae),8
200809,2008,102,Methot,2700,Ctenophora,0
200809,2008,102,Methot,895,Gammaridea,0
200809,2008,102,Methot,457,Hyperiidea,0
200809,2008,102,Methot,2800,Mysidacea,0
200809,2008,102,Methot,1800,Siphonophora,0
200809,2008,104,Methot,4189,Neocalanus cristatus,19
200809,2008,104,Methot,4187,Eucalanus bungii,15
200809,2008,104,Methot,100,Other copepods,0
200809,2008,104,Methot,2049,Tessarabrachion oculatum,0
200809,2008,104,Methot,2003,Thysanoessa raschii,64
200809,2008,104,Methot,2001,Thysanoessa inermis,39
200809,2008,104,Methot,2027,Thysanoessa spinifera,0
200809,2008,104,Methot,2026,Thysanoessa longipes,0
200809,2008,104,Methot,2028,Thysanoessa inspinata,1
200809,2008,104,Methot,2025,Euphausia pacifica,0
200809,2008,104,Methot,2000,Other euphausiids,2
200809,2008,104,Methot,200,Chaetognatha,8
200809,2008,104,Methot,3500,Teleost larvae,0
200809,2008,104,Methot,551,Natantia,0
200809,2008,104,Methot,2350,Cnidarian  (medusae),6
200809,2008,104,Methot,2700,Ctenophora,0
200809,2008,104,Methot,895,Gammaridea,0
200809,2008,104,Methot,457,Hyperiidea,2
200809,2008,104,Methot,2800,Mysidacea,0
200809,2008,104,Methot,1800,Siphonophora,1
200809,2008,106,Methot,4189,Neocalanus cristatus,8
200809,2008,106,Methot,4187,Eucalanus bungii,8
200809,2008,106,Methot,100,Other copepods,0
200809,2008,106,Methot,2049,Tessarabrachion oculatum,0
200809,2008,106,Methot,2003,Thysanoessa raschii,107
200809,2008,106,Methot,2001,Thysanoessa inermis,34
200809,2008,106,Methot,2027,Thysanoessa spinifera,0
200809,2008,106,Methot,2026,Thysanoessa longipes,6
200809,2008,106,Methot,2028,Thysanoessa inspinata,0
200809,2008,106,Methot,2025,Euphausia pacifica,0
200809,2008,106,Methot,2000,Other euphausiids,4
200809,2008,106,Methot,200,Chaetognatha,14
200809,2008,106,Methot,3500,Teleost larvae,0
200809,2008,106,Methot,551,Natantia,0
200809,2008,106,Methot,2350,Cnidarian  (medusae),4
200809,2008,106,Methot,2700,Ctenophora,0
200809,2008,106,Methot,895,Gammaridea,0
200809,2008,106,Methot,457,Hyperiidea,7
200809,2008,106,Methot,2800,Mysidacea,0
200809,2008,106,Methot,1800,Siphonophora,0
200909,2009,26,Methot,4189,Neocalanus cristatus,0
200909,2009,26,Methot,4187,Eucalanus bungii,0
200909,2009,26,Methot,100,Other copepods,0
200909,2009,26,Methot,2049,Tessarabrachion oculatum,0
200909,2009,26,Methot,2003,Thysanoessa raschii,50
200909,2009,26,Methot,2001,Thysanoessa inermis,48
200909,2009,26,Methot,2027,Thysanoessa spinifera,0
200909,2009,26,Methot,2026,Thysanoessa longipes,0
200909,2009,26,Methot,2028,Thysanoessa inspinata,0
200909,2009,26,Methot,2025,Euphausia pacifica,0
200909,2009,26,Methot,2000,Other euphausiids,14
200909,2009,26,Methot,200,Chaetognatha,4
200909,2009,26,Methot,3500,Teleost larvae,0
200909,2009,26,Methot,551,Natantia,0
200909,2009,26,Methot,2350,Cnidarian  (medusae),0
200909,2009,26,Methot,2700,Ctenophora,0
200909,2009,26,Methot,895,Gammaridea,0
200909,2009,26,Methot,457,Hyperiidea,1
200909,2009,26,Methot,2800,Mysidacea,0
200909,2009,26,Methot,1800,Siphonophora,0
200909,2009,28,Methot,4189,Neocalanus cristatus,0
200909,2009,28,Methot,4187,Eucalanus bungii,0
200909,2009,28,Methot,100,Other copepods,0
200909,2009,28,Methot,2049,Tessarabrachion oculatum,0
200909,2009,28,Methot,2003,Thysanoessa raschii,72
200909,2009,28,Methot,2001,Thysanoessa inermis,9
200909,2009,28,Methot,2027,Thysanoessa spinifera,1
200909,2009,28,Methot,2026,Thysanoessa longipes,1
200909,2009,28,Methot,2028,Thysanoessa inspinata,0
200909,2009,28,Methot,2025,Euphausia pacifica,1
200909,2009,28,Methot,2000,Other euphausiids,8
200909,2009,28,Methot,200,Chaetognatha,1
200909,2009,28,Methot,3500,Teleost larvae,0
200909,2009,28,Methot,551,Natantia,0
200909,2009,28,Methot,2350,Cnidarian  (medusae),0
200909,2009,28,Methot,2700,Ctenophora,0
200909,2009,28,Methot,895,Gammaridea,0
200909,2009,28,Methot,457,Hyperiidea,11
200909,2009,28,Methot,2800,Mysidacea,0
200909,2009,28,Methot,1800,Siphonophora,0
200909,2009,30,Methot,4189,Neocalanus cristatus,32
200909,2009,30,Methot,4187,Eucalanus bungii,19
200909,2009,30,Methot,100,Other copepods,0
200909,2009,30,Methot,2049,Tessarabrachion oculatum,0
200909,2009,30,Methot,2003,Thysanoessa raschii,0
200909,2009,30,Methot,2001,Thysanoessa inermis,7
200909,2009,30,Methot,2027,Thysanoessa spinifera,5
200909,2009,30,Methot,2026,Thysanoessa longipes,36
200909,2009,30,Methot,2028,Thysanoessa inspinata,0
200909,2009,30,Methot,2025,Euphausia pacifica,0
200909,2009,30,Methot,2000,Other euphausiids,0
200909,2009,30,Methot,200,Chaetognatha,2
200909,2009,30,Methot,3500,Teleost larvae,0
200909,2009,30,Methot,551,Natantia,0
200909,2009,30,Methot,2350,Cnidarian  (medusae),2
200909,2009,30,Methot,2700,Ctenophora,0
200909,2009,30,Methot,895,Gammaridea,0
200909,2009,30,Methot,457,Hyperiidea,0
200909,2009,30,Methot,2800,Mysidacea,0
200909,2009,30,Methot,1800,Siphonophora,0
200909,2009,40,Methot,4189,Neocalanus cristatus,0
200909,2009,40,Methot,4187,Eucalanus bungii,0
200909,2009,40,Methot,100,Other copepods,0
200909,2009,40,Methot,2049,Tessarabrachion oculatum,0
200909,2009,40,Methot,2003,Thysanoessa raschii,127
200909,2009,40,Methot,2001,Thysanoessa inermis,1
200909,2009,40,Methot,2027,Thysanoessa spinifera,0
200909,2009,40,Methot,2026,Thysanoessa longipes,0
200909,2009,40,Methot,2028,Thysanoessa inspinata,0
200909,2009,40,Methot,2025,Euphausia pacifica,0
200909,2009,40,Methot,2000,Other euphausiids,0
200909,2009,40,Methot,200,Chaetognatha,4
200909,2009,40,Methot,3500,Teleost larvae,0
200909,2009,40,Methot,551,Natantia,0
200909,2009,40,Methot,2350,Cnidarian  (medusae),0
200909,2009,40,Methot,2700,Ctenophora,0
200909,2009,40,Methot,895,Gammaridea,1
200909,2009,40,Methot,457,Hyperiidea,0
200909,2009,40,Methot,2800,Mysidacea,0
200909,2009,40,Methot,1800,Siphonophora,0
200909,2009,41,Methot,4189,Neocalanus cristatus,2
200909,2009,41,Methot,4187,Eucalanus bungii,0
200909,2009,41,Methot,100,Other copepods,0
200909,2009,41,Methot,2049,Tessarabrachion oculatum,0
200909,2009,41,Methot,2003,Thysanoessa raschii,0
200909,2009,41,Methot,2001,Thysanoessa inermis,100
200909,2009,41,Methot,2027,Thysanoessa spinifera,0
200909,2009,41,Methot,2026,Thysanoessa longipes,5
200909,2009,41,Methot,2028,Thysanoessa inspinata,0
200909,2009,41,Methot,2025,Euphausia pacifica,0
200909,2009,41,Methot,2000,Other euphausiids,0
200909,2009,41,Methot,200,Chaetognatha,0
200909,2009,41,Methot,3500,Teleost larvae,0
200909,2009,41,Methot,551,Natantia,0
200909,2009,41,Methot,2350,Cnidarian  (medusae),0
200909,2009,41,Methot,2700,Ctenophora,0
200909,2009,41,Methot,895,Gammaridea,0
200909,2009,41,Methot,457,Hyperiidea,0
200909,2009,41,Methot,2800,Mysidacea,0
200909,2009,41,Methot,1800,Siphonophora,0
200909,2009,42,Methot,4189,Neocalanus cristatus,8
200909,2009,42,Methot,4187,Eucalanus bungii,2
200909,2009,42,Methot,100,Other copepods,0
200909,2009,42,Methot,2049,Tessarabrachion oculatum,0
200909,2009,42,Methot,2003,Thysanoessa raschii,0
200909,2009,42,Methot,2001,Thysanoessa inermis,144
200909,2009,42,Methot,2027,Thysanoessa spinifera,6
200909,2009,42,Methot,2026,Thysanoessa longipes,7
200909,2009,42,Methot,2028,Thysanoessa inspinata,0
200909,2009,42,Methot,2025,Euphausia pacifica,3
200909,2009,42,Methot,2000,Other euphausiids,0
200909,2009,42,Methot,200,Chaetognatha,2
200909,2009,42,Methot,3500,Teleost larvae,0
200909,2009,42,Methot,551,Natantia,0
200909,2009,42,Methot,2350,Cnidarian  (medusae),0
200909,2009,42,Methot,2700,Ctenophora,0
200909,2009,42,Methot,895,Gammaridea,0
200909,2009,42,Methot,457,Hyperiidea,0
200909,2009,42,Methot,2800,Mysidacea,0
200909,2009,42,Methot,1800,Siphonophora,0
200909,2009,43,Methot,4189,Neocalanus cristatus,9
200909,2009,43,Methot,4187,Eucalanus bungii,13
200909,2009,43,Methot,100,Other copepods,0
200909,2009,43,Methot,2049,Tessarabrachion oculatum,0
200909,2009,43,Methot,2003,Thysanoessa raschii,0
200909,2009,43,Methot,2001,Thysanoessa inermis,142
200909,2009,43,Methot,2027,Thysanoessa spinifera,0
200909,2009,43,Methot,2026,Thysanoessa longipes,13
200909,2009,43,Methot,2028,Thysanoessa inspinata,0
200909,2009,43,Methot,2025,Euphausia pacifica,0
200909,2009,43,Methot,2000,Other euphausiids,7
200909,2009,43,Methot,200,Chaetognatha,4
200909,2009,43,Methot,3500,Teleost larvae,0
200909,2009,43,Methot,551,Natantia,0
200909,2009,43,Methot,2350,Cnidarian  (medusae),2
200909,2009,43,Methot,2700,Ctenophora,0
200909,2009,43,Methot,895,Gammaridea,0
200909,2009,43,Methot,457,Hyperiidea,2
200909,2009,43,Methot,2800,Mysidacea,0
200909,2009,43,Methot,1800,Siphonophora,0
200909,2009,67,Methot,4189,Neocalanus cristatus,1
200909,2009,67,Methot,4187,Eucalanus bungii,7
200909,2009,67,Methot,100,Other copepods,0
200909,2009,67,Methot,2049,Tessarabrachion oculatum,0
200909,2009,67,Methot,2003,Thysanoessa raschii,0
200909,2009,67,Methot,2001,Thysanoessa inermis,118
200909,2009,67,Methot,2027,Thysanoessa spinifera,0
200909,2009,67,Methot,2026,Thysanoessa longipes,4
200909,2009,67,Methot,2028,Thysanoessa inspinata,0
200909,2009,67,Methot,2025,Euphausia pacifica,1
200909,2009,67,Methot,2000,Other euphausiids,6
200909,2009,67,Methot,200,Chaetognatha,3
200909,2009,67,Methot,3500,Teleost larvae,0
200909,2009,67,Methot,551,Natantia,0
200909,2009,67,Methot,2350,Cnidarian  (medusae),5
200909,2009,67,Methot,2700,Ctenophora,0
200909,2009,67,Methot,895,Gammaridea,0
200909,2009,67,Methot,457,Hyperiidea,0
200909,2009,67,Methot,2800,Mysidacea,0
200909,2009,67,Methot,1800,Siphonophora,0
200909,2009,68,Methot,4189,Neocalanus cristatus,13
200909,2009,68,Methot,4187,Eucalanus bungii,12
200909,2009,68,Methot,100,Other copepods,0
200909,2009,68,Methot,2049,Tessarabrachion oculatum,0
200909,2009,68,Methot,2003,Thysanoessa raschii,9
200909,2009,68,Methot,2001,Thysanoessa inermis,82
200909,2009,68,Methot,2027,Thysanoessa spinifera,0
200909,2009,68,Methot,2026,Thysanoessa longipes,3
200909,2009,68,Methot,2028,Thysanoessa inspinata,0
200909,2009,68,Methot,2025,Euphausia pacifica,0
200909,2009,68,Methot,2000,Other euphausiids,1
200909,2009,68,Methot,200,Chaetognatha,13
200909,2009,68,Methot,3500,Teleost larvae,0
200909,2009,68,Methot,551,Natantia,0
200909,2009,68,Methot,2350,Cnidarian  (medusae),2
200909,2009,68,Methot,2700,Ctenophora,0
200909,2009,68,Methot,895,Gammaridea,0
200909,2009,68,Methot,457,Hyperiidea,0
200909,2009,68,Methot,2800,Mysidacea,0
200909,2009,68,Methot,1800,Siphonophora,0
200909,2009,72,Methot,4189,Neocalanus cristatus,0
200909,2009,72,Methot,4187,Eucalanus bungii,1
200909,2009,72,Methot,100,Other copepods,0
200909,2009,72,Methot,2049,Tessarabrachion oculatum,0
200909,2009,72,Methot,2003,Thysanoessa raschii,118
200909,2009,72,Methot,2001,Thysanoessa inermis,11
200909,2009,72,Methot,2027,Thysanoessa spinifera,0
200909,2009,72,Methot,2026,Thysanoessa longipes,4
200909,2009,72,Methot,2028,Thysanoessa inspinata,0
200909,2009,72,Methot,2025,Euphausia pacifica,0
200909,2009,72,Methot,2000,Other euphausiids,1
200909,2009,72,Methot,200,Chaetognatha,5
200909,2009,72,Methot,3500,Teleost larvae,0
200909,2009,72,Methot,551,Natantia,0
200909,2009,72,Methot,2350,Cnidarian  (medusae),0
200909,2009,72,Methot,2700,Ctenophora,0
200909,2009,72,Methot,895,Gammaridea,0
200909,2009,72,Methot,457,Hyperiidea,3
200909,2009,72,Methot,2800,Mysidacea,0
200909,2009,72,Methot,1800,Siphonophora,0
200909,2009,73,Methot,4189,Neocalanus cristatus,2
200909,2009,73,Methot,4187,Eucalanus bungii,1
200909,2009,73,Methot,100,Other copepods,0
200909,2009,73,Methot,2049,Tessarabrachion oculatum,0
200909,2009,73,Methot,2003,Thysanoessa raschii,6
200909,2009,73,Methot,2001,Thysanoessa inermis,92
200909,2009,73,Methot,2027,Thysanoessa spinifera,0
200909,2009,73,Methot,2026,Thysanoessa longipes,0
200909,2009,73,Methot,2028,Thysanoessa inspinata,0
200909,2009,73,Methot,2025,Euphausia pacifica,0
200909,2009,73,Methot,2000,Other euphausiids,10
200909,2009,73,Methot,200,Chaetognatha,0
200909,2009,73,Methot,3500,Teleost larvae,0
200909,2009,73,Methot,551,Natantia,0
200909,2009,73,Methot,2350,Cnidarian  (medusae),1
200909,2009,73,Methot,2700,Ctenophora,0
200909,2009,73,Methot,895,Gammaridea,0
200909,2009,73,Methot,457,Hyperiidea,8
200909,2009,73,Methot,2800,Mysidacea,0
200909,2009,73,Methot,1800,Siphonophora,0
200909,2009,82,Methot,4189,Neocalanus cristatus,25
200909,2009,82,Methot,4187,Eucalanus bungii,79
200909,2009,82,Methot,100,Other copepods,0
200909,2009,82,Methot,2049,Tessarabrachion oculatum,0
200909,2009,82,Methot,2003,Thysanoessa raschii,30
200909,2009,82,Methot,2001,Thysanoessa inermis,33
200909,2009,82,Methot,2027,Thysanoessa spinifera,0
200909,2009,82,Methot,2026,Thysanoessa longipes,1
200909,2009,82,Methot,2028,Thysanoessa inspinata,0
200909,2009,82,Methot,2025,Euphausia pacifica,0
200909,2009,82,Methot,2000,Other euphausiids,4
200909,2009,82,Methot,200,Chaetognatha,5
200909,2009,82,Methot,3500,Teleost larvae,0
200909,2009,82,Methot,551,Natantia,0
200909,2009,82,Methot,2350,Cnidarian  (medusae),0
200909,2009,82,Methot,2700,Ctenophora,0
200909,2009,82,Methot,895,Gammaridea,0
200909,2009,82,Methot,457,Hyperiidea,0
200909,2009,82,Methot,2800,Mysidacea,0
200909,2009,82,Methot,1800,Siphonophora,0
200909,2009,83,Methot,4189,Neocalanus cristatus,21
200909,2009,83,Methot,4187,Eucalanus bungii,1
200909,2009,83,Methot,100,Other copepods,0
200909,2009,83,Methot,2049,Tessarabrachion oculatum,0
200909,2009,83,Methot,2003,Thysanoessa raschii,31
200909,2009,83,Methot,2001,Thysanoessa inermis,46
200909,2009,83,Methot,2027,Thysanoessa spinifera,0
200909,2009,83,Methot,2026,Thysanoessa longipes,0
200909,2009,83,Methot,2028,Thysanoessa inspinata,0
200909,2009,83,Methot,2025,Euphausia pacifica,0
200909,2009,83,Methot,2000,Other euphausiids,2
200909,2009,83,Methot,200,Chaetognatha,6
200909,2009,83,Methot,3500,Teleost larvae,0
200909,2009,83,Methot,551,Natantia,0
200909,2009,83,Methot,2350,Cnidarian  (medusae),1
200909,2009,83,Methot,2700,Ctenophora,0
200909,2009,83,Methot,895,Gammaridea,0
200909,2009,83,Methot,457,Hyperiidea,10
200909,2009,83,Methot,2800,Mysidacea,0
200909,2009,83,Methot,1800,Siphonophora,0
200909,2009,87,Methot,4189,Neocalanus cristatus,0
200909,2009,87,Methot,4187,Eucalanus bungii,0
200909,2009,87,Methot,100,Other copepods,0
200909,2009,87,Methot,2049,Tessarabrachion oculatum,0
200909,2009,87,Methot,2003,Thysanoessa raschii,0
200909,2009,87,Methot,2001,Thysanoessa inermis,104
200909,2009,87,Methot,2027,Thysanoessa spinifera,0
200909,2009,87,Methot,2026,Thysanoessa longipes,0
200909,2009,87,Methot,2028,Thysanoessa inspinata,0
200909,2009,87,Methot,2025,Euphausia pacifica,0
200909,2009,87,Methot,2000,Other euphausiids,0
200909,2009,87,Methot,200,Chaetognatha,0
200909,2009,87,Methot,3500,Teleost larvae,0
200909,2009,87,Methot,551,Natantia,0
200909,2009,87,Methot,2350,Cnidarian  (medusae),0
200909,2009,87,Methot,2700,Ctenophora,0
200909,2009,87,Methot,895,Gammaridea,0
200909,2009,87,Methot,457,Hyperiidea,0
200909,2009,87,Methot,2800,Mysidacea,0
200909,2009,87,Methot,1800,Siphonophora,0
200909,2009,95,Methot,4189,Neocalanus cristatus,1
200909,2009,95,Methot,4187,Eucalanus bungii,0
200909,2009,95,Methot,100,Other copepods,0
200909,2009,95,Methot,2049,Tessarabrachion oculatum,0
200909,2009,95,Methot,2003,Thysanoessa raschii,0
200909,2009,95,Methot,2001,Thysanoessa inermis,89
200909,2009,95,Methot,2027,Thysanoessa spinifera,0
200909,2009,95,Methot,2026,Thysanoessa longipes,6
200909,2009,95,Methot,2028,Thysanoessa inspinata,0
200909,2009,95,Methot,2025,Euphausia pacifica,0
200909,2009,95,Methot,2000,Other euphausiids,0
200909,2009,95,Methot,200,Chaetognatha,0
200909,2009,95,Methot,3500,Teleost larvae,0
200909,2009,95,Methot,551,Natantia,0
200909,2009,95,Methot,2350,Cnidarian  (medusae),0
200909,2009,95,Methot,2700,Ctenophora,0
200909,2009,95,Methot,895,Gammaridea,0
200909,2009,95,Methot,457,Hyperiidea,9
200909,2009,95,Methot,2800,Mysidacea,0
200909,2009,95,Methot,1800,Siphonophora,0
201006,2010,4,Methot,4189,Neocalanus cristatus,0
201006,2010,4,Methot,4187,Eucalanus bungii,0
201006,2010,4,Methot,100,Other copepods,0
201006,2010,4,Methot,2049,Tessarabrachion oculatum,0
201006,2010,4,Methot,2003,Thysanoessa raschii,115
201006,2010,4,Methot,2001,Thysanoessa inermis,0
201006,2010,4,Methot,2027,Thysanoessa spinifera,0
201006,2010,4,Methot,2026,Thysanoessa longipes,0
201006,2010,4,Methot,2028,Thysanoessa inspinata,0
201006,2010,4,Methot,2025,Euphausia pacifica,0
201006,2010,4,Methot,2000,Other euphausiids,34
201006,2010,4,Methot,200,Chaetognatha,0
201006,2010,4,Methot,3500,Teleost larvae,0
201006,2010,4,Methot,551,Natantia,0
201006,2010,4,Methot,2350,Cnidarian  (medusae),0
201006,2010,4,Methot,2700,Ctenophora,0
201006,2010,4,Methot,895,Gammaridea,0
201006,2010,4,Methot,457,Hyperiidea,0
201006,2010,4,Methot,2800,Mysidacea,0
201006,2010,4,Methot,1800,Siphonophora,0
201006,2010,8,Methot,4189,Neocalanus cristatus,0
201006,2010,8,Methot,4187,Eucalanus bungii,0
201006,2010,8,Methot,100,Other copepods,0
201006,2010,8,Methot,2049,Tessarabrachion oculatum,0
201006,2010,8,Methot,2003,Thysanoessa raschii,88
201006,2010,8,Methot,2001,Thysanoessa inermis,0
201006,2010,8,Methot,2027,Thysanoessa spinifera,4
201006,2010,8,Methot,2026,Thysanoessa longipes,0
201006,2010,8,Methot,2028,Thysanoessa inspinata,0
201006,2010,8,Methot,2025,Euphausia pacifica,0
201006,2010,8,Methot,2000,Other euphausiids,9
201006,2010,8,Methot,200,Chaetognatha,11
201006,2010,8,Methot,3500,Teleost larvae,0
201006,2010,8,Methot,551,Natantia,0
201006,2010,8,Methot,2350,Cnidarian  (medusae),1
201006,2010,8,Methot,2700,Ctenophora,NA
201006,2010,8,Methot,895,Gammaridea,NA
201006,2010,8,Methot,457,Hyperiidea,NA
201006,2010,8,Methot,2800,Mysidacea,NA
201006,2010,8,Methot,1800,Siphonophora,NA
201006,2010,19,Methot,4189,Neocalanus cristatus,5
201006,2010,19,Methot,4187,Eucalanus bungii,7
201006,2010,19,Methot,100,Other copepods,0
201006,2010,19,Methot,2049,Tessarabrachion oculatum,0
201006,2010,19,Methot,2003,Thysanoessa raschii,0
201006,2010,19,Methot,2001,Thysanoessa inermis,72
201006,2010,19,Methot,2027,Thysanoessa spinifera,2
201006,2010,19,Methot,2026,Thysanoessa longipes,0
201006,2010,19,Methot,2028,Thysanoessa inspinata,0
201006,2010,19,Methot,2025,Euphausia pacifica,0
201006,2010,19,Methot,2000,Other euphausiids,0
201006,2010,19,Methot,200,Chaetognatha,8
201006,2010,19,Methot,3500,Teleost larvae,0
201006,2010,19,Methot,551,Natantia,0
201006,2010,19,Methot,2350,Cnidarian  (medusae),0
201006,2010,19,Methot,2700,Ctenophora,0
201006,2010,19,Methot,895,Gammaridea,0
201006,2010,19,Methot,457,Hyperiidea,0
201006,2010,19,Methot,2800,Mysidacea,0
201006,2010,19,Methot,1800,Siphonophora,0
201006,2010,20,Methot,4189,Neocalanus cristatus,32
201006,2010,20,Methot,4187,Eucalanus bungii,10
201006,2010,20,Methot,100,Other copepods,0
201006,2010,20,Methot,2049,Tessarabrachion oculatum,0
201006,2010,20,Methot,2003,Thysanoessa raschii,0
201006,2010,20,Methot,2001,Thysanoessa inermis,33
201006,2010,20,Methot,2027,Thysanoessa spinifera,30
201006,2010,20,Methot,2026,Thysanoessa longipes,5
201006,2010,20,Methot,2028,Thysanoessa inspinata,0
201006,2010,20,Methot,2025,Euphausia pacifica,13
201006,2010,20,Methot,2000,Other euphausiids,5
201006,2010,20,Methot,200,Chaetognatha,2
201006,2010,20,Methot,3500,Teleost larvae,0
201006,2010,20,Methot,551,Natantia,0
201006,2010,20,Methot,2350,Cnidarian  (medusae),6
201006,2010,20,Methot,2700,Ctenophora,0
201006,2010,20,Methot,895,Gammaridea,0
201006,2010,20,Methot,457,Hyperiidea,0
201006,2010,20,Methot,2800,Mysidacea,0
201006,2010,20,Methot,1800,Siphonophora,0
201006,2010,25,Methot,4189,Neocalanus cristatus,8
201006,2010,25,Methot,4187,Eucalanus bungii,0
201006,2010,25,Methot,100,Other copepods,0
201006,2010,25,Methot,2049,Tessarabrachion oculatum,0
201006,2010,25,Methot,2003,Thysanoessa raschii,63
201006,2010,25,Methot,2001,Thysanoessa inermis,13
201006,2010,25,Methot,2027,Thysanoessa spinifera,0
201006,2010,25,Methot,2026,Thysanoessa longipes,0
201006,2010,25,Methot,2028,Thysanoessa inspinata,0
201006,2010,25,Methot,2025,Euphausia pacifica,0
201006,2010,25,Methot,2000,Other euphausiids,12
201006,2010,25,Methot,200,Chaetognatha,8
201006,2010,25,Methot,3500,Teleost larvae,0
201006,2010,25,Methot,551,Natantia,0
201006,2010,25,Methot,2350,Cnidarian  (medusae),2
201006,2010,25,Methot,2700,Ctenophora,0
201006,2010,25,Methot,895,Gammaridea,0
201006,2010,25,Methot,457,Hyperiidea,7
201006,2010,25,Methot,2800,Mysidacea,0
201006,2010,25,Methot,1800,Siphonophora,0
201006,2010,29,Methot,4189,Neocalanus cristatus,0
201006,2010,29,Methot,4187,Eucalanus bungii,0
201006,2010,29,Methot,100,Other copepods,0
201006,2010,29,Methot,2049,Tessarabrachion oculatum,0
201006,2010,29,Methot,2003,Thysanoessa raschii,103
201006,2010,29,Methot,2001,Thysanoessa inermis,2
201006,2010,29,Methot,2027,Thysanoessa spinifera,0
201006,2010,29,Methot,2026,Thysanoessa longipes,0
201006,2010,29,Methot,2028,Thysanoessa inspinata,0
201006,2010,29,Methot,2025,Euphausia pacifica,0
201006,2010,29,Methot,2000,Other euphausiids,5
201006,2010,29,Methot,200,Chaetognatha,8
201006,2010,29,Methot,3500,Teleost larvae,0
201006,2010,29,Methot,551,Natantia,0
201006,2010,29,Methot,2350,Cnidarian  (medusae),0
201006,2010,29,Methot,2700,Ctenophora,0
201006,2010,29,Methot,895,Gammaridea,1
201006,2010,29,Methot,457,Hyperiidea,2
201006,2010,29,Methot,2800,Mysidacea,0
201006,2010,29,Methot,1800,Siphonophora,0
201006,2010,36,Methot,4189,Neocalanus cristatus,7
201006,2010,36,Methot,4187,Eucalanus bungii,0
201006,2010,36,Methot,100,Other copepods,0
201006,2010,36,Methot,2049,Tessarabrachion oculatum,0
201006,2010,36,Methot,2003,Thysanoessa raschii,2
201006,2010,36,Methot,2001,Thysanoessa inermis,93
201006,2010,36,Methot,2027,Thysanoessa spinifera,0
201006,2010,36,Methot,2026,Thysanoessa longipes,0
201006,2010,36,Methot,2028,Thysanoessa inspinata,0
201006,2010,36,Methot,2025,Euphausia pacifica,0
201006,2010,36,Methot,2000,Other euphausiids,1
201006,2010,36,Methot,200,Chaetognatha,2
201006,2010,36,Methot,3500,Teleost larvae,0
201006,2010,36,Methot,551,Natantia,0
201006,2010,36,Methot,2350,Cnidarian  (medusae),1
201006,2010,36,Methot,2700,Ctenophora,0
201006,2010,36,Methot,895,Gammaridea,0
201006,2010,36,Methot,457,Hyperiidea,8
201006,2010,36,Methot,2800,Mysidacea,0
201006,2010,36,Methot,1800,Siphonophora,0
201006,2010,44,Tucker,4189,Neocalanus cristatus,3
201006,2010,44,Tucker,4187,Eucalanus bungii,0
201006,2010,44,Tucker,100,Other copepods,0
201006,2010,44,Tucker,2049,Tessarabrachion oculatum,0
201006,2010,44,Tucker,2003,Thysanoessa raschii,4
201006,2010,44,Tucker,2001,Thysanoessa inermis,41
201006,2010,44,Tucker,2027,Thysanoessa spinifera,0
201006,2010,44,Tucker,2026,Thysanoessa longipes,20
201006,2010,44,Tucker,2028,Thysanoessa inspinata,0
201006,2010,44,Tucker,2025,Euphausia pacifica,0
201006,2010,44,Tucker,2000,Other euphausiids,23
201006,2010,44,Tucker,200,Chaetognatha,7
201006,2010,44,Tucker,3500,Teleost larvae,0
201006,2010,44,Tucker,551,Natantia,0
201006,2010,44,Tucker,2350,Cnidarian  (medusae),10
201006,2010,44,Tucker,2700,Ctenophora,0
201006,2010,44,Tucker,895,Gammaridea,0
201006,2010,44,Tucker,457,Hyperiidea,0
201006,2010,44,Tucker,2800,Mysidacea,0
201006,2010,44,Tucker,1800,Siphonophora,0
201006,2010,46,Methot,4189,Neocalanus cristatus,2
201006,2010,46,Methot,4187,Eucalanus bungii,0
201006,2010,46,Methot,100,Other copepods,0
201006,2010,46,Methot,2049,Tessarabrachion oculatum,0
201006,2010,46,Methot,2003,Thysanoessa raschii,16
201006,2010,46,Methot,2001,Thysanoessa inermis,113
201006,2010,46,Methot,2027,Thysanoessa spinifera,0
201006,2010,46,Methot,2026,Thysanoessa longipes,0
201006,2010,46,Methot,2028,Thysanoessa inspinata,0
201006,2010,46,Methot,2025,Euphausia pacifica,1
201006,2010,46,Methot,2000,Other euphausiids,0
201006,2010,46,Methot,200,Chaetognatha,5
201006,2010,46,Methot,3500,Teleost larvae,0
201006,2010,46,Methot,551,Natantia,0
201006,2010,46,Methot,2350,Cnidarian  (medusae),5
201006,2010,46,Methot,2700,Ctenophora,0
201006,2010,46,Methot,895,Gammaridea,0
201006,2010,46,Methot,457,Hyperiidea,4
201006,2010,46,Methot,2800,Mysidacea,0
201006,2010,46,Methot,1800,Siphonophora,0
201006,2010,48,Tucker,4189,Neocalanus cristatus,0
201006,2010,48,Tucker,4187,Eucalanus bungii,0
201006,2010,48,Tucker,100,Other copepods,0
201006,2010,48,Tucker,2049,Tessarabrachion oculatum,0
201006,2010,48,Tucker,2003,Thysanoessa raschii,0
201006,2010,48,Tucker,2001,Thysanoessa inermis,92
201006,2010,48,Tucker,2027,Thysanoessa spinifera,0
201006,2010,48,Tucker,2026,Thysanoessa longipes,1
201006,2010,48,Tucker,2028,Thysanoessa inspinata,0
201006,2010,48,Tucker,2025,Euphausia pacifica,6
201006,2010,48,Tucker,2000,Other euphausiids,13
201006,2010,48,Tucker,200,Chaetognatha,0
201006,2010,48,Tucker,3500,Teleost larvae,1
201006,2010,48,Tucker,551,Natantia,0
201006,2010,48,Tucker,2350,Cnidarian  (medusae),5
201006,2010,48,Tucker,2700,Ctenophora,0
201006,2010,48,Tucker,895,Gammaridea,0
201006,2010,48,Tucker,457,Hyperiidea,0
201006,2010,48,Tucker,2800,Mysidacea,0
201006,2010,48,Tucker,1800,Siphonophora,0
201006,2010,53,Methot,4189,Neocalanus cristatus,0
201006,2010,53,Methot,4187,Eucalanus bungii,0
201006,2010,53,Methot,100,Other copepods,0
201006,2010,53,Methot,2049,Tessarabrachion oculatum,0
201006,2010,53,Methot,2003,Thysanoessa raschii,163
201006,2010,53,Methot,2001,Thysanoessa inermis,0
201006,2010,53,Methot,2027,Thysanoessa spinifera,0
201006,2010,53,Methot,2026,Thysanoessa longipes,0
201006,2010,53,Methot,2028,Thysanoessa inspinata,0
201006,2010,53,Methot,2025,Euphausia pacifica,0
201006,2010,53,Methot,2000,Other euphausiids,0
201006,2010,53,Methot,200,Chaetognatha,1
201006,2010,53,Methot,3500,Teleost larvae,0
201006,2010,53,Methot,551,Natantia,0
201006,2010,53,Methot,2350,Cnidarian  (medusae),0
201006,2010,53,Methot,2700,Ctenophora,0
201006,2010,53,Methot,895,Gammaridea,0
201006,2010,53,Methot,457,Hyperiidea,2
201006,2010,53,Methot,2800,Mysidacea,0
201006,2010,53,Methot,1800,Siphonophora,0
201006,2010,66,Methot,4189,Neocalanus cristatus,2
201006,2010,66,Methot,4187,Eucalanus bungii,2
201006,2010,66,Methot,100,Other copepods,0
201006,2010,66,Methot,2049,Tessarabrachion oculatum,0
201006,2010,66,Methot,2003,Thysanoessa raschii,39
201006,2010,66,Methot,2001,Thysanoessa inermis,23
201006,2010,66,Methot,2027,Thysanoessa spinifera,0
201006,2010,66,Methot,2026,Thysanoessa longipes,1
201006,2010,66,Methot,2028,Thysanoessa inspinata,0
201006,2010,66,Methot,2025,Euphausia pacifica,0
201006,2010,66,Methot,2000,Other euphausiids,0
201006,2010,66,Methot,200,Chaetognatha,0
201006,2010,66,Methot,3500,Teleost larvae,0
201006,2010,66,Methot,551,Natantia,0
201006,2010,66,Methot,2350,Cnidarian  (medusae),31
201006,2010,66,Methot,2700,Ctenophora,0
201006,2010,66,Methot,895,Gammaridea,0
201006,2010,66,Methot,457,Hyperiidea,2
201006,2010,66,Methot,2800,Mysidacea,0
201006,2010,66,Methot,1800,Siphonophora,0
201006,2010,68,Methot,4189,Neocalanus cristatus,1
201006,2010,68,Methot,4187,Eucalanus bungii,1
201006,2010,68,Methot,100,Other copepods,0
201006,2010,68,Methot,2049,Tessarabrachion oculatum,0
201006,2010,68,Methot,2003,Thysanoessa raschii,0
201006,2010,68,Methot,2001,Thysanoessa inermis,110
201006,2010,68,Methot,2027,Thysanoessa spinifera,0
201006,2010,68,Methot,2026,Thysanoessa longipes,0
201006,2010,68,Methot,2028,Thysanoessa inspinata,0
201006,2010,68,Methot,2025,Euphausia pacifica,1
201006,2010,68,Methot,2000,Other euphausiids,0
201006,2010,68,Methot,200,Chaetognatha,1
201006,2010,68,Methot,3500,Teleost larvae,0
201006,2010,68,Methot,551,Natantia,0
201006,2010,68,Methot,2350,Cnidarian  (medusae),1
201006,2010,68,Methot,2700,Ctenophora,0
201006,2010,68,Methot,895,Gammaridea,0
201006,2010,68,Methot,457,Hyperiidea,0
201006,2010,68,Methot,2800,Mysidacea,0
201006,2010,68,Methot,1800,Siphonophora,0
201006,2010,78,Methot,4189,Neocalanus cristatus,8
201006,2010,78,Methot,4187,Eucalanus bungii,3
201006,2010,78,Methot,100,Other copepods,0
201006,2010,78,Methot,2049,Tessarabrachion oculatum,0
201006,2010,78,Methot,2003,Thysanoessa raschii,0
201006,2010,78,Methot,2001,Thysanoessa inermis,33
201006,2010,78,Methot,2027,Thysanoessa spinifera,0
201006,2010,78,Methot,2026,Thysanoessa longipes,0
201006,2010,78,Methot,2028,Thysanoessa inspinata,0
201006,2010,78,Methot,2025,Euphausia pacifica,0
201006,2010,78,Methot,2000,Other euphausiids,2
201006,2010,78,Methot,200,Chaetognatha,0
201006,2010,78,Methot,3500,Teleost larvae,0
201006,2010,78,Methot,551,Natantia,0
201006,2010,78,Methot,2350,Cnidarian  (medusae),10
201006,2010,78,Methot,2700,Ctenophora,0
201006,2010,78,Methot,895,Gammaridea,0
201006,2010,78,Methot,457,Hyperiidea,1
201006,2010,78,Methot,2800,Mysidacea,0
201006,2010,78,Methot,1800,Siphonophora,0
201006,2010,82,Methot,4189,Neocalanus cristatus,2
201006,2010,82,Methot,4187,Eucalanus bungii,2
201006,2010,82,Methot,100,Other copepods,0
201006,2010,82,Methot,2049,Tessarabrachion oculatum,0
201006,2010,82,Methot,2003,Thysanoessa raschii,6
201006,2010,82,Methot,2001,Thysanoessa inermis,105
201006,2010,82,Methot,2027,Thysanoessa spinifera,0
201006,2010,82,Methot,2026,Thysanoessa longipes,0
201006,2010,82,Methot,2028,Thysanoessa inspinata,0
201006,2010,82,Methot,2025,Euphausia pacifica,0
201006,2010,82,Methot,2000,Other euphausiids,7
201006,2010,82,Methot,200,Chaetognatha,2
201006,2010,82,Methot,3500,Teleost larvae,0
201006,2010,82,Methot,551,Natantia,1
201006,2010,82,Methot,2350,Cnidarian  (medusae),1
201006,2010,82,Methot,2700,Ctenophora,0
201006,2010,82,Methot,895,Gammaridea,0
201006,2010,82,Methot,457,Hyperiidea,0
201006,2010,82,Methot,2800,Mysidacea,0
201006,2010,82,Methot,1800,Siphonophora,0
201006,2010,111,Methot,4189,Neocalanus cristatus,NA
201006,2010,111,Methot,4187,Eucalanus bungii,NA
201006,2010,111,Methot,100,Other copepods,NA
201006,2010,111,Methot,2049,Tessarabrachion oculatum,NA
201006,2010,111,Methot,2003,Thysanoessa raschii,NA
201006,2010,111,Methot,2001,Thysanoessa inermis,NA
201006,2010,111,Methot,2027,Thysanoessa spinifera,NA
201006,2010,111,Methot,2026,Thysanoessa longipes,NA
201006,2010,111,Methot,2028,Thysanoessa inspinata,NA
201006,2010,111,Methot,2025,Euphausia pacifica,NA
201006,2010,111,Methot,2000,Other euphausiids,NA
201006,2010,111,Methot,200,Chaetognatha,NA
201006,2010,111,Methot,3500,Teleost larvae,NA
201006,2010,111,Methot,551,Natantia,NA
201006,2010,111,Methot,2350,Cnidarian  (medusae),NA
201006,2010,111,Methot,2700,Ctenophora,NA
201006,2010,111,Methot,895,Gammaridea,NA
201006,2010,111,Methot,457,Hyperiidea,130
201006,2010,111,Methot,2800,Mysidacea,NA
201006,2010,111,Methot,1800,Siphonophora,NA
201207,2012,1,Methot,4189,Neocalanus cristatus,0
201207,2012,1,Methot,4187,Eucalanus bungii,0
201207,2012,1,Methot,100,Other copepods,0
201207,2012,1,Methot,2049,Tessarabrachion oculatum,0
201207,2012,1,Methot,2003,Thysanoessa raschii,104
201207,2012,1,Methot,2001,Thysanoessa inermis,0
201207,2012,1,Methot,2027,Thysanoessa spinifera,0
201207,2012,1,Methot,2026,Thysanoessa longipes,0
201207,2012,1,Methot,2028,Thysanoessa inspinata,0
201207,2012,1,Methot,2025,Euphausia pacifica,0
201207,2012,1,Methot,2000,Other euphausiids,11
201207,2012,1,Methot,200,Chaetognatha,3
201207,2012,1,Methot,3500,Teleost larvae,0
201207,2012,1,Methot,551,Natantia,0
201207,2012,1,Methot,2350,Cnidarian  (medusae),0
201207,2012,1,Methot,2700,Ctenophora,0
201207,2012,1,Methot,895,Gammaridea,0
201207,2012,1,Methot,457,Hyperiidea,0
201207,2012,1,Methot,2800,Mysidacea,0
201207,2012,1,Methot,300,Thecosomata,0
201207,2012,1,Methot,1800,Siphonophora,0
201207,2012,3,Methot,4189,Neocalanus cristatus,0
201207,2012,3,Methot,4187,Eucalanus bungii,0
201207,2012,3,Methot,100,Other copepods,0
201207,2012,3,Methot,2049,Tessarabrachion oculatum,0
201207,2012,3,Methot,2003,Thysanoessa raschii,86
201207,2012,3,Methot,2001,Thysanoessa inermis,0
201207,2012,3,Methot,2027,Thysanoessa spinifera,0
201207,2012,3,Methot,2026,Thysanoessa longipes,0
201207,2012,3,Methot,2028,Thysanoessa inspinata,0
201207,2012,3,Methot,2025,Euphausia pacifica,0
201207,2012,3,Methot,2000,Other euphausiids,18
201207,2012,3,Methot,200,Chaetognatha,10
201207,2012,3,Methot,3500,Teleost larvae,0
201207,2012,3,Methot,551,Natantia,0
201207,2012,3,Methot,2350,Cnidarian  (medusae),0
201207,2012,3,Methot,2700,Ctenophora,0
201207,2012,3,Methot,895,Gammaridea,0
201207,2012,3,Methot,457,Hyperiidea,0
201207,2012,3,Methot,2800,Mysidacea,0
201207,2012,3,Methot,300,Thecosomata,0
201207,2012,3,Methot,1800,Siphonophora,0
201207,2012,11,Methot,4189,Neocalanus cristatus,0
201207,2012,11,Methot,4187,Eucalanus bungii,0
201207,2012,11,Methot,100,Other copepods,0
201207,2012,11,Methot,2049,Tessarabrachion oculatum,0
201207,2012,11,Methot,2003,Thysanoessa raschii,87
201207,2012,11,Methot,2001,Thysanoessa inermis,0
201207,2012,11,Methot,2027,Thysanoessa spinifera,0
201207,2012,11,Methot,2026,Thysanoessa longipes,0
201207,2012,11,Methot,2028,Thysanoessa inspinata,0
201207,2012,11,Methot,2025,Euphausia pacifica,0
201207,2012,11,Methot,2000,Other euphausiids,15
201207,2012,11,Methot,200,Chaetognatha,21
201207,2012,11,Methot,3500,Teleost larvae,0
201207,2012,11,Methot,551,Natantia,0
201207,2012,11,Methot,2350,Cnidarian  (medusae),0
201207,2012,11,Methot,2700,Ctenophora,0
201207,2012,11,Methot,895,Gammaridea,0
201207,2012,11,Methot,457,Hyperiidea,0
201207,2012,11,Methot,2800,Mysidacea,0
201207,2012,11,Methot,300,Thecosomata,0
201207,2012,11,Methot,1800,Siphonophora,0
201207,2012,15,Methot,4189,Neocalanus cristatus,4
201207,2012,15,Methot,4187,Eucalanus bungii,1
201207,2012,15,Methot,100,Other copepods,0
201207,2012,15,Methot,2049,Tessarabrachion oculatum,0
201207,2012,15,Methot,2003,Thysanoessa raschii,1
201207,2012,15,Methot,2001,Thysanoessa inermis,92
201207,2012,15,Methot,2027,Thysanoessa spinifera,9
201207,2012,15,Methot,2026,Thysanoessa longipes,0
201207,2012,15,Methot,2028,Thysanoessa inspinata,0
201207,2012,15,Methot,2025,Euphausia pacifica,0
201207,2012,15,Methot,2000,Other euphausiids,0
201207,2012,15,Methot,200,Chaetognatha,0
201207,2012,15,Methot,3500,Teleost larvae,0
201207,2012,15,Methot,551,Natantia,0
201207,2012,15,Methot,2350,Cnidarian  (medusae),0
201207,2012,15,Methot,2700,Ctenophora,0
201207,2012,15,Methot,895,Gammaridea,0
201207,2012,15,Methot,457,Hyperiidea,0
201207,2012,15,Methot,2800,Mysidacea,0
201207,2012,15,Methot,300,Thecosomata,0
201207,2012,15,Methot,1800,Siphonophora,0
201207,2012,18,Methot,4189,Neocalanus cristatus,0
201207,2012,18,Methot,4187,Eucalanus bungii,0
201207,2012,18,Methot,100,Other copepods,0
201207,2012,18,Methot,2049,Tessarabrachion oculatum,0
201207,2012,18,Methot,2003,Thysanoessa raschii,77
201207,2012,18,Methot,2001,Thysanoessa inermis,31
201207,2012,18,Methot,2027,Thysanoessa spinifera,0
201207,2012,18,Methot,2026,Thysanoessa longipes,0
201207,2012,18,Methot,2028,Thysanoessa inspinata,0
201207,2012,18,Methot,2025,Euphausia pacifica,0
201207,2012,18,Methot,2000,Other euphausiids,23
201207,2012,18,Methot,200,Chaetognatha,5
201207,2012,18,Methot,3500,Teleost larvae,0
201207,2012,18,Methot,551,Natantia,0
201207,2012,18,Methot,2350,Cnidarian  (medusae),1
201207,2012,18,Methot,2700,Ctenophora,0
201207,2012,18,Methot,895,Gammaridea,0
201207,2012,18,Methot,457,Hyperiidea,0
201207,2012,18,Methot,2800,Mysidacea,0
201207,2012,18,Methot,300,Thecosomata,0
201207,2012,18,Methot,1800,Siphonophora,0
201207,2012,19,Methot,4189,Neocalanus cristatus,0
201207,2012,19,Methot,4187,Eucalanus bungii,0
201207,2012,19,Methot,100,Other copepods,0
201207,2012,19,Methot,2049,Tessarabrachion oculatum,0
201207,2012,19,Methot,2003,Thysanoessa raschii,120
201207,2012,19,Methot,2001,Thysanoessa inermis,0
201207,2012,19,Methot,2027,Thysanoessa spinifera,0
201207,2012,19,Methot,2026,Thysanoessa longipes,0
201207,2012,19,Methot,2028,Thysanoessa inspinata,0
201207,2012,19,Methot,2025,Euphausia pacifica,0
201207,2012,19,Methot,2000,Other euphausiids,15
201207,2012,19,Methot,200,Chaetognatha,0
201207,2012,19,Methot,3500,Teleost larvae,0
201207,2012,19,Methot,551,Natantia,0
201207,2012,19,Methot,2350,Cnidarian  (medusae),0
201207,2012,19,Methot,2700,Ctenophora,0
201207,2012,19,Methot,895,Gammaridea,0
201207,2012,19,Methot,457,Hyperiidea,0
201207,2012,19,Methot,2800,Mysidacea,0
201207,2012,19,Methot,300,Thecosomata,0
201207,2012,19,Methot,1800,Siphonophora,0
201207,2012,23,Methot,4189,Neocalanus cristatus,0
201207,2012,23,Methot,4187,Eucalanus bungii,0
201207,2012,23,Methot,100,Other copepods,0
201207,2012,23,Methot,2049,Tessarabrachion oculatum,0
201207,2012,23,Methot,2003,Thysanoessa raschii,52
201207,2012,23,Methot,2001,Thysanoessa inermis,61
201207,2012,23,Methot,2027,Thysanoessa spinifera,0
201207,2012,23,Methot,2026,Thysanoessa longipes,0
201207,2012,23,Methot,2028,Thysanoessa inspinata,0
201207,2012,23,Methot,2025,Euphausia pacifica,0
201207,2012,23,Methot,2000,Other euphausiids,3
201207,2012,23,Methot,200,Chaetognatha,2
201207,2012,23,Methot,3500,Teleost larvae,0
201207,2012,23,Methot,551,Natantia,0
201207,2012,23,Methot,2350,Cnidarian  (medusae),0
201207,2012,23,Methot,2700,Ctenophora,0
201207,2012,23,Methot,895,Gammaridea,0
201207,2012,23,Methot,457,Hyperiidea,0
201207,2012,23,Methot,2800,Mysidacea,0
201207,2012,23,Methot,300,Thecosomata,0
201207,2012,23,Methot,1800,Siphonophora,0
201207,2012,24,Methot,4189,Neocalanus cristatus,0
201207,2012,24,Methot,4187,Eucalanus bungii,0
201207,2012,24,Methot,100,Other copepods,0
201207,2012,24,Methot,2049,Tessarabrachion oculatum,0
201207,2012,24,Methot,2003,Thysanoessa raschii,135
201207,2012,24,Methot,2001,Thysanoessa inermis,4
201207,2012,24,Methot,2027,Thysanoessa spinifera,0
201207,2012,24,Methot,2026,Thysanoessa longipes,0
201207,2012,24,Methot,2028,Thysanoessa inspinata,0
201207,2012,24,Methot,2025,Euphausia pacifica,0
201207,2012,24,Methot,2000,Other euphausiids,13
201207,2012,24,Methot,200,Chaetognatha,0
201207,2012,24,Methot,3500,Teleost larvae,0
201207,2012,24,Methot,551,Natantia,0
201207,2012,24,Methot,2350,Cnidarian  (medusae),0
201207,2012,24,Methot,2700,Ctenophora,0
201207,2012,24,Methot,895,Gammaridea,0
201207,2012,24,Methot,457,Hyperiidea,0
201207,2012,24,Methot,2800,Mysidacea,1
201207,2012,24,Methot,300,Thecosomata,0
201207,2012,24,Methot,1800,Siphonophora,0
201207,2012,33,Methot,4189,Neocalanus cristatus,0
201207,2012,33,Methot,4187,Eucalanus bungii,0
201207,2012,33,Methot,100,Other copepods,0
201207,2012,33,Methot,2049,Tessarabrachion oculatum,0
201207,2012,33,Methot,2003,Thysanoessa raschii,156
201207,2012,33,Methot,2001,Thysanoessa inermis,0
201207,2012,33,Methot,2027,Thysanoessa spinifera,0
201207,2012,33,Methot,2026,Thysanoessa longipes,0
201207,2012,33,Methot,2028,Thysanoessa inspinata,0
201207,2012,33,Methot,2025,Euphausia pacifica,0
201207,2012,33,Methot,2000,Other euphausiids,4
201207,2012,33,Methot,200,Chaetognatha,6
201207,2012,33,Methot,3500,Teleost larvae,0
201207,2012,33,Methot,551,Natantia,0
201207,2012,33,Methot,2350,Cnidarian  (medusae),0
201207,2012,33,Methot,2700,Ctenophora,0
201207,2012,33,Methot,895,Gammaridea,0
201207,2012,33,Methot,457,Hyperiidea,0
201207,2012,33,Methot,2800,Mysidacea,0
201207,2012,33,Methot,300,Thecosomata,0
201207,2012,33,Methot,1800,Siphonophora,0
201207,2012,35,Methot,4189,Neocalanus cristatus,0
201207,2012,35,Methot,4187,Eucalanus bungii,0
201207,2012,35,Methot,100,Other copepods,0
201207,2012,35,Methot,2049,Tessarabrachion oculatum,0
201207,2012,35,Methot,2003,Thysanoessa raschii,173
201207,2012,35,Methot,2001,Thysanoessa inermis,19
201207,2012,35,Methot,2027,Thysanoessa spinifera,0
201207,2012,35,Methot,2026,Thysanoessa longipes,0
201207,2012,35,Methot,2028,Thysanoessa inspinata,0
201207,2012,35,Methot,2025,Euphausia pacifica,0
201207,2012,35,Methot,2000,Other euphausiids,12
201207,2012,35,Methot,200,Chaetognatha,2
201207,2012,35,Methot,3500,Teleost larvae,0
201207,2012,35,Methot,551,Natantia,0
201207,2012,35,Methot,2350,Cnidarian  (medusae),0
201207,2012,35,Methot,2700,Ctenophora,0
201207,2012,35,Methot,895,Gammaridea,0
201207,2012,35,Methot,457,Hyperiidea,0
201207,2012,35,Methot,2800,Mysidacea,0
201207,2012,35,Methot,300,Thecosomata,0
201207,2012,35,Methot,1800,Siphonophora,0
201207,2012,61,Methot,4189,Neocalanus cristatus,1
201207,2012,61,Methot,4187,Eucalanus bungii,8
201207,2012,61,Methot,100,Other copepods,0
201207,2012,61,Methot,2049,Tessarabrachion oculatum,0
201207,2012,61,Methot,2003,Thysanoessa raschii,5
201207,2012,61,Methot,2001,Thysanoessa inermis,87
201207,2012,61,Methot,2027,Thysanoessa spinifera,0
201207,2012,61,Methot,2026,Thysanoessa longipes,5
201207,2012,61,Methot,2028,Thysanoessa inspinata,0
201207,2012,61,Methot,2025,Euphausia pacifica,0
201207,2012,61,Methot,2000,Other euphausiids,6
201207,2012,61,Methot,200,Chaetognatha,1
201207,2012,61,Methot,3500,Teleost larvae,1
201207,2012,61,Methot,551,Natantia,0
201207,2012,61,Methot,2350,Cnidarian  (medusae),47
201207,2012,61,Methot,2700,Ctenophora,0
201207,2012,61,Methot,895,Gammaridea,0
201207,2012,61,Methot,457,Hyperiidea,0
201207,2012,61,Methot,2800,Mysidacea,0
201207,2012,61,Methot,300,Thecosomata,0
201207,2012,61,Methot,1800,Siphonophora,0
201207,2012,72,Methot,4189,Neocalanus cristatus,0
201207,2012,72,Methot,4187,Eucalanus bungii,0
201207,2012,72,Methot,100,Other copepods,0
201207,2012,72,Methot,2049,Tessarabrachion oculatum,0
201207,2012,72,Methot,2003,Thysanoessa raschii,97
201207,2012,72,Methot,2001,Thysanoessa inermis,8
201207,2012,72,Methot,2027,Thysanoessa spinifera,0
201207,2012,72,Methot,2026,Thysanoessa longipes,0
201207,2012,72,Methot,2028,Thysanoessa inspinata,0
201207,2012,72,Methot,2025,Euphausia pacifica,0
201207,2012,72,Methot,2000,Other euphausiids,12
201207,2012,72,Methot,200,Chaetognatha,0
201207,2012,72,Methot,3500,Teleost larvae,0
201207,2012,72,Methot,551,Natantia,0
201207,2012,72,Methot,2350,Cnidarian  (medusae),1
201207,2012,72,Methot,2700,Ctenophora,0
201207,2012,72,Methot,895,Gammaridea,0
201207,2012,72,Methot,457,Hyperiidea,0
201207,2012,72,Methot,2800,Mysidacea,0
201207,2012,72,Methot,300,Thecosomata,0
201207,2012,72,Methot,1800,Siphonophora,0
201407,2014,19,Methot,4189,Neocalanus cristatus,NA
201407,2014,19,Methot,4187,Eucalanus bungii,NA
201407,2014,19,Methot,100,Other copepods,NA
201407,2014,19,Methot,2049,Tessarabrachion oculatum,NA
201407,2014,19,Methot,2003,Thysanoessa raschii,83
201407,2014,19,Methot,2001,Thysanoessa inermis,5
201407,2014,19,Methot,2027,Thysanoessa spinifera,2
201407,2014,19,Methot,2026,Thysanoessa longipes,NA
201407,2014,19,Methot,2028,Thysanoessa inspinata,NA
201407,2014,19,Methot,2025,Euphausia pacifica,NA
201407,2014,19,Methot,2000,Other euphausiids,44
201407,2014,19,Methot,200,Chaetognatha,NA
201407,2014,19,Methot,3500,Teleost larvae,NA
201407,2014,19,Methot,551,Natantia,NA
201407,2014,19,Methot,2350,Cnidarian  (medusae),17
201407,2014,19,Methot,2700,Ctenophora,NA
201407,2014,19,Methot,895,Gammaridea,NA
201407,2014,19,Methot,457,Hyperiidea,NA
201407,2014,19,Methot,2800,Mysidacea,NA
201407,2014,19,Methot,300,Thecosomata,NA
201407,2014,19,Methot,1800,Siphonophora,NA
201407,2014,21,Methot,4189,Neocalanus cristatus,NA
201407,2014,21,Methot,4187,Eucalanus bungii,NA
201407,2014,21,Methot,100,Other copepods,NA
201407,2014,21,Methot,2049,Tessarabrachion oculatum,NA
201407,2014,21,Methot,2003,Thysanoessa raschii,NA
201407,2014,21,Methot,2001,Thysanoessa inermis,242
201407,2014,21,Methot,2027,Thysanoessa spinifera,3
201407,2014,21,Methot,2026,Thysanoessa longipes,1
201407,2014,21,Methot,2028,Thysanoessa inspinata,2
201407,2014,21,Methot,2025,Euphausia pacifica,18
201407,2014,21,Methot,2000,Other euphausiids,15
201407,2014,21,Methot,200,Chaetognatha,NA
201407,2014,21,Methot,3500,Teleost larvae,NA
201407,2014,21,Methot,551,Natantia,NA
201407,2014,21,Methot,2350,Cnidarian  (medusae),NA
201407,2014,21,Methot,2700,Ctenophora,NA
201407,2014,21,Methot,895,Gammaridea,NA
201407,2014,21,Methot,457,Hyperiidea,NA
201407,2014,21,Methot,2800,Mysidacea,NA
201407,2014,21,Methot,300,Thecosomata,NA
201407,2014,21,Methot,1800,Siphonophora,NA
201407,2014,27,Methot,4189,Neocalanus cristatus,1
201407,2014,27,Methot,4187,Eucalanus bungii,NA
201407,2014,27,Methot,100,Other copepods,NA
201407,2014,27,Methot,2049,Tessarabrachion oculatum,NA
201407,2014,27,Methot,2003,Thysanoessa raschii,NA
201407,2014,27,Methot,2001,Thysanoessa inermis,108
201407,2014,27,Methot,2027,Thysanoessa spinifera,3
201407,2014,27,Methot,2026,Thysanoessa longipes,NA
201407,2014,27,Methot,2028,Thysanoessa inspinata,NA
201407,2014,27,Methot,2025,Euphausia pacifica,NA
201407,2014,27,Methot,2000,Other euphausiids,NA
201407,2014,27,Methot,200,Chaetognatha,NA
201407,2014,27,Methot,3500,Teleost larvae,NA
201407,2014,27,Methot,551,Natantia,NA
201407,2014,27,Methot,2350,Cnidarian  (medusae),NA
201407,2014,27,Methot,2700,Ctenophora,NA
201407,2014,27,Methot,895,Gammaridea,NA
201407,2014,27,Methot,457,Hyperiidea,NA
201407,2014,27,Methot,2800,Mysidacea,NA
201407,2014,27,Methot,300,Thecosomata,NA
201407,2014,27,Methot,1800,Siphonophora,NA
201407,2014,33,Methot,4189,Neocalanus cristatus,NA
201407,2014,33,Methot,4187,Eucalanus bungii,NA
201407,2014,33,Methot,100,Other copepods,NA
201407,2014,33,Methot,2049,Tessarabrachion oculatum,NA
201407,2014,33,Methot,2003,Thysanoessa raschii,110
201407,2014,33,Methot,2001,Thysanoessa inermis,12
201407,2014,33,Methot,2027,Thysanoessa spinifera,NA
201407,2014,33,Methot,2026,Thysanoessa longipes,NA
201407,2014,33,Methot,2028,Thysanoessa inspinata,NA
201407,2014,33,Methot,2025,Euphausia pacifica,NA
201407,2014,33,Methot,2000,Other euphausiids,NA
201407,2014,33,Methot,200,Chaetognatha,1
201407,2014,33,Methot,3500,Teleost larvae,1
201407,2014,33,Methot,551,Natantia,NA
201407,2014,33,Methot,2350,Cnidarian  (medusae),NA
201407,2014,33,Methot,2700,Ctenophora,NA
201407,2014,33,Methot,895,Gammaridea,NA
201407,2014,33,Methot,457,Hyperiidea,NA
201407,2014,33,Methot,2800,Mysidacea,NA
201407,2014,33,Methot,300,Thecosomata,NA
201407,2014,33,Methot,1800,Siphonophora,NA
201407,2014,45,Methot,4189,Neocalanus cristatus,1
201407,2014,45,Methot,4187,Eucalanus bungii,NA
201407,2014,45,Methot,100,Other copepods,NA
201407,2014,45,Methot,2049,Tessarabrachion oculatum,NA
201407,2014,45,Methot,2003,Thysanoessa raschii,NA
201407,2014,45,Methot,2001,Thysanoessa inermis,144
201407,2014,45,Methot,2027,Thysanoessa spinifera,NA
201407,2014,45,Methot,2026,Thysanoessa longipes,3
201407,2014,45,Methot,2028,Thysanoessa inspinata,NA
201407,2014,45,Methot,2025,Euphausia pacifica,NA
201407,2014,45,Methot,2000,Other euphausiids,NA
201407,2014,45,Methot,200,Chaetognatha,NA
201407,2014,45,Methot,3500,Teleost larvae,4
201407,2014,45,Methot,551,Natantia,1
201407,2014,45,Methot,2350,Cnidarian  (medusae),7
201407,2014,45,Methot,2700,Ctenophora,NA
201407,2014,45,Methot,895,Gammaridea,NA
201407,2014,45,Methot,457,Hyperiidea,NA
201407,2014,45,Methot,2800,Mysidacea,NA
201407,2014,45,Methot,300,Thecosomata,NA
201407,2014,45,Methot,1800,Siphonophora,NA
201407,2014,56,Methot,4189,Neocalanus cristatus,NA
201407,2014,56,Methot,4187,Eucalanus bungii,NA
201407,2014,56,Methot,100,Other copepods,NA
201407,2014,56,Methot,2049,Tessarabrachion oculatum,NA
201407,2014,56,Methot,2003,Thysanoessa raschii,148
201407,2014,56,Methot,2001,Thysanoessa inermis,NA
201407,2014,56,Methot,2027,Thysanoessa spinifera,NA
201407,2014,56,Methot,2026,Thysanoessa longipes,NA
201407,2014,56,Methot,2028,Thysanoessa inspinata,NA
201407,2014,56,Methot,2025,Euphausia pacifica,NA
201407,2014,56,Methot,2000,Other euphausiids,1
201407,2014,56,Methot,200,Chaetognatha,NA
201407,2014,56,Methot,3500,Teleost larvae,NA
201407,2014,56,Methot,551,Natantia,NA
201407,2014,56,Methot,2350,Cnidarian  (medusae),1
201407,2014,56,Methot,2700,Ctenophora,NA
201407,2014,56,Methot,895,Gammaridea,NA
201407,2014,56,Methot,457,Hyperiidea,NA
201407,2014,56,Methot,2800,Mysidacea,NA
201407,2014,56,Methot,300,Thecosomata,NA
201407,2014,56,Methot,1800,Siphonophora,NA
201407,2014,79,Methot,4189,Neocalanus cristatus,NA
201407,2014,79,Methot,4187,Eucalanus bungii,5
201407,2014,79,Methot,100,Other copepods,NA
201407,2014,79,Methot,2049,Tessarabrachion oculatum,NA
201407,2014,79,Methot,2003,Thysanoessa raschii,2
201407,2014,79,Methot,2001,Thysanoessa inermis,162
201407,2014,79,Methot,2027,Thysanoessa spinifera,4
201407,2014,79,Methot,2026,Thysanoessa longipes,NA
201407,2014,79,Methot,2028,Thysanoessa inspinata,NA
201407,2014,79,Methot,2025,Euphausia pacifica,NA
201407,2014,79,Methot,2000,Other euphausiids,NA
201407,2014,79,Methot,200,Chaetognatha,NA
201407,2014,79,Methot,3500,Teleost larvae,2
201407,2014,79,Methot,551,Natantia,NA
201407,2014,79,Methot,2350,Cnidarian  (medusae),NA
201407,2014,79,Methot,2700,Ctenophora,NA
201407,2014,79,Methot,895,Gammaridea,NA
201407,2014,79,Methot,457,Hyperiidea,4
201407,2014,79,Methot,2800,Mysidacea,NA
201407,2014,79,Methot,300,Thecosomata,NA
201407,2014,79,Methot,1800,Siphonophora,NA
201608,2016,27,Methot,4189,Neocalanus cristatus,NA
201608,2016,27,Methot,4187,Eucalanus bungii,NA
201608,2016,27,Methot,100,Other copepods,NA
201608,2016,27,Methot,2049,Tessarabrachion oculatum,NA
201608,2016,27,Methot,2003,Thysanoessa raschii,NA
201608,2016,27,Methot,2001,Thysanoessa inermis,43
201608,2016,27,Methot,2027,Thysanoessa spinifera,45
201608,2016,27,Methot,2026,Thysanoessa longipes,NA
201608,2016,27,Methot,2028,Thysanoessa inspinata,NA
201608,2016,27,Methot,2025,Euphausia pacifica,NA
201608,2016,27,Methot,2000,Other euphausiids,14
201608,2016,27,Methot,200,Chaetognatha,NA
201608,2016,27,Methot,3500,Teleost larvae,1
201608,2016,27,Methot,551,Natantia,NA
201608,2016,27,Methot,2350,Cnidarian  (medusae),2
201608,2016,27,Methot,2700,Ctenophora,NA
201608,2016,27,Methot,895,Gammaridea,NA
201608,2016,27,Methot,457,Hyperiidea,NA
201608,2016,27,Methot,2800,Mysidacea,NA
201608,2016,27,Methot,300,Thecosomata,NA
201608,2016,27,Methot,1800,Siphonophora,NA
201608,2016,30,Methot,4189,Neocalanus cristatus,NA
201608,2016,30,Methot,4187,Eucalanus bungii,NA
201608,2016,30,Methot,100,Other copepods,NA
201608,2016,30,Methot,2049,Tessarabrachion oculatum,NA
201608,2016,30,Methot,2003,Thysanoessa raschii,NA
201608,2016,30,Methot,2001,Thysanoessa inermis,46
201608,2016,30,Methot,2027,Thysanoessa spinifera,27
201608,2016,30,Methot,2026,Thysanoessa longipes,1
201608,2016,30,Methot,2028,Thysanoessa inspinata,NA
201608,2016,30,Methot,2025,Euphausia pacifica,NA
201608,2016,30,Methot,2000,Other euphausiids,29
201608,2016,30,Methot,200,Chaetognatha,NA
201608,2016,30,Methot,3500,Teleost larvae,NA
201608,2016,30,Methot,551,Natantia,NA
201608,2016,30,Methot,2350,Cnidarian  (medusae),NA
201608,2016,30,Methot,2700,Ctenophora,NA
201608,2016,30,Methot,895,Gammaridea,NA
201608,2016,30,Methot,457,Hyperiidea,NA
201608,2016,30,Methot,2800,Mysidacea,NA
201608,2016,30,Methot,300,Thecosomata,NA
201608,2016,30,Methot,1800,Siphonophora,NA
201608,2016,56,Methot,4189,Neocalanus cristatus,11
201608,2016,56,Methot,4187,Eucalanus bungii,5
201608,2016,56,Methot,100,Other copepods,NA
201608,2016,56,Methot,2049,Tessarabrachion oculatum,NA
201608,2016,56,Methot,2003,Thysanoessa raschii,NA
201608,2016,56,Methot,2001,Thysanoessa inermis,46
201608,2016,56,Methot,2027,Thysanoessa spinifera,13
201608,2016,56,Methot,2026,Thysanoessa longipes,17
201608,2016,56,Methot,2028,Thysanoessa inspinata,NA
201608,2016,56,Methot,2025,Euphausia pacifica,38
201608,2016,56,Methot,2000,Other euphausiids,5
201608,2016,56,Methot,200,Chaetognatha,10
201608,2016,56,Methot,3500,Teleost larvae,NA
201608,2016,56,Methot,551,Natantia,NA
201608,2016,56,Methot,2350,Cnidarian  (medusae),4
201608,2016,56,Methot,2700,Ctenophora,NA
201608,2016,56,Methot,895,Gammaridea,NA
201608,2016,56,Methot,457,Hyperiidea,NA
201608,2016,56,Methot,2800,Mysidacea,NA
201608,2016,56,Methot,300,Thecosomata,NA
201608,2016,56,Methot,1800,Siphonophora,NA
201608,2016,111,Methot,4189,Neocalanus cristatus,NA
201608,2016,111,Methot,4187,Eucalanus bungii,3
201608,2016,111,Methot,100,Other copepods,NA
201608,2016,111,Methot,2049,Tessarabrachion oculatum,NA
201608,2016,111,Methot,2003,Thysanoessa raschii,2
201608,2016,111,Methot,2001,Thysanoessa inermis,65
201608,2016,111,Methot,2027,Thysanoessa spinifera,21
201608,2016,111,Methot,2026,Thysanoessa longipes,NA
201608,2016,111,Methot,2028,Thysanoessa inspinata,NA
201608,2016,111,Methot,2025,Euphausia pacifica,NA
201608,2016,111,Methot,2000,Other euphausiids,14
201608,2016,111,Methot,200,Chaetognatha,NA
201608,2016,111,Methot,3500,Teleost larvae,1
201608,2016,111,Methot,551,Natantia,NA
201608,2016,111,Methot,2350,Cnidarian  (medusae),NA
201608,2016,111,Methot,2700,Ctenophora,NA
201608,2016,111,Methot,895,Gammaridea,NA
201608,2016,111,Methot,457,Hyperiidea,NA
201608,2016,111,Methot,2800,Mysidacea,NA
201608,2016,111,Methot,300,Thecosomata,NA
201608,2016,111,Methot,1800,Siphonophora,NA
201608,2016,176,Methot,4189,Neocalanus cristatus,6
201608,2016,176,Methot,4187,Eucalanus bungii,NA
201608,2016,176,Methot,100,Other copepods,NA
201608,2016,176,Methot,2049,Tessarabrachion oculatum,NA
201608,2016,176,Methot,2003,Thysanoessa raschii,1
201608,2016,176,Methot,2001,Thysanoessa inermis,100
201608,2016,176,Methot,2027,Thysanoessa spinifera,19
201608,2016,176,Methot,2026,Thysanoessa longipes,1
201608,2016,176,Methot,2028,Thysanoessa inspinata,NA
201608,2016,176,Methot,2025,Euphausia pacifica,NA
201608,2016,176,Methot,2000,Other euphausiids,4
201608,2016,176,Methot,200,Chaetognatha,NA
201608,2016,176,Methot,3500,Teleost larvae,NA
201608,2016,176,Methot,551,Natantia,NA
201608,2016,176,Methot,2350,Cnidarian  (medusae),NA
201608,2016,176,Methot,2700,Ctenophora,NA
201608,2016,176,Methot,895,Gammaridea,NA
201608,2016,176,Methot,457,Hyperiidea,NA
201608,2016,176,Methot,2800,Mysidacea,NA
201608,2016,176,Methot,300,Thecosomata,NA
201608,2016,176,Methot,1800,Siphonophora,NA
201608,2016,205,Methot,4189,Neocalanus cristatus,NA
201608,2016,205,Methot,4187,Eucalanus bungii,NA
201608,2016,205,Methot,100,Other copepods,NA
201608,2016,205,Methot,2049,Tessarabrachion oculatum,NA
201608,2016,205,Methot,2003,Thysanoessa raschii,NA
201608,2016,205,Methot,2001,Thysanoessa inermis,106
201608,2016,205,Methot,2027,Thysanoessa spinifera,6
201608,2016,205,Methot,2026,Thysanoessa longipes,7
201608,2016,205,Methot,2028,Thysanoessa inspinata,NA
201608,2016,205,Methot,2025,Euphausia pacifica,7
201608,2016,205,Methot,2000,Other euphausiids,7
201608,2016,205,Methot,200,Chaetognatha,NA
201608,2016,205,Methot,3500,Teleost larvae,1
201608,2016,205,Methot,551,Natantia,NA
201608,2016,205,Methot,2350,Cnidarian  (medusae),NA
201608,2016,205,Methot,2700,Ctenophora,NA
201608,2016,205,Methot,895,Gammaridea,NA
201608,2016,205,Methot,457,Hyperiidea,NA
201608,2016,205,Methot,2800,Mysidacea,NA
201608,2016,205,Methot,300,Thecosomata,NA
201608,2016,205,Methot,1800,Siphonophora,NA
201807,2018,4,Methot,4189,Neocalanus cristatus,NA
201807,2018,4,Methot,4187,Eucalanus bungii,NA
201807,2018,4,Methot,100,Other copepods,NA
201807,2018,4,Methot,2049,Tessarabrachion oculatum,NA
201807,2018,4,Methot,2003,Thysanoessa raschii,17
201807,2018,4,Methot,2001,Thysanoessa inermis,63
201807,2018,4,Methot,2027,Thysanoessa spinifera,25
201807,2018,4,Methot,2026,Thysanoessa longipes,NA
201807,2018,4,Methot,2028,Thysanoessa inspinata,NA
201807,2018,4,Methot,2025,Euphausia pacifica,NA
201807,2018,4,Methot,2000,Other euphausiids,23
201807,2018,4,Methot,200,Chaetognatha,1
201807,2018,4,Methot,3500,Teleost larvae,NA
201807,2018,4,Methot,551,Natantia,NA
201807,2018,4,Methot,2350,Cnidarian  (medusae),35
201807,2018,4,Methot,2700,Ctenophora,NA
201807,2018,4,Methot,895,Gammaridea,NA
201807,2018,4,Methot,457,Hyperiidea,NA
201807,2018,4,Methot,2800,Mysidacea,NA
201807,2018,4,Methot,300,Thecosomata,NA
201807,2018,4,Methot,1800,Siphonophora,NA
201807,2018,8,Methot,4189,Neocalanus cristatus,NA
201807,2018,8,Methot,4187,Eucalanus bungii,NA
201807,2018,8,Methot,100,Other copepods,NA
201807,2018,8,Methot,2049,Tessarabrachion oculatum,NA
201807,2018,8,Methot,2003,Thysanoessa raschii,NA
201807,2018,8,Methot,2001,Thysanoessa inermis,61
201807,2018,8,Methot,2027,Thysanoessa spinifera,43
201807,2018,8,Methot,2026,Thysanoessa longipes,NA
201807,2018,8,Methot,2028,Thysanoessa inspinata,NA
201807,2018,8,Methot,2025,Euphausia pacifica,NA
201807,2018,8,Methot,2000,Other euphausiids,18
201807,2018,8,Methot,200,Chaetognatha,NA
201807,2018,8,Methot,3500,Teleost larvae,NA
201807,2018,8,Methot,551,Natantia,NA
201807,2018,8,Methot,2350,Cnidarian  (medusae),NA
201807,2018,8,Methot,2700,Ctenophora,NA
201807,2018,8,Methot,895,Gammaridea,NA
201807,2018,8,Methot,457,Hyperiidea,NA
201807,2018,8,Methot,2800,Mysidacea,NA
201807,2018,8,Methot,300,Thecosomata,NA
201807,2018,8,Methot,1800,Siphonophora,NA
201807,2018,60,Methot,4189,Neocalanus cristatus,NA
201807,2018,60,Methot,4187,Eucalanus bungii,NA
201807,2018,60,Methot,100,Other copepods,NA
201807,2018,60,Methot,2049,Tessarabrachion oculatum,NA
201807,2018,60,Methot,2003,Thysanoessa raschii,153
201807,2018,60,Methot,2001,Thysanoessa inermis,10
201807,2018,60,Methot,2027,Thysanoessa spinifera,NA
201807,2018,60,Methot,2026,Thysanoessa longipes,NA
201807,2018,60,Methot,2028,Thysanoessa inspinata,NA
201807,2018,60,Methot,2025,Euphausia pacifica,NA
201807,2018,60,Methot,2000,Other euphausiids,2
201807,2018,60,Methot,200,Chaetognatha,3
201807,2018,60,Methot,3500,Teleost larvae,NA
201807,2018,60,Methot,551,Natantia,NA
201807,2018,60,Methot,2350,Cnidarian  (medusae),NA
201807,2018,60,Methot,2700,Ctenophora,NA
201807,2018,60,Methot,895,Gammaridea,NA
201807,2018,60,Methot,457,Hyperiidea,NA
201807,2018,60,Methot,2800,Mysidacea,NA
201807,2018,60,Methot,300,Thecosomata,NA
201807,2018,60,Methot,1800,Siphonophora,NA
201807,2018,67,Methot,4189,Neocalanus cristatus,NA
201807,2018,67,Methot,4187,Eucalanus bungii,NA
201807,2018,67,Methot,100,Other copepods,NA
201807,2018,67,Methot,2049,Tessarabrachion oculatum,NA
201807,2018,67,Methot,2003,Thysanoessa raschii,106
201807,2018,67,Methot,2001,Thysanoessa inermis,20
201807,2018,67,Methot,2027,Thysanoessa spinifera,NA
201807,2018,67,Methot,2026,Thysanoessa longipes,NA
201807,2018,67,Methot,2028,Thysanoessa inspinata,NA
201807,2018,67,Methot,2025,Euphausia pacifica,NA
201807,2018,67,Methot,2000,Other euphausiids,12
201807,2018,67,Methot,200,Chaetognatha,4
201807,2018,67,Methot,3500,Teleost larvae,NA
201807,2018,67,Methot,551,Natantia,NA
201807,2018,67,Methot,2350,Cnidarian  (medusae),NA
201807,2018,67,Methot,2700,Ctenophora,NA
201807,2018,67,Methot,895,Gammaridea,NA
201807,2018,67,Methot,457,Hyperiidea,NA
201807,2018,67,Methot,2800,Mysidacea,NA
201807,2018,67,Methot,300,Thecosomata,NA
201807,2018,67,Methot,1800,Siphonophora,NA
201807,2018,75,Methot,4189,Neocalanus cristatus,NA
201807,2018,75,Methot,4187,Eucalanus bungii,NA
201807,2018,75,Methot,100,Other copepods,NA
201807,2018,75,Methot,2049,Tessarabrachion oculatum,NA
201807,2018,75,Methot,2003,Thysanoessa raschii,21
201807,2018,75,Methot,2001,Thysanoessa inermis,105
201807,2018,75,Methot,2027,Thysanoessa spinifera,4
201807,2018,75,Methot,2026,Thysanoessa longipes,NA
201807,2018,75,Methot,2028,Thysanoessa inspinata,NA
201807,2018,75,Methot,2025,Euphausia pacifica,2
201807,2018,75,Methot,2000,Other euphausiids,28
201807,2018,75,Methot,200,Chaetognatha,NA
201807,2018,75,Methot,3500,Teleost larvae,7
201807,2018,75,Methot,551,Natantia,1
201807,2018,75,Methot,2350,Cnidarian  (medusae),NA
201807,2018,75,Methot,2700,Ctenophora,NA
201807,2018,75,Methot,895,Gammaridea,NA
201807,2018,75,Methot,457,Hyperiidea,NA
201807,2018,75,Methot,2800,Mysidacea,NA
201807,2018,75,Methot,300,Thecosomata,NA
201807,2018,75,Methot,1800,Siphonophora,NA
201807,2018,80,Methot,4189,Neocalanus cristatus,NA
201807,2018,80,Methot,4187,Eucalanus bungii,NA
201807,2018,80,Methot,100,Other copepods,NA
201807,2018,80,Methot,2049,Tessarabrachion oculatum,NA
201807,2018,80,Methot,2003,Thysanoessa raschii,37
201807,2018,80,Methot,2001,Thysanoessa inermis,12
201807,2018,80,Methot,2027,Thysanoessa spinifera,8
201807,2018,80,Methot,2026,Thysanoessa longipes,NA
201807,2018,80,Methot,2028,Thysanoessa inspinata,NA
201807,2018,80,Methot,2025,Euphausia pacifica,NA
201807,2018,80,Methot,2000,Other euphausiids,57
201807,2018,80,Methot,200,Chaetognatha,NA
201807,2018,80,Methot,3500,Teleost larvae,4
201807,2018,80,Methot,551,Natantia,NA
201807,2018,80,Methot,2350,Cnidarian  (medusae),1
201807,2018,80,Methot,2700,Ctenophora,NA
201807,2018,80,Methot,895,Gammaridea,NA
201807,2018,80,Methot,457,Hyperiidea,NA
201807,2018,80,Methot,2800,Mysidacea,NA
201807,2018,80,Methot,300,Thecosomata,NA
201807,2018,80,Methot,1800,Siphonophora,NA
201807,2018,95,Methot,4189,Neocalanus cristatus,NA
201807,2018,95,Methot,4187,Eucalanus bungii,NA
201807,2018,95,Methot,100,Other copepods,NA
201807,2018,95,Methot,2049,Tessarabrachion oculatum,NA
201807,2018,95,Methot,2003,Thysanoessa raschii,95
201807,2018,95,Methot,2001,Thysanoessa inermis,41
201807,2018,95,Methot,2027,Thysanoessa spinifera,NA
201807,2018,95,Methot,2026,Thysanoessa longipes,NA
201807,2018,95,Methot,2028,Thysanoessa inspinata,NA
201807,2018,95,Methot,2025,Euphausia pacifica,NA
201807,2018,95,Methot,2000,Other euphausiids,31
201807,2018,95,Methot,200,Chaetognatha,1
201807,2018,95,Methot,3500,Teleost larvae,3
201807,2018,95,Methot,551,Natantia,NA
201807,2018,95,Methot,2350,Cnidarian  (medusae),NA
201807,2018,95,Methot,2700,Ctenophora,NA
201807,2018,95,Methot,895,Gammaridea,NA
201807,2018,95,Methot,457,Hyperiidea,NA
201807,2018,95,Methot,2800,Mysidacea,NA
201807,2018,95,Methot,300,Thecosomata,NA
201807,2018,95,Methot,1800,Siphonophora,NA
201807,2018,134,Methot,4189,Neocalanus cristatus,NA
201807,2018,134,Methot,4187,Eucalanus bungii,NA
201807,2018,134,Methot,100,Other copepods,NA
201807,2018,134,Methot,2049,Tessarabrachion oculatum,NA
201807,2018,134,Methot,2003,Thysanoessa raschii,31
201807,2018,134,Methot,2001,Thysanoessa inermis,57
201807,2018,134,Methot,2027,Thysanoessa spinifera,NA
201807,2018,134,Methot,2026,Thysanoessa longipes,NA
201807,2018,134,Methot,2028,Thysanoessa inspinata,NA
201807,2018,134,Methot,2025,Euphausia pacifica,NA
201807,2018,134,Methot,2000,Other euphausiids,17
201807,2018,134,Methot,200,Chaetognatha,1
201807,2018,134,Methot,3500,Teleost larvae,1
201807,2018,134,Methot,551,Natantia,NA
201807,2018,134,Methot,2350,Cnidarian  (medusae),1
201807,2018,134,Methot,2700,Ctenophora,NA
201807,2018,134,Methot,895,Gammaridea,NA
201807,2018,134,Methot,457,Hyperiidea,NA
201807,2018,134,Methot,2800,Mysidacea,NA
201807,2018,134,Methot,300,Thecosomata,NA
201807,2018,134,Methot,1800,Siphonophora,NA
202207,2022,18,Methot,4189,Neocalanus cristatus,NA
202207,2022,18,Methot,4187,Eucalanus bungii,NA
202207,2022,18,Methot,100,Other copepods,NA
202207,2022,18,Methot,2049,Tessarabrachion oculatum,NA
202207,2022,18,Methot,2003,Thysanoessa raschii,77
202207,2022,18,Methot,2001,Thysanoessa inermis,1
202207,2022,18,Methot,2027,Thysanoessa spinifera,NA
202207,2022,18,Methot,2026,Thysanoessa longipes,NA
202207,2022,18,Methot,2028,Thysanoessa inspinata,NA
202207,2022,18,Methot,2025,Euphausia pacifica,NA
202207,2022,18,Methot,2000,Other euphausiids,38
202207,2022,18,Methot,200,Chaetognatha,8
202207,2022,18,Methot,3500,Teleost larvae,2
202207,2022,18,Methot,551,Natantia,NA
202207,2022,18,Methot,2350,Cnidarian  (medusae),NA
202207,2022,18,Methot,2700,Ctenophora,NA
202207,2022,18,Methot,895,Gammaridea,NA
202207,2022,18,Methot,457,Hyperiidea,NA
202207,2022,18,Methot,2800,Mysidacea,NA
202207,2022,18,Methot,300,Thecosomata,NA
202207,2022,18,Methot,1800,Siphonophora,NA
202207,2022,64,Methot,4189,Neocalanus cristatus,NA
202207,2022,64,Methot,4187,Eucalanus bungii,NA
202207,2022,64,Methot,100,Other copepods,NA
202207,2022,64,Methot,2049,Tessarabrachion oculatum,NA
202207,2022,64,Methot,2003,Thysanoessa raschii,73
202207,2022,64,Methot,2001,Thysanoessa inermis,57
202207,2022,64,Methot,2027,Thysanoessa spinifera,NA
202207,2022,64,Methot,2026,Thysanoessa longipes,NA
202207,2022,64,Methot,2028,Thysanoessa inspinata,NA
202207,2022,64,Methot,2025,Euphausia pacifica,NA
202207,2022,64,Methot,2000,Other euphausiids,3
202207,2022,64,Methot,200,Chaetognatha,NA
202207,2022,64,Methot,3500,Teleost larvae,NA
202207,2022,64,Methot,551,Natantia,NA
202207,2022,64,Methot,2350,Cnidarian  (medusae),NA
202207,2022,64,Methot,2700,Ctenophora,NA
202207,2022,64,Methot,895,Gammaridea,NA
202207,2022,64,Methot,457,Hyperiidea,NA
202207,2022,64,Methot,2800,Mysidacea,NA
202207,2022,64,Methot,300,Thecosomata,NA
202207,2022,64,Methot,1800,Siphonophora,NA
202207,2022,74,Methot,4189,Neocalanus cristatus,NA
202207,2022,74,Methot,4187,Eucalanus bungii,NA
202207,2022,74,Methot,100,Other copepods,NA
202207,2022,74,Methot,2049,Tessarabrachion oculatum,NA
202207,2022,74,Methot,2003,Thysanoessa raschii,9
202207,2022,74,Methot,2001,Thysanoessa inermis,79
202207,2022,74,Methot,2027,Thysanoessa spinifera,NA
202207,2022,74,Methot,2026,Thysanoessa longipes,NA
202207,2022,74,Methot,2028,Thysanoessa inspinata,NA
202207,2022,74,Methot,2025,Euphausia pacifica,NA
202207,2022,74,Methot,2000,Other euphausiids,23
202207,2022,74,Methot,200,Chaetognatha,NA
202207,2022,74,Methot,3500,Teleost larvae,NA
202207,2022,74,Methot,551,Natantia,NA
202207,2022,74,Methot,2350,Cnidarian  (medusae),3
202207,2022,74,Methot,2700,Ctenophora,NA
202207,2022,74,Methot,895,Gammaridea,NA
202207,2022,74,Methot,457,Hyperiidea,NA
202207,2022,74,Methot,2800,Mysidacea,NA
202207,2022,74,Methot,300,Thecosomata,NA
202207,2022,74,Methot,1800,Siphonophora,NA
202408,2024,9,Methot,4189,Neocalanus cristatus,NA
202408,2024,9,Methot,4187,Eucalanus bungii,NA
202408,2024,9,Methot,100,Other copepods,NA
202408,2024,9,Methot,2049,Tessarabrachion oculatum,NA
202408,2024,9,Methot,2003,Thysanoessa raschii,113
202408,2024,9,Methot,2001,Thysanoessa inermis,1
202408,2024,9,Methot,2027,Thysanoessa spinifera,NA
202408,2024,9,Methot,2026,Thysanoessa longipes,NA
202408,2024,9,Methot,2028,Thysanoessa inspinata,NA
202408,2024,9,Methot,2025,Euphausia pacifica,NA
202408,2024,9,Methot,2000,Other euphausiids,NA
202408,2024,9,Methot,200,Chaetognatha,NA
202408,2024,9,Methot,3500,Teleost larvae,NA
202408,2024,9,Methot,551,Natantia,NA
202408,2024,9,Methot,2350,Cnidarian  (medusae),NA
202408,2024,9,Methot,2700,Ctenophora,NA
202408,2024,9,Methot,895,Gammaridea,NA
202408,2024,9,Methot,457,Hyperiidea,NA
202408,2024,9,Methot,2800,Mysidacea,NA
202408,2024,9,Methot,300,Thecosomata,NA
202408,2024,9,Methot,1800,Siphonophora,NA
202408,2024,16,Methot,4189,Neocalanus cristatus,NA
202408,2024,16,Methot,4187,Eucalanus bungii,NA
202408,2024,16,Methot,100,Other copepods,NA
202408,2024,16,Methot,2049,Tessarabrachion oculatum,NA
202408,2024,16,Methot,2003,Thysanoessa raschii,120
202408,2024,16,Methot,2001,Thysanoessa inermis,10
202408,2024,16,Methot,2027,Thysanoessa spinifera,NA
202408,2024,16,Methot,2026,Thysanoessa longipes,NA
202408,2024,16,Methot,2028,Thysanoessa inspinata,NA
202408,2024,16,Methot,2025,Euphausia pacifica,NA
202408,2024,16,Methot,2000,Other euphausiids,85
202408,2024,16,Methot,200,Chaetognatha,NA
202408,2024,16,Methot,3500,Teleost larvae,NA
202408,2024,16,Methot,551,Natantia,NA
202408,2024,16,Methot,2350,Cnidarian  (medusae),NA
202408,2024,16,Methot,2700,Ctenophora,NA
202408,2024,16,Methot,895,Gammaridea,NA
202408,2024,16,Methot,457,Hyperiidea,NA
202408,2024,16,Methot,2800,Mysidacea,NA
202408,2024,16,Methot,300,Thecosomata,NA
202408,2024,16,Methot,1800,Siphonophora,NA
202408,2024,56,Methot,4189,Neocalanus cristatus,1
202408,2024,56,Methot,4187,Eucalanus bungii,NA
202408,2024,56,Methot,100,Other copepods,NA
202408,2024,56,Methot,2049,Tessarabrachion oculatum,NA
202408,2024,56,Methot,2003,Thysanoessa raschii,49
202408,2024,56,Methot,2001,Thysanoessa inermis,30
202408,2024,56,Methot,2027,Thysanoessa spinifera,NA
202408,2024,56,Methot,2026,Thysanoessa longipes,NA
202408,2024,56,Methot,2028,Thysanoessa inspinata,NA
202408,2024,56,Methot,2025,Euphausia pacifica,NA
202408,2024,56,Methot,2000,Other euphausiids,20
202408,2024,56,Methot,200,Chaetognatha,4
202408,2024,56,Methot,3500,Teleost larvae,NA
202408,2024,56,Methot,551,Natantia,NA
202408,2024,56,Methot,2350,Cnidarian  (medusae),NA
202408,2024,56,Methot,2700,Ctenophora,NA
202408,2024,56,Methot,895,Gammaridea,NA
202408,2024,56,Methot,457,Hyperiidea,NA
202408,2024,56,Methot,2800,Mysidacea,NA
202408,2024,56,Methot,300,Thecosomata,NA
202408,2024,56,Methot,1800,Siphonophora,NA
