survey,haul,length_mm,region,length_bin,year
DY0909,40,18,inshore,18.5,2009
DY0909,40,19.5,inshore,19.5,2009
DY0909,40,16,inshore,16.5,2009
DY0909,40,15,inshore,15.5,2009
DY0909,40,14,inshore,14.5,2009
DY0909,40,19,inshore,19.5,2009
DY0909,40,19,inshore,19.5,2009
DY0909,40,17.5,inshore,17.5,2009
DY0909,40,16.5,inshore,16.5,2009
DY0909,40,15,inshore,15.5,2009
DY0909,40,15.5,inshore,15.5,2009
DY0909,40,14.5,inshore,14.5,2009
DY0909,40,14.5,inshore,14.5,2009
DY0909,40,16.5,inshore,16.5,2009
DY0909,40,17,inshore,17.5,2009
DY0909,40,16,inshore,16.5,2009
DY0909,40,15,inshore,15.5,2009
DY0909,40,24,inshore,24.5,2009
DY0909,40,15,inshore,15.5,2009
DY0909,40,22,inshore,22.5,2009
DY0909,40,18,inshore,18.5,2009
DY0909,40,17,inshore,17.5,2009
DY0909,40,17.5,inshore,17.5,2009
DY0909,40,17,inshore,17.5,2009
DY0909,40,17,inshore,17.5,2009
DY0909,40,21.5,inshore,21.5,2009
DY0909,87,25,inshore,25.5,2009
DY0909,87,25.5,inshore,25.5,2009
DY0909,87,23,inshore,23.5,2009
DY0909,87,25,inshore,25.5,2009
DY0909,87,26,inshore,26.5,2009
DY0909,87,24,inshore,24.5,2009
DY0909,87,23.5,inshore,23.5,2009
DY0909,87,24,inshore,24.5,2009
DY0909,87,26,inshore,26.5,2009
DY0909,87,23,inshore,23.5,2009
DY0909,87,28,inshore,28.5,2009
DY0909,87,22,inshore,22.5,2009
DY0909,87,23,inshore,23.5,2009
DY0909,87,22,inshore,22.5,2009
DY0909,87,22.5,inshore,22.5,2009
DY0909,87,24,inshore,24.5,2009
DY0909,87,24.5,inshore,24.5,2009
DY0909,87,24,inshore,24.5,2009
DY0909,87,24.5,inshore,24.5,2009
DY0909,87,21,inshore,21.5,2009
DY0909,87,23.5,inshore,23.5,2009
DY0909,87,23,inshore,23.5,2009
DY0909,87,22.5,inshore,22.5,2009
DY0909,87,20,inshore,20.5,2009
DY0909,87,23,inshore,23.5,2009
MF0608,30,15,inshore,15.5,2006
MF0608,30,18,inshore,18.5,2006
MF0608,30,15,inshore,15.5,2006
MF0608,30,18,inshore,18.5,2006
MF0608,30,15,inshore,15.5,2006
MF0608,30,19,inshore,19.5,2006
MF0608,30,16,inshore,16.5,2006
MF0608,30,18,inshore,18.5,2006
MF0608,30,16,inshore,16.5,2006
MF0608,30,17,inshore,17.5,2006
MF0608,30,20,inshore,20.5,2006
MF0608,30,22,inshore,22.5,2006
MF0608,30,17,inshore,17.5,2006
MF0608,30,18,inshore,18.5,2006
MF0608,30,21,inshore,21.5,2006
MF0608,30,17,inshore,17.5,2006
MF0608,30,17,inshore,17.5,2006
MF0608,30,18,inshore,18.5,2006
MF0608,30,21,inshore,21.5,2006
MF0608,30,21,inshore,21.5,2006
MF0608,30,22,inshore,22.5,2006
MF0608,30,17,inshore,17.5,2006
MF0608,30,18,inshore,18.5,2006
MF0608,30,19,inshore,19.5,2006
MF0608,30,23,inshore,23.5,2006
MF0608,30,22,inshore,22.5,2006
MF0608,30,20,inshore,20.5,2006
MF0608,30,16,inshore,16.5,2006
MF0608,59,17,inshore,17.5,2006
MF0608,59,13,inshore,13.5,2006
MF0608,59,15,inshore,15.5,2006
MF0608,59,15,inshore,15.5,2006
MF0608,59,14,inshore,14.5,2006
MF0608,59,16,inshore,16.5,2006
MF0608,59,16,inshore,16.5,2006
MF0608,59,16,inshore,16.5,2006
MF0608,59,16,inshore,16.5,2006
MF0608,59,17,inshore,17.5,2006
MF0608,59,17,inshore,17.5,2006
MF0608,59,14,inshore,14.5,2006
MF0608,59,17,inshore,17.5,2006
MF0608,59,16,inshore,16.5,2006
MF0608,59,16,inshore,16.5,2006
MF0608,59,15,inshore,15.5,2006
MF0608,59,16,inshore,16.5,2006
MF0608,59,16,inshore,16.5,2006
MF0608,59,15,inshore,15.5,2006
MF0608,59,14,inshore,14.5,2006
MF0608,59,15,inshore,15.5,2006
MF0608,59,17,inshore,17.5,2006
MF0608,59,16,inshore,16.5,2006
MF0608,59,16,inshore,16.5,2006
MF0608,59,15,inshore,15.5,2006
MF0608,59,15,inshore,15.5,2006
MF0608,59,15,inshore,15.5,2006
MF0608,59,15,inshore,15.5,2006
MF0608,59,15,inshore,15.5,2006
MF0608,59,14,inshore,14.5,2006
MF0608,59,17,inshore,17.5,2006
MF0608,59,16,inshore,16.5,2006
MF0608,59,15,inshore,15.5,2006
MF0608,59,17,inshore,17.5,2006
MF0608,59,14,inshore,14.5,2006
MF0608,59,16,inshore,16.5,2006
MF0608,59,16,inshore,16.5,2006
MF0608,59,15,inshore,15.5,2006
MF0608,59,16,inshore,16.5,2006
MF0608,59,14,inshore,14.5,2006
MF0608,59,15,inshore,15.5,2006
MF0608,59,13,inshore,13.5,2006
MF0608,59,15,inshore,15.5,2006
MF0608,59,17,inshore,17.5,2006
MF0608,59,15,inshore,15.5,2006
MF0608,59,15,inshore,15.5,2006
MF0608,59,17,inshore,17.5,2006
MF0608,59,16,inshore,16.5,2006
MF0608,59,16,inshore,16.5,2006
MF0608,59,16,inshore,16.5,2006
OD0707,2,22,inshore,22.5,2007
OD0707,2,20,inshore,20.5,2007
OD0707,2,18,inshore,18.5,2007
OD0707,2,21,inshore,21.5,2007
OD0707,2,16,inshore,16.5,2007
OD0707,2,19,inshore,19.5,2007
OD0707,2,16,inshore,16.5,2007
OD0707,2,22,inshore,22.5,2007
OD0707,2,14,inshore,14.5,2007
OD0707,2,22,inshore,22.5,2007
OD0707,2,20,inshore,20.5,2007
OD0707,2,21,inshore,21.5,2007
OD0707,2,20,inshore,20.5,2007
OD0707,2,21,inshore,21.5,2007
OD0707,2,20,inshore,20.5,2007
OD0707,2,25,inshore,25.5,2007
OD0707,2,14,inshore,14.5,2007
OD0707,2,21,inshore,21.5,2007
OD0707,2,14,inshore,14.5,2007
OD0707,2,22,inshore,22.5,2007
OD0707,2,14,inshore,14.5,2007
OD0707,2,20,inshore,20.5,2007
OD0707,2,17,inshore,17.5,2007
OD0707,2,20,inshore,20.5,2007
OD0707,2,16.5,inshore,16.5,2007
OD0707,2,17,inshore,17.5,2007
OD0707,2,24,inshore,24.5,2007
OD0707,2,23,inshore,23.5,2007
OD0707,2,23,inshore,23.5,2007
OD0707,2,21,inshore,21.5,2007
OD0707,2,21,inshore,21.5,2007
OD0707,2,22,inshore,22.5,2007
OD0707,2,21,inshore,21.5,2007
OD0707,2,22,inshore,22.5,2007
OD0707,2,21,inshore,21.5,2007
OD0707,2,20,inshore,20.5,2007
OD0707,2,22,inshore,22.5,2007
OD0707,2,21,inshore,21.5,2007
OD0707,2,20,inshore,20.5,2007
OD0707,12,25,inshore,25.5,2007
OD0707,12,22.5,inshore,22.5,2007
OD0707,12,24,inshore,24.5,2007
OD0707,12,22.5,inshore,22.5,2007
OD0707,12,21,inshore,21.5,2007
OD0707,12,21,inshore,21.5,2007
OD0707,12,19,inshore,19.5,2007
OD0707,12,18,inshore,18.5,2007
OD0707,12,19,inshore,19.5,2007
OD0707,12,25,inshore,25.5,2007
OD0707,12,17,inshore,17.5,2007
OD0707,12,23,inshore,23.5,2007
OD0707,12,17.5,inshore,17.5,2007
OD0707,12,18.5,inshore,18.5,2007
OD0707,12,18,inshore,18.5,2007
OD0707,12,21,inshore,21.5,2007
OD0707,12,20,inshore,20.5,2007
OD0707,12,16.5,inshore,16.5,2007
OD0707,12,21,inshore,21.5,2007
OD0707,12,23,inshore,23.5,2007
OD0707,12,18.5,inshore,18.5,2007
OD0707,12,20,inshore,20.5,2007
OD0707,12,20,inshore,20.5,2007
OD0707,12,19,inshore,19.5,2007
OD0707,12,19.5,inshore,19.5,2007
OD0707,12,19,inshore,19.5,2007
OD0707,12,20.5,inshore,20.5,2007
OD0707,12,24,inshore,24.5,2007
OD0707,12,19,inshore,19.5,2007
OD0707,12,21,inshore,21.5,2007
OD0707,12,24,inshore,24.5,2007
OD0707,13,18.4,inshore,18.5,2007
OD0707,13,19,inshore,19.5,2007
OD0707,13,20.3,inshore,20.5,2007
OD0707,13,19.5,inshore,19.5,2007
OD0707,13,14.1,inshore,14.5,2007
OD0707,13,20.4,inshore,20.5,2007
OD0707,13,19.1,inshore,19.5,2007
OD0707,13,17.5,inshore,17.5,2007
OD0707,13,16.6,inshore,16.5,2007
OD0707,13,17.8,inshore,17.5,2007
OD0707,13,17.5,inshore,17.5,2007
OD0707,13,20.5,inshore,20.5,2007
OD0707,13,18.7,inshore,18.5,2007
OD0707,13,18.1,inshore,18.5,2007
OD0707,13,20,inshore,20.5,2007
OD0707,13,19.9,inshore,19.5,2007
OD0707,13,19.4,inshore,19.5,2007
OD0707,13,18.7,inshore,18.5,2007
OD0707,13,17.4,inshore,17.5,2007
OD0707,13,16.9,inshore,16.5,2007
OD0707,13,17.5,inshore,17.5,2007
OD0707,13,18.7,inshore,18.5,2007
OD0707,13,14.8,inshore,14.5,2007
OD0707,13,17.5,inshore,17.5,2007
OD0707,13,18.4,inshore,18.5,2007
OD0707,13,20.8,inshore,20.5,2007
OD0707,13,16.1,inshore,16.5,2007
OD0707,13,20,inshore,20.5,2007
OD0707,13,20.3,inshore,20.5,2007
OD0707,52,17,inshore,17.5,2007
OD0707,52,15,inshore,15.5,2007
OD0707,52,12,inshore,12.5,2007
OD0707,52,18,inshore,18.5,2007
OD0707,52,12,inshore,12.5,2007
OD0707,52,16,inshore,16.5,2007
OD0707,52,15,inshore,15.5,2007
OD0707,52,15,inshore,15.5,2007
OD0707,52,14,inshore,14.5,2007
OD0707,52,15,inshore,15.5,2007
OD0707,52,14,inshore,14.5,2007
OD0707,52,16,inshore,16.5,2007
OD0707,52,15,inshore,15.5,2007
OD0707,52,16,inshore,16.5,2007
OD0707,52,16,inshore,16.5,2007
OD0707,52,17.5,inshore,17.5,2007
OD0707,52,14,inshore,14.5,2007
OD0707,52,17,inshore,17.5,2007
OD0707,52,18,inshore,18.5,2007
OD0707,52,16,inshore,16.5,2007
OD0707,52,15,inshore,15.5,2007
OD0707,52,19,inshore,19.5,2007
OD0707,52,15,inshore,15.5,2007
OD0707,52,18,inshore,18.5,2007
OD0707,52,14,inshore,14.5,2007
OD0707,52,20,inshore,20.5,2007
OD0707,52,15,inshore,15.5,2007
OD0707,52,17,inshore,17.5,2007
OD0707,52,20,inshore,20.5,2007
OD0707,52,21,inshore,21.5,2007
OD0707,52,14,inshore,14.5,2007
OD0707,52,22.5,inshore,22.5,2007
OD0707,52,13,inshore,13.5,2007
OD0707,52,15,inshore,15.5,2007
OD0707,52,13,inshore,13.5,2007
OD0707,52,20,inshore,20.5,2007
OD0707,52,14,inshore,14.5,2007
OD0707,52,20,inshore,20.5,2007
OD0707,52,15,inshore,15.5,2007
OD0707,52,19,inshore,19.5,2007
OD0707,52,17,inshore,17.5,2007
OD0707,52,18,inshore,18.5,2007
OD0707,52,19,inshore,19.5,2007
OD0707,52,15,inshore,15.5,2007
OD0707,53,20,inshore,20.5,2007
OD0707,53,13,inshore,13.5,2007
OD0707,53,19.5,inshore,19.5,2007
OD0707,53,13.5,inshore,13.5,2007
OD0707,53,20,inshore,20.5,2007
OD0707,53,14,inshore,14.5,2007
OD0707,53,19,inshore,19.5,2007
OD0707,53,15,inshore,15.5,2007
OD0707,53,19,inshore,19.5,2007
OD0707,53,20,inshore,20.5,2007
OD0707,53,17.5,inshore,17.5,2007
OD0707,53,18,inshore,18.5,2007
OD0707,53,18,inshore,18.5,2007
OD0707,53,17,inshore,17.5,2007
OD0707,53,17,inshore,17.5,2007
OD0707,53,18,inshore,18.5,2007
OD0707,53,17,inshore,17.5,2007
OD0707,53,17,inshore,17.5,2007
OD0707,53,18,inshore,18.5,2007
OD0707,53,17,inshore,17.5,2007
OD0707,53,18,inshore,18.5,2007
OD0707,53,18,inshore,18.5,2007
OD0707,53,17,inshore,17.5,2007
OD0707,53,17,inshore,17.5,2007
OD0707,53,17,inshore,17.5,2007
OD0707,53,18,inshore,18.5,2007
OD0707,53,18,inshore,18.5,2007
OD0707,53,18,inshore,18.5,2007
OD0707,53,19,inshore,19.5,2007
OD0707,66,16,inshore,16.5,2007
OD0707,66,20,inshore,20.5,2007
OD0707,66,15,inshore,15.5,2007
OD0707,66,26,inshore,26.5,2007
OD0707,66,20,inshore,20.5,2007
OD0707,66,18,inshore,18.5,2007
OD0707,66,18,inshore,18.5,2007
OD0707,66,20,inshore,20.5,2007
OD0707,66,19,inshore,19.5,2007
OD0707,66,16,inshore,16.5,2007
OD0707,66,16,inshore,16.5,2007
OD0707,66,15,inshore,15.5,2007
OD0707,66,18,inshore,18.5,2007
OD0707,66,20,inshore,20.5,2007
OD0707,66,19,inshore,19.5,2007
OD0707,66,16,inshore,16.5,2007
OD0707,66,19,inshore,19.5,2007
OD0707,66,19,inshore,19.5,2007
OD0707,66,17,inshore,17.5,2007
OD0707,66,18,inshore,18.5,2007
OD0707,66,19,inshore,19.5,2007
OD0707,66,18,inshore,18.5,2007
OD0707,66,17,inshore,17.5,2007
OD0707,66,22,inshore,22.5,2007
OD0707,66,21,inshore,21.5,2007
OD0707,66,18,inshore,18.5,2007
OD0707,66,23,inshore,23.5,2007
OD0707,67,20,inshore,20.5,2007
OD0707,67,19,inshore,19.5,2007
OD0707,67,15,inshore,15.5,2007
OD0707,67,19,inshore,19.5,2007
OD0707,67,20,inshore,20.5,2007
OD0707,67,17,inshore,17.5,2007
OD0707,67,20,inshore,20.5,2007
OD0707,67,19,inshore,19.5,2007
OD0707,67,21,inshore,21.5,2007
OD0707,67,19,inshore,19.5,2007
OD0707,67,20,inshore,20.5,2007
OD0707,67,19,inshore,19.5,2007
OD0707,67,18,inshore,18.5,2007
OD0707,67,15,inshore,15.5,2007
OD0707,67,21,inshore,21.5,2007
OD0707,67,18,inshore,18.5,2007
OD0707,67,20,inshore,20.5,2007
OD0707,67,18,inshore,18.5,2007
OD0707,67,19,inshore,19.5,2007
OD0707,67,18,inshore,18.5,2007
OD0707,67,20,inshore,20.5,2007
OD0707,67,17,inshore,17.5,2007
OD0707,67,21,inshore,21.5,2007
OD0707,67,16,inshore,16.5,2007
OD0707,67,20,inshore,20.5,2007
OD0707,67,16,inshore,16.5,2007
OD0707,67,17,inshore,17.5,2007
OD0707,67,18,inshore,18.5,2007
OD0707,67,16,inshore,16.5,2007
OD0707,67,15,inshore,15.5,2007
OD0707,67,17,inshore,17.5,2007
OD0707,67,20,inshore,20.5,2007
OD0707,67,18,inshore,18.5,2007
OD0707,67,15,inshore,15.5,2007
OD0707,67,19,inshore,19.5,2007
OD0707,67,17,inshore,17.5,2007
OD0707,67,17,inshore,17.5,2007
OD0707,67,16,inshore,16.5,2007
OD0707,67,16,inshore,16.5,2007
OD0707,67,14,inshore,14.5,2007
OD0707,67,18,inshore,18.5,2007
OD0707,67,16,inshore,16.5,2007
OD0707,67,19,inshore,19.5,2007
OD0707,67,16,inshore,16.5,2007
OD0707,67,20,inshore,20.5,2007
OD0707,67,15,inshore,15.5,2007
OD0707,67,18,inshore,18.5,2007
OD0707,67,13,inshore,13.5,2007
OD0707,67,17,inshore,17.5,2007
OD0707,67,19,inshore,19.5,2007
OD0707,67,17,inshore,17.5,2007
OD0707,67,16,inshore,16.5,2007
OD0809,1,27.5,inshore,27.5,2008
OD0809,1,16,inshore,16.5,2008
OD0809,1,22,inshore,22.5,2008
OD0809,1,18,inshore,18.5,2008
OD0809,1,27.5,inshore,27.5,2008
OD0809,1,17.5,inshore,17.5,2008
OD0809,1,25,inshore,25.5,2008
OD0809,1,24,inshore,24.5,2008
OD0809,1,24,inshore,24.5,2008
OD0809,1,22,inshore,22.5,2008
OD0809,1,17.5,inshore,17.5,2008
OD0809,1,23,inshore,23.5,2008
OD0809,1,27.5,inshore,27.5,2008
OD0809,1,18,inshore,18.5,2008
OD0809,1,19.5,inshore,19.5,2008
OD0809,1,22,inshore,22.5,2008
OD0809,1,22.5,inshore,22.5,2008
OD0809,1,24,inshore,24.5,2008
OD0809,1,23,inshore,23.5,2008
OD0809,1,22,inshore,22.5,2008
OD0809,1,17,inshore,17.5,2008
OD0809,1,24,inshore,24.5,2008
OD0809,1,24,inshore,24.5,2008
OD0809,1,18,inshore,18.5,2008
OD0809,1,18.5,inshore,18.5,2008
OD0809,1,18,inshore,18.5,2008
OD0809,1,21,inshore,21.5,2008
OD0809,1,19,inshore,19.5,2008
OD0809,4,21,inshore,21.5,2008
OD0809,4,20,inshore,20.5,2008
OD0809,4,21,inshore,21.5,2008
OD0809,4,20,inshore,20.5,2008
OD0809,4,19,inshore,19.5,2008
OD0809,4,21,inshore,21.5,2008
OD0809,4,17,inshore,17.5,2008
OD0809,4,21,inshore,21.5,2008
OD0809,4,21,inshore,21.5,2008
OD0809,4,18,inshore,18.5,2008
OD0809,4,21,inshore,21.5,2008
OD0809,4,20,inshore,20.5,2008
OD0809,4,21,inshore,21.5,2008
OD0809,4,20,inshore,20.5,2008
OD0809,4,21,inshore,21.5,2008
OD0809,4,16,inshore,16.5,2008
OD0809,4,20,inshore,20.5,2008
OD0809,4,21,inshore,21.5,2008
OD0809,4,19,inshore,19.5,2008
OD0809,4,20,inshore,20.5,2008
OD0809,4,20,inshore,20.5,2008
OD0809,4,19,inshore,19.5,2008
OD0809,4,21,inshore,21.5,2008
OD0809,4,22,inshore,22.5,2008
OD0809,4,25,inshore,25.5,2008
OD0809,4,21,inshore,21.5,2008
OD0809,7,15,inshore,15.5,2008
OD0809,7,16,inshore,16.5,2008
OD0809,7,18,inshore,18.5,2008
OD0809,7,16,inshore,16.5,2008
OD0809,7,16,inshore,16.5,2008
OD0809,7,14,inshore,14.5,2008
OD0809,7,16,inshore,16.5,2008
OD0809,7,19,inshore,19.5,2008
OD0809,7,15,inshore,15.5,2008
OD0809,7,16,inshore,16.5,2008
OD0809,7,17,inshore,17.5,2008
OD0809,7,16,inshore,16.5,2008
OD0809,7,16,inshore,16.5,2008
OD0809,7,16,inshore,16.5,2008
OD0809,7,15,inshore,15.5,2008
OD0809,7,17,inshore,17.5,2008
OD0809,7,15,inshore,15.5,2008
OD0809,7,15,inshore,15.5,2008
OD0809,7,15,inshore,15.5,2008
OD0809,7,15,inshore,15.5,2008
OD0809,7,16,inshore,16.5,2008
OD0809,7,14,inshore,14.5,2008
OD0809,7,17,inshore,17.5,2008
OD0809,7,15,inshore,15.5,2008
OD0809,7,14,inshore,14.5,2008
OD0809,7,16,inshore,16.5,2008
OD0809,7,14,inshore,14.5,2008
OD0809,7,16,inshore,16.5,2008
OD0809,7,14,inshore,14.5,2008
OD0809,7,14,inshore,14.5,2008
OD0809,7,13,inshore,13.5,2008
OD0809,7,15,inshore,15.5,2008
OD0809,7,15,inshore,15.5,2008
OD0809,7,16,inshore,16.5,2008
OD0809,7,16,inshore,16.5,2008
OD0809,7,16,inshore,16.5,2008
OD0809,7,14,inshore,14.5,2008
OD0809,7,15,inshore,15.5,2008
OD0809,7,16,inshore,16.5,2008
OD0809,7,15,inshore,15.5,2008
OD0809,7,14,inshore,14.5,2008
OD0809,7,16,inshore,16.5,2008
OD0809,7,15,inshore,15.5,2008
OD0809,7,15,inshore,15.5,2008
OD0809,7,16,inshore,16.5,2008
OD0809,7,15,inshore,15.5,2008
OD0809,7,18,inshore,18.5,2008
OD0809,7,14,inshore,14.5,2008
OD0809,7,19,inshore,19.5,2008
OD0809,7,14,inshore,14.5,2008
OD0809,7,15,inshore,15.5,2008
OD0809,7,15,inshore,15.5,2008
OD0809,13,15,inshore,15.5,2008
OD0809,13,8,inshore,8.5,2008
OD0809,13,19,inshore,19.5,2008
OD0809,13,19.5,inshore,19.5,2008
OD0809,13,17,inshore,17.5,2008
OD0809,13,18.5,inshore,18.5,2008
OD0809,13,17,inshore,17.5,2008
OD0809,13,19,inshore,19.5,2008
OD0809,13,16,inshore,16.5,2008
OD0809,13,17.5,inshore,17.5,2008
OD0809,13,18,inshore,18.5,2008
OD0809,13,15.5,inshore,15.5,2008
OD0809,13,16,inshore,16.5,2008
OD0809,13,18,inshore,18.5,2008
OD0809,13,16,inshore,16.5,2008
OD0809,13,14,inshore,14.5,2008
OD0809,13,16.5,inshore,16.5,2008
OD0809,13,17,inshore,17.5,2008
OD0809,13,19,inshore,19.5,2008
OD0809,13,16,inshore,16.5,2008
OD0809,13,19.5,inshore,19.5,2008
OD0809,13,18,inshore,18.5,2008
OD0809,13,19,inshore,19.5,2008
OD0809,13,19.5,inshore,19.5,2008
OD0809,13,15.5,inshore,15.5,2008
OD0809,13,18,inshore,18.5,2008
OD0809,14,19,inshore,19.5,2008
OD0809,14,19,inshore,19.5,2008
OD0809,14,20,inshore,20.5,2008
OD0809,14,14,inshore,14.5,2008
OD0809,14,18,inshore,18.5,2008
OD0809,14,21,inshore,21.5,2008
OD0809,14,21,inshore,21.5,2008
OD0809,14,21,inshore,21.5,2008
OD0809,14,15,inshore,15.5,2008
OD0809,14,20,inshore,20.5,2008
OD0809,14,16,inshore,16.5,2008
OD0809,14,15,inshore,15.5,2008
OD0809,14,17,inshore,17.5,2008
OD0809,14,20,inshore,20.5,2008
OD0809,14,19,inshore,19.5,2008
OD0809,14,22,inshore,22.5,2008
OD0809,14,18,inshore,18.5,2008
OD0809,14,18,inshore,18.5,2008
OD0809,14,16,inshore,16.5,2008
OD0809,14,20,inshore,20.5,2008
OD0809,14,17,inshore,17.5,2008
OD0809,14,18,inshore,18.5,2008
OD0809,14,15,inshore,15.5,2008
OD0809,14,19,inshore,19.5,2008
OD0809,14,19,inshore,19.5,2008
OD0809,14,19,inshore,19.5,2008
OD0809,14,18,inshore,18.5,2008
OD0809,18,17,inshore,17.5,2008
OD0809,18,16,inshore,16.5,2008
OD0809,18,16.5,inshore,16.5,2008
OD0809,18,18,inshore,18.5,2008
OD0809,18,18,inshore,18.5,2008
OD0809,18,16,inshore,16.5,2008
OD0809,18,16,inshore,16.5,2008
OD0809,18,18.5,inshore,18.5,2008
OD0809,18,17,inshore,17.5,2008
OD0809,18,15,inshore,15.5,2008
OD0809,18,17,inshore,17.5,2008
OD0809,18,15,inshore,15.5,2008
OD0809,18,15,inshore,15.5,2008
OD0809,18,20,inshore,20.5,2008
OD0809,18,15.5,inshore,15.5,2008
OD0809,18,18,inshore,18.5,2008
OD0809,18,17,inshore,17.5,2008
OD0809,18,16,inshore,16.5,2008
OD0809,18,16,inshore,16.5,2008
OD0809,18,16,inshore,16.5,2008
OD0809,18,19,inshore,19.5,2008
OD0809,18,18,inshore,18.5,2008
OD0809,18,15.5,inshore,15.5,2008
OD0809,18,19,inshore,19.5,2008
OD0809,18,17,inshore,17.5,2008
OD0809,32,16,inshore,16.5,2008
OD0809,32,17,inshore,17.5,2008
OD0809,32,22,inshore,22.5,2008
OD0809,32,19,inshore,19.5,2008
OD0809,32,19,inshore,19.5,2008
OD0809,32,18,inshore,18.5,2008
OD0809,32,18,inshore,18.5,2008
OD0809,32,19,inshore,19.5,2008
OD0809,32,18,inshore,18.5,2008
OD0809,32,15,inshore,15.5,2008
OD0809,32,17,inshore,17.5,2008
OD0809,32,20,inshore,20.5,2008
OD0809,32,18,inshore,18.5,2008
OD0809,32,16,inshore,16.5,2008
OD0809,32,19,inshore,19.5,2008
OD0809,32,17,inshore,17.5,2008
OD0809,32,15,inshore,15.5,2008
OD0809,32,17,inshore,17.5,2008
OD0809,32,17,inshore,17.5,2008
OD0809,32,18,inshore,18.5,2008
OD0809,32,17,inshore,17.5,2008
OD0809,32,15,inshore,15.5,2008
OD0809,32,16,inshore,16.5,2008
OD0809,32,15,inshore,15.5,2008
OD0809,32,17,inshore,17.5,2008
OD0809,33,15.5,inshore,15.5,2008
OD0809,33,17,inshore,17.5,2008
OD0809,33,13,inshore,13.5,2008
OD0809,33,15,inshore,15.5,2008
OD0809,33,15.5,inshore,15.5,2008
OD0809,33,16,inshore,16.5,2008
OD0809,33,13.5,inshore,13.5,2008
OD0809,33,15,inshore,15.5,2008
OD0809,33,13,inshore,13.5,2008
OD0809,33,14.5,inshore,14.5,2008
OD0809,33,13.5,inshore,13.5,2008
OD0809,33,15,inshore,15.5,2008
OD0809,33,13,inshore,13.5,2008
OD0809,33,14,inshore,14.5,2008
OD0809,33,13.5,inshore,13.5,2008
OD0809,33,13,inshore,13.5,2008
OD0809,33,14,inshore,14.5,2008
OD0809,33,14.5,inshore,14.5,2008
OD0809,33,13,inshore,13.5,2008
OD0809,33,13,inshore,13.5,2008
OD0809,33,14,inshore,14.5,2008
OD0809,33,13,inshore,13.5,2008
OD0809,33,14,inshore,14.5,2008
OD0809,33,13.5,inshore,13.5,2008
OD0809,33,14,inshore,14.5,2008
OD0809,42,17,inshore,17.5,2008
OD0809,42,15,inshore,15.5,2008
OD0809,42,17.5,inshore,17.5,2008
OD0809,42,16,inshore,16.5,2008
OD0809,42,14,inshore,14.5,2008
OD0809,42,14.5,inshore,14.5,2008
OD0809,42,14,inshore,14.5,2008
OD0809,42,15,inshore,15.5,2008
OD0809,42,14.5,inshore,14.5,2008
OD0809,42,12.5,inshore,12.5,2008
OD0809,42,13,inshore,13.5,2008
OD0809,42,14,inshore,14.5,2008
OD0809,42,14.5,inshore,14.5,2008
OD0809,42,16,inshore,16.5,2008
OD0809,42,14,inshore,14.5,2008
OD0809,42,15.5,inshore,15.5,2008
OD0809,42,12.5,inshore,12.5,2008
OD0809,42,19,inshore,19.5,2008
OD0809,42,14.5,inshore,14.5,2008
OD0809,42,15,inshore,15.5,2008
OD0809,42,16,inshore,16.5,2008
OD0809,42,14,inshore,14.5,2008
OD0809,42,13.5,inshore,13.5,2008
OD0809,42,14.5,inshore,14.5,2008
OD0809,42,15,inshore,15.5,2008
OD0809,55,15,inshore,15.5,2008
OD0809,55,15.5,inshore,15.5,2008
OD0809,55,15,inshore,15.5,2008
OD0809,55,17,inshore,17.5,2008
OD0809,55,18,inshore,18.5,2008
OD0809,55,24,inshore,24.5,2008
OD0809,55,15.5,inshore,15.5,2008
OD0809,55,15,inshore,15.5,2008
OD0809,55,15,inshore,15.5,2008
OD0809,55,14.5,inshore,14.5,2008
OD0809,55,16.5,inshore,16.5,2008
OD0809,55,16,inshore,16.5,2008
OD0809,55,14.5,inshore,14.5,2008
OD0809,55,16.5,inshore,16.5,2008
OD0809,55,16.5,inshore,16.5,2008
OD0809,55,14,inshore,14.5,2008
OD0809,55,14.5,inshore,14.5,2008
OD0809,55,15,inshore,15.5,2008
OD0809,55,15,inshore,15.5,2008
OD0809,55,15,inshore,15.5,2008
OD0809,55,16,inshore,16.5,2008
OD0809,55,14.5,inshore,14.5,2008
OD0809,55,14.5,inshore,14.5,2008
OD0809,55,15.5,inshore,15.5,2008
OD0809,55,14.5,inshore,14.5,2008
DY1006,4,24,inshore,24.5,2010
DY1006,4,23,inshore,23.5,2010
DY1006,4,24,inshore,24.5,2010
DY1006,4,19,inshore,19.5,2010
DY1006,4,22,inshore,22.5,2010
DY1006,4,20,inshore,20.5,2010
DY1006,4,23,inshore,23.5,2010
DY1006,4,19,inshore,19.5,2010
DY1006,4,22,inshore,22.5,2010
DY1006,4,24,inshore,24.5,2010
DY1006,4,18,inshore,18.5,2010
DY1006,4,23,inshore,23.5,2010
DY1006,4,22,inshore,22.5,2010
DY1006,4,21,inshore,21.5,2010
DY1006,4,25,inshore,25.5,2010
DY1006,4,24,inshore,24.5,2010
DY1006,4,28,inshore,28.5,2010
DY1006,4,25,inshore,25.5,2010
DY1006,4,27,inshore,27.5,2010
DY1006,4,25,inshore,25.5,2010
DY1006,4,23,inshore,23.5,2010
DY1006,4,25,inshore,25.5,2010
DY1006,4,24,inshore,24.5,2010
DY1006,4,24,inshore,24.5,2010
DY1006,4,20,inshore,20.5,2010
DY1006,8,26,inshore,26.5,2010
DY1006,8,15.5,inshore,15.5,2010
DY1006,8,27,inshore,27.5,2010
DY1006,8,17,inshore,17.5,2010
DY1006,8,26,inshore,26.5,2010
DY1006,8,20,inshore,20.5,2010
DY1006,8,26,inshore,26.5,2010
DY1006,8,15.5,inshore,15.5,2010
DY1006,8,24,inshore,24.5,2010
DY1006,8,23,inshore,23.5,2010
DY1006,8,21,inshore,21.5,2010
DY1006,8,24,inshore,24.5,2010
DY1006,8,20,inshore,20.5,2010
DY1006,8,28,inshore,28.5,2010
DY1006,8,29,inshore,29.5,2010
DY1006,8,26,inshore,26.5,2010
DY1006,8,25,inshore,25.5,2010
DY1006,8,27,inshore,27.5,2010
DY1006,8,25,inshore,25.5,2010
DY1006,8,22,inshore,22.5,2010
DY1006,8,23,inshore,23.5,2010
DY1006,8,23,inshore,23.5,2010
DY1006,8,24,inshore,24.5,2010
DY1006,8,24,inshore,24.5,2010
DY1006,8,24,inshore,24.5,2010
DY1006,8,23,inshore,23.5,2010
DY1006,8,24,inshore,24.5,2010
DY1006,8,24,inshore,24.5,2010
DY1006,8,23,inshore,23.5,2010
DY1006,25,19,inshore,19.5,2010
DY1006,25,19,inshore,19.5,2010
DY1006,25,19,inshore,19.5,2010
DY1006,25,21,inshore,21.5,2010
DY1006,25,18,inshore,18.5,2010
DY1006,25,17,inshore,17.5,2010
DY1006,25,20,inshore,20.5,2010
DY1006,25,19,inshore,19.5,2010
DY1006,25,18,inshore,18.5,2010
DY1006,25,17,inshore,17.5,2010
DY1006,25,21,inshore,21.5,2010
DY1006,25,23,inshore,23.5,2010
DY1006,25,20,inshore,20.5,2010
DY1006,25,19,inshore,19.5,2010
DY1006,25,18,inshore,18.5,2010
DY1006,25,18,inshore,18.5,2010
DY1006,25,25,inshore,25.5,2010
DY1006,25,22,inshore,22.5,2010
DY1006,25,23,inshore,23.5,2010
DY1006,25,18,inshore,18.5,2010
DY1006,25,20,inshore,20.5,2010
DY1006,25,19,inshore,19.5,2010
DY1006,25,19,inshore,19.5,2010
DY1006,25,18,inshore,18.5,2010
DY1006,25,21,inshore,21.5,2010
DY1006,25,20,inshore,20.5,2010
DY1006,25,17,inshore,17.5,2010
DY1006,25,25,inshore,25.5,2010
DY1006,25,20,inshore,20.5,2010
DY1006,25,18,inshore,18.5,2010
DY1006,25,21,inshore,21.5,2010
DY1006,25,19,inshore,19.5,2010
DY1006,25,19,inshore,19.5,2010
DY1006,25,21,inshore,21.5,2010
DY1006,25,21,inshore,21.5,2010
DY1006,25,20,inshore,20.5,2010
DY1006,25,19,inshore,19.5,2010
DY1006,25,19,inshore,19.5,2010
DY1006,29,20.5,inshore,20.5,2010
DY1006,29,26,inshore,26.5,2010
DY1006,29,20.6,inshore,20.5,2010
DY1006,29,18.6,inshore,18.5,2010
DY1006,29,20.8,inshore,20.5,2010
DY1006,29,19.9,inshore,19.5,2010
DY1006,29,21.3,inshore,21.5,2010
DY1006,29,13.2,inshore,13.5,2010
DY1006,29,21.6,inshore,21.5,2010
DY1006,29,16.9,inshore,16.5,2010
DY1006,29,18,inshore,18.5,2010
DY1006,29,17.8,inshore,17.5,2010
DY1006,29,23,inshore,23.5,2010
DY1006,29,22.9,inshore,22.5,2010
DY1006,29,23.4,inshore,23.5,2010
DY1006,29,23.2,inshore,23.5,2010
DY1006,29,27.5,inshore,27.5,2010
DY1006,29,23.2,inshore,23.5,2010
DY1006,29,24,inshore,24.5,2010
DY1006,29,17.8,inshore,17.5,2010
DY1006,29,19.5,inshore,19.5,2010
DY1006,29,23.8,inshore,23.5,2010
DY1006,29,27,inshore,27.5,2010
DY1006,29,28.1,inshore,28.5,2010
DY1006,29,28.9,inshore,28.5,2010
DY1006,29,24.5,inshore,24.5,2010
DY1006,29,24.7,inshore,24.5,2010
DY1006,46,24,inshore,24.5,2010
DY1006,46,18,inshore,18.5,2010
DY1006,46,15,inshore,15.5,2010
DY1006,46,21,inshore,21.5,2010
DY1006,46,20,inshore,20.5,2010
DY1006,46,20,inshore,20.5,2010
DY1006,46,23,inshore,23.5,2010
DY1006,46,21,inshore,21.5,2010
DY1006,46,21,inshore,21.5,2010
DY1006,46,24,inshore,24.5,2010
DY1006,46,20,inshore,20.5,2010
DY1006,46,22,inshore,22.5,2010
DY1006,46,23,inshore,23.5,2010
DY1006,46,24,inshore,24.5,2010
DY1006,46,25,inshore,25.5,2010
DY1006,46,21,inshore,21.5,2010
DY1006,46,24.5,inshore,24.5,2010
DY1006,46,26,inshore,26.5,2010
DY1006,46,20,inshore,20.5,2010
DY1006,46,21,inshore,21.5,2010
DY1006,46,17.5,inshore,17.5,2010
DY1006,46,25,inshore,25.5,2010
DY1006,46,19,inshore,19.5,2010
DY1006,46,20,inshore,20.5,2010
DY1006,46,18.5,inshore,18.5,2010
DY1006,46,19,inshore,19.5,2010
DY1006,46,20.5,inshore,20.5,2010
DY1006,46,20,inshore,20.5,2010
DY1006,46,19,inshore,19.5,2010
DY1006,46,22.5,inshore,22.5,2010
DY1006,46,14,inshore,14.5,2010
DY1006,46,21,inshore,21.5,2010
DY1006,46,18,inshore,18.5,2010
DY1006,46,19,inshore,19.5,2010
DY1006,46,17,inshore,17.5,2010
DY1006,46,24,inshore,24.5,2010
DY1006,46,17,inshore,17.5,2010
DY1006,46,18,inshore,18.5,2010
DY1006,46,16,inshore,16.5,2010
DY1006,46,18,inshore,18.5,2010
DY1006,46,17,inshore,17.5,2010
DY1006,46,21,inshore,21.5,2010
DY1006,53,24,inshore,24.5,2010
DY1006,53,16,inshore,16.5,2010
DY1006,53,18,inshore,18.5,2010
DY1006,53,19,inshore,19.5,2010
DY1006,53,17,inshore,17.5,2010
DY1006,53,18,inshore,18.5,2010
DY1006,53,18,inshore,18.5,2010
DY1006,53,19,inshore,19.5,2010
DY1006,53,18,inshore,18.5,2010
DY1006,53,20,inshore,20.5,2010
DY1006,53,20,inshore,20.5,2010
DY1006,53,14,inshore,14.5,2010
DY1006,53,18,inshore,18.5,2010
DY1006,53,16,inshore,16.5,2010
DY1006,53,17,inshore,17.5,2010
DY1006,53,19,inshore,19.5,2010
DY1006,53,17,inshore,17.5,2010
DY1006,53,20,inshore,20.5,2010
DY1006,53,19,inshore,19.5,2010
DY1006,53,19,inshore,19.5,2010
DY1006,53,22,inshore,22.5,2010
DY1006,53,16,inshore,16.5,2010
DY1006,53,18,inshore,18.5,2010
DY1006,53,17,inshore,17.5,2010
DY1006,53,18,inshore,18.5,2010
DY1207,1,16,inshore,16.5,2012
DY1207,1,21,inshore,21.5,2012
DY1207,1,22,inshore,22.5,2012
DY1207,1,24,inshore,24.5,2012
DY1207,1,26,inshore,26.5,2012
DY1207,1,23,inshore,23.5,2012
DY1207,1,27,inshore,27.5,2012
DY1207,1,21,inshore,21.5,2012
DY1207,1,26,inshore,26.5,2012
DY1207,1,21,inshore,21.5,2012
DY1207,1,26,inshore,26.5,2012
DY1207,1,19,inshore,19.5,2012
DY1207,1,20,inshore,20.5,2012
DY1207,1,18,inshore,18.5,2012
DY1207,1,19,inshore,19.5,2012
DY1207,1,23,inshore,23.5,2012
DY1207,1,18,inshore,18.5,2012
DY1207,1,17,inshore,17.5,2012
DY1207,1,20,inshore,20.5,2012
DY1207,1,28,inshore,28.5,2012
DY1207,1,28,inshore,28.5,2012
DY1207,1,24,inshore,24.5,2012
DY1207,1,26,inshore,26.5,2012
DY1207,1,28,inshore,28.5,2012
DY1207,1,26,inshore,26.5,2012
DY1207,1,28,inshore,28.5,2012
DY1207,1,29,inshore,29.5,2012
DY1207,1,18,inshore,18.5,2012
DY1207,3,27,inshore,27.5,2012
DY1207,3,24,inshore,24.5,2012
DY1207,3,26,inshore,26.5,2012
DY1207,3,29,inshore,29.5,2012
DY1207,3,18,inshore,18.5,2012
DY1207,3,22,inshore,22.5,2012
DY1207,3,24,inshore,24.5,2012
DY1207,3,25,inshore,25.5,2012
DY1207,3,21,inshore,21.5,2012
DY1207,3,21,inshore,21.5,2012
DY1207,3,20,inshore,20.5,2012
DY1207,3,18,inshore,18.5,2012
DY1207,3,24,inshore,24.5,2012
DY1207,3,20,inshore,20.5,2012
DY1207,3,26,inshore,26.5,2012
DY1207,3,21,inshore,21.5,2012
DY1207,3,18,inshore,18.5,2012
DY1207,3,18,inshore,18.5,2012
DY1207,3,17,inshore,17.5,2012
DY1207,3,19,inshore,19.5,2012
DY1207,3,20,inshore,20.5,2012
DY1207,3,20,inshore,20.5,2012
DY1207,3,17,inshore,17.5,2012
DY1207,3,18,inshore,18.5,2012
DY1207,3,17,inshore,17.5,2012
DY1207,11,22,inshore,22.5,2012
DY1207,11,23,inshore,23.5,2012
DY1207,11,20,inshore,20.5,2012
DY1207,11,25,inshore,25.5,2012
DY1207,11,22,inshore,22.5,2012
DY1207,11,26,inshore,26.5,2012
DY1207,11,19,inshore,19.5,2012
DY1207,11,19,inshore,19.5,2012
DY1207,11,22,inshore,22.5,2012
DY1207,11,17,inshore,17.5,2012
DY1207,11,17,inshore,17.5,2012
DY1207,11,20,inshore,20.5,2012
DY1207,11,26,inshore,26.5,2012
DY1207,11,22,inshore,22.5,2012
DY1207,11,24,inshore,24.5,2012
DY1207,11,18,inshore,18.5,2012
DY1207,11,20,inshore,20.5,2012
DY1207,11,18,inshore,18.5,2012
DY1207,11,18,inshore,18.5,2012
DY1207,11,20,inshore,20.5,2012
DY1207,11,23,inshore,23.5,2012
DY1207,11,23,inshore,23.5,2012
DY1207,11,19,inshore,19.5,2012
DY1207,11,21,inshore,21.5,2012
DY1207,11,20,inshore,20.5,2012
DY1207,18,21,inshore,21.5,2012
DY1207,18,20,inshore,20.5,2012
DY1207,18,21,inshore,21.5,2012
DY1207,18,19,inshore,19.5,2012
DY1207,18,27,inshore,27.5,2012
DY1207,18,18,inshore,18.5,2012
DY1207,18,22,inshore,22.5,2012
DY1207,18,20,inshore,20.5,2012
DY1207,18,22,inshore,22.5,2012
DY1207,18,21,inshore,21.5,2012
DY1207,18,22,inshore,22.5,2012
DY1207,18,17,inshore,17.5,2012
DY1207,18,20,inshore,20.5,2012
DY1207,18,18,inshore,18.5,2012
DY1207,18,23,inshore,23.5,2012
DY1207,18,21,inshore,21.5,2012
DY1207,18,22,inshore,22.5,2012
DY1207,18,18,inshore,18.5,2012
DY1207,18,22,inshore,22.5,2012
DY1207,18,19,inshore,19.5,2012
DY1207,18,26,inshore,26.5,2012
DY1207,18,20,inshore,20.5,2012
DY1207,18,21,inshore,21.5,2012
DY1207,18,19,inshore,19.5,2012
DY1207,18,21,inshore,21.5,2012
DY1207,18,18,inshore,18.5,2012
DY1207,18,19,inshore,19.5,2012
DY1207,18,18,inshore,18.5,2012
DY1207,18,20,inshore,20.5,2012
DY1207,18,18,inshore,18.5,2012
DY1207,18,21,inshore,21.5,2012
DY1207,18,18,inshore,18.5,2012
DY1207,18,23,inshore,23.5,2012
DY1207,18,18,inshore,18.5,2012
DY1207,18,21,inshore,21.5,2012
DY1207,18,17,inshore,17.5,2012
DY1207,18,21,inshore,21.5,2012
DY1207,18,17,inshore,17.5,2012
DY1207,18,20,inshore,20.5,2012
DY1207,18,17,inshore,17.5,2012
DY1207,18,21,inshore,21.5,2012
DY1207,18,20,inshore,20.5,2012
DY1207,18,21,inshore,21.5,2012
DY1207,18,17,inshore,17.5,2012
DY1207,18,20,inshore,20.5,2012
DY1207,18,20,inshore,20.5,2012
DY1207,18,22,inshore,22.5,2012
DY1207,18,17,inshore,17.5,2012
DY1207,18,18,inshore,18.5,2012
DY1207,18,18,inshore,18.5,2012
DY1207,19,17,inshore,17.5,2012
DY1207,19,19,inshore,19.5,2012
DY1207,19,21,inshore,21.5,2012
DY1207,19,23,inshore,23.5,2012
DY1207,19,21,inshore,21.5,2012
DY1207,19,16,inshore,16.5,2012
DY1207,19,20,inshore,20.5,2012
DY1207,19,19,inshore,19.5,2012
DY1207,19,18,inshore,18.5,2012
DY1207,19,19,inshore,19.5,2012
DY1207,19,21,inshore,21.5,2012
DY1207,19,20,inshore,20.5,2012
DY1207,19,19,inshore,19.5,2012
DY1207,19,16,inshore,16.5,2012
DY1207,19,18,inshore,18.5,2012
DY1207,19,19,inshore,19.5,2012
DY1207,19,18,inshore,18.5,2012
DY1207,19,17,inshore,17.5,2012
DY1207,19,23,inshore,23.5,2012
DY1207,19,21,inshore,21.5,2012
DY1207,19,18,inshore,18.5,2012
DY1207,19,18,inshore,18.5,2012
DY1207,19,16,inshore,16.5,2012
DY1207,19,16,inshore,16.5,2012
DY1207,19,20,inshore,20.5,2012
DY1207,23,19,inshore,19.5,2012
DY1207,23,18,inshore,18.5,2012
DY1207,23,20,inshore,20.5,2012
DY1207,23,19,inshore,19.5,2012
DY1207,23,17,inshore,17.5,2012
DY1207,23,20,inshore,20.5,2012
DY1207,23,21,inshore,21.5,2012
DY1207,23,17,inshore,17.5,2012
DY1207,23,17,inshore,17.5,2012
DY1207,23,19,inshore,19.5,2012
DY1207,23,18,inshore,18.5,2012
DY1207,23,16,inshore,16.5,2012
DY1207,23,19,inshore,19.5,2012
DY1207,23,18,inshore,18.5,2012
DY1207,23,18,inshore,18.5,2012
DY1207,23,19,inshore,19.5,2012
DY1207,23,17,inshore,17.5,2012
DY1207,23,16,inshore,16.5,2012
DY1207,23,18,inshore,18.5,2012
DY1207,23,18,inshore,18.5,2012
DY1207,23,20,inshore,20.5,2012
DY1207,23,18,inshore,18.5,2012
DY1207,23,21,inshore,21.5,2012
DY1207,23,17,inshore,17.5,2012
DY1207,23,18,inshore,18.5,2012
DY1207,23,16,inshore,16.5,2012
DY1207,23,20,inshore,20.5,2012
DY1207,23,20,inshore,20.5,2012
DY1207,23,17,inshore,17.5,2012
DY1207,23,18,inshore,18.5,2012
DY1207,23,17,inshore,17.5,2012
DY1207,23,17,inshore,17.5,2012
DY1207,23,18,inshore,18.5,2012
DY1207,23,18,inshore,18.5,2012
DY1207,23,20,inshore,20.5,2012
DY1207,23,19,inshore,19.5,2012
DY1207,23,21,inshore,21.5,2012
DY1207,23,16,inshore,16.5,2012
DY1207,23,22,inshore,22.5,2012
DY1207,23,18,inshore,18.5,2012
DY1207,23,19,inshore,19.5,2012
DY1207,23,19,inshore,19.5,2012
DY1207,23,16,inshore,16.5,2012
DY1207,23,19,inshore,19.5,2012
DY1207,23,20,inshore,20.5,2012
DY1207,23,18,inshore,18.5,2012
DY1207,23,21,inshore,21.5,2012
DY1207,23,20,inshore,20.5,2012
DY1207,23,20,inshore,20.5,2012
DY1207,23,19,inshore,19.5,2012
DY1207,24,20,inshore,20.5,2012
DY1207,24,20,inshore,20.5,2012
DY1207,24,18,inshore,18.5,2012
DY1207,24,15,inshore,15.5,2012
DY1207,24,20,inshore,20.5,2012
DY1207,24,16,inshore,16.5,2012
DY1207,24,19,inshore,19.5,2012
DY1207,24,19,inshore,19.5,2012
DY1207,24,18,inshore,18.5,2012
DY1207,24,20,inshore,20.5,2012
DY1207,24,22,inshore,22.5,2012
DY1207,24,18,inshore,18.5,2012
DY1207,24,17,inshore,17.5,2012
DY1207,24,18,inshore,18.5,2012
DY1207,24,19,inshore,19.5,2012
DY1207,24,16,inshore,16.5,2012
DY1207,24,13,inshore,13.5,2012
DY1207,24,18,inshore,18.5,2012
DY1207,24,17,inshore,17.5,2012
DY1207,24,19,inshore,19.5,2012
DY1207,24,20,inshore,20.5,2012
DY1207,24,17,inshore,17.5,2012
DY1207,24,19,inshore,19.5,2012
DY1207,24,17,inshore,17.5,2012
DY1207,24,17,inshore,17.5,2012
DY1207,24,18,inshore,18.5,2012
DY1207,24,19,inshore,19.5,2012
DY1207,24,21,inshore,21.5,2012
DY1207,33,18,inshore,18.5,2012
DY1207,33,17,inshore,17.5,2012
DY1207,33,19,inshore,19.5,2012
DY1207,33,20,inshore,20.5,2012
DY1207,33,16,inshore,16.5,2012
DY1207,33,19,inshore,19.5,2012
DY1207,33,18,inshore,18.5,2012
DY1207,33,20,inshore,20.5,2012
DY1207,33,17,inshore,17.5,2012
DY1207,33,18,inshore,18.5,2012
DY1207,33,20,inshore,20.5,2012
DY1207,33,17,inshore,17.5,2012
DY1207,33,18,inshore,18.5,2012
DY1207,33,17,inshore,17.5,2012
DY1207,33,21,inshore,21.5,2012
DY1207,33,19,inshore,19.5,2012
DY1207,33,18,inshore,18.5,2012
DY1207,33,21,inshore,21.5,2012
DY1207,33,19,inshore,19.5,2012
DY1207,33,17,inshore,17.5,2012
DY1207,33,21,inshore,21.5,2012
DY1207,33,19,inshore,19.5,2012
DY1207,33,17,inshore,17.5,2012
DY1207,33,16,inshore,16.5,2012
DY1207,33,19,inshore,19.5,2012
DY1207,35,18,inshore,18.5,2012
DY1207,35,19,inshore,19.5,2012
DY1207,35,18,inshore,18.5,2012
DY1207,35,15,inshore,15.5,2012
DY1207,35,19,inshore,19.5,2012
DY1207,35,19,inshore,19.5,2012
DY1207,35,20,inshore,20.5,2012
DY1207,35,17,inshore,17.5,2012
DY1207,35,18,inshore,18.5,2012
DY1207,35,18,inshore,18.5,2012
DY1207,35,21,inshore,21.5,2012
DY1207,35,16,inshore,16.5,2012
DY1207,35,16,inshore,16.5,2012
DY1207,35,19,inshore,19.5,2012
DY1207,35,19,inshore,19.5,2012
DY1207,35,16,inshore,16.5,2012
DY1207,35,19,inshore,19.5,2012
DY1207,35,14,inshore,14.5,2012
DY1207,35,17,inshore,17.5,2012
DY1207,35,20,inshore,20.5,2012
DY1207,35,18,inshore,18.5,2012
DY1207,35,17,inshore,17.5,2012
DY1207,35,23,inshore,23.5,2012
DY1207,35,17,inshore,17.5,2012
DY1207,35,20,inshore,20.5,2012
DY1207,35,18,inshore,18.5,2012
DY1207,35,21,inshore,21.5,2012
DY1207,35,17,inshore,17.5,2012
DY1207,35,20,inshore,20.5,2012
DY1207,35,16,inshore,16.5,2012
DY1207,35,21,inshore,21.5,2012
DY1207,35,17,inshore,17.5,2012
DY1207,35,19,inshore,19.5,2012
DY1207,35,15,inshore,15.5,2012
DY1207,35,20,inshore,20.5,2012
DY1207,35,15,inshore,15.5,2012
DY1207,35,20,inshore,20.5,2012
DY1207,35,17,inshore,17.5,2012
DY1207,35,18,inshore,18.5,2012
DY1207,35,20,inshore,20.5,2012
DY1207,35,18,inshore,18.5,2012
DY1207,35,19,inshore,19.5,2012
DY1207,35,17,inshore,17.5,2012
DY1207,35,19,inshore,19.5,2012
DY1207,72,19,inshore,19.5,2012
DY1207,72,16,inshore,16.5,2012
DY1207,72,22,inshore,22.5,2012
DY1207,72,14,inshore,14.5,2012
DY1207,72,15,inshore,15.5,2012
DY1207,72,17,inshore,17.5,2012
DY1207,72,21,inshore,21.5,2012
DY1207,72,19,inshore,19.5,2012
DY1207,72,17,inshore,17.5,2012
DY1207,72,15,inshore,15.5,2012
DY1207,72,15,inshore,15.5,2012
DY1207,72,16,inshore,16.5,2012
DY1207,72,19,inshore,19.5,2012
DY1207,72,14,inshore,14.5,2012
DY1207,72,19,inshore,19.5,2012
DY1207,72,16,inshore,16.5,2012
DY1207,72,16,inshore,16.5,2012
DY1207,72,18,inshore,18.5,2012
DY1207,72,16,inshore,16.5,2012
DY1207,72,18,inshore,18.5,2012
DY1207,72,18,inshore,18.5,2012
DY1207,72,17,inshore,17.5,2012
DY1207,72,16,inshore,16.5,2012
DY1207,72,23,inshore,23.5,2012
DY1207,72,20,inshore,20.5,2012
DY1207,72,17,inshore,17.5,2012
DY1207,72,16,inshore,16.5,2012
DY1207,72,15,inshore,15.5,2012
DY1207,72,16,inshore,16.5,2012
DY1207,72,17,inshore,17.5,2012
DY1207,72,15,inshore,15.5,2012
DY1207,72,17,inshore,17.5,2012
DY1207,72,19,inshore,19.5,2012
DY1407,19,24,inshore,24.5,2014
DY1407,19,17,inshore,17.5,2014
DY1407,19,17,inshore,17.5,2014
DY1407,19,21,inshore,21.5,2014
DY1407,19,16,inshore,16.5,2014
DY1407,19,19,inshore,19.5,2014
DY1407,19,21,inshore,21.5,2014
DY1407,19,19,inshore,19.5,2014
DY1407,19,20,inshore,20.5,2014
DY1407,19,18,inshore,18.5,2014
DY1407,19,20,inshore,20.5,2014
DY1407,19,15,inshore,15.5,2014
DY1407,19,22,inshore,22.5,2014
DY1407,19,20,inshore,20.5,2014
DY1407,19,19,inshore,19.5,2014
DY1407,19,25,inshore,25.5,2014
DY1407,19,19,inshore,19.5,2014
DY1407,19,17,inshore,17.5,2014
DY1407,19,19,inshore,19.5,2014
DY1407,19,18,inshore,18.5,2014
DY1407,19,19,inshore,19.5,2014
DY1407,19,18,inshore,18.5,2014
DY1407,19,17,inshore,17.5,2014
DY1407,19,23,inshore,23.5,2014
DY1407,19,18,inshore,18.5,2014
DY1407,19,23,inshore,23.5,2014
DY1407,19,21,inshore,21.5,2014
DY1407,19,22,inshore,22.5,2014
DY1407,19,22,inshore,22.5,2014
DY1407,19,22,inshore,22.5,2014
DY1407,19,20,inshore,20.5,2014
DY1407,19,20,inshore,20.5,2014
DY1407,33,23,inshore,23.5,2014
DY1407,33,18.5,inshore,18.5,2014
DY1407,33,21.5,inshore,21.5,2014
DY1407,33,18,inshore,18.5,2014
DY1407,33,22,inshore,22.5,2014
DY1407,33,15,inshore,15.5,2014
DY1407,33,18,inshore,18.5,2014
DY1407,33,23,inshore,23.5,2014
DY1407,33,24,inshore,24.5,2014
DY1407,33,20,inshore,20.5,2014
DY1407,33,25,inshore,25.5,2014
DY1407,33,19,inshore,19.5,2014
DY1407,33,23,inshore,23.5,2014
DY1407,33,17,inshore,17.5,2014
DY1407,33,25,inshore,25.5,2014
DY1407,33,20,inshore,20.5,2014
DY1407,33,19,inshore,19.5,2014
DY1407,33,18,inshore,18.5,2014
DY1407,33,21,inshore,21.5,2014
DY1407,33,17,inshore,17.5,2014
DY1407,33,18,inshore,18.5,2014
DY1407,33,18,inshore,18.5,2014
DY1407,33,21.5,inshore,21.5,2014
DY1407,33,20,inshore,20.5,2014
DY1407,33,20,inshore,20.5,2014
DY1407,33,23,inshore,23.5,2014
DY1407,33,22,inshore,22.5,2014
DY1407,33,23,inshore,23.5,2014
DY1407,33,19,inshore,19.5,2014
DY1407,33,22,inshore,22.5,2014
DY1407,33,19,inshore,19.5,2014
DY1407,33,21,inshore,21.5,2014
DY1407,33,23,inshore,23.5,2014
DY1407,33,24,inshore,24.5,2014
DY1407,33,22,inshore,22.5,2014
DY1407,33,24,inshore,24.5,2014
DY1407,33,18,inshore,18.5,2014
DY1407,56,22,inshore,22.5,2014
DY1407,56,22,inshore,22.5,2014
DY1407,56,21,inshore,21.5,2014
DY1407,56,16,inshore,16.5,2014
DY1407,56,20,inshore,20.5,2014
DY1407,56,20,inshore,20.5,2014
DY1407,56,22,inshore,22.5,2014
DY1407,56,21,inshore,21.5,2014
DY1407,56,20,inshore,20.5,2014
DY1407,56,20,inshore,20.5,2014
DY1407,56,21,inshore,21.5,2014
DY1407,56,15,inshore,15.5,2014
DY1407,56,19,inshore,19.5,2014
DY1407,56,20,inshore,20.5,2014
DY1407,56,17,inshore,17.5,2014
DY1407,56,19,inshore,19.5,2014
DY1407,56,20,inshore,20.5,2014
DY1407,56,22,inshore,22.5,2014
DY1407,56,21,inshore,21.5,2014
DY1407,56,23,inshore,23.5,2014
DY1407,56,21,inshore,21.5,2014
DY1407,56,20,inshore,20.5,2014
DY1407,56,22,inshore,22.5,2014
DY1407,56,22,inshore,22.5,2014
DY1407,56,15,inshore,15.5,2014
DY1407,56,20,inshore,20.5,2014
DY1608,27,18,inshore,18.5,2016
DY1608,27,17,inshore,17.5,2016
DY1608,27,20,inshore,20.5,2016
DY1608,27,16,inshore,16.5,2016
DY1608,27,19,inshore,19.5,2016
DY1608,27,15,inshore,15.5,2016
DY1608,27,16,inshore,16.5,2016
DY1608,27,17,inshore,17.5,2016
DY1608,27,17,inshore,17.5,2016
DY1608,27,18,inshore,18.5,2016
DY1608,27,16,inshore,16.5,2016
DY1608,27,16,inshore,16.5,2016
DY1608,27,17,inshore,17.5,2016
DY1608,27,18,inshore,18.5,2016
DY1608,27,17,inshore,17.5,2016
DY1608,27,20,inshore,20.5,2016
DY1608,27,17,inshore,17.5,2016
DY1608,27,16,inshore,16.5,2016
DY1608,27,16,inshore,16.5,2016
DY1608,27,16,inshore,16.5,2016
DY1608,27,17,inshore,17.5,2016
DY1608,27,19,inshore,19.5,2016
DY1608,27,20,inshore,20.5,2016
DY1608,27,16,inshore,16.5,2016
DY1608,27,17,inshore,17.5,2016
DY1608,27,16,inshore,16.5,2016
DY1608,27,16,inshore,16.5,2016
DY1608,27,18,inshore,18.5,2016
DY1608,27,20,inshore,20.5,2016
DY1608,27,15,inshore,15.5,2016
DY1608,27,16,inshore,16.5,2016
DY1608,27,16,inshore,16.5,2016
DY1608,27,20,inshore,20.5,2016
DY1608,27,16,inshore,16.5,2016
DY1608,27,19,inshore,19.5,2016
DY1608,27,15,inshore,15.5,2016
DY1608,27,21,inshore,21.5,2016
DY1608,27,17,inshore,17.5,2016
DY1608,27,16,inshore,16.5,2016
DY1608,27,18,inshore,18.5,2016
DY1608,27,18,inshore,18.5,2016
DY1608,27,16,inshore,16.5,2016
DY1608,27,19,inshore,19.5,2016
DY1608,27,16,inshore,16.5,2016
DY1608,27,18,inshore,18.5,2016
DY1608,27,15,inshore,15.5,2016
DY1608,27,18,inshore,18.5,2016
DY1608,27,19,inshore,19.5,2016
DY1608,27,17,inshore,17.5,2016
DY1608,27,17,inshore,17.5,2016
dy1807,4,18,inshore,18.5,2018
dy1807,4,16,inshore,16.5,2018
dy1807,4,21,inshore,21.5,2018
dy1807,4,19,inshore,19.5,2018
dy1807,4,19,inshore,19.5,2018
dy1807,4,14.5,inshore,14.5,2018
dy1807,4,15,inshore,15.5,2018
dy1807,4,17,inshore,17.5,2018
dy1807,4,15,inshore,15.5,2018
dy1807,4,16.5,inshore,16.5,2018
dy1807,4,16,inshore,16.5,2018
dy1807,4,15.5,inshore,15.5,2018
dy1807,4,17,inshore,17.5,2018
dy1807,4,18,inshore,18.5,2018
dy1807,4,14,inshore,14.5,2018
dy1807,4,16,inshore,16.5,2018
dy1807,4,16.5,inshore,16.5,2018
dy1807,4,14.5,inshore,14.5,2018
dy1807,4,15.5,inshore,15.5,2018
dy1807,4,16,inshore,16.5,2018
dy1807,4,15,inshore,15.5,2018
dy1807,4,18,inshore,18.5,2018
dy1807,4,13,inshore,13.5,2018
dy1807,4,15,inshore,15.5,2018
dy1807,4,17,inshore,17.5,2018
dy1807,4,17,inshore,17.5,2018
dy1807,4,16,inshore,16.5,2018
dy1807,4,16,inshore,16.5,2018
dy1807,4,16,inshore,16.5,2018
dy1807,4,15.5,inshore,15.5,2018
dy1807,4,18,inshore,18.5,2018
dy1807,4,15,inshore,15.5,2018
dy1807,4,15,inshore,15.5,2018
dy1807,4,14,inshore,14.5,2018
dy1807,4,17.5,inshore,17.5,2018
dy1807,4,16.5,inshore,16.5,2018
dy1807,4,14.5,inshore,14.5,2018
dy1807,4,22.5,inshore,22.5,2018
dy1807,4,15.5,inshore,15.5,2018
dy1807,4,15,inshore,15.5,2018
dy1807,4,18,inshore,18.5,2018
dy1807,4,14,inshore,14.5,2018
dy1807,4,14,inshore,14.5,2018
dy1807,4,15,inshore,15.5,2018
dy1807,4,15,inshore,15.5,2018
dy1807,4,16,inshore,16.5,2018
dy1807,4,14,inshore,14.5,2018
dy1807,4,17.5,inshore,17.5,2018
dy1807,4,17,inshore,17.5,2018
dy1807,4,19,inshore,19.5,2018
dy1807,4,16.5,inshore,16.5,2018
dy1807,4,13,inshore,13.5,2018
dy1807,4,15,inshore,15.5,2018
dy1807,4,15,inshore,15.5,2018
dy1807,4,20,inshore,20.5,2018
dy1807,4,19,inshore,19.5,2018
dy1807,4,17,inshore,17.5,2018
dy1807,4,19,inshore,19.5,2018
dy1807,4,14,inshore,14.5,2018
dy1807,4,18,inshore,18.5,2018
dy1807,4,17,inshore,17.5,2018
dy1807,4,17,inshore,17.5,2018
dy1807,4,14.5,inshore,14.5,2018
dy1807,4,16,inshore,16.5,2018
dy1807,4,17,inshore,17.5,2018
dy1807,4,15.5,inshore,15.5,2018
dy1807,4,17,inshore,17.5,2018
dy1807,4,18.5,inshore,18.5,2018
dy1807,8,13,inshore,13.5,2018
dy1807,8,16,inshore,16.5,2018
dy1807,8,14,inshore,14.5,2018
dy1807,8,15,inshore,15.5,2018
dy1807,8,14,inshore,14.5,2018
dy1807,8,16,inshore,16.5,2018
dy1807,8,13,inshore,13.5,2018
dy1807,8,14,inshore,14.5,2018
dy1807,8,15,inshore,15.5,2018
dy1807,8,17,inshore,17.5,2018
dy1807,8,13,inshore,13.5,2018
dy1807,8,18,inshore,18.5,2018
dy1807,8,14,inshore,14.5,2018
dy1807,8,16,inshore,16.5,2018
dy1807,8,16,inshore,16.5,2018
dy1807,8,17,inshore,17.5,2018
dy1807,8,14,inshore,14.5,2018
dy1807,8,16,inshore,16.5,2018
dy1807,8,18,inshore,18.5,2018
dy1807,8,15,inshore,15.5,2018
dy1807,8,15,inshore,15.5,2018
dy1807,8,15,inshore,15.5,2018
dy1807,8,16,inshore,16.5,2018
dy1807,8,16,inshore,16.5,2018
dy1807,8,15,inshore,15.5,2018
dy1807,8,14,inshore,14.5,2018
dy1807,8,15,inshore,15.5,2018
dy1807,8,16,inshore,16.5,2018
dy1807,8,13,inshore,13.5,2018
dy1807,8,15,inshore,15.5,2018
dy1807,8,14,inshore,14.5,2018
dy1807,8,15,inshore,15.5,2018
dy1807,8,14,inshore,14.5,2018
dy1807,8,16,inshore,16.5,2018
dy1807,8,13,inshore,13.5,2018
dy1807,8,16,inshore,16.5,2018
dy1807,8,13,inshore,13.5,2018
dy1807,8,19,inshore,19.5,2018
dy1807,8,13,inshore,13.5,2018
dy1807,8,15,inshore,15.5,2018
dy1807,8,14,inshore,14.5,2018
dy1807,8,16,inshore,16.5,2018
dy1807,8,15,inshore,15.5,2018
dy1807,8,16,inshore,16.5,2018
dy1807,8,14,inshore,14.5,2018
dy1807,8,15,inshore,15.5,2018
dy1807,8,15,inshore,15.5,2018
dy1807,8,17,inshore,17.5,2018
dy1807,8,15,inshore,15.5,2018
dy1807,8,16,inshore,16.5,2018
dy1807,60,19,inshore,19.5,2018
dy1807,60,18,inshore,18.5,2018
dy1807,60,20,inshore,20.5,2018
dy1807,60,19,inshore,19.5,2018
dy1807,60,21,inshore,21.5,2018
dy1807,60,18,inshore,18.5,2018
dy1807,60,22,inshore,22.5,2018
dy1807,60,18,inshore,18.5,2018
dy1807,60,19,inshore,19.5,2018
dy1807,60,16,inshore,16.5,2018
dy1807,60,20,inshore,20.5,2018
dy1807,60,20,inshore,20.5,2018
dy1807,60,19,inshore,19.5,2018
dy1807,60,19,inshore,19.5,2018
dy1807,60,18,inshore,18.5,2018
dy1807,60,19,inshore,19.5,2018
dy1807,60,19,inshore,19.5,2018
dy1807,60,18,inshore,18.5,2018
dy1807,60,18,inshore,18.5,2018
dy1807,60,19,inshore,19.5,2018
dy1807,60,19,inshore,19.5,2018
dy1807,60,20,inshore,20.5,2018
dy1807,60,17,inshore,17.5,2018
dy1807,60,19,inshore,19.5,2018
dy1807,60,18,inshore,18.5,2018
dy1807,60,19,inshore,19.5,2018
dy1807,60,18,inshore,18.5,2018
dy1807,60,19,inshore,19.5,2018
dy1807,60,18,inshore,18.5,2018
dy1807,60,18,inshore,18.5,2018
dy1807,60,19,inshore,19.5,2018
dy1807,60,20,inshore,20.5,2018
dy1807,60,18,inshore,18.5,2018
dy1807,60,20,inshore,20.5,2018
dy1807,60,22,inshore,22.5,2018
dy1807,60,19,inshore,19.5,2018
dy1807,67,17.8,inshore,17.5,2018
dy1807,67,17.5,inshore,17.5,2018
dy1807,67,18.1,inshore,18.5,2018
dy1807,67,16,inshore,16.5,2018
dy1807,67,19,inshore,19.5,2018
dy1807,67,17.4,inshore,17.5,2018
dy1807,67,18,inshore,18.5,2018
dy1807,67,15.6,inshore,15.5,2018
dy1807,67,17.5,inshore,17.5,2018
dy1807,67,16.8,inshore,16.5,2018
dy1807,67,18.4,inshore,18.5,2018
dy1807,67,16,inshore,16.5,2018
dy1807,67,17.6,inshore,17.5,2018
dy1807,67,15.8,inshore,15.5,2018
dy1807,67,18.6,inshore,18.5,2018
dy1807,67,18,inshore,18.5,2018
dy1807,67,16.6,inshore,16.5,2018
dy1807,67,17.6,inshore,17.5,2018
dy1807,67,19.3,inshore,19.5,2018
dy1807,67,17.2,inshore,17.5,2018
dy1807,67,19.1,inshore,19.5,2018
dy1807,67,16.1,inshore,16.5,2018
dy1807,67,18.8,inshore,18.5,2018
dy1807,67,15.8,inshore,15.5,2018
dy1807,67,24.8,inshore,24.5,2018
dy1807,67,17.5,inshore,17.5,2018
dy1807,67,21.3,inshore,21.5,2018
dy1807,67,17,inshore,17.5,2018
dy1807,67,19.8,inshore,19.5,2018
dy1807,67,16.4,inshore,16.5,2018
dy1807,67,17.2,inshore,17.5,2018
dy1807,67,15.6,inshore,15.5,2018
dy1807,67,17.3,inshore,17.5,2018
dy1807,67,16.8,inshore,16.5,2018
dy1807,67,17.6,inshore,17.5,2018
dy1807,67,16.8,inshore,16.5,2018
dy1807,67,18.3,inshore,18.5,2018
dy1807,67,15,inshore,15.5,2018
dy1807,67,17.9,inshore,17.5,2018
dy1807,67,19.8,inshore,19.5,2018
dy1807,67,18,inshore,18.5,2018
dy1807,67,19,inshore,19.5,2018
dy1807,67,17.6,inshore,17.5,2018
dy1807,67,20.6,inshore,20.5,2018
dy1807,75,22,inshore,22.5,2018
dy1807,75,20,inshore,20.5,2018
dy1807,75,20,inshore,20.5,2018
dy1807,75,20,inshore,20.5,2018
dy1807,75,20,inshore,20.5,2018
dy1807,75,18,inshore,18.5,2018
dy1807,75,18,inshore,18.5,2018
dy1807,75,17,inshore,17.5,2018
dy1807,75,19,inshore,19.5,2018
dy1807,75,17,inshore,17.5,2018
dy1807,75,21,inshore,21.5,2018
dy1807,75,20,inshore,20.5,2018
dy1807,75,18,inshore,18.5,2018
dy1807,75,19,inshore,19.5,2018
dy1807,75,16,inshore,16.5,2018
dy1807,75,15,inshore,15.5,2018
dy1807,75,20,inshore,20.5,2018
dy1807,75,19,inshore,19.5,2018
dy1807,75,18,inshore,18.5,2018
dy1807,75,18,inshore,18.5,2018
dy1807,75,20,inshore,20.5,2018
dy1807,75,16,inshore,16.5,2018
dy1807,75,20,inshore,20.5,2018
dy1807,75,16,inshore,16.5,2018
dy1807,75,26,inshore,26.5,2018
dy1807,75,20,inshore,20.5,2018
dy1807,75,17,inshore,17.5,2018
dy1807,75,20,inshore,20.5,2018
dy1807,75,15,inshore,15.5,2018
dy1807,75,17,inshore,17.5,2018
dy1807,75,18,inshore,18.5,2018
dy1807,75,19,inshore,19.5,2018
dy1807,75,19,inshore,19.5,2018
dy1807,75,19,inshore,19.5,2018
dy1807,75,16,inshore,16.5,2018
dy1807,75,16,inshore,16.5,2018
dy1807,75,17,inshore,17.5,2018
dy1807,75,17,inshore,17.5,2018
dy1807,75,18,inshore,18.5,2018
dy1807,75,17,inshore,17.5,2018
dy1807,75,18,inshore,18.5,2018
dy1807,75,18,inshore,18.5,2018
dy1807,75,18,inshore,18.5,2018
dy1807,75,18,inshore,18.5,2018
dy1807,75,17,inshore,17.5,2018
dy1807,75,17,inshore,17.5,2018
dy1807,75,20,inshore,20.5,2018
dy1807,75,17,inshore,17.5,2018
dy1807,75,16,inshore,16.5,2018
dy1807,75,19,inshore,19.5,2018
dy1807,75,17,inshore,17.5,2018
dy1807,75,17,inshore,17.5,2018
dy1807,95,21,inshore,21.5,2018
dy1807,95,16.5,inshore,16.5,2018
dy1807,95,16.5,inshore,16.5,2018
dy1807,95,16,inshore,16.5,2018
dy1807,95,18,inshore,18.5,2018
dy1807,95,16,inshore,16.5,2018
dy1807,95,17.5,inshore,17.5,2018
dy1807,95,16,inshore,16.5,2018
dy1807,95,16,inshore,16.5,2018
dy1807,95,17,inshore,17.5,2018
dy1807,95,18,inshore,18.5,2018
dy1807,95,15,inshore,15.5,2018
dy1807,95,15.5,inshore,15.5,2018
dy1807,95,14,inshore,14.5,2018
dy1807,95,20,inshore,20.5,2018
dy1807,95,17,inshore,17.5,2018
dy1807,95,17,inshore,17.5,2018
dy1807,95,16,inshore,16.5,2018
dy1807,95,19.5,inshore,19.5,2018
dy1807,95,17.5,inshore,17.5,2018
dy1807,95,20.5,inshore,20.5,2018
dy1807,95,16,inshore,16.5,2018
dy1807,95,18.5,inshore,18.5,2018
dy1807,95,15,inshore,15.5,2018
dy1807,95,21,inshore,21.5,2018
dy1807,95,14,inshore,14.5,2018
dy1807,95,17,inshore,17.5,2018
dy1807,95,19.5,inshore,19.5,2018
dy1807,95,16,inshore,16.5,2018
dy1807,95,17,inshore,17.5,2018
dy1807,95,18,inshore,18.5,2018
dy1807,95,18,inshore,18.5,2018
dy1807,95,18,inshore,18.5,2018
dy1807,95,17,inshore,17.5,2018
dy1807,95,16,inshore,16.5,2018
dy1807,95,16,inshore,16.5,2018
dy1807,95,19,inshore,19.5,2018
dy1807,95,17.5,inshore,17.5,2018
dy1807,95,15.5,inshore,15.5,2018
dy1807,95,16,inshore,16.5,2018
dy1807,95,17.5,inshore,17.5,2018
dy1807,95,16.5,inshore,16.5,2018
dy1807,95,16,inshore,16.5,2018
dy1807,95,15,inshore,15.5,2018
dy1807,95,18.5,inshore,18.5,2018
dy1807,95,14.5,inshore,14.5,2018
dy1807,95,19,inshore,19.5,2018
dy1807,95,15,inshore,15.5,2018
dy1807,95,17,inshore,17.5,2018
dy1807,95,16,inshore,16.5,2018
DY2207,18,15.5,inshore,15.5,2022
DY2207,18,14.5,inshore,14.5,2022
DY2207,18,14.5,inshore,14.5,2022
DY2207,18,16,inshore,16.5,2022
DY2207,18,16.5,inshore,16.5,2022
DY2207,18,17,inshore,17.5,2022
DY2207,18,15.5,inshore,15.5,2022
DY2207,18,18,inshore,18.5,2022
DY2207,18,18,inshore,18.5,2022
DY2207,18,14.5,inshore,14.5,2022
DY2207,18,16.5,inshore,16.5,2022
DY2207,18,15,inshore,15.5,2022
DY2207,18,14.5,inshore,14.5,2022
DY2207,18,15,inshore,15.5,2022
DY2207,18,15,inshore,15.5,2022
DY2207,18,15.5,inshore,15.5,2022
DY2207,18,15,inshore,15.5,2022
DY2207,18,18,inshore,18.5,2022
DY2207,18,15,inshore,15.5,2022
DY2207,18,16.5,inshore,16.5,2022
DY2207,18,15,inshore,15.5,2022
DY2207,18,13.5,inshore,13.5,2022
DY2207,18,13,inshore,13.5,2022
DY2207,18,13,inshore,13.5,2022
DY2207,18,14.5,inshore,14.5,2022
DY2207,18,14,inshore,14.5,2022
DY2207,64,18,inshore,18.5,2022
DY2207,64,20,inshore,20.5,2022
DY2207,64,22,inshore,22.5,2022
DY2207,64,18,inshore,18.5,2022
DY2207,64,19,inshore,19.5,2022
DY2207,64,18,inshore,18.5,2022
DY2207,64,19,inshore,19.5,2022
DY2207,64,18,inshore,18.5,2022
DY2207,64,20,inshore,20.5,2022
DY2207,64,19.5,inshore,19.5,2022
DY2207,64,20,inshore,20.5,2022
DY2207,64,16,inshore,16.5,2022
DY2207,64,18,inshore,18.5,2022
DY2207,64,16,inshore,16.5,2022
DY2207,64,18,inshore,18.5,2022
DY2207,64,18,inshore,18.5,2022
DY2207,64,17,inshore,17.5,2022
DY2207,64,16,inshore,16.5,2022
DY2207,64,15,inshore,15.5,2022
DY2207,64,18,inshore,18.5,2022
DY2207,64,17,inshore,17.5,2022
DY2207,64,20,inshore,20.5,2022
DY2207,64,16,inshore,16.5,2022
DY2207,64,18,inshore,18.5,2022
DY2207,64,17,inshore,17.5,2022
DY2207,64,15,inshore,15.5,2022
DY2207,64,18,inshore,18.5,2022
DY2207,64,16,inshore,16.5,2022
DY2207,64,18,inshore,18.5,2022
DY2207,64,18,inshore,18.5,2022
DY2207,64,16,inshore,16.5,2022
DY2207,64,16,inshore,16.5,2022
DY2207,64,21,inshore,21.5,2022
DY2207,64,15,inshore,15.5,2022
DY2207,64,21,inshore,21.5,2022
DY2207,64,18,inshore,18.5,2022
DY2207,64,18,inshore,18.5,2022
DY2207,64,17,inshore,17.5,2022
DY2207,64,17,inshore,17.5,2022
DY2207,64,18,inshore,18.5,2022
DY2207,64,16,inshore,16.5,2022
DY2207,64,17,inshore,17.5,2022
DY2207,64,18,inshore,18.5,2022
DY2207,64,17,inshore,17.5,2022
DY2207,64,18,inshore,18.5,2022
DY2207,64,15,inshore,15.5,2022
DY2207,64,17,inshore,17.5,2022
DY2207,64,18,inshore,18.5,2022
DY2207,64,18,inshore,18.5,2022
DY2207,64,18,inshore,18.5,2022
DY0909,26,20,offshore,20.5,2009
DY0909,26,22,offshore,22.5,2009
DY0909,26,21,offshore,21.5,2009
DY0909,26,17,offshore,17.5,2009
DY0909,26,20,offshore,20.5,2009
DY0909,26,17.5,offshore,17.5,2009
DY0909,26,21,offshore,21.5,2009
DY0909,26,20.5,offshore,20.5,2009
DY0909,26,19,offshore,19.5,2009
DY0909,26,18,offshore,18.5,2009
DY0909,26,20,offshore,20.5,2009
DY0909,26,17.5,offshore,17.5,2009
DY0909,26,19.5,offshore,19.5,2009
DY0909,26,24.5,offshore,24.5,2009
DY0909,26,20,offshore,20.5,2009
DY0909,26,17,offshore,17.5,2009
DY0909,26,20.5,offshore,20.5,2009
DY0909,26,19,offshore,19.5,2009
DY0909,26,20,offshore,20.5,2009
DY0909,26,17,offshore,17.5,2009
DY0909,26,23,offshore,23.5,2009
DY0909,26,17,offshore,17.5,2009
DY0909,26,22.5,offshore,22.5,2009
DY0909,26,17.5,offshore,17.5,2009
DY0909,26,18,offshore,18.5,2009
DY0909,26,19,offshore,19.5,2009
DY0909,26,20,offshore,20.5,2009
DY0909,26,17,offshore,17.5,2009
DY0909,26,19.5,offshore,19.5,2009
DY0909,26,21,offshore,21.5,2009
DY0909,26,20,offshore,20.5,2009
DY0909,26,17,offshore,17.5,2009
DY0909,26,19.5,offshore,19.5,2009
DY0909,26,23,offshore,23.5,2009
DY0909,26,20,offshore,20.5,2009
DY0909,26,21,offshore,21.5,2009
DY0909,26,20,offshore,20.5,2009
DY0909,26,19,offshore,19.5,2009
DY0909,26,18.5,offshore,18.5,2009
DY0909,26,17,offshore,17.5,2009
DY0909,26,21.5,offshore,21.5,2009
DY0909,26,17.5,offshore,17.5,2009
DY0909,26,20,offshore,20.5,2009
DY0909,26,20,offshore,20.5,2009
DY0909,26,18,offshore,18.5,2009
DY0909,26,18.5,offshore,18.5,2009
DY0909,26,19.5,offshore,19.5,2009
DY0909,26,14.5,offshore,14.5,2009
DY0909,26,17,offshore,17.5,2009
DY0909,26,14,offshore,14.5,2009
DY0909,28,20,offshore,20.5,2009
DY0909,28,24,offshore,24.5,2009
DY0909,28,21,offshore,21.5,2009
DY0909,28,18,offshore,18.5,2009
DY0909,28,19,offshore,19.5,2009
DY0909,28,19,offshore,19.5,2009
DY0909,28,18,offshore,18.5,2009
DY0909,28,20,offshore,20.5,2009
DY0909,28,17,offshore,17.5,2009
DY0909,28,19,offshore,19.5,2009
DY0909,28,23,offshore,23.5,2009
DY0909,28,17,offshore,17.5,2009
DY0909,28,19,offshore,19.5,2009
DY0909,28,18,offshore,18.5,2009
DY0909,28,16,offshore,16.5,2009
DY0909,28,21,offshore,21.5,2009
DY0909,28,20,offshore,20.5,2009
DY0909,28,21,offshore,21.5,2009
DY0909,28,18,offshore,18.5,2009
DY0909,28,19,offshore,19.5,2009
DY0909,28,19,offshore,19.5,2009
DY0909,28,19,offshore,19.5,2009
DY0909,28,18,offshore,18.5,2009
DY0909,28,23,offshore,23.5,2009
DY0909,28,19,offshore,19.5,2009
DY0909,28,17,offshore,17.5,2009
DY0909,28,22,offshore,22.5,2009
DY0909,28,18,offshore,18.5,2009
DY0909,28,17,offshore,17.5,2009
DY0909,28,19,offshore,19.5,2009
DY0909,28,20,offshore,20.5,2009
DY0909,28,21,offshore,21.5,2009
DY0909,28,23,offshore,23.5,2009
DY0909,28,22,offshore,22.5,2009
DY0909,28,18,offshore,18.5,2009
DY0909,28,17,offshore,17.5,2009
DY0909,28,19,offshore,19.5,2009
DY0909,30,19,offshore,19.5,2009
DY0909,30,17,offshore,17.5,2009
DY0909,30,14,offshore,14.5,2009
DY0909,30,19,offshore,19.5,2009
DY0909,30,17,offshore,17.5,2009
DY0909,30,15,offshore,15.5,2009
DY0909,30,18,offshore,18.5,2009
DY0909,30,19,offshore,19.5,2009
DY0909,30,16,offshore,16.5,2009
DY0909,30,17,offshore,17.5,2009
DY0909,30,18,offshore,18.5,2009
DY0909,30,16,offshore,16.5,2009
DY0909,30,17,offshore,17.5,2009
DY0909,30,15,offshore,15.5,2009
DY0909,30,16,offshore,16.5,2009
DY0909,30,21,offshore,21.5,2009
DY0909,30,14,offshore,14.5,2009
DY0909,30,20,offshore,20.5,2009
DY0909,30,18,offshore,18.5,2009
DY0909,30,15,offshore,15.5,2009
DY0909,30,13,offshore,13.5,2009
DY0909,30,14,offshore,14.5,2009
DY0909,30,15,offshore,15.5,2009
DY0909,30,17,offshore,17.5,2009
DY0909,30,17,offshore,17.5,2009
DY0909,30,17,offshore,17.5,2009
DY0909,30,18,offshore,18.5,2009
DY0909,30,18,offshore,18.5,2009
DY0909,30,17,offshore,17.5,2009
DY0909,30,17,offshore,17.5,2009
DY0909,30,17,offshore,17.5,2009
DY0909,30,18,offshore,18.5,2009
DY0909,30,14,offshore,14.5,2009
DY0909,30,16,offshore,16.5,2009
DY0909,30,17,offshore,17.5,2009
DY0909,30,13,offshore,13.5,2009
DY0909,30,18,offshore,18.5,2009
DY0909,41,24.5,offshore,24.5,2009
DY0909,41,14.5,offshore,14.5,2009
DY0909,41,19,offshore,19.5,2009
DY0909,41,14,offshore,14.5,2009
DY0909,41,16.5,offshore,16.5,2009
DY0909,41,15.8,offshore,15.5,2009
DY0909,41,21,offshore,21.5,2009
DY0909,41,15,offshore,15.5,2009
DY0909,41,22.5,offshore,22.5,2009
DY0909,41,21.5,offshore,21.5,2009
DY0909,41,18.4,offshore,18.5,2009
DY0909,41,19.7,offshore,19.5,2009
DY0909,41,17.5,offshore,17.5,2009
DY0909,41,18.4,offshore,18.5,2009
DY0909,41,17.8,offshore,17.5,2009
DY0909,41,21.2,offshore,21.5,2009
DY0909,41,23.5,offshore,23.5,2009
DY0909,41,23.2,offshore,23.5,2009
DY0909,41,18.2,offshore,18.5,2009
DY0909,41,21,offshore,21.5,2009
DY0909,41,25.1,offshore,25.5,2009
DY0909,41,19.6,offshore,19.5,2009
DY0909,41,19.8,offshore,19.5,2009
DY0909,41,20.3,offshore,20.5,2009
DY0909,41,19.4,offshore,19.5,2009
DY0909,41,24.5,offshore,24.5,2009
DY0909,41,18.7,offshore,18.5,2009
DY0909,41,23.2,offshore,23.5,2009
DY0909,41,19.4,offshore,19.5,2009
DY0909,41,18.6,offshore,18.5,2009
DY0909,42,22,offshore,22.5,2009
DY0909,42,23,offshore,23.5,2009
DY0909,42,16,offshore,16.5,2009
DY0909,42,19,offshore,19.5,2009
DY0909,42,21,offshore,21.5,2009
DY0909,42,20,offshore,20.5,2009
DY0909,42,18,offshore,18.5,2009
DY0909,42,20.5,offshore,20.5,2009
DY0909,42,17,offshore,17.5,2009
DY0909,42,19.5,offshore,19.5,2009
DY0909,42,16.5,offshore,16.5,2009
DY0909,42,19,offshore,19.5,2009
DY0909,42,19,offshore,19.5,2009
DY0909,42,22,offshore,22.5,2009
DY0909,42,15.5,offshore,15.5,2009
DY0909,42,22.5,offshore,22.5,2009
DY0909,42,23.5,offshore,23.5,2009
DY0909,42,17,offshore,17.5,2009
DY0909,42,19,offshore,19.5,2009
DY0909,42,26,offshore,26.5,2009
DY0909,42,17,offshore,17.5,2009
DY0909,42,19,offshore,19.5,2009
DY0909,42,20,offshore,20.5,2009
DY0909,42,22,offshore,22.5,2009
DY0909,42,24,offshore,24.5,2009
DY0909,42,22,offshore,22.5,2009
DY0909,42,21,offshore,21.5,2009
DY0909,42,19,offshore,19.5,2009
DY0909,42,24,offshore,24.5,2009
DY0909,42,19,offshore,19.5,2009
DY0909,42,19,offshore,19.5,2009
DY0909,42,19,offshore,19.5,2009
DY0909,42,18,offshore,18.5,2009
DY0909,42,21,offshore,21.5,2009
DY0909,42,19,offshore,19.5,2009
DY0909,42,25,offshore,25.5,2009
DY0909,42,19,offshore,19.5,2009
DY0909,42,21,offshore,21.5,2009
DY0909,42,20,offshore,20.5,2009
DY0909,42,20,offshore,20.5,2009
DY0909,43,16,offshore,16.5,2009
DY0909,43,16,offshore,16.5,2009
DY0909,43,20,offshore,20.5,2009
DY0909,43,16,offshore,16.5,2009
DY0909,43,22,offshore,22.5,2009
DY0909,43,19,offshore,19.5,2009
DY0909,43,22,offshore,22.5,2009
DY0909,43,16,offshore,16.5,2009
DY0909,43,22,offshore,22.5,2009
DY0909,43,16,offshore,16.5,2009
DY0909,43,20,offshore,20.5,2009
DY0909,43,16,offshore,16.5,2009
DY0909,43,18,offshore,18.5,2009
DY0909,43,19,offshore,19.5,2009
DY0909,43,20.5,offshore,20.5,2009
DY0909,43,16,offshore,16.5,2009
DY0909,43,23,offshore,23.5,2009
DY0909,43,16,offshore,16.5,2009
DY0909,43,24,offshore,24.5,2009
DY0909,43,20,offshore,20.5,2009
DY0909,43,23,offshore,23.5,2009
DY0909,43,20,offshore,20.5,2009
DY0909,43,25,offshore,25.5,2009
DY0909,43,17,offshore,17.5,2009
DY0909,43,18,offshore,18.5,2009
DY0909,43,17,offshore,17.5,2009
DY0909,43,19,offshore,19.5,2009
DY0909,43,24,offshore,24.5,2009
DY0909,43,18,offshore,18.5,2009
DY0909,43,19,offshore,19.5,2009
DY0909,43,21,offshore,21.5,2009
DY0909,43,17,offshore,17.5,2009
DY0909,43,22,offshore,22.5,2009
DY0909,43,22,offshore,22.5,2009
DY0909,43,18,offshore,18.5,2009
DY0909,43,23,offshore,23.5,2009
DY0909,43,19,offshore,19.5,2009
DY0909,43,19,offshore,19.5,2009
DY0909,67,17.5,offshore,17.5,2009
DY0909,67,21,offshore,21.5,2009
DY0909,67,15.5,offshore,15.5,2009
DY0909,67,23,offshore,23.5,2009
DY0909,67,19,offshore,19.5,2009
DY0909,67,21,offshore,21.5,2009
DY0909,67,21,offshore,21.5,2009
DY0909,67,19.5,offshore,19.5,2009
DY0909,67,19,offshore,19.5,2009
DY0909,67,16.5,offshore,16.5,2009
DY0909,67,22,offshore,22.5,2009
DY0909,67,16,offshore,16.5,2009
DY0909,67,19,offshore,19.5,2009
DY0909,67,17,offshore,17.5,2009
DY0909,67,19,offshore,19.5,2009
DY0909,67,17,offshore,17.5,2009
DY0909,67,20,offshore,20.5,2009
DY0909,67,21.5,offshore,21.5,2009
DY0909,67,19,offshore,19.5,2009
DY0909,67,18,offshore,18.5,2009
DY0909,67,20.5,offshore,20.5,2009
DY0909,67,19,offshore,19.5,2009
DY0909,67,20,offshore,20.5,2009
DY0909,67,22,offshore,22.5,2009
DY0909,67,20,offshore,20.5,2009
DY0909,67,19,offshore,19.5,2009
DY0909,67,23,offshore,23.5,2009
DY0909,67,20,offshore,20.5,2009
DY0909,67,24,offshore,24.5,2009
DY0909,67,23,offshore,23.5,2009
DY0909,68,20.5,offshore,20.5,2009
DY0909,68,19,offshore,19.5,2009
DY0909,68,18.5,offshore,18.5,2009
DY0909,68,16.5,offshore,16.5,2009
DY0909,68,21,offshore,21.5,2009
DY0909,68,19.5,offshore,19.5,2009
DY0909,68,18,offshore,18.5,2009
DY0909,68,21,offshore,21.5,2009
DY0909,68,17.5,offshore,17.5,2009
DY0909,68,18,offshore,18.5,2009
DY0909,68,19.5,offshore,19.5,2009
DY0909,68,21.5,offshore,21.5,2009
DY0909,68,19.5,offshore,19.5,2009
DY0909,68,18.5,offshore,18.5,2009
DY0909,68,18,offshore,18.5,2009
DY0909,68,19.5,offshore,19.5,2009
DY0909,68,20.5,offshore,20.5,2009
DY0909,68,22,offshore,22.5,2009
DY0909,68,20.5,offshore,20.5,2009
DY0909,68,23,offshore,23.5,2009
DY0909,68,20.5,offshore,20.5,2009
DY0909,68,18,offshore,18.5,2009
DY0909,68,19,offshore,19.5,2009
DY0909,68,19.5,offshore,19.5,2009
DY0909,68,23.5,offshore,23.5,2009
DY0909,68,18,offshore,18.5,2009
DY0909,68,19,offshore,19.5,2009
DY0909,68,19,offshore,19.5,2009
DY0909,68,17.5,offshore,17.5,2009
DY0909,68,18,offshore,18.5,2009
DY0909,68,19.5,offshore,19.5,2009
DY0909,68,21,offshore,21.5,2009
DY0909,68,18.5,offshore,18.5,2009
DY0909,68,21,offshore,21.5,2009
DY0909,68,18,offshore,18.5,2009
DY0909,68,17,offshore,17.5,2009
DY0909,68,21,offshore,21.5,2009
DY0909,72,21.1,offshore,21.5,2009
DY0909,72,23.5,offshore,23.5,2009
DY0909,72,14,offshore,14.5,2009
DY0909,72,22,offshore,22.5,2009
DY0909,72,18.2,offshore,18.5,2009
DY0909,72,14.9,offshore,14.5,2009
DY0909,72,18.4,offshore,18.5,2009
DY0909,72,15.1,offshore,15.5,2009
DY0909,72,13.2,offshore,13.5,2009
DY0909,72,16.8,offshore,16.5,2009
DY0909,72,17.2,offshore,17.5,2009
DY0909,72,16.5,offshore,16.5,2009
DY0909,72,13.5,offshore,13.5,2009
DY0909,72,15,offshore,15.5,2009
DY0909,72,19.6,offshore,19.5,2009
DY0909,72,14.5,offshore,14.5,2009
DY0909,72,24.5,offshore,24.5,2009
DY0909,72,16.5,offshore,16.5,2009
DY0909,72,24.2,offshore,24.5,2009
DY0909,72,14.8,offshore,14.5,2009
DY0909,72,22.1,offshore,22.5,2009
DY0909,72,15.2,offshore,15.5,2009
DY0909,72,23.5,offshore,23.5,2009
DY0909,72,14.5,offshore,14.5,2009
DY0909,72,22.5,offshore,22.5,2009
DY0909,72,14.5,offshore,14.5,2009
DY0909,72,24,offshore,24.5,2009
DY0909,72,23,offshore,23.5,2009
DY0909,72,20.8,offshore,20.5,2009
DY0909,72,20.2,offshore,20.5,2009
DY0909,72,19.1,offshore,19.5,2009
DY0909,72,19.8,offshore,19.5,2009
DY0909,72,21.5,offshore,21.5,2009
DY0909,72,22.1,offshore,22.5,2009
DY0909,72,19.5,offshore,19.5,2009
DY0909,72,23,offshore,23.5,2009
DY0909,72,23.8,offshore,23.5,2009
DY0909,72,21,offshore,21.5,2009
DY0909,72,22,offshore,22.5,2009
DY0909,72,22.5,offshore,22.5,2009
DY0909,73,22.5,offshore,22.5,2009
DY0909,73,21,offshore,21.5,2009
DY0909,73,23,offshore,23.5,2009
DY0909,73,19,offshore,19.5,2009
DY0909,73,16,offshore,16.5,2009
DY0909,73,19,offshore,19.5,2009
DY0909,73,17,offshore,17.5,2009
DY0909,73,21,offshore,21.5,2009
DY0909,73,20,offshore,20.5,2009
DY0909,73,20,offshore,20.5,2009
DY0909,73,16,offshore,16.5,2009
DY0909,73,18,offshore,18.5,2009
DY0909,73,22,offshore,22.5,2009
DY0909,73,23.5,offshore,23.5,2009
DY0909,73,19.5,offshore,19.5,2009
DY0909,73,19.5,offshore,19.5,2009
DY0909,73,26,offshore,26.5,2009
DY0909,73,17.5,offshore,17.5,2009
DY0909,73,18,offshore,18.5,2009
DY0909,73,17,offshore,17.5,2009
DY0909,73,16.5,offshore,16.5,2009
DY0909,73,17,offshore,17.5,2009
DY0909,73,19,offshore,19.5,2009
DY0909,73,22,offshore,22.5,2009
DY0909,73,17,offshore,17.5,2009
DY0909,73,18.5,offshore,18.5,2009
DY0909,73,18,offshore,18.5,2009
DY0909,73,18,offshore,18.5,2009
DY0909,73,24,offshore,24.5,2009
DY0909,73,19,offshore,19.5,2009
DY0909,73,23,offshore,23.5,2009
DY0909,82,22,offshore,22.5,2009
DY0909,82,23,offshore,23.5,2009
DY0909,82,14.5,offshore,14.5,2009
DY0909,82,23.5,offshore,23.5,2009
DY0909,82,24,offshore,24.5,2009
DY0909,82,21,offshore,21.5,2009
DY0909,82,24,offshore,24.5,2009
DY0909,82,20,offshore,20.5,2009
DY0909,82,19.5,offshore,19.5,2009
DY0909,82,23,offshore,23.5,2009
DY0909,82,23.5,offshore,23.5,2009
DY0909,82,21,offshore,21.5,2009
DY0909,82,24,offshore,24.5,2009
DY0909,82,24,offshore,24.5,2009
DY0909,82,25,offshore,25.5,2009
DY0909,82,22,offshore,22.5,2009
DY0909,82,19.5,offshore,19.5,2009
DY0909,82,23,offshore,23.5,2009
DY0909,82,17.5,offshore,17.5,2009
DY0909,82,21.5,offshore,21.5,2009
DY0909,82,22,offshore,22.5,2009
DY0909,82,23,offshore,23.5,2009
DY0909,82,21,offshore,21.5,2009
DY0909,82,25,offshore,25.5,2009
DY0909,82,23.5,offshore,23.5,2009
DY0909,82,17.5,offshore,17.5,2009
DY0909,82,24,offshore,24.5,2009
DY0909,82,18.5,offshore,18.5,2009
DY0909,82,20.5,offshore,20.5,2009
DY0909,82,24,offshore,24.5,2009
DY0909,82,22,offshore,22.5,2009
DY0909,82,19,offshore,19.5,2009
DY0909,82,20,offshore,20.5,2009
DY0909,82,22,offshore,22.5,2009
DY0909,82,22,offshore,22.5,2009
DY0909,82,15,offshore,15.5,2009
DY0909,82,24,offshore,24.5,2009
DY0909,82,14,offshore,14.5,2009
DY0909,82,20,offshore,20.5,2009
DY0909,82,23,offshore,23.5,2009
DY0909,82,20.5,offshore,20.5,2009
DY0909,82,18.5,offshore,18.5,2009
DY0909,82,24.5,offshore,24.5,2009
DY0909,82,14.5,offshore,14.5,2009
DY0909,82,17,offshore,17.5,2009
DY0909,82,25,offshore,25.5,2009
DY0909,82,14,offshore,14.5,2009
DY0909,82,26,offshore,26.5,2009
DY0909,82,22,offshore,22.5,2009
DY0909,82,22,offshore,22.5,2009
DY0909,82,18,offshore,18.5,2009
DY0909,83,19.5,offshore,19.5,2009
DY0909,83,25,offshore,25.5,2009
DY0909,83,23.5,offshore,23.5,2009
DY0909,83,19.5,offshore,19.5,2009
DY0909,83,21,offshore,21.5,2009
DY0909,83,24,offshore,24.5,2009
DY0909,83,21,offshore,21.5,2009
DY0909,83,24,offshore,24.5,2009
DY0909,83,18,offshore,18.5,2009
DY0909,83,22,offshore,22.5,2009
DY0909,83,22,offshore,22.5,2009
DY0909,83,21.5,offshore,21.5,2009
DY0909,83,15.5,offshore,15.5,2009
DY0909,83,15,offshore,15.5,2009
DY0909,83,17,offshore,17.5,2009
DY0909,83,22,offshore,22.5,2009
DY0909,83,19,offshore,19.5,2009
DY0909,83,23,offshore,23.5,2009
DY0909,83,21,offshore,21.5,2009
DY0909,83,20.5,offshore,20.5,2009
DY0909,83,15,offshore,15.5,2009
DY0909,83,19,offshore,19.5,2009
DY0909,83,19,offshore,19.5,2009
DY0909,83,16,offshore,16.5,2009
DY0909,83,18,offshore,18.5,2009
DY0909,83,17,offshore,17.5,2009
DY0909,83,16,offshore,16.5,2009
DY0909,83,16.5,offshore,16.5,2009
DY0909,83,17.5,offshore,17.5,2009
DY0909,83,18.5,offshore,18.5,2009
DY0909,83,15,offshore,15.5,2009
DY0909,83,19,offshore,19.5,2009
DY0909,83,16,offshore,16.5,2009
DY0909,83,18,offshore,18.5,2009
DY0909,83,15,offshore,15.5,2009
DY0909,83,17,offshore,17.5,2009
DY0909,83,15.5,offshore,15.5,2009
DY0909,83,17.5,offshore,17.5,2009
DY0909,83,15,offshore,15.5,2009
DY0909,83,16,offshore,16.5,2009
DY0909,83,20,offshore,20.5,2009
DY0909,83,19,offshore,19.5,2009
DY0909,83,22,offshore,22.5,2009
DY0909,83,21,offshore,21.5,2009
DY0909,83,20,offshore,20.5,2009
DY0909,83,21.5,offshore,21.5,2009
DY0909,83,19,offshore,19.5,2009
DY0909,83,19,offshore,19.5,2009
DY0909,83,19,offshore,19.5,2009
DY0909,83,21,offshore,21.5,2009
DY0909,95,21,offshore,21.5,2009
DY0909,95,15.3,offshore,15.5,2009
DY0909,95,21.5,offshore,21.5,2009
DY0909,95,19,offshore,19.5,2009
DY0909,95,22,offshore,22.5,2009
DY0909,95,16.5,offshore,16.5,2009
DY0909,95,19.2,offshore,19.5,2009
DY0909,95,22,offshore,22.5,2009
DY0909,95,21.8,offshore,21.5,2009
DY0909,95,15.2,offshore,15.5,2009
DY0909,95,24.5,offshore,24.5,2009
DY0909,95,23.8,offshore,23.5,2009
DY0909,95,19.5,offshore,19.5,2009
DY0909,95,19,offshore,19.5,2009
DY0909,95,19.8,offshore,19.5,2009
DY0909,95,21,offshore,21.5,2009
DY0909,95,19.2,offshore,19.5,2009
DY0909,95,20,offshore,20.5,2009
DY0909,95,21.5,offshore,21.5,2009
DY0909,95,23.5,offshore,23.5,2009
DY0909,95,19.2,offshore,19.5,2009
DY0909,95,19,offshore,19.5,2009
DY0909,95,23,offshore,23.5,2009
DY0909,95,23.8,offshore,23.5,2009
DY0909,95,25.2,offshore,25.5,2009
DY0909,95,19.5,offshore,19.5,2009
DY0909,95,17.5,offshore,17.5,2009
DY0909,95,21,offshore,21.5,2009
DY0909,95,20.5,offshore,20.5,2009
DY0909,95,20.5,offshore,20.5,2009
MF0408,16,19,offshore,19.5,2004
MF0408,16,18,offshore,18.5,2004
MF0408,16,18,offshore,18.5,2004
MF0408,16,18,offshore,18.5,2004
MF0408,16,21,offshore,21.5,2004
MF0408,16,15,offshore,15.5,2004
MF0408,16,19,offshore,19.5,2004
MF0408,16,17,offshore,17.5,2004
MF0408,16,17,offshore,17.5,2004
MF0408,16,17,offshore,17.5,2004
MF0408,16,21,offshore,21.5,2004
MF0408,16,18,offshore,18.5,2004
MF0408,16,18,offshore,18.5,2004
MF0408,16,16,offshore,16.5,2004
MF0408,16,19,offshore,19.5,2004
MF0408,16,18,offshore,18.5,2004
MF0408,16,21,offshore,21.5,2004
MF0408,16,19,offshore,19.5,2004
MF0408,16,20,offshore,20.5,2004
MF0408,16,18,offshore,18.5,2004
MF0408,16,21,offshore,21.5,2004
MF0408,16,21,offshore,21.5,2004
MF0408,16,19,offshore,19.5,2004
MF0408,16,18,offshore,18.5,2004
MF0408,16,18,offshore,18.5,2004
MF0408,16,20,offshore,20.5,2004
MF0408,16,17,offshore,17.5,2004
MF0408,16,18,offshore,18.5,2004
MF0408,16,20,offshore,20.5,2004
MF0408,16,18,offshore,18.5,2004
MF0408,16,20,offshore,20.5,2004
MF0408,16,21,offshore,21.5,2004
MF0408,16,18,offshore,18.5,2004
MF0408,16,19,offshore,19.5,2004
MF0408,16,19,offshore,19.5,2004
MF0408,16,18,offshore,18.5,2004
MF0408,16,18,offshore,18.5,2004
MF0408,16,17,offshore,17.5,2004
MF0408,16,18,offshore,18.5,2004
MF0408,16,19,offshore,19.5,2004
MF0408,16,18,offshore,18.5,2004
MF0408,16,17,offshore,17.5,2004
MF0408,16,18,offshore,18.5,2004
MF0408,16,18,offshore,18.5,2004
MF0408,16,17,offshore,17.5,2004
MF0408,16,17,offshore,17.5,2004
MF0408,16,20,offshore,20.5,2004
MF0408,16,18,offshore,18.5,2004
MF0408,16,19,offshore,19.5,2004
MF0408,16,17,offshore,17.5,2004
MF0408,16,20,offshore,20.5,2004
MF0408,16,19,offshore,19.5,2004
MF0408,16,21,offshore,21.5,2004
MF0608,73,22,offshore,22.5,2006
MF0608,73,16,offshore,16.5,2006
MF0608,73,19,offshore,19.5,2006
MF0608,73,18,offshore,18.5,2006
MF0608,73,22,offshore,22.5,2006
MF0608,73,17,offshore,17.5,2006
MF0608,73,21,offshore,21.5,2006
MF0608,73,18,offshore,18.5,2006
MF0608,73,17,offshore,17.5,2006
MF0608,73,19,offshore,19.5,2006
MF0608,73,16,offshore,16.5,2006
MF0608,73,16,offshore,16.5,2006
MF0608,73,17,offshore,17.5,2006
MF0608,73,17,offshore,17.5,2006
MF0608,73,18,offshore,18.5,2006
MF0608,73,18,offshore,18.5,2006
MF0608,73,17,offshore,17.5,2006
MF0608,73,18,offshore,18.5,2006
MF0608,73,18,offshore,18.5,2006
MF0608,73,19,offshore,19.5,2006
MF0608,73,18,offshore,18.5,2006
MF0608,73,17,offshore,17.5,2006
MF0608,73,18,offshore,18.5,2006
MF0608,73,20,offshore,20.5,2006
MF0608,73,19,offshore,19.5,2006
MF0608,73,18,offshore,18.5,2006
MF0608,84,19,offshore,19.5,2006
MF0608,84,25.5,offshore,25.5,2006
MF0608,84,15,offshore,15.5,2006
MF0608,84,19,offshore,19.5,2006
MF0608,84,19,offshore,19.5,2006
MF0608,84,19,offshore,19.5,2006
MF0608,84,19,offshore,19.5,2006
MF0608,84,21,offshore,21.5,2006
MF0608,84,15,offshore,15.5,2006
MF0608,84,16,offshore,16.5,2006
MF0608,84,18,offshore,18.5,2006
MF0608,84,18,offshore,18.5,2006
MF0608,84,15,offshore,15.5,2006
MF0608,84,17,offshore,17.5,2006
MF0608,84,19,offshore,19.5,2006
MF0608,84,19,offshore,19.5,2006
MF0608,84,18,offshore,18.5,2006
MF0608,84,17,offshore,17.5,2006
MF0608,84,19,offshore,19.5,2006
MF0608,84,18,offshore,18.5,2006
MF0608,84,19,offshore,19.5,2006
MF0608,84,19,offshore,19.5,2006
MF0608,84,17,offshore,17.5,2006
MF0608,84,17,offshore,17.5,2006
MF0608,84,22,offshore,22.5,2006
MF0608,84,19,offshore,19.5,2006
MF0608,84,17,offshore,17.5,2006
MF0608,84,18,offshore,18.5,2006
MF0608,84,17,offshore,17.5,2006
MF0608,84,18,offshore,18.5,2006
MF0608,84,22,offshore,22.5,2006
MF0608,84,24,offshore,24.5,2006
MF0608,85,17,offshore,17.5,2006
MF0608,85,16,offshore,16.5,2006
MF0608,85,16,offshore,16.5,2006
MF0608,85,16,offshore,16.5,2006
MF0608,85,21.5,offshore,21.5,2006
MF0608,85,14,offshore,14.5,2006
MF0608,85,19.5,offshore,19.5,2006
MF0608,85,18.5,offshore,18.5,2006
MF0608,85,17,offshore,17.5,2006
MF0608,85,15.5,offshore,15.5,2006
MF0608,85,19.5,offshore,19.5,2006
MF0608,85,14,offshore,14.5,2006
MF0608,85,22,offshore,22.5,2006
MF0608,85,15,offshore,15.5,2006
MF0608,85,19.5,offshore,19.5,2006
MF0608,85,13.5,offshore,13.5,2006
MF0608,85,19,offshore,19.5,2006
MF0608,85,14,offshore,14.5,2006
MF0608,85,19,offshore,19.5,2006
MF0608,85,17,offshore,17.5,2006
MF0608,85,18,offshore,18.5,2006
MF0608,85,17.5,offshore,17.5,2006
MF0608,85,22,offshore,22.5,2006
MF0608,85,19,offshore,19.5,2006
MF0608,85,18.5,offshore,18.5,2006
MF0608,85,15,offshore,15.5,2006
MF0608,85,18,offshore,18.5,2006
MF0608,85,18,offshore,18.5,2006
MF0608,85,18,offshore,18.5,2006
MF0608,85,15.5,offshore,15.5,2006
MF0608,85,20.5,offshore,20.5,2006
MF0608,85,18,offshore,18.5,2006
MF0608,85,17.5,offshore,17.5,2006
MF0608,85,18.5,offshore,18.5,2006
MF0608,85,17,offshore,17.5,2006
MF0608,85,20,offshore,20.5,2006
MF0608,85,16.5,offshore,16.5,2006
MF0608,85,19,offshore,19.5,2006
MF0608,85,17,offshore,17.5,2006
MF0608,85,16.5,offshore,16.5,2006
OD0707,16,19,offshore,19.5,2007
OD0707,16,16.5,offshore,16.5,2007
OD0707,16,16,offshore,16.5,2007
OD0707,16,16,offshore,16.5,2007
OD0707,16,18,offshore,18.5,2007
OD0707,16,20,offshore,20.5,2007
OD0707,16,15,offshore,15.5,2007
OD0707,16,18,offshore,18.5,2007
OD0707,16,17,offshore,17.5,2007
OD0707,16,15,offshore,15.5,2007
OD0707,16,14,offshore,14.5,2007
OD0707,16,16.5,offshore,16.5,2007
OD0707,16,22,offshore,22.5,2007
OD0707,16,15,offshore,15.5,2007
OD0707,16,15,offshore,15.5,2007
OD0707,16,15,offshore,15.5,2007
OD0707,16,19,offshore,19.5,2007
OD0707,16,17,offshore,17.5,2007
OD0707,16,14,offshore,14.5,2007
OD0707,16,16,offshore,16.5,2007
OD0707,16,18,offshore,18.5,2007
OD0707,16,16,offshore,16.5,2007
OD0707,16,19.5,offshore,19.5,2007
OD0707,16,20,offshore,20.5,2007
OD0707,16,17,offshore,17.5,2007
OD0707,16,18,offshore,18.5,2007
OD0707,16,17,offshore,17.5,2007
OD0707,16,15,offshore,15.5,2007
OD0707,16,19,offshore,19.5,2007
OD0707,16,18,offshore,18.5,2007
OD0707,16,16,offshore,16.5,2007
OD0707,16,17,offshore,17.5,2007
OD0707,16,18,offshore,18.5,2007
OD0707,16,18,offshore,18.5,2007
OD0707,16,17,offshore,17.5,2007
OD0707,16,17,offshore,17.5,2007
OD0707,16,18,offshore,18.5,2007
OD0707,16,18,offshore,18.5,2007
OD0707,16,17,offshore,17.5,2007
OD0707,16,16,offshore,16.5,2007
OD0707,16,19,offshore,19.5,2007
OD0707,16,17,offshore,17.5,2007
OD0707,16,15,offshore,15.5,2007
OD0707,16,18,offshore,18.5,2007
OD0707,16,16,offshore,16.5,2007
OD0707,16,15,offshore,15.5,2007
OD0707,16,17,offshore,17.5,2007
OD0707,16,19,offshore,19.5,2007
OD0707,16,16,offshore,16.5,2007
OD0707,16,17.5,offshore,17.5,2007
OD0707,16,19,offshore,19.5,2007
OD0707,16,19,offshore,19.5,2007
OD0707,16,17.5,offshore,17.5,2007
OD0707,16,17,offshore,17.5,2007
OD0707,16,16,offshore,16.5,2007
OD0707,16,18,offshore,18.5,2007
OD0707,16,15,offshore,15.5,2007
OD0707,16,14,offshore,14.5,2007
OD0707,16,19,offshore,19.5,2007
OD0707,16,17,offshore,17.5,2007
OD0707,16,17,offshore,17.5,2007
OD0707,16,18,offshore,18.5,2007
OD0707,16,18,offshore,18.5,2007
OD0707,16,15,offshore,15.5,2007
OD0707,16,20,offshore,20.5,2007
OD0707,16,17,offshore,17.5,2007
OD0707,16,19,offshore,19.5,2007
OD0707,16,16,offshore,16.5,2007
OD0707,16,16.5,offshore,16.5,2007
OD0707,16,17,offshore,17.5,2007
OD0707,16,17.5,offshore,17.5,2007
OD0707,16,18,offshore,18.5,2007
OD0707,16,18,offshore,18.5,2007
OD0707,16,20,offshore,20.5,2007
OD0707,23,23,offshore,23.5,2007
OD0707,23,21,offshore,21.5,2007
OD0707,23,22,offshore,22.5,2007
OD0707,23,20,offshore,20.5,2007
OD0707,23,21,offshore,21.5,2007
OD0707,23,19,offshore,19.5,2007
OD0707,23,23,offshore,23.5,2007
OD0707,23,19,offshore,19.5,2007
OD0707,23,22,offshore,22.5,2007
OD0707,23,17,offshore,17.5,2007
OD0707,23,23.5,offshore,23.5,2007
OD0707,23,20,offshore,20.5,2007
OD0707,23,19,offshore,19.5,2007
OD0707,23,19,offshore,19.5,2007
OD0707,23,18.5,offshore,18.5,2007
OD0707,23,17,offshore,17.5,2007
OD0707,23,19,offshore,19.5,2007
OD0707,23,21,offshore,21.5,2007
OD0707,23,17,offshore,17.5,2007
OD0707,23,19,offshore,19.5,2007
OD0707,23,21,offshore,21.5,2007
OD0707,23,20,offshore,20.5,2007
OD0707,23,23,offshore,23.5,2007
OD0707,23,21,offshore,21.5,2007
OD0707,23,19,offshore,19.5,2007
OD0707,23,19,offshore,19.5,2007
OD0707,23,20,offshore,20.5,2007
OD0707,23,22,offshore,22.5,2007
OD0707,23,20,offshore,20.5,2007
OD0707,23,20,offshore,20.5,2007
OD0707,23,22,offshore,22.5,2007
OD0707,23,20,offshore,20.5,2007
OD0707,23,17,offshore,17.5,2007
OD0707,23,19,offshore,19.5,2007
OD0707,23,17,offshore,17.5,2007
OD0707,23,17,offshore,17.5,2007
OD0707,23,24,offshore,24.5,2007
OD0707,23,18,offshore,18.5,2007
OD0707,23,20,offshore,20.5,2007
OD0707,23,17,offshore,17.5,2007
OD0707,23,17.5,offshore,17.5,2007
OD0707,23,19,offshore,19.5,2007
OD0707,23,19.5,offshore,19.5,2007
OD0707,23,20,offshore,20.5,2007
OD0707,23,21.5,offshore,21.5,2007
OD0707,23,19,offshore,19.5,2007
OD0707,23,20,offshore,20.5,2007
OD0707,23,20,offshore,20.5,2007
OD0707,23,15.5,offshore,15.5,2007
OD0707,23,21,offshore,21.5,2007
OD0707,23,18,offshore,18.5,2007
OD0707,23,21,offshore,21.5,2007
OD0707,23,17,offshore,17.5,2007
OD0707,23,18,offshore,18.5,2007
OD0707,23,17.5,offshore,17.5,2007
OD0707,23,21,offshore,21.5,2007
OD0707,31,16,offshore,16.5,2007
OD0707,31,18,offshore,18.5,2007
OD0707,31,17,offshore,17.5,2007
OD0707,31,18,offshore,18.5,2007
OD0707,31,16,offshore,16.5,2007
OD0707,31,14,offshore,14.5,2007
OD0707,31,19,offshore,19.5,2007
OD0707,31,18,offshore,18.5,2007
OD0707,31,17,offshore,17.5,2007
OD0707,31,16,offshore,16.5,2007
OD0707,31,21,offshore,21.5,2007
OD0707,31,20,offshore,20.5,2007
OD0707,31,21,offshore,21.5,2007
OD0707,31,15,offshore,15.5,2007
OD0707,31,16,offshore,16.5,2007
OD0707,31,17,offshore,17.5,2007
OD0707,31,15,offshore,15.5,2007
OD0707,31,17,offshore,17.5,2007
OD0707,31,19,offshore,19.5,2007
OD0707,31,18,offshore,18.5,2007
OD0707,31,17,offshore,17.5,2007
OD0707,31,20,offshore,20.5,2007
OD0707,31,21,offshore,21.5,2007
OD0707,31,15,offshore,15.5,2007
OD0707,31,19,offshore,19.5,2007
OD0707,31,18,offshore,18.5,2007
OD0707,31,19,offshore,19.5,2007
OD0707,31,21,offshore,21.5,2007
OD0707,31,18,offshore,18.5,2007
OD0707,31,16,offshore,16.5,2007
OD0707,31,20,offshore,20.5,2007
OD0707,55,18,offshore,18.5,2007
OD0707,55,18,offshore,18.5,2007
OD0707,55,15.5,offshore,15.5,2007
OD0707,55,17,offshore,17.5,2007
OD0707,55,19,offshore,19.5,2007
OD0707,55,19,offshore,19.5,2007
OD0707,55,17.5,offshore,17.5,2007
OD0707,55,15,offshore,15.5,2007
OD0707,55,18,offshore,18.5,2007
OD0707,55,16.5,offshore,16.5,2007
OD0707,55,18,offshore,18.5,2007
OD0707,55,14,offshore,14.5,2007
OD0707,55,15,offshore,15.5,2007
OD0707,55,14.5,offshore,14.5,2007
OD0707,55,19,offshore,19.5,2007
OD0707,55,15,offshore,15.5,2007
OD0707,55,17,offshore,17.5,2007
OD0707,55,14,offshore,14.5,2007
OD0707,55,19,offshore,19.5,2007
OD0707,55,13,offshore,13.5,2007
OD0707,55,19,offshore,19.5,2007
OD0707,55,17,offshore,17.5,2007
OD0707,55,18.5,offshore,18.5,2007
OD0707,55,17,offshore,17.5,2007
OD0707,55,18,offshore,18.5,2007
OD0707,55,17.5,offshore,17.5,2007
OD0707,55,17,offshore,17.5,2007
OD0707,55,17.5,offshore,17.5,2007
OD0707,55,16.5,offshore,16.5,2007
OD0707,55,17.5,offshore,17.5,2007
OD0707,55,18.5,offshore,18.5,2007
OD0707,55,19,offshore,19.5,2007
OD0707,55,13.5,offshore,13.5,2007
OD0707,55,15.5,offshore,15.5,2007
OD0707,55,18,offshore,18.5,2007
OD0707,61,21,offshore,21.5,2007
OD0707,61,21.5,offshore,21.5,2007
OD0707,61,22,offshore,22.5,2007
OD0707,61,21,offshore,21.5,2007
OD0707,61,21.5,offshore,21.5,2007
OD0707,61,21,offshore,21.5,2007
OD0707,61,19.5,offshore,19.5,2007
OD0707,61,22,offshore,22.5,2007
OD0707,61,22,offshore,22.5,2007
OD0707,61,25,offshore,25.5,2007
OD0707,61,20.5,offshore,20.5,2007
OD0707,61,20,offshore,20.5,2007
OD0707,61,20.5,offshore,20.5,2007
OD0707,61,23,offshore,23.5,2007
OD0707,61,19.5,offshore,19.5,2007
OD0707,61,22,offshore,22.5,2007
OD0707,61,22.5,offshore,22.5,2007
OD0707,61,21.5,offshore,21.5,2007
OD0707,61,19.5,offshore,19.5,2007
OD0707,61,22,offshore,22.5,2007
OD0707,61,22,offshore,22.5,2007
OD0707,61,19.5,offshore,19.5,2007
OD0707,61,20,offshore,20.5,2007
OD0707,61,21.5,offshore,21.5,2007
OD0707,61,23,offshore,23.5,2007
OD0707,61,19.5,offshore,19.5,2007
OD0707,61,18,offshore,18.5,2007
OD0707,61,20,offshore,20.5,2007
OD0707,61,19.5,offshore,19.5,2007
OD0707,61,18.5,offshore,18.5,2007
OD0707,61,19,offshore,19.5,2007
OD0707,61,21.5,offshore,21.5,2007
OD0707,61,19,offshore,19.5,2007
OD0707,61,14,offshore,14.5,2007
OD0707,61,16,offshore,16.5,2007
OD0707,61,22,offshore,22.5,2007
OD0707,61,20,offshore,20.5,2007
OD0707,61,20,offshore,20.5,2007
OD0707,61,15.5,offshore,15.5,2007
OD0707,61,20.5,offshore,20.5,2007
OD0707,61,21,offshore,21.5,2007
OD0707,61,16.5,offshore,16.5,2007
OD0707,61,16.5,offshore,16.5,2007
OD0707,61,17.5,offshore,17.5,2007
OD0707,61,20.5,offshore,20.5,2007
OD0707,61,24,offshore,24.5,2007
OD0707,61,17,offshore,17.5,2007
OD0707,61,20,offshore,20.5,2007
OD0707,61,20.5,offshore,20.5,2007
OD0707,61,22.5,offshore,22.5,2007
OD0707,61,20,offshore,20.5,2007
OD0707,61,20.5,offshore,20.5,2007
OD0707,61,20,offshore,20.5,2007
OD0707,61,18.5,offshore,18.5,2007
OD0707,61,15,offshore,15.5,2007
OD0707,61,20,offshore,20.5,2007
OD0707,61,21,offshore,21.5,2007
OD0707,61,18,offshore,18.5,2007
OD0707,61,19,offshore,19.5,2007
OD0707,61,19.5,offshore,19.5,2007
OD0707,61,15,offshore,15.5,2007
OD0707,61,13.5,offshore,13.5,2007
OD0707,61,19.5,offshore,19.5,2007
OD0707,61,17,offshore,17.5,2007
OD0707,61,20,offshore,20.5,2007
OD0707,61,20,offshore,20.5,2007
OD0707,61,20,offshore,20.5,2007
OD0707,61,19,offshore,19.5,2007
OD0707,61,20,offshore,20.5,2007
OD0707,61,19.5,offshore,19.5,2007
OD0707,61,20.5,offshore,20.5,2007
OD0707,61,19.5,offshore,19.5,2007
OD0707,61,20,offshore,20.5,2007
OD0707,61,20,offshore,20.5,2007
OD0707,61,21.5,offshore,21.5,2007
OD0707,61,19.5,offshore,19.5,2007
OD0707,61,21,offshore,21.5,2007
OD0707,61,20,offshore,20.5,2007
OD0707,61,19,offshore,19.5,2007
OD0707,61,19,offshore,19.5,2007
OD0707,61,21.5,offshore,21.5,2007
OD0707,93,16,offshore,16.5,2007
OD0707,93,21.5,offshore,21.5,2007
OD0707,93,18.5,offshore,18.5,2007
OD0707,93,19,offshore,19.5,2007
OD0707,93,17,offshore,17.5,2007
OD0707,93,18,offshore,18.5,2007
OD0707,93,26,offshore,26.5,2007
OD0707,93,18.5,offshore,18.5,2007
OD0707,93,17,offshore,17.5,2007
OD0707,93,19,offshore,19.5,2007
OD0707,93,18,offshore,18.5,2007
OD0707,93,19,offshore,19.5,2007
OD0707,93,17,offshore,17.5,2007
OD0707,93,17,offshore,17.5,2007
OD0707,93,16,offshore,16.5,2007
OD0707,93,19,offshore,19.5,2007
OD0707,93,16,offshore,16.5,2007
OD0707,93,19,offshore,19.5,2007
OD0707,93,17,offshore,17.5,2007
OD0707,93,20,offshore,20.5,2007
OD0707,93,15.5,offshore,15.5,2007
OD0707,93,21,offshore,21.5,2007
OD0707,93,16,offshore,16.5,2007
OD0707,93,17,offshore,17.5,2007
OD0707,93,15,offshore,15.5,2007
OD0707,93,19,offshore,19.5,2007
OD0707,93,14.5,offshore,14.5,2007
OD0707,93,20,offshore,20.5,2007
OD0707,93,17,offshore,17.5,2007
OD0707,93,19,offshore,19.5,2007
OD0707,93,16.5,offshore,16.5,2007
OD0707,93,17,offshore,17.5,2007
OD0707,93,15,offshore,15.5,2007
OD0707,93,17,offshore,17.5,2007
OD0707,93,17.5,offshore,17.5,2007
OD0707,93,19,offshore,19.5,2007
OD0707,93,16.5,offshore,16.5,2007
OD0707,93,20,offshore,20.5,2007
OD0707,93,16,offshore,16.5,2007
OD0707,93,18,offshore,18.5,2007
OD0707,93,17,offshore,17.5,2007
OD0707,93,18,offshore,18.5,2007
OD0707,93,18,offshore,18.5,2007
OD0707,93,19,offshore,19.5,2007
OD0707,93,15,offshore,15.5,2007
OD0707,93,19,offshore,19.5,2007
OD0707,93,16.5,offshore,16.5,2007
OD0707,93,18,offshore,18.5,2007
OD0707,93,17,offshore,17.5,2007
OD0707,93,19,offshore,19.5,2007
OD0707,125,22,offshore,22.5,2007
OD0707,125,19,offshore,19.5,2007
OD0707,125,22,offshore,22.5,2007
OD0707,125,20,offshore,20.5,2007
OD0707,125,18,offshore,18.5,2007
OD0707,125,19,offshore,19.5,2007
OD0707,125,22,offshore,22.5,2007
OD0707,125,19.5,offshore,19.5,2007
OD0707,125,20,offshore,20.5,2007
OD0707,125,22,offshore,22.5,2007
OD0707,125,20,offshore,20.5,2007
OD0707,125,19.5,offshore,19.5,2007
OD0707,125,19,offshore,19.5,2007
OD0707,125,21,offshore,21.5,2007
OD0707,125,18.5,offshore,18.5,2007
OD0707,125,20,offshore,20.5,2007
OD0707,125,18.5,offshore,18.5,2007
OD0707,125,21.5,offshore,21.5,2007
OD0707,125,23,offshore,23.5,2007
OD0707,125,20,offshore,20.5,2007
OD0707,125,20,offshore,20.5,2007
OD0707,125,20,offshore,20.5,2007
OD0707,125,20,offshore,20.5,2007
OD0707,125,17.5,offshore,17.5,2007
OD0707,125,20,offshore,20.5,2007
OD0707,125,19.5,offshore,19.5,2007
OD0707,125,21,offshore,21.5,2007
OD0707,125,20,offshore,20.5,2007
OD0707,125,19,offshore,19.5,2007
OD0707,125,20,offshore,20.5,2007
OD0809,16,18.6,offshore,18.5,2008
OD0809,16,18.2,offshore,18.5,2008
OD0809,16,20.1,offshore,20.5,2008
OD0809,16,18.4,offshore,18.5,2008
OD0809,16,18.6,offshore,18.5,2008
OD0809,16,17.4,offshore,17.5,2008
OD0809,16,18.6,offshore,18.5,2008
OD0809,16,19.8,offshore,19.5,2008
OD0809,16,18.7,offshore,18.5,2008
OD0809,16,15.6,offshore,15.5,2008
OD0809,16,18.8,offshore,18.5,2008
OD0809,16,19.3,offshore,19.5,2008
OD0809,16,16.3,offshore,16.5,2008
OD0809,16,14.6,offshore,14.5,2008
OD0809,16,17.6,offshore,17.5,2008
OD0809,16,19.9,offshore,19.5,2008
OD0809,16,16.6,offshore,16.5,2008
OD0809,16,20.6,offshore,20.5,2008
OD0809,16,21.1,offshore,21.5,2008
OD0809,16,15.2,offshore,15.5,2008
OD0809,16,17.6,offshore,17.5,2008
OD0809,16,19.4,offshore,19.5,2008
OD0809,16,20.2,offshore,20.5,2008
OD0809,16,19.8,offshore,19.5,2008
OD0809,16,19.2,offshore,19.5,2008
OD0809,17,20.5,offshore,20.5,2008
OD0809,17,21.6,offshore,21.5,2008
OD0809,17,17.5,offshore,17.5,2008
OD0809,17,21.3,offshore,21.5,2008
OD0809,17,16.9,offshore,16.5,2008
OD0809,17,18,offshore,18.5,2008
OD0809,17,21.9,offshore,21.5,2008
OD0809,17,15.4,offshore,15.5,2008
OD0809,17,19.3,offshore,19.5,2008
OD0809,17,20.5,offshore,20.5,2008
OD0809,17,26,offshore,26.5,2008
OD0809,17,16.3,offshore,16.5,2008
OD0809,17,19.5,offshore,19.5,2008
OD0809,17,20.4,offshore,20.5,2008
OD0809,17,15.3,offshore,15.5,2008
OD0809,17,18.8,offshore,18.5,2008
OD0809,17,16.9,offshore,16.5,2008
OD0809,17,18.8,offshore,18.5,2008
OD0809,17,20.8,offshore,20.5,2008
OD0809,17,19,offshore,19.5,2008
OD0809,17,18.3,offshore,18.5,2008
OD0809,17,16.6,offshore,16.5,2008
OD0809,17,16.6,offshore,16.5,2008
OD0809,17,20.9,offshore,20.5,2008
OD0809,17,19.1,offshore,19.5,2008
OD0809,17,16.6,offshore,16.5,2008
OD0809,17,22.3,offshore,22.5,2008
OD0809,17,19.1,offshore,19.5,2008
OD0809,17,18.9,offshore,18.5,2008
OD0809,17,21,offshore,21.5,2008
OD0809,17,19,offshore,19.5,2008
OD0809,17,18.6,offshore,18.5,2008
OD0809,17,18.1,offshore,18.5,2008
OD0809,17,19.8,offshore,19.5,2008
OD0809,17,20.3,offshore,20.5,2008
OD0809,17,20.6,offshore,20.5,2008
OD0809,17,18.1,offshore,18.5,2008
OD0809,17,19,offshore,19.5,2008
OD0809,17,20.6,offshore,20.5,2008
OD0809,28,21,offshore,21.5,2008
OD0809,28,19,offshore,19.5,2008
OD0809,28,22,offshore,22.5,2008
OD0809,28,21,offshore,21.5,2008
OD0809,28,20,offshore,20.5,2008
OD0809,28,22,offshore,22.5,2008
OD0809,28,21,offshore,21.5,2008
OD0809,28,19,offshore,19.5,2008
OD0809,28,19,offshore,19.5,2008
OD0809,28,21,offshore,21.5,2008
OD0809,28,20,offshore,20.5,2008
OD0809,28,22,offshore,22.5,2008
OD0809,28,22,offshore,22.5,2008
OD0809,28,18,offshore,18.5,2008
OD0809,28,23.5,offshore,23.5,2008
OD0809,28,20,offshore,20.5,2008
OD0809,28,25,offshore,25.5,2008
OD0809,28,19,offshore,19.5,2008
OD0809,28,19.5,offshore,19.5,2008
OD0809,28,21,offshore,21.5,2008
OD0809,28,23,offshore,23.5,2008
OD0809,28,19,offshore,19.5,2008
OD0809,28,24,offshore,24.5,2008
OD0809,28,20,offshore,20.5,2008
OD0809,28,22,offshore,22.5,2008
OD0809,30,20,offshore,20.5,2008
OD0809,30,13,offshore,13.5,2008
OD0809,30,22,offshore,22.5,2008
OD0809,30,20,offshore,20.5,2008
OD0809,30,20,offshore,20.5,2008
OD0809,30,22,offshore,22.5,2008
OD0809,30,18,offshore,18.5,2008
OD0809,30,20,offshore,20.5,2008
OD0809,30,22,offshore,22.5,2008
OD0809,30,23,offshore,23.5,2008
OD0809,30,20,offshore,20.5,2008
OD0809,30,19,offshore,19.5,2008
OD0809,30,23,offshore,23.5,2008
OD0809,30,20,offshore,20.5,2008
OD0809,30,20,offshore,20.5,2008
OD0809,30,21,offshore,21.5,2008
OD0809,30,18,offshore,18.5,2008
OD0809,30,21,offshore,21.5,2008
OD0809,30,18,offshore,18.5,2008
OD0809,30,22,offshore,22.5,2008
OD0809,30,18,offshore,18.5,2008
OD0809,30,19,offshore,19.5,2008
OD0809,30,18,offshore,18.5,2008
OD0809,30,19,offshore,19.5,2008
OD0809,30,21,offshore,21.5,2008
OD0809,60,18.8,offshore,18.5,2008
OD0809,60,17.6,offshore,17.5,2008
OD0809,60,15.8,offshore,15.5,2008
OD0809,60,16.6,offshore,16.5,2008
OD0809,60,19.2,offshore,19.5,2008
OD0809,60,17.8,offshore,17.5,2008
OD0809,60,17.4,offshore,17.5,2008
OD0809,60,16.7,offshore,16.5,2008
OD0809,60,18.9,offshore,18.5,2008
OD0809,60,15.2,offshore,15.5,2008
OD0809,60,20.2,offshore,20.5,2008
OD0809,60,21.1,offshore,21.5,2008
OD0809,60,19.1,offshore,19.5,2008
OD0809,60,22.8,offshore,22.5,2008
OD0809,60,15.3,offshore,15.5,2008
OD0809,60,17.1,offshore,17.5,2008
OD0809,60,18.8,offshore,18.5,2008
OD0809,60,16.6,offshore,16.5,2008
OD0809,60,17.7,offshore,17.5,2008
OD0809,60,15.6,offshore,15.5,2008
OD0809,60,17.6,offshore,17.5,2008
OD0809,60,16.6,offshore,16.5,2008
OD0809,60,16.2,offshore,16.5,2008
OD0809,60,18.4,offshore,18.5,2008
OD0809,60,19.4,offshore,19.5,2008
OD0809,60,15.7,offshore,15.5,2008
OD0809,60,15.1,offshore,15.5,2008
OD0809,60,16.4,offshore,16.5,2008
OD0809,60,21.8,offshore,21.5,2008
OD0809,60,16.1,offshore,16.5,2008
OD0809,60,19.1,offshore,19.5,2008
OD0809,60,18.3,offshore,18.5,2008
OD0809,60,18.7,offshore,18.5,2008
OD0809,60,14.7,offshore,14.5,2008
OD0809,60,17.8,offshore,17.5,2008
OD0809,60,15.2,offshore,15.5,2008
OD0809,60,24.6,offshore,24.5,2008
OD0809,60,18.1,offshore,18.5,2008
OD0809,60,16.8,offshore,16.5,2008
OD0809,60,19.7,offshore,19.5,2008
OD0809,60,18.5,offshore,18.5,2008
OD0809,60,16.8,offshore,16.5,2008
OD0809,60,16.4,offshore,16.5,2008
OD0809,60,17.4,offshore,17.5,2008
OD0809,60,19.8,offshore,19.5,2008
OD0809,60,19.5,offshore,19.5,2008
OD0809,60,18.3,offshore,18.5,2008
OD0809,60,17.4,offshore,17.5,2008
OD0809,60,18.1,offshore,18.5,2008
OD0809,60,13.3,offshore,13.5,2008
OD0809,74,21,offshore,21.5,2008
OD0809,74,14,offshore,14.5,2008
OD0809,74,17,offshore,17.5,2008
OD0809,74,15,offshore,15.5,2008
OD0809,74,15,offshore,15.5,2008
OD0809,74,15,offshore,15.5,2008
OD0809,74,16,offshore,16.5,2008
OD0809,74,15,offshore,15.5,2008
OD0809,74,14,offshore,14.5,2008
OD0809,74,15.5,offshore,15.5,2008
OD0809,74,14,offshore,14.5,2008
OD0809,74,14.5,offshore,14.5,2008
OD0809,74,14,offshore,14.5,2008
OD0809,74,14,offshore,14.5,2008
OD0809,74,14.5,offshore,14.5,2008
OD0809,74,14,offshore,14.5,2008
OD0809,74,13,offshore,13.5,2008
OD0809,74,14.5,offshore,14.5,2008
OD0809,74,13,offshore,13.5,2008
OD0809,74,16,offshore,16.5,2008
OD0809,74,16,offshore,16.5,2008
OD0809,74,14.5,offshore,14.5,2008
OD0809,75,14,offshore,14.5,2008
OD0809,75,15,offshore,15.5,2008
OD0809,75,15,offshore,15.5,2008
OD0809,75,16,offshore,16.5,2008
OD0809,75,14,offshore,14.5,2008
OD0809,75,14,offshore,14.5,2008
OD0809,75,16,offshore,16.5,2008
OD0809,75,16,offshore,16.5,2008
OD0809,75,17.5,offshore,17.5,2008
OD0809,75,19,offshore,19.5,2008
OD0809,75,15,offshore,15.5,2008
OD0809,75,14,offshore,14.5,2008
OD0809,75,15,offshore,15.5,2008
OD0809,75,16,offshore,16.5,2008
OD0809,75,16,offshore,16.5,2008
OD0809,75,15,offshore,15.5,2008
OD0809,75,14,offshore,14.5,2008
OD0809,75,16,offshore,16.5,2008
OD0809,75,17,offshore,17.5,2008
OD0809,75,16,offshore,16.5,2008
OD0809,75,15,offshore,15.5,2008
OD0809,75,15,offshore,15.5,2008
OD0809,75,15,offshore,15.5,2008
OD0809,75,16,offshore,16.5,2008
OD0809,75,15,offshore,15.5,2008
OD0809,77,23.4,offshore,23.5,2008
OD0809,77,22.6,offshore,22.5,2008
OD0809,77,18.1,offshore,18.5,2008
OD0809,77,21.8,offshore,21.5,2008
OD0809,77,25.5,offshore,25.5,2008
OD0809,77,20.3,offshore,20.5,2008
OD0809,77,19,offshore,19.5,2008
OD0809,77,22.3,offshore,22.5,2008
OD0809,77,22.8,offshore,22.5,2008
OD0809,77,22.9,offshore,22.5,2008
OD0809,77,20.1,offshore,20.5,2008
OD0809,77,21.4,offshore,21.5,2008
OD0809,77,17.3,offshore,17.5,2008
OD0809,77,24.1,offshore,24.5,2008
OD0809,77,17.8,offshore,17.5,2008
OD0809,77,23,offshore,23.5,2008
OD0809,77,23.8,offshore,23.5,2008
OD0809,77,26,offshore,26.5,2008
OD0809,77,21,offshore,21.5,2008
OD0809,77,24.1,offshore,24.5,2008
OD0809,77,23,offshore,23.5,2008
OD0809,77,25,offshore,25.5,2008
OD0809,77,15.4,offshore,15.5,2008
OD0809,77,23,offshore,23.5,2008
OD0809,77,22.5,offshore,22.5,2008
OD0809,77,21.6,offshore,21.5,2008
OD0809,77,22.5,offshore,22.5,2008
OD0809,77,24.8,offshore,24.5,2008
OD0809,77,18.9,offshore,18.5,2008
OD0809,77,24.8,offshore,24.5,2008
OD0809,77,19.5,offshore,19.5,2008
OD0809,77,25.6,offshore,25.5,2008
OD0809,77,19.9,offshore,19.5,2008
OD0809,77,23.9,offshore,23.5,2008
OD0809,77,21.4,offshore,21.5,2008
OD0809,77,21.8,offshore,21.5,2008
OD0809,77,25,offshore,25.5,2008
OD0809,77,22.5,offshore,22.5,2008
OD0809,77,19,offshore,19.5,2008
OD0809,77,22.5,offshore,22.5,2008
OD0809,77,19,offshore,19.5,2008
OD0809,77,22.9,offshore,22.5,2008
OD0809,77,17.8,offshore,17.5,2008
OD0809,77,22.1,offshore,22.5,2008
OD0809,77,19.8,offshore,19.5,2008
OD0809,77,22.9,offshore,22.5,2008
OD0809,77,19.6,offshore,19.5,2008
OD0809,77,23.9,offshore,23.5,2008
OD0809,77,21.6,offshore,21.5,2008
OD0809,77,18.3,offshore,18.5,2008
OD0809,77,19.5,offshore,19.5,2008
OD0809,77,22.5,offshore,22.5,2008
OD0809,77,20,offshore,20.5,2008
OD0809,78,18.5,offshore,18.5,2008
OD0809,78,22.5,offshore,22.5,2008
OD0809,78,17,offshore,17.5,2008
OD0809,78,18,offshore,18.5,2008
OD0809,78,21,offshore,21.5,2008
OD0809,78,19.5,offshore,19.5,2008
OD0809,78,18,offshore,18.5,2008
OD0809,78,19,offshore,19.5,2008
OD0809,78,19,offshore,19.5,2008
OD0809,78,20,offshore,20.5,2008
OD0809,78,18,offshore,18.5,2008
OD0809,78,19,offshore,19.5,2008
OD0809,78,23,offshore,23.5,2008
OD0809,78,21,offshore,21.5,2008
OD0809,78,18,offshore,18.5,2008
OD0809,78,22,offshore,22.5,2008
OD0809,78,16,offshore,16.5,2008
OD0809,78,17,offshore,17.5,2008
OD0809,78,17,offshore,17.5,2008
OD0809,78,16,offshore,16.5,2008
OD0809,78,17,offshore,17.5,2008
OD0809,78,15,offshore,15.5,2008
OD0809,78,16,offshore,16.5,2008
OD0809,78,17,offshore,17.5,2008
OD0809,78,18,offshore,18.5,2008
OD0809,78,19,offshore,19.5,2008
OD0809,78,17,offshore,17.5,2008
OD0809,78,17,offshore,17.5,2008
OD0809,78,19,offshore,19.5,2008
OD0809,90,22,offshore,22.5,2008
OD0809,90,16,offshore,16.5,2008
OD0809,90,23,offshore,23.5,2008
OD0809,90,21,offshore,21.5,2008
OD0809,90,21.5,offshore,21.5,2008
OD0809,90,20,offshore,20.5,2008
OD0809,90,23,offshore,23.5,2008
OD0809,90,23,offshore,23.5,2008
OD0809,90,21,offshore,21.5,2008
OD0809,90,20.5,offshore,20.5,2008
OD0809,90,22,offshore,22.5,2008
OD0809,90,24,offshore,24.5,2008
OD0809,90,25,offshore,25.5,2008
OD0809,90,22,offshore,22.5,2008
OD0809,90,18,offshore,18.5,2008
OD0809,90,21,offshore,21.5,2008
OD0809,90,22.5,offshore,22.5,2008
OD0809,90,21,offshore,21.5,2008
OD0809,90,19,offshore,19.5,2008
OD0809,90,21,offshore,21.5,2008
OD0809,90,22,offshore,22.5,2008
OD0809,90,22.5,offshore,22.5,2008
OD0809,90,20.5,offshore,20.5,2008
OD0809,90,21,offshore,21.5,2008
OD0809,90,22,offshore,22.5,2008
OD0809,90,21,offshore,21.5,2008
OD0809,95,19.8,offshore,19.5,2008
OD0809,95,23.2,offshore,23.5,2008
OD0809,95,19.6,offshore,19.5,2008
OD0809,95,21.6,offshore,21.5,2008
OD0809,95,17.6,offshore,17.5,2008
OD0809,95,17.8,offshore,17.5,2008
OD0809,95,18.1,offshore,18.5,2008
OD0809,95,20.6,offshore,20.5,2008
OD0809,95,20.2,offshore,20.5,2008
OD0809,95,21.2,offshore,21.5,2008
OD0809,95,19.6,offshore,19.5,2008
OD0809,95,17.3,offshore,17.5,2008
OD0809,95,24.8,offshore,24.5,2008
OD0809,95,18.3,offshore,18.5,2008
OD0809,95,17.8,offshore,17.5,2008
OD0809,95,20.5,offshore,20.5,2008
OD0809,95,16.6,offshore,16.5,2008
OD0809,95,23.8,offshore,23.5,2008
OD0809,95,17.3,offshore,17.5,2008
OD0809,95,23.3,offshore,23.5,2008
OD0809,95,16.8,offshore,16.5,2008
OD0809,95,24.2,offshore,24.5,2008
OD0809,95,18.9,offshore,18.5,2008
OD0809,95,22.8,offshore,22.5,2008
OD0809,95,19.3,offshore,19.5,2008
OD0809,95,24.6,offshore,24.5,2008
OD0809,95,19.1,offshore,19.5,2008
OD0809,95,18.3,offshore,18.5,2008
OD0809,95,18.4,offshore,18.5,2008
OD0809,95,17.9,offshore,17.5,2008
OD0809,95,17.8,offshore,17.5,2008
OD0809,95,17.7,offshore,17.5,2008
OD0809,95,16.3,offshore,16.5,2008
OD0809,95,18.6,offshore,18.5,2008
OD0809,95,20.2,offshore,20.5,2008
OD0809,95,20.3,offshore,20.5,2008
OD0809,95,19.6,offshore,19.5,2008
OD0809,95,20.3,offshore,20.5,2008
OD0809,95,18.5,offshore,18.5,2008
OD0809,95,19.8,offshore,19.5,2008
OD0809,95,18.3,offshore,18.5,2008
OD0809,95,15.3,offshore,15.5,2008
OD0809,95,23.1,offshore,23.5,2008
OD0809,95,18.8,offshore,18.5,2008
OD0809,95,17.8,offshore,17.5,2008
OD0809,95,16.7,offshore,16.5,2008
OD0809,95,16.5,offshore,16.5,2008
OD0809,95,18.2,offshore,18.5,2008
OD0809,95,17.6,offshore,17.5,2008
OD0809,95,19.4,offshore,19.5,2008
OD0809,95,19.6,offshore,19.5,2008
OD0809,95,18.8,offshore,18.5,2008
OD0809,95,20.4,offshore,20.5,2008
OD0809,102,21,offshore,21.5,2008
OD0809,102,19,offshore,19.5,2008
OD0809,102,19,offshore,19.5,2008
OD0809,102,16,offshore,16.5,2008
OD0809,102,17.5,offshore,17.5,2008
OD0809,102,24,offshore,24.5,2008
OD0809,102,22,offshore,22.5,2008
OD0809,102,19,offshore,19.5,2008
OD0809,102,19,offshore,19.5,2008
OD0809,102,17,offshore,17.5,2008
OD0809,102,23,offshore,23.5,2008
OD0809,102,19,offshore,19.5,2008
OD0809,102,22,offshore,22.5,2008
OD0809,102,18,offshore,18.5,2008
OD0809,102,23,offshore,23.5,2008
OD0809,102,18,offshore,18.5,2008
OD0809,102,18.5,offshore,18.5,2008
OD0809,102,23.5,offshore,23.5,2008
OD0809,102,21.5,offshore,21.5,2008
OD0809,102,17,offshore,17.5,2008
OD0809,102,18.5,offshore,18.5,2008
OD0809,102,18,offshore,18.5,2008
OD0809,102,23,offshore,23.5,2008
OD0809,102,23,offshore,23.5,2008
OD0809,102,22,offshore,22.5,2008
OD0809,102,20,offshore,20.5,2008
OD0809,102,20,offshore,20.5,2008
OD0809,102,21,offshore,21.5,2008
OD0809,102,21,offshore,21.5,2008
OD0809,102,22,offshore,22.5,2008
OD0809,102,20.5,offshore,20.5,2008
OD0809,102,22,offshore,22.5,2008
OD0809,102,21,offshore,21.5,2008
OD0809,102,20,offshore,20.5,2008
OD0809,104,18,offshore,18.5,2008
OD0809,104,21.5,offshore,21.5,2008
OD0809,104,20,offshore,20.5,2008
OD0809,104,18.5,offshore,18.5,2008
OD0809,104,22.5,offshore,22.5,2008
OD0809,104,22,offshore,22.5,2008
OD0809,104,21.5,offshore,21.5,2008
OD0809,104,19,offshore,19.5,2008
OD0809,104,21,offshore,21.5,2008
OD0809,104,20.5,offshore,20.5,2008
OD0809,104,20,offshore,20.5,2008
OD0809,104,22.5,offshore,22.5,2008
OD0809,104,17,offshore,17.5,2008
OD0809,104,17,offshore,17.5,2008
OD0809,104,22,offshore,22.5,2008
OD0809,104,23,offshore,23.5,2008
OD0809,104,19.5,offshore,19.5,2008
OD0809,104,17,offshore,17.5,2008
OD0809,104,20,offshore,20.5,2008
OD0809,104,18.5,offshore,18.5,2008
OD0809,104,21,offshore,21.5,2008
OD0809,104,19,offshore,19.5,2008
OD0809,104,22,offshore,22.5,2008
OD0809,104,19.5,offshore,19.5,2008
OD0809,104,18,offshore,18.5,2008
OD0809,104,18,offshore,18.5,2008
OD0809,104,18.5,offshore,18.5,2008
OD0809,104,18,offshore,18.5,2008
OD0809,104,18,offshore,18.5,2008
OD0809,104,18,offshore,18.5,2008
OD0809,104,21,offshore,21.5,2008
OD0809,104,20.5,offshore,20.5,2008
OD0809,104,20.5,offshore,20.5,2008
OD0809,104,18,offshore,18.5,2008
OD0809,104,23,offshore,23.5,2008
OD0809,104,17,offshore,17.5,2008
OD0809,104,18,offshore,18.5,2008
OD0809,104,17.5,offshore,17.5,2008
OD0809,104,20.5,offshore,20.5,2008
OD0809,104,16,offshore,16.5,2008
OD0809,104,17,offshore,17.5,2008
OD0809,104,19.5,offshore,19.5,2008
OD0809,104,16,offshore,16.5,2008
OD0809,104,20.5,offshore,20.5,2008
OD0809,104,17,offshore,17.5,2008
OD0809,104,22,offshore,22.5,2008
OD0809,104,19,offshore,19.5,2008
OD0809,104,19,offshore,19.5,2008
OD0809,104,17.7,offshore,17.5,2008
OD0809,104,19.5,offshore,19.5,2008
OD0809,106,20,offshore,20.5,2008
OD0809,106,17,offshore,17.5,2008
OD0809,106,15,offshore,15.5,2008
OD0809,106,19,offshore,19.5,2008
OD0809,106,17,offshore,17.5,2008
OD0809,106,12.5,offshore,12.5,2008
OD0809,106,20,offshore,20.5,2008
OD0809,106,14,offshore,14.5,2008
OD0809,106,11.5,offshore,11.5,2008
OD0809,106,16,offshore,16.5,2008
OD0809,106,20.5,offshore,20.5,2008
OD0809,106,13.5,offshore,13.5,2008
OD0809,106,19.5,offshore,19.5,2008
OD0809,106,18,offshore,18.5,2008
OD0809,106,13,offshore,13.5,2008
OD0809,106,17,offshore,17.5,2008
OD0809,106,17.5,offshore,17.5,2008
OD0809,106,20,offshore,20.5,2008
OD0809,106,19.5,offshore,19.5,2008
OD0809,106,18,offshore,18.5,2008
OD0809,106,20,offshore,20.5,2008
OD0809,106,19,offshore,19.5,2008
OD0809,106,16,offshore,16.5,2008
OD0809,106,19,offshore,19.5,2008
OD0809,106,17,offshore,17.5,2008
OD0809,106,18.5,offshore,18.5,2008
OD0809,106,17,offshore,17.5,2008
OD0809,106,17,offshore,17.5,2008
OD0809,106,15,offshore,15.5,2008
OD0809,106,16,offshore,16.5,2008
OD0809,106,17,offshore,17.5,2008
OD0809,106,18,offshore,18.5,2008
OD0809,106,16.5,offshore,16.5,2008
OD0809,106,18.5,offshore,18.5,2008
OD0809,106,17,offshore,17.5,2008
OD0809,106,13.5,offshore,13.5,2008
OD0809,106,14.5,offshore,14.5,2008
OD0809,106,18,offshore,18.5,2008
OD0809,106,17.5,offshore,17.5,2008
OD0809,106,22,offshore,22.5,2008
OD0809,106,14.5,offshore,14.5,2008
OD0809,106,15.5,offshore,15.5,2008
OD0809,106,19.5,offshore,19.5,2008
OD0809,106,13.5,offshore,13.5,2008
OD0809,106,18.5,offshore,18.5,2008
OD0809,106,17,offshore,17.5,2008
OD0809,106,15,offshore,15.5,2008
OD0809,106,16,offshore,16.5,2008
OD0809,106,20.5,offshore,20.5,2008
OD0809,106,15.5,offshore,15.5,2008
OD0809,106,19,offshore,19.5,2008
OD0809,106,20.5,offshore,20.5,2008
OD0809,106,17,offshore,17.5,2008
OD0809,106,14,offshore,14.5,2008
OD0809,106,18,offshore,18.5,2008
DY1006,19,18,offshore,18.5,2010
DY1006,19,18.5,offshore,18.5,2010
DY1006,19,23,offshore,23.5,2010
DY1006,19,16.5,offshore,16.5,2010
DY1006,19,22,offshore,22.5,2010
DY1006,19,23.5,offshore,23.5,2010
DY1006,19,20,offshore,20.5,2010
DY1006,19,21,offshore,21.5,2010
DY1006,19,21,offshore,21.5,2010
DY1006,19,24,offshore,24.5,2010
DY1006,19,23,offshore,23.5,2010
DY1006,19,21,offshore,21.5,2010
DY1006,19,21,offshore,21.5,2010
DY1006,19,20,offshore,20.5,2010
DY1006,19,22.1,offshore,22.5,2010
DY1006,19,23,offshore,23.5,2010
DY1006,19,22,offshore,22.5,2010
DY1006,19,19,offshore,19.5,2010
DY1006,19,21,offshore,21.5,2010
DY1006,19,21.5,offshore,21.5,2010
DY1006,19,22,offshore,22.5,2010
DY1006,19,22.5,offshore,22.5,2010
DY1006,19,22,offshore,22.5,2010
DY1006,19,22,offshore,22.5,2010
DY1006,19,21.5,offshore,21.5,2010
DY1006,19,21,offshore,21.5,2010
DY1006,19,21,offshore,21.5,2010
DY1006,20,23,offshore,23.5,2010
DY1006,20,28,offshore,28.5,2010
DY1006,20,17,offshore,17.5,2010
DY1006,20,7.5,offshore,7.5,2010
DY1006,20,9.5,offshore,9.5,2010
DY1006,20,21,offshore,21.5,2010
DY1006,20,19,offshore,19.5,2010
DY1006,20,19.5,offshore,19.5,2010
DY1006,20,22,offshore,22.5,2010
DY1006,20,20,offshore,20.5,2010
DY1006,20,22,offshore,22.5,2010
DY1006,20,20,offshore,20.5,2010
DY1006,20,23.5,offshore,23.5,2010
DY1006,20,17,offshore,17.5,2010
DY1006,20,19,offshore,19.5,2010
DY1006,20,16.5,offshore,16.5,2010
DY1006,20,19,offshore,19.5,2010
DY1006,20,18.5,offshore,18.5,2010
DY1006,20,13.5,offshore,13.5,2010
DY1006,20,24,offshore,24.5,2010
DY1006,20,20.5,offshore,20.5,2010
DY1006,20,20,offshore,20.5,2010
DY1006,20,20.5,offshore,20.5,2010
DY1006,20,23,offshore,23.5,2010
DY1006,20,16,offshore,16.5,2010
DY1006,20,19,offshore,19.5,2010
DY1006,20,19,offshore,19.5,2010
DY1006,20,16,offshore,16.5,2010
DY1006,20,22,offshore,22.5,2010
DY1006,20,15,offshore,15.5,2010
DY1006,20,15,offshore,15.5,2010
DY1006,20,19.5,offshore,19.5,2010
DY1006,20,20.5,offshore,20.5,2010
DY1006,20,16.5,offshore,16.5,2010
DY1006,20,18.2,offshore,18.5,2010
DY1006,20,18.5,offshore,18.5,2010
DY1006,20,20,offshore,20.5,2010
DY1006,20,21,offshore,21.5,2010
DY1006,20,22,offshore,22.5,2010
DY1006,20,16,offshore,16.5,2010
DY1006,20,21.5,offshore,21.5,2010
DY1006,20,23,offshore,23.5,2010
DY1006,20,16,offshore,16.5,2010
DY1006,20,21.8,offshore,21.5,2010
DY1006,20,22,offshore,22.5,2010
DY1006,20,22.2,offshore,22.5,2010
DY1006,20,17,offshore,17.5,2010
DY1006,20,24,offshore,24.5,2010
DY1006,20,21.5,offshore,21.5,2010
DY1006,20,21.5,offshore,21.5,2010
DY1006,20,24,offshore,24.5,2010
DY1006,20,23,offshore,23.5,2010
DY1006,20,18,offshore,18.5,2010
DY1006,20,18.5,offshore,18.5,2010
DY1006,20,17,offshore,17.5,2010
DY1006,20,23,offshore,23.5,2010
DY1006,20,22.5,offshore,22.5,2010
DY1006,20,19.5,offshore,19.5,2010
DY1006,20,17,offshore,17.5,2010
DY1006,20,23,offshore,23.5,2010
DY1006,20,19.5,offshore,19.5,2010
DY1006,20,13,offshore,13.5,2010
DY1006,20,17,offshore,17.5,2010
DY1006,20,20,offshore,20.5,2010
DY1006,20,16.5,offshore,16.5,2010
DY1006,20,19.5,offshore,19.5,2010
DY1006,20,17,offshore,17.5,2010
DY1006,36,27.2,offshore,27.5,2010
DY1006,36,21.5,offshore,21.5,2010
DY1006,36,18.1,offshore,18.5,2010
DY1006,36,18.3,offshore,18.5,2010
DY1006,36,17.6,offshore,17.5,2010
DY1006,36,18.1,offshore,18.5,2010
DY1006,36,18.5,offshore,18.5,2010
DY1006,36,17.2,offshore,17.5,2010
DY1006,36,18,offshore,18.5,2010
DY1006,36,18.7,offshore,18.5,2010
DY1006,36,16.6,offshore,16.5,2010
DY1006,36,22.5,offshore,22.5,2010
DY1006,36,16.9,offshore,16.5,2010
DY1006,36,24.7,offshore,24.5,2010
DY1006,36,23.3,offshore,23.5,2010
DY1006,36,23.8,offshore,23.5,2010
DY1006,36,23.1,offshore,23.5,2010
DY1006,36,22.6,offshore,22.5,2010
DY1006,36,23.8,offshore,23.5,2010
DY1006,36,21.5,offshore,21.5,2010
DY1006,36,23.6,offshore,23.5,2010
DY1006,36,21,offshore,21.5,2010
DY1006,36,21.4,offshore,21.5,2010
DY1006,36,22,offshore,22.5,2010
DY1006,36,23.5,offshore,23.5,2010
DY1006,36,23.2,offshore,23.5,2010
DY1006,44,14,offshore,14.5,2010
DY1006,44,19,offshore,19.5,2010
DY1006,44,25,offshore,25.5,2010
DY1006,44,16,offshore,16.5,2010
DY1006,44,22,offshore,22.5,2010
DY1006,44,22,offshore,22.5,2010
DY1006,44,16,offshore,16.5,2010
DY1006,44,22,offshore,22.5,2010
DY1006,44,21,offshore,21.5,2010
DY1006,44,19,offshore,19.5,2010
DY1006,44,21,offshore,21.5,2010
DY1006,44,18,offshore,18.5,2010
DY1006,44,19,offshore,19.5,2010
DY1006,44,16,offshore,16.5,2010
DY1006,44,21,offshore,21.5,2010
DY1006,44,17,offshore,17.5,2010
DY1006,44,21,offshore,21.5,2010
DY1006,44,20,offshore,20.5,2010
DY1006,44,21,offshore,21.5,2010
DY1006,44,23,offshore,23.5,2010
DY1006,44,20,offshore,20.5,2010
DY1006,44,19,offshore,19.5,2010
DY1006,44,21,offshore,21.5,2010
DY1006,44,17,offshore,17.5,2010
DY1006,44,19.5,offshore,19.5,2010
DY1006,44,20,offshore,20.5,2010
DY1006,44,21,offshore,21.5,2010
DY1006,44,22,offshore,22.5,2010
DY1006,44,21,offshore,21.5,2010
DY1006,44,17,offshore,17.5,2010
DY1006,44,22,offshore,22.5,2010
DY1006,44,18,offshore,18.5,2010
DY1006,44,23,offshore,23.5,2010
DY1006,44,18,offshore,18.5,2010
DY1006,44,21,offshore,21.5,2010
DY1006,44,18,offshore,18.5,2010
DY1006,44,18,offshore,18.5,2010
DY1006,44,19,offshore,19.5,2010
DY1006,44,20,offshore,20.5,2010
DY1006,44,18,offshore,18.5,2010
DY1006,44,21,offshore,21.5,2010
DY1006,44,16,offshore,16.5,2010
DY1006,44,18,offshore,18.5,2010
DY1006,44,17,offshore,17.5,2010
DY1006,44,18.5,offshore,18.5,2010
DY1006,44,21,offshore,21.5,2010
DY1006,44,18.5,offshore,18.5,2010
DY1006,44,19,offshore,19.5,2010
DY1006,44,22,offshore,22.5,2010
DY1006,48,19,offshore,19.5,2010
DY1006,48,15,offshore,15.5,2010
DY1006,48,15,offshore,15.5,2010
DY1006,48,19,offshore,19.5,2010
DY1006,48,15,offshore,15.5,2010
DY1006,48,21,offshore,21.5,2010
DY1006,48,14,offshore,14.5,2010
DY1006,48,20,offshore,20.5,2010
DY1006,48,14,offshore,14.5,2010
DY1006,48,19,offshore,19.5,2010
DY1006,48,16,offshore,16.5,2010
DY1006,48,21,offshore,21.5,2010
DY1006,48,16,offshore,16.5,2010
DY1006,48,20,offshore,20.5,2010
DY1006,48,20,offshore,20.5,2010
DY1006,48,18,offshore,18.5,2010
DY1006,48,20,offshore,20.5,2010
DY1006,48,21,offshore,21.5,2010
DY1006,48,23,offshore,23.5,2010
DY1006,48,24,offshore,24.5,2010
DY1006,48,23,offshore,23.5,2010
DY1006,48,20,offshore,20.5,2010
DY1006,48,24,offshore,24.5,2010
DY1006,48,22,offshore,22.5,2010
DY1006,48,21,offshore,21.5,2010
DY1006,48,21,offshore,21.5,2010
DY1006,48,21,offshore,21.5,2010
DY1006,48,21,offshore,21.5,2010
DY1006,48,24,offshore,24.5,2010
DY1006,48,22,offshore,22.5,2010
DY1006,48,19,offshore,19.5,2010
DY1006,48,17,offshore,17.5,2010
DY1006,66,24,offshore,24.5,2010
DY1006,66,19,offshore,19.5,2010
DY1006,66,18.5,offshore,18.5,2010
DY1006,66,25,offshore,25.5,2010
DY1006,66,19,offshore,19.5,2010
DY1006,66,23,offshore,23.5,2010
DY1006,66,22,offshore,22.5,2010
DY1006,66,21,offshore,21.5,2010
DY1006,66,16.5,offshore,16.5,2010
DY1006,66,20,offshore,20.5,2010
DY1006,66,21,offshore,21.5,2010
DY1006,66,21.5,offshore,21.5,2010
DY1006,66,21.5,offshore,21.5,2010
DY1006,66,17,offshore,17.5,2010
DY1006,66,18,offshore,18.5,2010
DY1006,66,19,offshore,19.5,2010
DY1006,66,17.5,offshore,17.5,2010
DY1006,66,18,offshore,18.5,2010
DY1006,66,10,offshore,10.5,2010
DY1006,66,20,offshore,20.5,2010
DY1006,66,18,offshore,18.5,2010
DY1006,66,19.5,offshore,19.5,2010
DY1006,66,13,offshore,13.5,2010
DY1006,66,20,offshore,20.5,2010
DY1006,66,16,offshore,16.5,2010
DY1006,66,22,offshore,22.5,2010
DY1006,66,16.5,offshore,16.5,2010
DY1006,66,21,offshore,21.5,2010
DY1006,66,22,offshore,22.5,2010
DY1006,66,21,offshore,21.5,2010
DY1006,66,19,offshore,19.5,2010
DY1006,66,20,offshore,20.5,2010
DY1006,66,18,offshore,18.5,2010
DY1006,66,21,offshore,21.5,2010
DY1006,66,20.5,offshore,20.5,2010
DY1006,66,24,offshore,24.5,2010
DY1006,66,20,offshore,20.5,2010
DY1006,66,23,offshore,23.5,2010
DY1006,66,18,offshore,18.5,2010
DY1006,66,23,offshore,23.5,2010
DY1006,66,19,offshore,19.5,2010
DY1006,66,19,offshore,19.5,2010
DY1006,66,20.5,offshore,20.5,2010
DY1006,66,24,offshore,24.5,2010
DY1006,66,15,offshore,15.5,2010
DY1006,66,21,offshore,21.5,2010
DY1006,66,22.5,offshore,22.5,2010
DY1006,66,21,offshore,21.5,2010
DY1006,66,19,offshore,19.5,2010
DY1006,68,22,offshore,22.5,2010
DY1006,68,18,offshore,18.5,2010
DY1006,68,19,offshore,19.5,2010
DY1006,68,21,offshore,21.5,2010
DY1006,68,19,offshore,19.5,2010
DY1006,68,17,offshore,17.5,2010
DY1006,68,18,offshore,18.5,2010
DY1006,68,23,offshore,23.5,2010
DY1006,68,17,offshore,17.5,2010
DY1006,68,19,offshore,19.5,2010
DY1006,68,17,offshore,17.5,2010
DY1006,68,20,offshore,20.5,2010
DY1006,68,19,offshore,19.5,2010
DY1006,68,20,offshore,20.5,2010
DY1006,68,18,offshore,18.5,2010
DY1006,68,17.5,offshore,17.5,2010
DY1006,68,16,offshore,16.5,2010
DY1006,68,17,offshore,17.5,2010
DY1006,68,17,offshore,17.5,2010
DY1006,68,16,offshore,16.5,2010
DY1006,68,17,offshore,17.5,2010
DY1006,68,18,offshore,18.5,2010
DY1006,68,18,offshore,18.5,2010
DY1006,68,17,offshore,17.5,2010
DY1006,68,16,offshore,16.5,2010
DY1006,68,15,offshore,15.5,2010
DY1006,78,19.8,offshore,19.5,2010
DY1006,78,18.7,offshore,18.5,2010
DY1006,78,17.9,offshore,17.5,2010
DY1006,78,18.8,offshore,18.5,2010
DY1006,78,20.1,offshore,20.5,2010
DY1006,78,17,offshore,17.5,2010
DY1006,78,18.2,offshore,18.5,2010
DY1006,78,19.3,offshore,19.5,2010
DY1006,78,20,offshore,20.5,2010
DY1006,78,19.3,offshore,19.5,2010
DY1006,78,21,offshore,21.5,2010
DY1006,78,21.5,offshore,21.5,2010
DY1006,78,21.8,offshore,21.5,2010
DY1006,78,20.6,offshore,20.5,2010
DY1006,78,20.3,offshore,20.5,2010
DY1006,78,19.6,offshore,19.5,2010
DY1006,78,22.8,offshore,22.5,2010
DY1006,78,24.7,offshore,24.5,2010
DY1006,78,20.8,offshore,20.5,2010
DY1006,78,22.1,offshore,22.5,2010
DY1006,78,24.8,offshore,24.5,2010
DY1006,78,23.6,offshore,23.5,2010
DY1006,78,24.2,offshore,24.5,2010
DY1006,78,19.7,offshore,19.5,2010
DY1006,78,20.4,offshore,20.5,2010
DY1006,82,17.5,offshore,17.5,2010
DY1006,82,19,offshore,19.5,2010
DY1006,82,18,offshore,18.5,2010
DY1006,82,24.5,offshore,24.5,2010
DY1006,82,20,offshore,20.5,2010
DY1006,82,21.5,offshore,21.5,2010
DY1006,82,24,offshore,24.5,2010
DY1006,82,22.5,offshore,22.5,2010
DY1006,82,18,offshore,18.5,2010
DY1006,82,23,offshore,23.5,2010
DY1006,82,19,offshore,19.5,2010
DY1006,82,21,offshore,21.5,2010
DY1006,82,22,offshore,22.5,2010
DY1006,82,24,offshore,24.5,2010
DY1006,82,23.5,offshore,23.5,2010
DY1006,82,23,offshore,23.5,2010
DY1006,82,23,offshore,23.5,2010
DY1006,82,23,offshore,23.5,2010
DY1006,82,21,offshore,21.5,2010
DY1006,82,22.5,offshore,22.5,2010
DY1006,82,23,offshore,23.5,2010
DY1006,82,20,offshore,20.5,2010
DY1006,82,18,offshore,18.5,2010
DY1006,82,20,offshore,20.5,2010
DY1006,82,20,offshore,20.5,2010
DY1006,82,21,offshore,21.5,2010
DY1006,82,20,offshore,20.5,2010
DY1006,82,18,offshore,18.5,2010
DY1006,82,20,offshore,20.5,2010
DY1006,82,18,offshore,18.5,2010
DY1006,82,23,offshore,23.5,2010
DY1207,15,20,offshore,20.5,2012
DY1207,15,20,offshore,20.5,2012
DY1207,15,18,offshore,18.5,2012
DY1207,15,19,offshore,19.5,2012
DY1207,15,19,offshore,19.5,2012
DY1207,15,19,offshore,19.5,2012
DY1207,15,26,offshore,26.5,2012
DY1207,15,20,offshore,20.5,2012
DY1207,15,18,offshore,18.5,2012
DY1207,15,20,offshore,20.5,2012
DY1207,15,16,offshore,16.5,2012
DY1207,15,21,offshore,21.5,2012
DY1207,15,19,offshore,19.5,2012
DY1207,15,19,offshore,19.5,2012
DY1207,15,18,offshore,18.5,2012
DY1207,15,19,offshore,19.5,2012
DY1207,15,18,offshore,18.5,2012
DY1207,15,19,offshore,19.5,2012
DY1207,15,19,offshore,19.5,2012
DY1207,15,19,offshore,19.5,2012
DY1207,15,22,offshore,22.5,2012
DY1207,15,19,offshore,19.5,2012
DY1207,15,21,offshore,21.5,2012
DY1207,15,20,offshore,20.5,2012
DY1207,15,19,offshore,19.5,2012
DY1207,15,20,offshore,20.5,2012
DY1207,15,19,offshore,19.5,2012
DY1207,15,18,offshore,18.5,2012
DY1207,15,19,offshore,19.5,2012
DY1207,15,20,offshore,20.5,2012
DY1207,15,19,offshore,19.5,2012
DY1207,15,18,offshore,18.5,2012
DY1207,15,21,offshore,21.5,2012
DY1207,15,19,offshore,19.5,2012
DY1207,15,20,offshore,20.5,2012
DY1207,61,19,offshore,19.5,2012
DY1207,61,24,offshore,24.5,2012
DY1207,61,19,offshore,19.5,2012
DY1207,61,21,offshore,21.5,2012
DY1207,61,25,offshore,25.5,2012
DY1207,61,18,offshore,18.5,2012
DY1207,61,19,offshore,19.5,2012
DY1207,61,21,offshore,21.5,2012
DY1207,61,19,offshore,19.5,2012
DY1207,61,19,offshore,19.5,2012
DY1207,61,24,offshore,24.5,2012
DY1207,61,17,offshore,17.5,2012
DY1207,61,20,offshore,20.5,2012
DY1207,61,25,offshore,25.5,2012
DY1207,61,19,offshore,19.5,2012
DY1207,61,21,offshore,21.5,2012
DY1207,61,22,offshore,22.5,2012
DY1207,61,18,offshore,18.5,2012
DY1207,61,22,offshore,22.5,2012
DY1207,61,27,offshore,27.5,2012
DY1207,61,19,offshore,19.5,2012
DY1207,61,21,offshore,21.5,2012
DY1207,61,25,offshore,25.5,2012
DY1207,61,20,offshore,20.5,2012
DY1207,61,18,offshore,18.5,2012
DY1207,61,17,offshore,17.5,2012
DY1207,61,21,offshore,21.5,2012
DY1207,61,18,offshore,18.5,2012
DY1207,61,18,offshore,18.5,2012
DY1207,61,17,offshore,17.5,2012
DY1207,61,18,offshore,18.5,2012
DY1207,61,25,offshore,25.5,2012
DY1207,61,22,offshore,22.5,2012
DY1207,61,16,offshore,16.5,2012
DY1207,61,17,offshore,17.5,2012
DY1407,21,19,offshore,19.5,2014
DY1407,21,20,offshore,20.5,2014
DY1407,21,16,offshore,16.5,2014
DY1407,21,21,offshore,21.5,2014
DY1407,21,17,offshore,17.5,2014
DY1407,21,17,offshore,17.5,2014
DY1407,21,21,offshore,21.5,2014
DY1407,21,16,offshore,16.5,2014
DY1407,21,20,offshore,20.5,2014
DY1407,21,18,offshore,18.5,2014
DY1407,21,16,offshore,16.5,2014
DY1407,21,20,offshore,20.5,2014
DY1407,21,20,offshore,20.5,2014
DY1407,21,20,offshore,20.5,2014
DY1407,21,19,offshore,19.5,2014
DY1407,21,20,offshore,20.5,2014
DY1407,21,18,offshore,18.5,2014
DY1407,21,23,offshore,23.5,2014
DY1407,21,18,offshore,18.5,2014
DY1407,21,20,offshore,20.5,2014
DY1407,21,18,offshore,18.5,2014
DY1407,21,20,offshore,20.5,2014
DY1407,21,17,offshore,17.5,2014
DY1407,21,20,offshore,20.5,2014
DY1407,21,22,offshore,22.5,2014
DY1407,21,20,offshore,20.5,2014
DY1407,21,19,offshore,19.5,2014
DY1407,21,21,offshore,21.5,2014
DY1407,21,19,offshore,19.5,2014
DY1407,21,20,offshore,20.5,2014
DY1407,21,19,offshore,19.5,2014
DY1407,21,22,offshore,22.5,2014
DY1407,21,18,offshore,18.5,2014
DY1407,21,21,offshore,21.5,2014
DY1407,21,19,offshore,19.5,2014
DY1407,21,19,offshore,19.5,2014
DY1407,21,20,offshore,20.5,2014
DY1407,21,19,offshore,19.5,2014
DY1407,21,19,offshore,19.5,2014
DY1407,21,17,offshore,17.5,2014
DY1407,21,17,offshore,17.5,2014
DY1407,21,19,offshore,19.5,2014
DY1407,21,17,offshore,17.5,2014
DY1407,21,18,offshore,18.5,2014
DY1407,21,17,offshore,17.5,2014
DY1407,21,16,offshore,16.5,2014
DY1407,21,18,offshore,18.5,2014
DY1407,21,16,offshore,16.5,2014
DY1407,27,21,offshore,21.5,2014
DY1407,27,26,offshore,26.5,2014
DY1407,27,21,offshore,21.5,2014
DY1407,27,22,offshore,22.5,2014
DY1407,27,19,offshore,19.5,2014
DY1407,27,17,offshore,17.5,2014
DY1407,27,20,offshore,20.5,2014
DY1407,27,18,offshore,18.5,2014
DY1407,27,19,offshore,19.5,2014
DY1407,27,21,offshore,21.5,2014
DY1407,27,18,offshore,18.5,2014
DY1407,27,19,offshore,19.5,2014
DY1407,27,19,offshore,19.5,2014
DY1407,27,19,offshore,19.5,2014
DY1407,27,20,offshore,20.5,2014
DY1407,27,18,offshore,18.5,2014
DY1407,27,19,offshore,19.5,2014
DY1407,27,22,offshore,22.5,2014
DY1407,27,22,offshore,22.5,2014
DY1407,27,21,offshore,21.5,2014
DY1407,27,18,offshore,18.5,2014
DY1407,27,19,offshore,19.5,2014
DY1407,27,20,offshore,20.5,2014
DY1407,27,20,offshore,20.5,2014
DY1407,27,21,offshore,21.5,2014
DY1407,27,18,offshore,18.5,2014
DY1407,27,19,offshore,19.5,2014
DY1407,27,19,offshore,19.5,2014
DY1407,45,24,offshore,24.5,2014
DY1407,45,17,offshore,17.5,2014
DY1407,45,22,offshore,22.5,2014
DY1407,45,20,offshore,20.5,2014
DY1407,45,22,offshore,22.5,2014
DY1407,45,17,offshore,17.5,2014
DY1407,45,20,offshore,20.5,2014
DY1407,45,18,offshore,18.5,2014
DY1407,45,21,offshore,21.5,2014
DY1407,45,17,offshore,17.5,2014
DY1407,45,20,offshore,20.5,2014
DY1407,45,21,offshore,21.5,2014
DY1407,45,17,offshore,17.5,2014
DY1407,45,17,offshore,17.5,2014
DY1407,45,17,offshore,17.5,2014
DY1407,45,17,offshore,17.5,2014
DY1407,45,17,offshore,17.5,2014
DY1407,45,20,offshore,20.5,2014
DY1407,45,17,offshore,17.5,2014
DY1407,45,18,offshore,18.5,2014
DY1407,45,22,offshore,22.5,2014
DY1407,45,22,offshore,22.5,2014
DY1407,45,16,offshore,16.5,2014
DY1407,45,20,offshore,20.5,2014
DY1407,45,22,offshore,22.5,2014
DY1407,45,17,offshore,17.5,2014
DY1407,45,17,offshore,17.5,2014
DY1407,79,22,offshore,22.5,2014
DY1407,79,22,offshore,22.5,2014
DY1407,79,21,offshore,21.5,2014
DY1407,79,16,offshore,16.5,2014
DY1407,79,20,offshore,20.5,2014
DY1407,79,20,offshore,20.5,2014
DY1407,79,22,offshore,22.5,2014
DY1407,79,21,offshore,21.5,2014
DY1407,79,20,offshore,20.5,2014
DY1407,79,20,offshore,20.5,2014
DY1407,79,21,offshore,21.5,2014
DY1407,79,15,offshore,15.5,2014
DY1407,79,19,offshore,19.5,2014
DY1407,79,20,offshore,20.5,2014
DY1407,79,17,offshore,17.5,2014
DY1407,79,19,offshore,19.5,2014
DY1407,79,20,offshore,20.5,2014
DY1407,79,22,offshore,22.5,2014
DY1407,79,21,offshore,21.5,2014
DY1407,79,23,offshore,23.5,2014
DY1407,79,21,offshore,21.5,2014
DY1407,79,20,offshore,20.5,2014
DY1407,79,22,offshore,22.5,2014
DY1407,79,22,offshore,22.5,2014
DY1407,79,15,offshore,15.5,2014
DY1407,79,20,offshore,20.5,2014
DY1608,30,15,offshore,15.5,2016
DY1608,30,15.5,offshore,15.5,2016
DY1608,30,19,offshore,19.5,2016
DY1608,30,17,offshore,17.5,2016
DY1608,30,16,offshore,16.5,2016
DY1608,30,16,offshore,16.5,2016
DY1608,30,17,offshore,17.5,2016
DY1608,30,19,offshore,19.5,2016
DY1608,30,18.5,offshore,18.5,2016
DY1608,30,16.5,offshore,16.5,2016
DY1608,30,18,offshore,18.5,2016
DY1608,30,17,offshore,17.5,2016
DY1608,30,19,offshore,19.5,2016
DY1608,30,15,offshore,15.5,2016
DY1608,30,19,offshore,19.5,2016
DY1608,30,16,offshore,16.5,2016
DY1608,30,17.5,offshore,17.5,2016
DY1608,30,17,offshore,17.5,2016
DY1608,30,19,offshore,19.5,2016
DY1608,30,19,offshore,19.5,2016
DY1608,30,16,offshore,16.5,2016
DY1608,30,16,offshore,16.5,2016
DY1608,30,19,offshore,19.5,2016
DY1608,30,15,offshore,15.5,2016
DY1608,30,19,offshore,19.5,2016
DY1608,30,16,offshore,16.5,2016
DY1608,30,16,offshore,16.5,2016
DY1608,30,19,offshore,19.5,2016
DY1608,30,15.5,offshore,15.5,2016
DY1608,30,15.5,offshore,15.5,2016
DY1608,30,18,offshore,18.5,2016
DY1608,30,16.5,offshore,16.5,2016
DY1608,30,19,offshore,19.5,2016
DY1608,30,18,offshore,18.5,2016
DY1608,30,19,offshore,19.5,2016
DY1608,30,19,offshore,19.5,2016
DY1608,30,17,offshore,17.5,2016
DY1608,30,17.5,offshore,17.5,2016
DY1608,30,14.5,offshore,14.5,2016
DY1608,30,14,offshore,14.5,2016
DY1608,30,19,offshore,19.5,2016
DY1608,30,15,offshore,15.5,2016
DY1608,30,17,offshore,17.5,2016
DY1608,30,17,offshore,17.5,2016
DY1608,30,16,offshore,16.5,2016
DY1608,30,16,offshore,16.5,2016
DY1608,30,17,offshore,17.5,2016
DY1608,30,19,offshore,19.5,2016
DY1608,30,15.5,offshore,15.5,2016
DY1608,30,17.5,offshore,17.5,2016
DY1608,30,19,offshore,19.5,2016
DY1608,56,14,offshore,14.5,2016
DY1608,56,21,offshore,21.5,2016
DY1608,56,16,offshore,16.5,2016
DY1608,56,15,offshore,15.5,2016
DY1608,56,17,offshore,17.5,2016
DY1608,56,15,offshore,15.5,2016
DY1608,56,17,offshore,17.5,2016
DY1608,56,16,offshore,16.5,2016
DY1608,56,15,offshore,15.5,2016
DY1608,56,17,offshore,17.5,2016
DY1608,56,14,offshore,14.5,2016
DY1608,56,16,offshore,16.5,2016
DY1608,56,17,offshore,17.5,2016
DY1608,56,24,offshore,24.5,2016
DY1608,56,14,offshore,14.5,2016
DY1608,56,15,offshore,15.5,2016
DY1608,56,16,offshore,16.5,2016
DY1608,56,17,offshore,17.5,2016
DY1608,56,17,offshore,17.5,2016
DY1608,56,19,offshore,19.5,2016
DY1608,56,17,offshore,17.5,2016
DY1608,56,16,offshore,16.5,2016
DY1608,56,17,offshore,17.5,2016
DY1608,56,16,offshore,16.5,2016
DY1608,56,17,offshore,17.5,2016
DY1608,56,20,offshore,20.5,2016
DY1608,56,11,offshore,11.5,2016
DY1608,56,18,offshore,18.5,2016
DY1608,56,16,offshore,16.5,2016
DY1608,56,18,offshore,18.5,2016
DY1608,56,12,offshore,12.5,2016
DY1608,56,15,offshore,15.5,2016
DY1608,56,17,offshore,17.5,2016
DY1608,56,18,offshore,18.5,2016
DY1608,56,14,offshore,14.5,2016
DY1608,56,17,offshore,17.5,2016
DY1608,56,14,offshore,14.5,2016
DY1608,56,15,offshore,15.5,2016
DY1608,56,13,offshore,13.5,2016
DY1608,56,15,offshore,15.5,2016
DY1608,56,16,offshore,16.5,2016
DY1608,56,15,offshore,15.5,2016
DY1608,56,16,offshore,16.5,2016
DY1608,56,15,offshore,15.5,2016
DY1608,56,17,offshore,17.5,2016
DY1608,56,17,offshore,17.5,2016
DY1608,56,17,offshore,17.5,2016
DY1608,56,16,offshore,16.5,2016
DY1608,56,17,offshore,17.5,2016
DY1608,56,12,offshore,12.5,2016
DY1608,56,16,offshore,16.5,2016
DY1608,56,17,offshore,17.5,2016
DY1608,56,16,offshore,16.5,2016
DY1608,56,17,offshore,17.5,2016
DY1608,56,18,offshore,18.5,2016
DY1608,56,16,offshore,16.5,2016
DY1608,56,17,offshore,17.5,2016
DY1608,56,15,offshore,15.5,2016
DY1608,56,15,offshore,15.5,2016
DY1608,56,17,offshore,17.5,2016
DY1608,56,17,offshore,17.5,2016
DY1608,56,17,offshore,17.5,2016
DY1608,56,14,offshore,14.5,2016
DY1608,56,18,offshore,18.5,2016
DY1608,56,14,offshore,14.5,2016
DY1608,56,17,offshore,17.5,2016
DY1608,56,16,offshore,16.5,2016
DY1608,56,15,offshore,15.5,2016
DY1608,56,17,offshore,17.5,2016
DY1608,56,15,offshore,15.5,2016
DY1608,56,16,offshore,16.5,2016
DY1608,56,16,offshore,16.5,2016
DY1608,56,14,offshore,14.5,2016
DY1608,56,17,offshore,17.5,2016
DY1608,56,15,offshore,15.5,2016
DY1608,56,18,offshore,18.5,2016
DY1608,56,16,offshore,16.5,2016
DY1608,56,19,offshore,19.5,2016
DY1608,56,17,offshore,17.5,2016
DY1608,56,15,offshore,15.5,2016
DY1608,111,21,offshore,21.5,2016
DY1608,111,18.5,offshore,18.5,2016
DY1608,111,18.5,offshore,18.5,2016
DY1608,111,18,offshore,18.5,2016
DY1608,111,19,offshore,19.5,2016
DY1608,111,19.5,offshore,19.5,2016
DY1608,111,16,offshore,16.5,2016
DY1608,111,19,offshore,19.5,2016
DY1608,111,19.5,offshore,19.5,2016
DY1608,111,16,offshore,16.5,2016
DY1608,111,18,offshore,18.5,2016
DY1608,111,15,offshore,15.5,2016
DY1608,111,17,offshore,17.5,2016
DY1608,111,17,offshore,17.5,2016
DY1608,111,18.5,offshore,18.5,2016
DY1608,111,17.5,offshore,17.5,2016
DY1608,111,18,offshore,18.5,2016
DY1608,111,18,offshore,18.5,2016
DY1608,111,17,offshore,17.5,2016
DY1608,111,16.5,offshore,16.5,2016
DY1608,111,18.5,offshore,18.5,2016
DY1608,111,15.5,offshore,15.5,2016
DY1608,111,18,offshore,18.5,2016
DY1608,111,20.5,offshore,20.5,2016
DY1608,111,19,offshore,19.5,2016
DY1608,111,17,offshore,17.5,2016
DY1608,111,17.5,offshore,17.5,2016
DY1608,111,15,offshore,15.5,2016
DY1608,111,18,offshore,18.5,2016
DY1608,111,15,offshore,15.5,2016
DY1608,111,20.5,offshore,20.5,2016
DY1608,111,17,offshore,17.5,2016
DY1608,111,18,offshore,18.5,2016
DY1608,111,17.5,offshore,17.5,2016
DY1608,111,17,offshore,17.5,2016
DY1608,111,17,offshore,17.5,2016
DY1608,111,17,offshore,17.5,2016
DY1608,111,18,offshore,18.5,2016
DY1608,111,19.5,offshore,19.5,2016
DY1608,111,16,offshore,16.5,2016
DY1608,111,20,offshore,20.5,2016
DY1608,111,15.5,offshore,15.5,2016
DY1608,111,17,offshore,17.5,2016
DY1608,111,15.5,offshore,15.5,2016
DY1608,111,16.5,offshore,16.5,2016
DY1608,111,17,offshore,17.5,2016
DY1608,111,17.5,offshore,17.5,2016
DY1608,111,20,offshore,20.5,2016
DY1608,176,18,offshore,18.5,2016
DY1608,176,17,offshore,17.5,2016
DY1608,176,27,offshore,27.5,2016
DY1608,176,17,offshore,17.5,2016
DY1608,176,18,offshore,18.5,2016
DY1608,176,23,offshore,23.5,2016
DY1608,176,16,offshore,16.5,2016
DY1608,176,17,offshore,17.5,2016
DY1608,176,18,offshore,18.5,2016
DY1608,176,20,offshore,20.5,2016
DY1608,176,17,offshore,17.5,2016
DY1608,176,21,offshore,21.5,2016
DY1608,176,16,offshore,16.5,2016
DY1608,176,17,offshore,17.5,2016
DY1608,176,17,offshore,17.5,2016
DY1608,176,20,offshore,20.5,2016
DY1608,176,18,offshore,18.5,2016
DY1608,176,20,offshore,20.5,2016
DY1608,176,17,offshore,17.5,2016
DY1608,176,19,offshore,19.5,2016
DY1608,176,17,offshore,17.5,2016
DY1608,176,19,offshore,19.5,2016
DY1608,176,18,offshore,18.5,2016
DY1608,176,22,offshore,22.5,2016
DY1608,176,15,offshore,15.5,2016
DY1608,176,16,offshore,16.5,2016
DY1608,176,16,offshore,16.5,2016
DY1608,176,16,offshore,16.5,2016
DY1608,176,17,offshore,17.5,2016
DY1608,176,15,offshore,15.5,2016
DY1608,176,17,offshore,17.5,2016
DY1608,176,17,offshore,17.5,2016
DY1608,176,19,offshore,19.5,2016
DY1608,176,14,offshore,14.5,2016
DY1608,176,18,offshore,18.5,2016
DY1608,176,19,offshore,19.5,2016
DY1608,176,19,offshore,19.5,2016
DY1608,176,16,offshore,16.5,2016
DY1608,176,18,offshore,18.5,2016
DY1608,176,15,offshore,15.5,2016
DY1608,176,18,offshore,18.5,2016
DY1608,176,17,offshore,17.5,2016
DY1608,176,16,offshore,16.5,2016
DY1608,176,18,offshore,18.5,2016
DY1608,176,19,offshore,19.5,2016
DY1608,176,18,offshore,18.5,2016
DY1608,205,18,offshore,18.5,2016
DY1608,205,19,offshore,19.5,2016
DY1608,205,17,offshore,17.5,2016
DY1608,205,17,offshore,17.5,2016
DY1608,205,17.5,offshore,17.5,2016
DY1608,205,17.5,offshore,17.5,2016
DY1608,205,16,offshore,16.5,2016
DY1608,205,17,offshore,17.5,2016
DY1608,205,18.5,offshore,18.5,2016
DY1608,205,19,offshore,19.5,2016
DY1608,205,20,offshore,20.5,2016
DY1608,205,18,offshore,18.5,2016
DY1608,205,17.5,offshore,17.5,2016
DY1608,205,16,offshore,16.5,2016
DY1608,205,16,offshore,16.5,2016
DY1608,205,16,offshore,16.5,2016
DY1608,205,20.5,offshore,20.5,2016
DY1608,205,20,offshore,20.5,2016
DY1608,205,19.5,offshore,19.5,2016
DY1608,205,19,offshore,19.5,2016
DY1608,205,18,offshore,18.5,2016
DY1608,205,18,offshore,18.5,2016
DY1608,205,16,offshore,16.5,2016
DY1608,205,16,offshore,16.5,2016
DY1608,205,16,offshore,16.5,2016
DY1608,205,18.5,offshore,18.5,2016
DY1608,205,17,offshore,17.5,2016
DY1608,205,17.5,offshore,17.5,2016
DY1608,205,18,offshore,18.5,2016
DY1608,205,16,offshore,16.5,2016
DY1608,205,20.5,offshore,20.5,2016
DY1608,205,18.5,offshore,18.5,2016
DY1608,205,17.5,offshore,17.5,2016
DY1608,205,16.5,offshore,16.5,2016
DY1608,205,18.5,offshore,18.5,2016
DY1608,205,18.5,offshore,18.5,2016
DY1608,205,18.5,offshore,18.5,2016
DY1608,205,18,offshore,18.5,2016
DY1608,205,17,offshore,17.5,2016
DY1608,205,19.5,offshore,19.5,2016
DY1608,205,18,offshore,18.5,2016
DY1608,205,17.5,offshore,17.5,2016
dy1807,80,20,offshore,20.5,2018
dy1807,80,16.5,offshore,16.5,2018
dy1807,80,21.5,offshore,21.5,2018
dy1807,80,17.5,offshore,17.5,2018
dy1807,80,19.5,offshore,19.5,2018
dy1807,80,17.5,offshore,17.5,2018
dy1807,80,18.5,offshore,18.5,2018
dy1807,80,18.5,offshore,18.5,2018
dy1807,80,17,offshore,17.5,2018
dy1807,80,25,offshore,25.5,2018
dy1807,80,17.5,offshore,17.5,2018
dy1807,80,16.5,offshore,16.5,2018
dy1807,80,19.5,offshore,19.5,2018
dy1807,80,19.5,offshore,19.5,2018
dy1807,80,18.5,offshore,18.5,2018
dy1807,80,20,offshore,20.5,2018
dy1807,80,16,offshore,16.5,2018
dy1807,80,16.5,offshore,16.5,2018
dy1807,80,18.5,offshore,18.5,2018
dy1807,80,21,offshore,21.5,2018
dy1807,80,21,offshore,21.5,2018
dy1807,80,20.5,offshore,20.5,2018
dy1807,80,17,offshore,17.5,2018
dy1807,80,16,offshore,16.5,2018
dy1807,80,20.5,offshore,20.5,2018
dy1807,80,18,offshore,18.5,2018
dy1807,80,18.5,offshore,18.5,2018
dy1807,80,16,offshore,16.5,2018
dy1807,80,19.5,offshore,19.5,2018
dy1807,80,17,offshore,17.5,2018
dy1807,80,17.5,offshore,17.5,2018
dy1807,80,17,offshore,17.5,2018
dy1807,80,21.5,offshore,21.5,2018
dy1807,80,25.5,offshore,25.5,2018
dy1807,80,18,offshore,18.5,2018
dy1807,80,20.5,offshore,20.5,2018
dy1807,80,24.5,offshore,24.5,2018
dy1807,80,20.5,offshore,20.5,2018
dy1807,80,18.5,offshore,18.5,2018
dy1807,80,18.5,offshore,18.5,2018
dy1807,80,21.5,offshore,21.5,2018
dy1807,80,17.5,offshore,17.5,2018
dy1807,80,22.5,offshore,22.5,2018
dy1807,80,20.5,offshore,20.5,2018
dy1807,80,19.5,offshore,19.5,2018
DY1807,134,16,offshore,16.5,2018
DY1807,134,16,offshore,16.5,2018
DY1807,134,12,offshore,12.5,2018
DY1807,134,19,offshore,19.5,2018
DY1807,134,20,offshore,20.5,2018
DY1807,134,18,offshore,18.5,2018
DY1807,134,18,offshore,18.5,2018
DY1807,134,18,offshore,18.5,2018
DY1807,134,16,offshore,16.5,2018
DY1807,134,18,offshore,18.5,2018
DY1807,134,16,offshore,16.5,2018
DY1807,134,17,offshore,17.5,2018
DY1807,134,15,offshore,15.5,2018
DY1807,134,19,offshore,19.5,2018
DY1807,134,20,offshore,20.5,2018
DY1807,134,18,offshore,18.5,2018
DY1807,134,16,offshore,16.5,2018
DY1807,134,17,offshore,17.5,2018
DY1807,134,16,offshore,16.5,2018
DY1807,134,13,offshore,13.5,2018
DY1807,134,22,offshore,22.5,2018
DY1807,134,16,offshore,16.5,2018
DY1807,134,18,offshore,18.5,2018
DY1807,134,13,offshore,13.5,2018
DY1807,134,17,offshore,17.5,2018
DY1807,134,18,offshore,18.5,2018
DY1807,134,16,offshore,16.5,2018
DY1807,134,21,offshore,21.5,2018
DY1807,134,18,offshore,18.5,2018
DY1807,134,17,offshore,17.5,2018
DY1807,134,16,offshore,16.5,2018
DY1807,134,18,offshore,18.5,2018
DY1807,134,18,offshore,18.5,2018
DY1807,134,22,offshore,22.5,2018
DY1807,134,15,offshore,15.5,2018
DY1807,134,18,offshore,18.5,2018
DY1807,134,16,offshore,16.5,2018
DY1807,134,16,offshore,16.5,2018
DY1807,134,16,offshore,16.5,2018
DY1807,134,20,offshore,20.5,2018
DY1807,134,17,offshore,17.5,2018
DY1807,134,16,offshore,16.5,2018
DY1807,134,17,offshore,17.5,2018
DY1807,134,19,offshore,19.5,2018
DY1807,134,17,offshore,17.5,2018
DY1807,134,19,offshore,19.5,2018
DY1807,134,18,offshore,18.5,2018
DY1807,134,20,offshore,20.5,2018
DY1807,134,22,offshore,22.5,2018
DY1807,134,18,offshore,18.5,2018
DY2207,74,17,offshore,17.5,2022
DY2207,74,16,offshore,16.5,2022
DY2207,74,16,offshore,16.5,2022
DY2207,74,18.5,offshore,18.5,2022
DY2207,74,17.5,offshore,17.5,2022
DY2207,74,19,offshore,19.5,2022
DY2207,74,17.5,offshore,17.5,2022
DY2207,74,18.5,offshore,18.5,2022
DY2207,74,18,offshore,18.5,2022
DY2207,74,16.5,offshore,16.5,2022
DY2207,74,17.5,offshore,17.5,2022
DY2207,74,16.5,offshore,16.5,2022
DY2207,74,19,offshore,19.5,2022
DY2207,74,14,offshore,14.5,2022
DY2207,74,18,offshore,18.5,2022
DY2207,74,16,offshore,16.5,2022
DY2207,74,19,offshore,19.5,2022
DY2207,74,16,offshore,16.5,2022
DY2207,74,16.5,offshore,16.5,2022
DY2207,74,16,offshore,16.5,2022
DY2207,74,15.5,offshore,15.5,2022
DY2207,74,16.5,offshore,16.5,2022
DY2207,74,15.5,offshore,15.5,2022
DY2207,74,14.5,offshore,14.5,2022
DY2207,74,15,offshore,15.5,2022
DY2207,74,16,offshore,16.5,2022
DY2207,74,15,offshore,15.5,2022
DY2207,74,16,offshore,16.5,2022
DY2207,74,16,offshore,16.5,2022
DY2207,74,14,offshore,14.5,2022
DY2207,74,15.5,offshore,15.5,2022
DY2207,74,15.5,offshore,15.5,2022
DY2207,74,16,offshore,16.5,2022
DY2207,74,16,offshore,16.5,2022
